Step,gamma0,gamma1,gamma2,gamma3,gamma4,gamma5,gamma6,gamma7,loss(train),loss(validate)
20,0.0012477828422561288,9.895558468997478e-05,0.00013575603952631354,-0.0004828962846659124,0.0005336579051800072,-0.00015179016918409616,0.0001335863780695945,-4.2764553654706106e-05,0.5841324925422668,0.5834811925888062
40,0.003190761199221015,0.00027488271007314324,0.00028354758978821337,-0.0006811469793319702,0.002784391399472952,-0.0002983474114444107,0.0001655920350458473,-5.7184814068023115e-05,0.5122619867324829,0.5144714713096619
60,0.006583768874406815,0.0005497891106642783,0.0003582156205084175,-0.0007146534626372159,0.005849486216902733,-0.00035596839734353125,0.00023689880617894232,-4.8684854846214876e-05,0.438178151845932,0.4656558036804199
80,0.011509002186357975,0.0009981530020013452,0.0007279826095327735,-0.0007995896739885211,0.008444246836006641,1.749194234434981e-05,0.0005569815984927118,-0.00015221933426801115,0.3777817487716675,0.43134188652038574
100,0.01794753596186638,0.00160767522174865,0.0015039162244647741,-0.00079772510798648,0.010892320424318314,0.0004955210606567562,0.000817192136310041,-0.00035197040415368974,0.3404409885406494,0.40443098545074463
120,0.02560502290725708,0.0024155620485544205,0.0022618002258241177,-0.0006858097622171044,0.01283428817987442,0.0010096904588863254,0.0010250800987705588,-0.000485619151731953,0.3122390806674957,0.3824850916862488
140,0.03306306153535843,0.0035643521696329117,0.0027295020408928394,-0.0005635863053612411,0.014123108237981796,0.0015208139084279537,0.0010945607209578156,-0.0005282078054733574,0.27851179242134094,0.3676881194114685
160,0.03925008699297905,0.005085933953523636,0.0029587538447231054,-0.0005276183946989477,0.014898319728672504,0.0019678089302033186,0.0010696876561269164,-0.0005704579525627196,0.256746381521225,0.35724663734436035
180,0.04500920698046684,0.00682790344581008,0.0031225355342030525,-0.0005443203262984753,0.015435704961419106,0.002386238658800721,0.0010593998013064265,-0.0006264389958232641,0.23237930238246918,0.3526569604873657
200,0.05071007460355759,0.008892381563782692,0.0033323958050459623,-0.0005729141994379461,0.015756987035274506,0.0027481461875140667,0.0010208924068138003,-0.0007016795570962131,0.2101413905620575,0.34597617387771606
220,0.05625740438699722,0.011111771687865257,0.0035829416010528803,-0.0005722932401113212,0.01593112386763096,0.0030257252510637045,0.0009349256288260221,-0.0007832004921510816,0.20249007642269135,0.3380538821220398
240,0.0620221272110939,0.01339356042444706,0.003877868875861168,-0.0005307471728883684,0.016137711703777313,0.0032621538266539574,0.0008143961895257235,-0.000856277474667877,0.20243896543979645,0.3223403990268707
260,0.06776031106710434,0.015554103069007397,0.004154294729232788,-0.0004580922541208565,0.016449255868792534,0.0034806111361831427,0.0007151702302508056,-0.0009187746327370405,0.1841357946395874,0.3094106912612915
280,0.07301831245422363,0.017563076689839363,0.004396239761263132,-0.00033026657183654606,0.0167292058467865,0.003711908822879195,0.0005526943714357913,-0.000984162325039506,0.19865407049655914,0.2992382049560547
300,0.07820653915405273,0.01954605244100094,0.004659706726670265,-0.00017176965775433928,0.01705871894955635,0.0039358283393085,0.00039207213558256626,-0.001036063302308321,0.17485202848911285,0.29806482791900635
320,0.08562081307172775,0.02173614129424095,0.005003316793590784,7.996396016096696e-05,0.01744385063648224,0.0042847394943237305,0.0002718129544518888,-0.0010658210376277566,0.18677541613578796,0.2500978708267212
340,0.09105858951807022,0.02361600659787655,0.005243031773716211,0.00028537146863527596,0.018024731427431107,0.004478455521166325,0.00015772006008774042,-0.0010980708757415414,0.16501283645629883,0.2695399522781372
360,0.09546336531639099,0.025463726371526718,0.005425558425486088,0.0006498251459561288,0.018297435715794563,0.004690411034971476,-5.021839024266228e-05,-0.0011586943874135613,0.15778952836990356,0.2588661015033722
380,0.09973212331533432,0.02716664783656597,0.005691755097359419,0.0010238083777949214,0.018504492938518524,0.004934460856020451,-0.00028461270267143846,-0.0012075398117303848,0.15344750881195068,0.23330920934677124
400,0.10368391126394272,0.02869902178645134,0.00598158361390233,0.0014047212898731232,0.018730660900473595,0.005198472645133734,-0.000505314557813108,-0.0012498574797064066,0.14803726971149445,0.22490383684635162
420,0.1077754944562912,0.030208352953195572,0.006274845916777849,0.0018794146599248052,0.01898454874753952,0.005506105255335569,-0.0007299142307601869,-0.0012736583594232798,0.14299744367599487,0.19271299242973328
440,0.11199158430099487,0.03177651762962341,0.0066149597987532616,0.002352030947804451,0.019257936626672745,0.0058055236004292965,-0.0009497613064013422,-0.0012999017490074039,0.14346177875995636,0.19221976399421692
460,0.11595764011144638,0.03324424475431442,0.006946010980755091,0.00292816455475986,0.019486259669065475,0.006103422027081251,-0.0011440778616815805,-0.00133174704387784,0.13934318721294403,0.18302594125270844
480,0.1194399744272232,0.03467484191060066,0.007264707237482071,0.0034895616117864847,0.019693568348884583,0.0063907247968018055,-0.0013219801476225257,-0.0013549788855016232,0.13512597978115082,0.1649284064769745
500,0.12304382771253586,0.03614127263426781,0.007636889815330505,0.004050632938742638,0.019892768934369087,0.006696056108921766,-0.0014837420312687755,-0.0013856473378837109,0.14952673017978668,0.17805351316928864
520,0.12702661752700806,0.03773868829011917,0.008016670122742653,0.004591376055032015,0.02012566290795803,0.007014359813183546,-0.001643066294491291,-0.0014072463382035494,0.12995398044586182,0.14877334237098694
540,0.13089944422245026,0.03924952447414398,0.00837942399084568,0.00514465244486928,0.02033386193215847,0.007317801471799612,-0.0017660838784649968,-0.0014321879716590047,0.1310923993587494,0.14762426912784576
560,0.13446997106075287,0.04066324234008789,0.00872927624732256,0.005767636001110077,0.020540453493595123,0.00762280123308301,-0.0018901515286415815,-0.0014603198505938053,0.13059119880199432,0.15331287682056427
580,0.13757871091365814,0.04207440838217735,0.009093688800930977,0.006486809346824884,0.020764624699950218,0.007951037026941776,-0.002003996865823865,-0.0014941466506570578,0.12276430428028107,0.13809853792190552
600,0.14055337011814117,0.04340682551264763,0.009450451470911503,0.007165218237787485,0.02094101719558239,0.008274066261947155,-0.002075738273561001,-0.0015167453093454242,0.12376183271408081,0.1374579817056656
620,0.143793523311615,0.04482368007302284,0.00986073911190033,0.007832755334675312,0.02115090750157833,0.008593244478106499,-0.002145444042980671,-0.0015422300202772021,0.12453722208738327,0.13344596326351166
640,0.1472877562046051,0.04636421054601669,0.010261575691401958,0.008511804044246674,0.021393833681941032,0.008908959105610847,-0.00215657870285213,-0.001563939033076167,0.11972058564424515,0.1360035538673401
660,0.15031033754348755,0.04776466265320778,0.01064281165599823,0.009199065156280994,0.021610340103507042,0.009232486598193645,-0.002195299370214343,-0.001580110634677112,0.12096628546714783,0.1294906884431839
680,0.15284714102745056,0.04903005063533783,0.01100716833025217,0.009916482493281364,0.021763598546385765,0.009573791176080704,-0.002237844979390502,-0.0016005891375243664,0.1109585389494896,0.12845879793167114
700,0.15576067566871643,0.05033230409026146,0.011378919705748558,0.010611465200781822,0.021938422694802284,0.009927707724273205,-0.0022650198079645634,-0.0016152316238731146,0.1315927356481552,0.14221331477165222
720,0.15901844203472137,0.051767390221357346,0.011791636236011982,0.011270984075963497,0.02215670235455036,0.010304574854671955,-0.002280537271872163,-0.0016147993737831712,0.11611022800207138,0.1290234476327896
740,0.16166764497756958,0.053054146468639374,0.012159583158791065,0.012013483792543411,0.022327296435832977,0.010651529766619205,-0.002290182514116168,-0.0016250577755272388,0.10952217876911163,0.12263378500938416
760,0.1644410938024521,0.05437178537249565,0.012533997185528278,0.012716894969344139,0.022561265155673027,0.011004035361111164,-0.0022818371653556824,-0.0016243159770965576,0.10906369239091873,0.12629368901252747
780,0.16747905313968658,0.055753838270902634,0.012915454804897308,0.013407502323389053,0.022765541449189186,0.011360027827322483,-0.00231757340952754,-0.0016142817912623286,0.12416176497936249,0.12474653869867325
800,0.17049787938594818,0.057075146585702896,0.013317877426743507,0.014158831909298897,0.022987714037299156,0.011729047633707523,-0.0023090511094778776,-0.0016169955488294363,0.1048806831240654,0.11580045521259308
820,0.1730606108903885,0.05829738825559616,0.013666855171322823,0.01492513157427311,0.023168450221419334,0.01209147647023201,-0.0022517330944538116,-0.0016159710939973593,0.10652317106723785,0.12407493591308594
840,0.17578023672103882,0.059571292251348495,0.014044730924069881,0.015628764405846596,0.02338000200688839,0.012429995462298393,-0.002239120891317725,-0.0016114248428493738,0.1087072417140007,0.12072291225194931
860,0.17836624383926392,0.060840606689453125,0.01442019920796156,0.016384590417146683,0.02358563244342804,0.01277688518166542,-0.002186632715165615,-0.0016090718563646078,0.10744751244783401,0.1156989336013794
880,0.18084849417209625,0.06202683970332146,0.014758731238543987,0.01708853989839554,0.023779967799782753,0.013126987032592297,-0.002126164035871625,-0.0016050240956246853,0.10516668856143951,0.10964059829711914
900,0.1832585334777832,0.06317751854658127,0.015122352167963982,0.01784970611333847,0.023971781134605408,0.01348054502159357,-0.002071242081001401,-0.0015995175344869494,0.11355232447385788,0.12260664999485016
920,0.1858130395412445,0.06437982618808746,0.015459710732102394,0.018568359315395355,0.024195607751607895,0.01384094450622797,-0.0019784627947956324,-0.0015880533028393984,0.10624781250953674,0.10642579942941666
940,0.18830102682113647,0.06552761048078537,0.015839142724871635,0.019327029585838318,0.02440487965941429,0.014198526740074158,-0.0019036891171708703,-0.0015707060229033232,0.10191179066896439,0.10488589107990265
960,0.19055867195129395,0.06672865152359009,0.01615431345999241,0.020012015476822853,0.024589866399765015,0.014516234397888184,-0.0018089282093569636,-0.0015671162400394678,0.10174848139286041,0.10366879403591156
980,0.1928541213274002,0.06783173233270645,0.016500376164913177,0.02075917087495327,0.02476753108203411,0.014858169481158257,-0.0017316255252808332,-0.001555699622258544,0.10295448452234268,0.10333546996116638
1000,0.1949869841337204,0.06897206604480743,0.016826819628477097,0.021484646946191788,0.024959009140729904,0.015171733684837818,-0.0016161721432581544,-0.0015468357596546412,0.10043683648109436,0.10254516452550888
1020,0.19718003273010254,0.07005377113819122,0.017178593203425407,0.022176984697580338,0.025161094963550568,0.015494941733777523,-0.0014950186014175415,-0.0015364906284958124,0.10326748341321945,0.10103161633014679
1040,0.1995118111371994,0.07123349606990814,0.017550131306052208,0.02290765568614006,0.025373175740242004,0.015819985419511795,-0.0013834339333698153,-0.0015236831968650222,0.1021386906504631,0.10073237121105194
1060,0.201620951294899,0.0722460150718689,0.017876282334327698,0.02361644059419632,0.02557595632970333,0.016167670488357544,-0.0012305483687669039,-0.0015201751375570893,0.09757936000823975,0.10967572033405304
1080,0.20395007729530334,0.07335150986909866,0.018254073336720467,0.024359701201319695,0.025788454338908195,0.01648762822151184,-0.0011014885967597365,-0.0015045689651742578,0.09476546198129654,0.09860499203205109
1100,0.20584315061569214,0.07437747716903687,0.018570231273770332,0.02505148947238922,0.025992080569267273,0.016783161088824272,-0.0009345469297841191,-0.0014908277662470937,0.09651432931423187,0.09781195223331451
1120,0.2078346610069275,0.07541484385728836,0.018927454948425293,0.025796303525567055,0.026201825588941574,0.01709660515189171,-0.000817926018498838,-0.001478556776419282,0.09475447237491608,0.10406865924596786
1140,0.2098090499639511,0.07648475468158722,0.01923971064388752,0.026469016447663307,0.02638769894838333,0.017392195761203766,-0.0006857713451609015,-0.001465562148950994,0.09101215749979019,0.09646040946245193
1160,0.21174803376197815,0.07744534313678741,0.01957867667078972,0.02720533311367035,0.026585513725876808,0.017689982429146767,-0.0005389559082686901,-0.0014487961307168007,0.0933440700173378,0.09463203698396683
1180,0.2138356864452362,0.07848243415355682,0.01989377662539482,0.027917442843317986,0.026757465675473213,0.01796080358326435,-0.0003608760016504675,-0.0014362111687660217,0.09287746995687485,0.09867581725120544
1200,0.2160016894340515,0.0795249193906784,0.020240379497408867,0.02858949452638626,0.02698790840804577,0.01830999366939068,-0.00021222446230240166,-0.0014221776509657502,0.09681127220392227,0.10713273286819458
1220,0.21843406558036804,0.0806470736861229,0.020627940073609352,0.029260367155075073,0.02722921408712864,0.01862449012696743,-3.658716013887897e-05,-0.001417070161551237,0.09187526255846024,0.09718570113182068
1240,0.220252126455307,0.08152727782726288,0.02092798613011837,0.02995442785322666,0.027399025857448578,0.018957126885652542,0.00014346376701723784,-0.0014051712350919843,0.09349897503852844,0.09194818139076233
1260,0.22194190323352814,0.0824606791138649,0.02126235142350197,0.03065638430416584,0.027613520622253418,0.019254708662629128,0.0003335531218908727,-0.0013938253978267312,0.0900299921631813,0.08982491493225098
1280,0.2236732393503189,0.08342944830656052,0.021574586629867554,0.031322479248046875,0.02776382490992546,0.019540712237358093,0.0005431091412901878,-0.001382663263939321,0.09018360823392868,0.09419403970241547
1300,0.2257867306470871,0.08441022783517838,0.021916832774877548,0.03196999803185463,0.028016751632094383,0.019881611689925194,0.0007023627986200154,-0.0013680456904694438,0.0940871611237526,0.09594576060771942
1320,0.22812587022781372,0.08543739467859268,0.022319631651043892,0.032664477825164795,0.028244823217391968,0.020177491009235382,0.0009104215423576534,-0.001357196131721139,0.09325455874204636,0.09300006926059723
1340,0.23024600744247437,0.0862913504242897,0.02263861708343029,0.03328527882695198,0.028431972488760948,0.020520459860563278,0.0011089587351307273,-0.0013406869256868958,0.09131196141242981,0.0886421874165535
1360,0.2318258285522461,0.08715232461690903,0.022928908467292786,0.03394040837883949,0.028614096343517303,0.020802762359380722,0.0013244521105661988,-0.0013321628794074059,0.08641742169857025,0.09329675883054733
1380,0.2333526462316513,0.08805962651968002,0.023248743265867233,0.03458988294005394,0.02882174402475357,0.021088408306241035,0.0015328158624470234,-0.00132298085372895,0.08816365152597427,0.08695832639932632
1400,0.2347632795572281,0.08892260491847992,0.023540588095784187,0.03521273657679558,0.029018649831414223,0.021353229880332947,0.0017343279905617237,-0.0013201819965615869,0.09245893359184265,0.0912465825676918
1420,0.23655474185943604,0.08980798721313477,0.023866258561611176,0.035849373787641525,0.029198825359344482,0.021641241386532784,0.0019360462902113795,-0.001315890345722437,0.08656302094459534,0.08724787831306458
1440,0.23816385865211487,0.09059791266918182,0.024147365242242813,0.036485157907009125,0.0293878260999918,0.02195899188518524,0.0021462764125317335,-0.001309347921051085,0.09144160896539688,0.08744414150714874
1460,0.24002930521965027,0.09154094010591507,0.024515418335795403,0.03708131983876228,0.029579205438494682,0.02224702574312687,0.002341008512303233,-0.0013062962098047137,0.08763139694929123,0.08942446112632751
1480,0.24183706939220428,0.09234935790300369,0.024838685989379883,0.03769794851541519,0.029735323041677475,0.022567732259631157,0.002588824834674597,-0.0013085356913506985,0.0840989425778389,0.08700999617576599
1500,0.24349133670330048,0.09326262772083282,0.02517213299870491,0.038356903940439224,0.029942931607365608,0.022857453674077988,0.0028275742661207914,-0.00130854407325387,0.08472038805484772,0.08630189299583435
1520,0.24521546065807343,0.09413699060678482,0.025468647480010986,0.03892949968576431,0.03012506663799286,0.023146789520978928,0.0030303325038403273,-0.001312463777139783,0.08278971910476685,0.08564639091491699
1540,0.24663743376731873,0.09497667849063873,0.025808367878198624,0.03951922059059143,0.030276264995336533,0.023415371775627136,0.0032071846071630716,-0.0013086205581203103,0.08404423296451569,0.08629201352596283
1560,0.2482198178768158,0.09573104977607727,0.02608575113117695,0.04014109447598457,0.030466778203845024,0.02372564934194088,0.0034328203182667494,-0.001308803097344935,0.08354035019874573,0.0854608491063118
1580,0.2496769279241562,0.09651944786310196,0.026368431746959686,0.04075147211551666,0.030648205429315567,0.02399776503443718,0.0036552795208990574,-0.0013070807326585054,0.08368069678544998,0.08503694832324982
1600,0.2514062821865082,0.09734667837619781,0.026658274233341217,0.04135178029537201,0.030811334028840065,0.024303512647747993,0.003888351609930396,-0.00130888179410249,0.08337654173374176,0.08515407145023346
1620,0.25278598070144653,0.0981370210647583,0.026983296498656273,0.04199528321623802,0.03100317344069481,0.024592284113168716,0.0041244798339903355,-0.001308166771195829,0.08209654688835144,0.08449128270149231
1640,0.2543295919895172,0.0988849401473999,0.027241621166467667,0.04255525767803192,0.031170479953289032,0.02489309012889862,0.0043515171855688095,-0.0013210064498707652,0.0807596743106842,0.08410388231277466
1660,0.25600680708885193,0.09974252432584763,0.02758615091443062,0.04310201480984688,0.03135933727025986,0.0251623522490263,0.00456051854416728,-0.0013256939128041267,0.08334144204854965,0.08327136933803558
1680,0.25720053911209106,0.10048682987689972,0.027906160801649094,0.043673474341630936,0.031536784023046494,0.025454269722104073,0.004819903522729874,-0.001331765903159976,0.0810648500919342,0.0870186984539032
1700,0.25905176997184753,0.10130197554826736,0.028207920491695404,0.04425761103630066,0.031702615320682526,0.025715939700603485,0.005045024678111076,-0.001338425325229764,0.08104822039604187,0.08189786970615387
1720,0.2606056332588196,0.10203515738248825,0.02850201353430748,0.04482252150774002,0.03183867037296295,0.02602069452404976,0.005285621155053377,-0.001339948852546513,0.08338087052106857,0.08701661229133606
1740,0.2621742784976959,0.10277484357357025,0.02883906103670597,0.04544757306575775,0.03204653784632683,0.026315873488783836,0.005506744608283043,-0.0013393590925261378,0.07992369681596756,0.0825149416923523
1760,0.26353919506073,0.1035328358411789,0.029129521921277046,0.046042319387197495,0.0322565883398056,0.02660856395959854,0.005731271114200354,-0.0013453196734189987,0.08040095865726471,0.08187450468540192
1780,0.26503318548202515,0.10430493205785751,0.029466746374964714,0.04655320569872856,0.03239726275205612,0.026905668899416924,0.0059478022158145905,-0.001367701101116836,0.07684504985809326,0.08296468108892441
1800,0.2666454315185547,0.10508624464273453,0.029792502522468567,0.04711884632706642,0.03258896619081497,0.02719336748123169,0.006183668505400419,-0.0013729383936151862,0.07972497493028641,0.08085151016712189
1820,0.26810237765312195,0.10590328276157379,0.030094342306256294,0.04770857095718384,0.032754141837358475,0.027482425794005394,0.006427669897675514,-0.001375044696033001,0.07943651080131531,0.08017174154520035
1840,0.2696625292301178,0.10660400241613388,0.030402926728129387,0.048227500170469284,0.03291662409901619,0.02778126671910286,0.006668169517070055,-0.0013790330849587917,0.08213145285844803,0.08305998891592026
1860,0.27114683389663696,0.10736286640167236,0.03074324131011963,0.04872359707951546,0.03311188146471977,0.02805441990494728,0.00691996468231082,-0.0013835713034495711,0.08155547827482224,0.08165155351161957
1880,0.27256643772125244,0.10809442400932312,0.031047144904732704,0.049323614686727524,0.03328179195523262,0.02836158499121666,0.00716780312359333,-0.001389190903864801,0.07817282527685165,0.07754354178905487
1900,0.273689866065979,0.10883481055498123,0.03137828782200813,0.04991022124886513,0.033454034477472305,0.028621939942240715,0.007397490553557873,-0.0014013698091730475,0.07575522363185883,0.07811789214611053
1920,0.2750794589519501,0.10955529659986496,0.03167039155960083,0.05044325068593025,0.03360489755868912,0.02889385260641575,0.007613822817802429,-0.0014058967353776097,0.08258392661809921,0.07907544076442719
1940,0.2764571011066437,0.1103203296661377,0.03202570229768753,0.05101942643523216,0.03377281874418259,0.02917996048927307,0.007859642617404461,-0.0014211597153916955,0.07916007190942764,0.08027004450559616
1960,0.27785253524780273,0.11098816990852356,0.03231435269117355,0.051585033535957336,0.03395676612854004,0.02947516180574894,0.00809546560049057,-0.001416282611899078,0.08117243647575378,0.07950970530509949
1980,0.2792324125766754,0.11168121546506882,0.032614096999168396,0.05208636447787285,0.03413108363747597,0.029739851132035255,0.008345142006874084,-0.001424840185791254,0.07420771569013596,0.07870891690254211
2000,0.2805148959159851,0.1123669221997261,0.03291303291916847,0.05262608081102371,0.03428221866488457,0.030029458925127983,0.00857287272810936,-0.0014343756483867764,0.07812933623790741,0.09036433696746826
2020,0.28213486075401306,0.11313491314649582,0.03326454386115074,0.05319501459598541,0.034454263746738434,0.030321145430207253,0.008833971805870533,-0.0014309657271951437,0.07745929807424545,0.07656300067901611
2040,0.2834475636482239,0.11383084952831268,0.033555321395397186,0.053697969764471054,0.034605562686920166,0.030619677156209946,0.009075479581952095,-0.0014396945480257273,0.07548122853040695,0.08413247019052505
2060,0.2851059138774872,0.11461111903190613,0.03385920822620392,0.05417812615633011,0.034741636365652084,0.0309034064412117,0.00933688785880804,-0.0014385201502591372,0.07832805067300797,0.07838393747806549
2080,0.286300927400589,0.11541448533535004,0.034260138869285583,0.05468413233757019,0.034914568066596985,0.031180644407868385,0.009569903835654259,-0.0014478202210739255,0.07734711468219757,0.07880425453186035
2100,0.2873348295688629,0.11608042567968369,0.034557048231363297,0.055182017385959625,0.03507711738348007,0.03144829720258713,0.009798746556043625,-0.0014645492192357779,0.0760713517665863,0.07573559135198593
2120,0.2883232831954956,0.11674472689628601,0.034878794103860855,0.05575345829129219,0.0352482832968235,0.03171367570757866,0.01005169004201889,-0.0014683472691103816,0.07505635172128677,0.07483042776584625
2140,0.28964754939079285,0.11740649491548538,0.03514418751001358,0.05621698871254921,0.0354049950838089,0.032007910311222076,0.010287384502589703,-0.001476696110330522,0.07396794110536575,0.07840868085622787
2160,0.2907131016254425,0.11800123006105423,0.0354560948908329,0.056703757494688034,0.03554985299706459,0.032273855060338974,0.010536172427237034,-0.0014878956135362387,0.07150038331747055,0.0748881995677948
2180,0.29175347089767456,0.11867460608482361,0.03577299043536186,0.0572393424808979,0.03572797030210495,0.032543666660785675,0.010765361599624157,-0.001504555344581604,0.07754497975111008,0.07503274828195572
2200,0.2928978502750397,0.11932849884033203,0.036059483885765076,0.057764459401369095,0.03587189316749573,0.03287046030163765,0.0109766386449337,-0.001505694235675037,0.07213067263364792,0.0748550295829773
2220,0.2940431535243988,0.12000937759876251,0.036372311413288116,0.05823304131627083,0.03601418808102608,0.033147864043712616,0.01122318860143423,-0.00151088647544384,0.07014251500368118,0.0759897232055664
2240,0.2951394319534302,0.12070450186729431,0.03670831397175789,0.05875730141997337,0.036160580813884735,0.03342150151729584,0.01145212072879076,-0.0015168037498369813,0.07341020554304123,0.07511983811855316
2260,0.29660969972610474,0.1213715672492981,0.037024565041065216,0.05922991409897804,0.03630523011088371,0.03370380401611328,0.011730695143342018,-0.0015227919211611152,0.07849957793951035,0.07609488070011139
2280,0.2977936863899231,0.12200663238763809,0.037348873913288116,0.05973600223660469,0.03646499291062355,0.03399655222892761,0.011974329128861427,-0.0015324536943808198,0.07298221439123154,0.07254407554864883
2300,0.2988679111003876,0.122663713991642,0.03762481361627579,0.06022796779870987,0.036628734320402145,0.0342772975564003,0.01223239116370678,-0.0015425605233758688,0.07403858751058578,0.07626146823167801
2320,0.3000386953353882,0.12328780442476273,0.037977539002895355,0.06079857796430588,0.03677558898925781,0.03454851731657982,0.012460841797292233,-0.001541329431347549,0.07373721897602081,0.07465869933366776
2340,0.301382839679718,0.12397602945566177,0.03830399736762047,0.06125346198678017,0.03692073002457619,0.03482483699917793,0.012683975510299206,-0.0015485526528209448,0.07614972442388535,0.07361187785863876
2360,0.3028413653373718,0.12470299750566483,0.038632337003946304,0.06177513673901558,0.037074461579322815,0.03511945158243179,0.012914597988128662,-0.0015536033315584064,0.07787245512008667,0.0752878338098526
2380,0.3043736219406128,0.12537433207035065,0.03901991248130798,0.062272265553474426,0.03724401816725731,0.03538716956973076,0.013160202652215958,-0.0015597972087562084,0.07482616603374481,0.07529852539300919
2400,0.3055742681026459,0.1259830743074417,0.03937115520238876,0.062798872590065,0.037410009652376175,0.03570781275629997,0.013420291244983673,-0.001568072708323598,0.07432717829942703,0.07553625106811523
2420,0.30671021342277527,0.12666048109531403,0.03972167149186134,0.0632200688123703,0.03756139799952507,0.036005958914756775,0.01364846806973219,-0.0015751308528706431,0.07311960309743881,0.07280046492815018
2440,0.3076917827129364,0.127279594540596,0.040041908621788025,0.06368330866098404,0.03772555664181709,0.03629104420542717,0.01391120906919241,-0.0015788383316248655,0.06838658452033997,0.0727381557226181
2460,0.3085719048976898,0.1279236376285553,0.04038538038730621,0.06420206278562546,0.03786296397447586,0.03656018152832985,0.014121214859187603,-0.001581497141160071,0.07284308224916458,0.07228177040815353
2480,0.3097417652606964,0.12857775390148163,0.04069417715072632,0.06461934745311737,0.03798934444785118,0.036816272884607315,0.014354050159454346,-0.0015883712330833077,0.07213568687438965,0.07411424070596695
2500,0.31091564893722534,0.12916414439678192,0.04101208597421646,0.06513150781393051,0.03811994940042496,0.03708908334374428,0.014582808129489422,-0.0015916713746264577,0.07069137692451477,0.07447215169668198
2520,0.3118530511856079,0.12984691560268402,0.04132728651165962,0.06565184146165848,0.038270387798547745,0.03737509623169899,0.014819586649537086,-0.0016049605328589678,0.06821293383836746,0.0728013813495636
2540,0.3129025399684906,0.1304469108581543,0.041654519736766815,0.06612028181552887,0.03840594366192818,0.037664059549570084,0.015054723247885704,-0.0016069697448983788,0.07190471142530441,0.07265357673168182
2560,0.31379905343055725,0.13111862540245056,0.042007483541965485,0.06658683717250824,0.03856430947780609,0.037917327135801315,0.015293750911951065,-0.001608921098522842,0.07204029709100723,0.07516679167747498
2580,0.31498080492019653,0.13179928064346313,0.04236728325486183,0.06696683168411255,0.03870806097984314,0.038175154477357864,0.015501230023801327,-0.0016145980916917324,0.06977812200784683,0.0732225850224495
2600,0.31632375717163086,0.13242754340171814,0.04266045615077019,0.06741730123758316,0.03884283825755119,0.03845198079943657,0.01571754738688469,-0.0016100237844511867,0.06909287720918655,0.07438229024410248
2620,0.3173445165157318,0.13303802907466888,0.042979687452316284,0.06794741004705429,0.03899916633963585,0.0387326180934906,0.015965834259986877,-0.0016145644476637244,0.07003138959407806,0.07027454674243927
2640,0.3182789087295532,0.13366635143756866,0.04331641644239426,0.06841757893562317,0.039125956594944,0.039008378982543945,0.01620635949075222,-0.0016216482035815716,0.07037274539470673,0.07144907116889954
2660,0.31925901770591736,0.1343301385641098,0.043641235679388046,0.06887340545654297,0.03929358348250389,0.03929780796170235,0.016445821151137352,-0.0016264667501673102,0.07031766325235367,0.06934116035699844
2680,0.32021087408065796,0.13487787544727325,0.04392459616065025,0.06931217759847641,0.03938734531402588,0.03955211117863655,0.016673676669597626,-0.0016317992703989148,0.07030884176492691,0.07173793017864227
2700,0.321256548166275,0.135563924908638,0.044281966984272,0.0696798712015152,0.03952014446258545,0.03981978818774223,0.016890719532966614,-0.0016348869539797306,0.06704387813806534,0.0709938257932663
2720,0.3223932087421417,0.13619361817836761,0.044630397111177444,0.07019226253032684,0.039695560932159424,0.04010036215186119,0.01712026260793209,-0.0016369424993172288,0.06961828470230103,0.07118160277605057
2740,0.32328903675079346,0.13674643635749817,0.04494248703122139,0.07063547521829605,0.039831019937992096,0.04038460925221443,0.017352646216750145,-0.0016365154879167676,0.06886254251003265,0.07088315486907959
2760,0.32430800795555115,0.13736742734909058,0.0451987087726593,0.07103841006755829,0.039977286010980606,0.04065687954425812,0.017574969679117203,-0.001635027234442532,0.06670160591602325,0.07180124521255493
2780,0.3250260055065155,0.13797171413898468,0.04556320980191231,0.0715293362736702,0.04010064899921417,0.04089418426156044,0.017815828323364258,-0.0016308175399899483,0.06836222857236862,0.07102791219949722
2800,0.3262169063091278,0.13865067064762115,0.04590899124741554,0.07197054475545883,0.040248025208711624,0.041169844567775726,0.018039951100945473,-0.0016295710811391473,0.0695909708738327,0.0687444731593132
2820,0.32747164368629456,0.13926051557064056,0.04619045555591583,0.07234915345907211,0.04038979858160019,0.041420988738536835,0.018246302381157875,-0.0016328253550454974,0.06926712393760681,0.07045809924602509
2840,0.3281504511833191,0.13980892300605774,0.04657180234789848,0.07286287099123001,0.04053856432437897,0.041712433099746704,0.018494706600904465,-0.0016309136990457773,0.06863381713628769,0.06773906946182251
2860,0.32908371090888977,0.140359565615654,0.04682087153196335,0.07327305525541306,0.04066820815205574,0.04198639467358589,0.01871350035071373,-0.0016349789220839739,0.06718078255653381,0.0685090497136116
2880,0.32988235354423523,0.1409933865070343,0.0471658892929554,0.07373743504285812,0.04080704227089882,0.042255476117134094,0.018905581906437874,-0.0016393604455515742,0.06835370510816574,0.06974948942661285
2900,0.3310393691062927,0.14164134860038757,0.047475665807724,0.07413773238658905,0.04092993587255478,0.04250466078519821,0.019138241186738014,-0.0016455837758257985,0.06836956739425659,0.0699361264705658
2920,0.3318610191345215,0.14225657284259796,0.047803059220314026,0.07455089688301086,0.04110327735543251,0.04277913272380829,0.019373644143342972,-0.0016378439031541348,0.06600207835435867,0.0691724568605423
2940,0.3327260911464691,0.1428544819355011,0.04811592772603035,0.07499241828918457,0.04121454432606697,0.04303877055644989,0.019586613401770592,-0.0016404497437179089,0.0687057226896286,0.07189767062664032
2960,0.33371713757514954,0.14342260360717773,0.04849831759929657,0.07546534389257431,0.0413682721555233,0.04329930618405342,0.019805779680609703,-0.0016331254737451673,0.06560409814119339,0.0675375834107399
2980,0.33459070324897766,0.14405936002731323,0.04883754253387451,0.07591641694307327,0.041502077132463455,0.04355869069695473,0.020026177167892456,-0.0016376826679334044,0.0667913556098938,0.0687522292137146
3000,0.33549535274505615,0.1446407288312912,0.04918089881539345,0.0763586014509201,0.04162667319178581,0.04382847249507904,0.02025790698826313,-0.0016423449851572514,0.06431557238101959,0.0680871456861496
3020,0.3365655839443207,0.1452455222606659,0.049546390771865845,0.07679816335439682,0.041761357337236404,0.044091884046792984,0.02048814669251442,-0.0016361658927053213,0.06974349915981293,0.06625908613204956
3040,0.3373394012451172,0.14585763216018677,0.04988998547196388,0.07723343372344971,0.04191561043262482,0.04434283822774887,0.020717773586511612,-0.0016434106510132551,0.06489286571741104,0.06601513177156448
3060,0.33822280168533325,0.14643734693527222,0.050180383026599884,0.0776430293917656,0.04205719754099846,0.04461151733994484,0.020940804854035378,-0.0016424799105152488,0.0679888054728508,0.06681657582521439
3080,0.33887502551078796,0.14698107540607452,0.05050186067819595,0.07805101573467255,0.042184315621852875,0.04488224536180496,0.02114154025912285,-0.001643135561607778,0.06571107357740402,0.06729163229465485
3100,0.3394535183906555,0.14752908051013947,0.050825539976358414,0.07848531007766724,0.04231754690408707,0.04512965679168701,0.021359756588935852,-0.0016465223161503673,0.06480058282613754,0.06712055206298828
3120,0.340159147977829,0.14805029332637787,0.05110245943069458,0.07887181639671326,0.04244045913219452,0.0453759990632534,0.021554619073867798,-0.0016448228852823377,0.06473659723997116,0.06927970051765442
3140,0.3411233723163605,0.14867371320724487,0.05147477611899376,0.07928020507097244,0.042594391852617264,0.0456637367606163,0.021766742691397667,-0.0016470705159008503,0.06633177399635315,0.06939038634300232
3160,0.34211465716362,0.14924940466880798,0.05178218334913254,0.07974310964345932,0.04273775964975357,0.045921675860881805,0.021968258544802666,-0.0016491092974320054,0.06598427891731262,0.0724460631608963
3180,0.34293675422668457,0.14985281229019165,0.05215844139456749,0.08014709502458572,0.04286595433950424,0.04620848968625069,0.02216680906713009,-0.0016465728404000401,0.06706737726926804,0.06542466580867767
3200,0.3438200354576111,0.15043209493160248,0.05246637389063835,0.08051475882530212,0.04299931228160858,0.04645213484764099,0.022372767329216003,-0.001647699042223394,0.0647159218788147,0.0651317685842514
3220,0.34450772404670715,0.15094302594661713,0.05279744416475296,0.0809246227145195,0.04312674701213837,0.04670644551515579,0.022589659318327904,-0.0016447914531454444,0.06405703723430634,0.0656699389219284
3240,0.3452729880809784,0.15158352255821228,0.05315753445029259,0.08133988082408905,0.043260592967271805,0.04693235829472542,0.02282303385436535,-0.001644851523451507,0.06351970881223679,0.06594707071781158
3260,0.34622928500175476,0.15218117833137512,0.05350642651319504,0.08177042752504349,0.04339255020022392,0.04719414934515953,0.023016391322016716,-0.001646334072574973,0.06807482987642288,0.0674205794930458
3280,0.3470701277256012,0.15265946090221405,0.053839121013879776,0.0821990892291069,0.04354279115796089,0.04748385027050972,0.02322426252067089,-0.0016437019221484661,0.06393001973628998,0.06854594498872757
3300,0.3479138910770416,0.1532016545534134,0.054106488823890686,0.08259540051221848,0.043678369373083115,0.04775240272283554,0.023457344621419907,-0.0016360428417101502,0.06351976096630096,0.06551610678434372
3320,0.34852302074432373,0.1537867933511734,0.054425694048404694,0.08299732208251953,0.04376991465687752,0.04800456762313843,0.023653553798794746,-0.0016327161574736238,0.06456217169761658,0.06521117687225342
3340,0.34926825761795044,0.15428471565246582,0.054720669984817505,0.08343948423862457,0.04391530156135559,0.0482814759016037,0.02386278100311756,-0.0016362883616238832,0.06303975731134415,0.06409997493028641
3360,0.3498232364654541,0.1548575758934021,0.055015455931425095,0.08386009186506271,0.044032927602529526,0.048520222306251526,0.02405853196978569,-0.0016335616819560528,0.06198757514357567,0.06404783576726913
3380,0.35049599409103394,0.1554448902606964,0.05535062029957771,0.08423752337694168,0.04416175186634064,0.04876956716179848,0.0242795217782259,-0.0016316482797265053,0.06288963556289673,0.06507626175880432
3400,0.35134637355804443,0.1559438556432724,0.05562945082783699,0.08460241556167603,0.044275712221860886,0.04902435839176178,0.024497289210557938,-0.0016363018658012152,0.06372887641191483,0.06455238163471222
3420,0.35203567147254944,0.1565251499414444,0.05596375837922096,0.08501765131950378,0.044421371072530746,0.04930867627263069,0.024689728394150734,-0.0016342818271368742,0.06254567950963974,0.06622415035963058
3440,0.3527814447879791,0.15704767405986786,0.056311123073101044,0.08540624380111694,0.044542811810970306,0.049538008868694305,0.02486785501241684,-0.0016336383996531367,0.0620725154876709,0.06451942026615143
3460,0.35347798466682434,0.1576060652732849,0.0566457137465477,0.08582447469234467,0.04467477649450302,0.04978277161717415,0.025122594088315964,-0.00163203792180866,0.06172068417072296,0.06353683769702911
3480,0.3539487421512604,0.15809684991836548,0.05692038685083389,0.08624881505966187,0.044805001467466354,0.05005105957388878,0.02529161609709263,-0.0016222476260736585,0.06396157294511795,0.06513869762420654
3500,0.35463884472846985,0.1587473452091217,0.05725773423910141,0.08655919879674911,0.04492933675646782,0.050269026309251785,0.025519488379359245,-0.001634277985431254,0.062252312898635864,0.06461818516254425
3520,0.3552897274494171,0.15925252437591553,0.05757882073521614,0.08694229274988174,0.04503917694091797,0.05054192990064621,0.025688592344522476,-0.0016293221851810813,0.061171870678663254,0.06618008017539978
3540,0.35587137937545776,0.15978391468524933,0.05791699141263962,0.08737022429704666,0.045174166560173035,0.05079463869333267,0.02590545266866684,-0.0016205798601731658,0.06257899105548859,0.06457936763763428
3560,0.3567577600479126,0.16041727364063263,0.058276738971471786,0.0877043828368187,0.04528602585196495,0.05103127285838127,0.026067450642585754,-0.001612892490811646,0.0637606680393219,0.0647779107093811
3580,0.35753992199897766,0.16094230115413666,0.058639608323574066,0.08810973167419434,0.045409537851810455,0.05130171775817871,0.026314694434404373,-0.0016122653614729643,0.06247176229953766,0.0635862648487091
3600,0.35810208320617676,0.16152255237102509,0.058954909443855286,0.08848048746585846,0.04553524777293205,0.05154196545481682,0.026547664776444435,-0.0016124192625284195,0.06083541736006737,0.06274043023586273
3620,0.35885322093963623,0.16203488409519196,0.059254854917526245,0.08883798122406006,0.045643385499715805,0.05178303271532059,0.026711026206612587,-0.0016082596266642213,0.061285387724637985,0.06519909203052521
3640,0.35943153500556946,0.1625659018754959,0.059588536620140076,0.08924607187509537,0.04578720033168793,0.05202152580022812,0.026930704712867737,-0.0016051165293902159,0.06238159164786339,0.0632687360048294
3660,0.35995006561279297,0.16321498155593872,0.05995733290910721,0.08961492031812668,0.04589460790157318,0.05224918946623802,0.027121400460600853,-0.001602688804268837,0.06075611338019371,0.06509676575660706
3680,0.3609965741634369,0.16365060210227966,0.06021091714501381,0.08993706852197647,0.04603707417845726,0.05253126844763756,0.027290718629956245,-0.001589796505868435,0.06417667120695114,0.06334440410137177
3700,0.36168211698532104,0.16414770483970642,0.06053910404443741,0.0903380736708641,0.04616042226552963,0.052777476608753204,0.027534477412700653,-0.0015914048999547958,0.060132578015327454,0.06425792723894119
3720,0.362242192029953,0.1647493690252304,0.06090141832828522,0.09068923443555832,0.0462634414434433,0.05299396812915802,0.02770855277776718,-0.0015839885454624891,0.06078381463885307,0.06234361231327057
3740,0.36272531747817993,0.16522157192230225,0.0611620731651783,0.0910465270280838,0.046391721814870834,0.05327622964978218,0.027934877201914787,-0.001579202595166862,0.0606473870575428,0.062367796897888184
3760,0.3632175624370575,0.16577181220054626,0.06146683916449547,0.09140495955944061,0.046503860503435135,0.05351201444864273,0.02810807153582573,-0.001580332638695836,0.06349422037601471,0.06370947510004044
3780,0.36411163210868835,0.1663072258234024,0.06180771440267563,0.09177947044372559,0.04658834636211395,0.05373528227210045,0.02829889953136444,-0.001574594178237021,0.06226609647274017,0.06499572098255157
3800,0.3648497462272644,0.16691854596138,0.062168434262275696,0.09214641898870468,0.046716753393411636,0.053964029997587204,0.028518706560134888,-0.0015711237210780382,0.06008884683251381,0.06339731812477112
3820,0.36568737030029297,0.16745051741600037,0.06242446228861809,0.09249217063188553,0.04683675989508629,0.05422022193670273,0.02871229313313961,-0.0015650528948754072,0.05945790559053421,0.061561763286590576
3840,0.36620843410491943,0.16794486343860626,0.06272921711206436,0.09284928441047668,0.04694298282265663,0.054486650973558426,0.02890184335410595,-0.001555092865601182,0.05948343873023987,0.060895781964063644
3860,0.3669832646846771,0.16844069957733154,0.06304707378149033,0.09317322075366974,0.04708634689450264,0.054739318788051605,0.029056062921881676,-0.0015569915995001793,0.062095534056425095,0.06207140162587166
3880,0.3675028681755066,0.168947234749794,0.06341993808746338,0.09357952326536179,0.047222238034009933,0.055003728717565536,0.029305042698979378,-0.0015587720554322004,0.05862106755375862,0.06018572673201561
3900,0.36810728907585144,0.169406920671463,0.06370259076356888,0.0939062163233757,0.04733346030116081,0.05523386597633362,0.02950359880924225,-0.0015564989298582077,0.05992328003048897,0.06067006289958954
3920,0.3686181604862213,0.16986407339572906,0.06401792168617249,0.0942639708518982,0.047415848821401596,0.055480487644672394,0.029688401147723198,-0.0015573357231914997,0.05825237184762955,0.06197883188724518
3940,0.3691641688346863,0.1704142540693283,0.06431607156991959,0.09462164342403412,0.047526463866233826,0.05572860687971115,0.02987750433385372,-0.0015478330897167325,0.06318698078393936,0.064738929271698
3960,0.36979278922080994,0.17097727954387665,0.06465665996074677,0.09498821943998337,0.04766324535012245,0.05595751851797104,0.030069535598158836,-0.0015396642265841365,0.05972021445631981,0.06308295577764511
3980,0.3704272210597992,0.17152069509029388,0.06500059366226196,0.0953586995601654,0.04778085649013519,0.056227803230285645,0.030266743153333664,-0.0015383773716166615,0.060404714196920395,0.062385041266679764
4000,0.3709246516227722,0.17199619114398956,0.06532265990972519,0.09576413780450821,0.04787377268075943,0.056454114615917206,0.030493224039673805,-0.001538793439976871,0.05811144411563873,0.061307393014431
4020,0.37140077352523804,0.17251302301883698,0.06561567634344101,0.09605073183774948,0.04798365756869316,0.05672111362218857,0.030684472993016243,-0.0015347619773820043,0.05820930004119873,0.059933342039585114
4040,0.37180498242378235,0.1729460060596466,0.06591867655515671,0.09640803188085556,0.04808524623513222,0.05694896727800369,0.03088591806590557,-0.0015384542057290673,0.05778846889734268,0.06204590946435928
4060,0.37240880727767944,0.1735181212425232,0.06628525257110596,0.09673958271741867,0.04817230999469757,0.05717131495475769,0.031076857820153236,-0.0015445565804839134,0.05898141860961914,0.06457293778657913
4080,0.3729359209537506,0.17409807443618774,0.0665980875492096,0.09707585722208023,0.04828407242894173,0.057432159781455994,0.03129930794239044,-0.001541206962428987,0.05755297467112541,0.06156781315803528
4100,0.373628169298172,0.17467519640922546,0.06690867990255356,0.09741580486297607,0.0483580157160759,0.057635966688394547,0.03148441016674042,-0.0015400920528918505,0.057370733469724655,0.06257491558790207
4120,0.37421807646751404,0.17523375153541565,0.06725461035966873,0.09776180982589722,0.04849082604050636,0.05786661058664322,0.03171109780669212,-0.0015354461502283812,0.05724288150668144,0.06142028421163559
4140,0.37464872002601624,0.17571033537387848,0.06756749749183655,0.09810923784971237,0.048604898154735565,0.05810467526316643,0.0319177508354187,-0.0015298406360670924,0.05878203734755516,0.06416060775518417
4160,0.3753190338611603,0.17624571919441223,0.06787373125553131,0.09841707348823547,0.04873502627015114,0.05837864801287651,0.03207358345389366,-0.001527708489447832,0.058492228388786316,0.06966821849346161
4180,0.37600213289260864,0.17691828310489655,0.0682508572936058,0.09873232990503311,0.048857517540454865,0.05860546603798866,0.03229326009750366,-0.0015245098620653152,0.059370167553424835,0.06300831586122513
4200,0.37669476866722107,0.17742641270160675,0.06856971979141235,0.09901630133390427,0.048982877284288406,0.05888291075825691,0.032490815967321396,-0.0015113521367311478,0.056221555918455124,0.06334760785102844
4220,0.3773636221885681,0.17791973054409027,0.06888678669929504,0.09936430305242538,0.04909733310341835,0.059093646705150604,0.03272012248635292,-0.0015097480500116944,0.058740757405757904,0.06205948814749718
4240,0.3781068027019501,0.17849481105804443,0.06926742941141129,0.09970452636480331,0.04924223944544792,0.059333376586437225,0.03289708122611046,-0.0015030174981802702,0.05660644918680191,0.06404046714305878
4260,0.3787386119365692,0.1789945363998413,0.0695139467716217,0.10000045597553253,0.04931602627038956,0.059599727392196655,0.03311146795749664,-0.0014968432951718569,0.05620420724153519,0.05976047366857529
4280,0.3791729807853699,0.17948099970817566,0.06984278559684753,0.1003558337688446,0.04941598325967789,0.059805650264024734,0.03326348215341568,-0.0014910364989191294,0.06007615104317665,0.06266505271196365
4300,0.37977293133735657,0.18004688620567322,0.07015927881002426,0.10070960968732834,0.04953737184405327,0.060058098286390305,0.03345143422484398,-0.0014796927571296692,0.0580376498401165,0.058662571012973785
4320,0.38017022609710693,0.18050485849380493,0.07050187885761261,0.1010919138789177,0.04964291676878929,0.060268111526966095,0.03362976014614105,-0.0014695823192596436,0.05684288963675499,0.06017325818538666
4340,0.380545437335968,0.1810389906167984,0.07084549218416214,0.10139460116624832,0.04975024238228798,0.060504000633955,0.03380708768963814,-0.001463686698116362,0.05868419632315636,0.06171419098973274
4360,0.381108820438385,0.1815301775932312,0.07114579528570175,0.1017242893576622,0.049855466932058334,0.06074746325612068,0.034011442214250565,-0.0014585100580006838,0.05680837109684944,0.058633506298065186
4380,0.3817630708217621,0.18201832473278046,0.07142361253499985,0.10204361379146576,0.049943916499614716,0.06097419187426567,0.034181147813797,-0.0014491801848635077,0.05806317925453186,0.05890479311347008
4400,0.38235583901405334,0.18248316645622253,0.07172972708940506,0.10235899686813354,0.05005291476845741,0.06121358275413513,0.034330256283283234,-0.0014523386489599943,0.055486757308244705,0.06063418462872505
4420,0.38272905349731445,0.18309716880321503,0.07212897390127182,0.10273201763629913,0.0501779280602932,0.06141733005642891,0.03450625389814377,-0.0014515762450173497,0.05735929310321808,0.05943842604756355
4440,0.3832786977291107,0.1835319995880127,0.07238059490919113,0.10300442576408386,0.050285108387470245,0.06169792264699936,0.034684982150793076,-0.0014406651025637984,0.05862216278910637,0.05929788202047348
4460,0.3836546540260315,0.18401996791362762,0.07269281148910522,0.10334006696939468,0.0504048727452755,0.06191684678196907,0.03487534075975418,-0.0014378582127392292,0.05607360228896141,0.05797827988862991
4480,0.38415810465812683,0.18446369469165802,0.0729881078004837,0.10367438942193985,0.050468750298023224,0.06216129660606384,0.03506593778729439,-0.0014379516942426562,0.05560193955898285,0.05776698514819145
4500,0.3846353590488434,0.18487806618213654,0.07325560599565506,0.10399357974529266,0.05057019740343094,0.062386248260736465,0.035264115780591965,-0.0014345188392326236,0.056633658707141876,0.057945020496845245
4520,0.38482946157455444,0.18539781868457794,0.07358235865831375,0.10432982444763184,0.05067610368132591,0.06257042288780212,0.03546329215168953,-0.001433631987310946,0.055924296379089355,0.06145256385207176
4540,0.38551580905914307,0.18585699796676636,0.07388201355934143,0.1046748012304306,0.05078906938433647,0.06281629949808121,0.03560653701424599,-0.0014314790023490787,0.05678756162524223,0.058918703347444534
4560,0.3861127197742462,0.18633167445659637,0.07420165836811066,0.10495391488075256,0.05086253583431244,0.06306685507297516,0.0357978418469429,-0.0014310486149042845,0.05567723512649536,0.06321205943822861
4580,0.38673102855682373,0.18689262866973877,0.07455968111753464,0.1052660122513771,0.05100379139184952,0.06333038955926895,0.035977981984615326,-0.0014231792883947492,0.05700495094060898,0.05842404440045357
4600,0.38694635033607483,0.18738099932670593,0.07491844892501831,0.10566496849060059,0.051117852330207825,0.06353917717933655,0.036203715950250626,-0.001411269884556532,0.054496340453624725,0.06043154373764992
4620,0.3876376152038574,0.18787270784378052,0.07518798857927322,0.10593907535076141,0.05119943618774414,0.06377027183771133,0.036389268934726715,-0.0014072642661631107,0.054246991872787476,0.05873920023441315
4640,0.3879125416278839,0.18839529156684875,0.07554890215396881,0.1062612235546112,0.05128973722457886,0.06401102244853973,0.03651711344718933,-0.0014006985584273934,0.05486035346984863,0.05713116377592087
4660,0.3881901800632477,0.1889052838087082,0.07586219161748886,0.10650036484003067,0.05140841379761696,0.06419004499912262,0.03667474910616875,-0.0013962927041575313,0.05488530173897743,0.057869698852300644
4680,0.38871660828590393,0.18929624557495117,0.07610905170440674,0.10684572905302048,0.05149220675230026,0.0644044429063797,0.036850593984127045,-0.0013921128120273352,0.05611323192715645,0.057597771286964417
4700,0.38909944891929626,0.1898554265499115,0.07647465914487839,0.10717744380235672,0.0516120120882988,0.06461966782808304,0.03701629117131233,-0.001388848409987986,0.05898730829358101,0.05839306116104126
4720,0.3898684084415436,0.190355584025383,0.07678578794002533,0.10742776095867157,0.05170111358165741,0.0648261085152626,0.03716856241226196,-0.0013861350016668439,0.054713841527700424,0.0575992725789547
4740,0.390349805355072,0.1908019334077835,0.07707595080137253,0.10776606947183609,0.05181626230478287,0.06508701294660568,0.03732999041676521,-0.0013778447173535824,0.057040780782699585,0.057348575443029404
4760,0.39069077372550964,0.19128799438476562,0.07741840928792953,0.10803711414337158,0.0518927276134491,0.06530661880970001,0.037516038864851,-0.0013746927725151181,0.0535423643887043,0.05855540931224823
4780,0.3914220631122589,0.19180266559123993,0.07772711664438248,0.10829439759254456,0.05200021713972092,0.06549877673387527,0.037727873772382736,-0.0013662639539688826,0.05728965625166893,0.06111110374331474
4800,0.39178594946861267,0.19229266047477722,0.07803428173065186,0.10856512188911438,0.05209561809897423,0.065724678337574,0.0378820076584816,-0.0013644079444929957,0.05474238470196724,0.059342820197343826
4820,0.3922117352485657,0.19279879331588745,0.0783705785870552,0.10888584703207016,0.05220829322934151,0.06593386828899384,0.03807247802615166,-0.0013645057333633304,0.05342909321188927,0.05970259755849838
4840,0.39262256026268005,0.19325239956378937,0.07869245857000351,0.10918381065130234,0.052309829741716385,0.06614959985017776,0.03824107348918915,-0.001363205723464489,0.05716254562139511,0.059403546154499054
4860,0.3931242525577545,0.19368739426136017,0.07897508144378662,0.10943079739809036,0.05240938439965248,0.0663977786898613,0.038393765687942505,-0.0013606669381260872,0.05337340384721756,0.05798651650547981
4880,0.393691748380661,0.194222554564476,0.07929656654596329,0.10974013805389404,0.05251666530966759,0.06662158668041229,0.03856483846902847,-0.001361872535198927,0.05495237931609154,0.061907295137643814
4900,0.3942747414112091,0.19463086128234863,0.07961148023605347,0.11005112528800964,0.052617788314819336,0.06685370206832886,0.0387551486492157,-0.0013611557660624385,0.05529337748885155,0.05713263899087906
4920,0.39472460746765137,0.19505974650382996,0.07992356270551682,0.11033596843481064,0.05269654840230942,0.06710498780012131,0.03890693560242653,-0.0013572341995313764,0.05374773591756821,0.05888944864273071
4940,0.395011305809021,0.19554340839385986,0.08021814376115799,0.11064152419567108,0.0527917854487896,0.06734225153923035,0.039051905274391174,-0.0013516609324142337,0.05638764426112175,0.05941390246152878
4960,0.39552628993988037,0.19605837762355804,0.08056207001209259,0.11094988882541656,0.05291971191763878,0.06752488762140274,0.03924327343702316,-0.0013456742744892836,0.0561588779091835,0.05741630494594574
4980,0.39608287811279297,0.19646796584129333,0.08080141246318817,0.1112123504281044,0.05302102118730545,0.06776858121156693,0.03940466418862343,-0.001335111795924604,0.05277036502957344,0.05693351849913597
5000,0.39649927616119385,0.19699569046497345,0.08112804591655731,0.11149865388870239,0.05312125012278557,0.06797086447477341,0.039557039737701416,-0.0013274248922243714,0.05487814545631409,0.057510122656822205
5020,0.3966285288333893,0.19745507836341858,0.08145393431186676,0.1117687001824379,0.05320151895284653,0.06817172467708588,0.03974165767431259,-0.0013277508551254869,0.05376240611076355,0.05667434632778168
5040,0.39706942439079285,0.19784696400165558,0.08176098763942719,0.11203546077013016,0.05328495800495148,0.06837435066699982,0.03989614173769951,-0.0013234751531854272,0.055691804736852646,0.056390486657619476
5060,0.3973401188850403,0.1982470005750656,0.08206383883953094,0.11233542859554291,0.053419213742017746,0.06862375885248184,0.04006877541542053,-0.0013199206441640854,0.053793735802173615,0.055972080677747726
5080,0.3977474272251129,0.19866672158241272,0.08231589943170547,0.11262109875679016,0.05349748209118843,0.06880954653024673,0.0402071550488472,-0.0013228650204837322,0.051405757665634155,0.0561399906873703
5100,0.39828670024871826,0.1992165893316269,0.08264820277690887,0.1128842905163765,0.05357678607106209,0.06900022178888321,0.040337856858968735,-0.0013210172764956951,0.055770549923181534,0.05794968083500862
5120,0.3985688090324402,0.19968943297863007,0.08293206989765167,0.11317771673202515,0.05367957055568695,0.06925777345895767,0.04055073857307434,-0.0013091687578707933,0.054575663059949875,0.05665658786892891
5140,0.39898601174354553,0.20005707442760468,0.08322891592979431,0.11348269134759903,0.053801096975803375,0.06946559250354767,0.04071018099784851,-0.0013124615652486682,0.058590203523635864,0.05560080334544182
5160,0.3993989825248718,0.20052224397659302,0.08358821272850037,0.1137416809797287,0.05390837416052818,0.0696716234087944,0.04091455787420273,-0.0013071229914203286,0.05285089835524559,0.05820072442293167
5180,0.39986032247543335,0.2009579986333847,0.08390204608440399,0.11397980898618698,0.05399307608604431,0.06987926363945007,0.04110772907733917,-0.0013074055314064026,0.05392865836620331,0.059206828474998474
5200,0.4001251757144928,0.20145359635353088,0.08422844111919403,0.11428125202655792,0.05411431938409805,0.07008002698421478,0.04123026877641678,-0.0013034616131335497,0.05565204098820686,0.056819718331098557
5220,0.40069878101348877,0.20199771225452423,0.08452887833118439,0.11453704535961151,0.054222021251916885,0.07030536234378815,0.041371773928403854,-0.0012994947610422969,0.05256254971027374,0.059260979294776917
5240,0.40096578001976013,0.2024322748184204,0.08481402695178986,0.1148303970694542,0.054322339594364166,0.07053407281637192,0.04158079996705055,-0.0012961790198460221,0.05296563357114792,0.055472735315561295
5260,0.40121203660964966,0.20282229781150818,0.08510689437389374,0.11511055380105972,0.054392457008361816,0.07075067609548569,0.04174230992794037,-0.001283852499909699,0.049840860068798065,0.05584447830915451
5280,0.4014691412448883,0.20324891805648804,0.08537433296442032,0.11546990275382996,0.05451403930783272,0.0709487795829773,0.04188204184174538,-0.0012835153611376882,0.05271895229816437,0.05646217614412308
5300,0.40189236402511597,0.20365777611732483,0.08566809445619583,0.11570943892002106,0.05458411946892738,0.07114581018686295,0.04203643277287483,-0.0012842454016208649,0.0525033064186573,0.05490691587328911
5320,0.4024907648563385,0.2041144073009491,0.08595064282417297,0.11592376232147217,0.054661739617586136,0.07132837176322937,0.04219228774309158,-0.00128766184207052,0.05335308983922005,0.05559537187218666
5340,0.4026380479335785,0.20452696084976196,0.08623595535755157,0.11622145771980286,0.054743800312280655,0.07153216749429703,0.04234849661588669,-0.0012864768505096436,0.053351759910583496,0.057051558047533035
5360,0.40314313769340515,0.20489844679832458,0.08652722090482712,0.11652427166700363,0.05484478175640106,0.07175496220588684,0.042508844286203384,-0.0012855997774749994,0.05206770449876785,0.05738181620836258
5380,0.40336355566978455,0.2053581327199936,0.08678536862134933,0.11685296148061752,0.05493633821606636,0.07194501906633377,0.04264902323484421,-0.0012822814751416445,0.052411776036024094,0.055811166763305664
5400,0.4038273096084595,0.20580218732357025,0.08709821105003357,0.11711680144071579,0.0550399012863636,0.0721709132194519,0.04276977479457855,-0.0012776530347764492,0.052559494972229004,0.05590388923883438
5420,0.40432339906692505,0.20620673894882202,0.08740752935409546,0.11736233532428741,0.055108606815338135,0.07235433906316757,0.042904555797576904,-0.0012725163251161575,0.05123990774154663,0.05572417750954628
5440,0.40486419200897217,0.20660828053951263,0.08764100819826126,0.11760913580656052,0.05522562563419342,0.07258541136980057,0.04305008798837662,-0.0012715886114165187,0.051029108464717865,0.05768432095646858
5460,0.4051596224308014,0.20712196826934814,0.08799495548009872,0.11792952567338943,0.05532539263367653,0.07279438525438309,0.043231260031461716,-0.001269448664970696,0.0518830344080925,0.05545297637581825
5480,0.40553900599479675,0.20754224061965942,0.08829323202371597,0.11817667633295059,0.055427297949790955,0.07297209650278091,0.043402791023254395,-0.0012647156836465001,0.0530056394636631,0.055147092789411545
5500,0.4057560861110687,0.20800773799419403,0.08856372535228729,0.118405781686306,0.055532313883304596,0.07316944003105164,0.043547842651605606,-0.001261808443814516,0.05236510559916496,0.05556071549654007
5520,0.4062938094139099,0.20845378935337067,0.08882221579551697,0.11863869428634644,0.05561503395438194,0.07332541793584824,0.043723367154598236,-0.001257228897884488,0.052916575223207474,0.05625825747847557
5540,0.40660586953163147,0.2088983803987503,0.08916120231151581,0.11897841840982437,0.05571342259645462,0.0735568106174469,0.04387565329670906,-0.0012493687681853771,0.05262552946805954,0.05597424507141113
5560,0.4070822596549988,0.20939691364765167,0.08948123455047607,0.1192547082901001,0.05583849921822548,0.0737602487206459,0.04402767866849899,-0.0012552781263366342,0.051205746829509735,0.05564366281032562
5580,0.4074280261993408,0.20975367724895477,0.08973905444145203,0.11954008787870407,0.055926837027072906,0.07399794459342957,0.044199422001838684,-0.001249485183507204,0.05296170711517334,0.05541778355836868
5600,0.4077279567718506,0.21024730801582336,0.09003592282533646,0.11976649612188339,0.05603484436869621,0.07421696931123734,0.044346097856760025,-0.0012397808022797108,0.05382847785949707,0.05655698478221893
5620,0.408186137676239,0.21072888374328613,0.09037848562002182,0.11999189853668213,0.05610796809196472,0.0743788331747055,0.04450184851884842,-0.0012361890403553843,0.049732986837625504,0.05478183925151825
5640,0.4083919823169708,0.21120111644268036,0.09066475182771683,0.12029172480106354,0.056226231157779694,0.07463523745536804,0.04468385502696037,-0.0012394462246447802,0.052226725965738297,0.05504133924841881
5660,0.4087711274623871,0.21160581707954407,0.09094074368476868,0.12055841088294983,0.05630897358059883,0.07481510937213898,0.044836048036813736,-0.0012403751024976373,0.049330804497003555,0.05418288707733154
5680,0.40905922651290894,0.2119428664445877,0.091230109333992,0.1208452433347702,0.05638020858168602,0.07502351701259613,0.04498419165611267,-0.0012368413154035807,0.05214601755142212,0.05591045692563057
5700,0.40939652919769287,0.21230827271938324,0.09148316830396652,0.12113302201032639,0.05647355690598488,0.07521900534629822,0.0451345294713974,-0.001233921037055552,0.05176665633916855,0.054421618580818176
5720,0.4096646308898926,0.2127845138311386,0.09178519248962402,0.12132862955331802,0.056550391018390656,0.07541770488023758,0.04527270048856735,-0.0012307357974350452,0.05168154463171959,0.056213974952697754
5740,0.4101155996322632,0.21315473318099976,0.09206341207027435,0.12158619612455368,0.056646957993507385,0.07560795545578003,0.04540080949664116,-0.0012379613472148776,0.052491988986730576,0.054833441972732544
5760,0.4103495180606842,0.2135540246963501,0.09233349561691284,0.12186980247497559,0.05674603208899498,0.07578202337026596,0.04558039829134941,-0.0012340147513896227,0.05151614546775818,0.05388977751135826
5780,0.41072383522987366,0.21396221220493317,0.09258630871772766,0.12209805846214294,0.05684037506580353,0.07598946988582611,0.04571206495165825,-0.0012339025270193815,0.05037561058998108,0.05472408980131149
5800,0.4110003709793091,0.21441379189491272,0.09286634624004364,0.12231289595365524,0.056918032467365265,0.07616036385297775,0.045854926109313965,-0.0012334032217040658,0.05126051604747772,0.05510171502828598
5820,0.4114375710487366,0.21478523313999176,0.09310701489448547,0.12256234139204025,0.05700930207967758,0.07637958228588104,0.04600534588098526,-0.0012299048248678446,0.051794979721307755,0.05559666454792023
5840,0.411702036857605,0.2152041345834732,0.093381367623806,0.12282372266054153,0.05707871541380882,0.07657024264335632,0.04613426700234413,-0.0012299997033551335,0.05042838677763939,0.05688616260886192
5860,0.4121279716491699,0.21566428244113922,0.09371168166399002,0.12308349460363388,0.05719587579369545,0.07675695419311523,0.04627172648906708,-0.0012299251975491643,0.04879770427942276,0.0559225007891655
5880,0.41223838925361633,0.21606339514255524,0.09398992359638214,0.12327222526073456,0.05727965012192726,0.0769643560051918,0.046418219804763794,-0.0012302317190915346,0.05289342626929283,0.05701059848070145
5900,0.4129338562488556,0.21644796431064606,0.09426119923591614,0.12351304292678833,0.05739477276802063,0.0772140622138977,0.046538591384887695,-0.0012193145230412483,0.05025675520300865,0.054822515696287155
5920,0.413216769695282,0.2169145792722702,0.09452773630619049,0.12374234199523926,0.057495445013046265,0.0774364173412323,0.04673013463616371,-0.0012184354709461331,0.049751702696084976,0.05341137573122978
5940,0.4133932590484619,0.21733449399471283,0.09485107660293579,0.12404953688383102,0.057576607912778854,0.07760734111070633,0.04689861834049225,-0.0012178559554740787,0.05210011824965477,0.05371943116188049
5960,0.41368114948272705,0.21770009398460388,0.0951044112443924,0.12434631586074829,0.05766148120164871,0.07782800495624542,0.04708447679877281,-0.0012116703437641263,0.050040628761053085,0.05422894284129143
5980,0.4139377176761627,0.21815505623817444,0.09537924826145172,0.12454767525196075,0.057722195982933044,0.07799812406301498,0.04723890870809555,-0.001213763956911862,0.0500672310590744,0.05388123542070389
6000,0.41435083746910095,0.21851371228694916,0.09564822167158127,0.12483121454715729,0.0578111857175827,0.07817960530519485,0.047374047338962555,-0.001210076967254281,0.049611471593379974,0.055118851363658905
6020,0.41456541419029236,0.2190280556678772,0.09594197571277618,0.12504325807094574,0.05790858343243599,0.07833752781152725,0.04749913886189461,-0.0012097960570827127,0.05230892822146416,0.05291620269417763
6040,0.4148498773574829,0.21940839290618896,0.09625022858381271,0.1253088265657425,0.058009542524814606,0.07854527235031128,0.047663357108831406,-0.0012092326069250703,0.05354178324341774,0.053366076201200485
6060,0.41503816843032837,0.219744011759758,0.09652812778949738,0.12555909156799316,0.05808863788843155,0.07872878015041351,0.04781690239906311,-0.001206682762131095,0.05049454793334007,0.05492723360657692
6080,0.4156176447868347,0.22014133632183075,0.09679265320301056,0.12575232982635498,0.058184683322906494,0.0789315328001976,0.04797500744462013,-0.001203904626891017,0.04887324571609497,0.053764596581459045
6100,0.41593775153160095,0.2205415517091751,0.09706010669469833,0.1259298175573349,0.05828605219721794,0.07912517338991165,0.0480990968644619,-0.0012039263965561986,0.050629764795303345,0.05415957421064377
6120,0.416238933801651,0.22095604240894318,0.09735344350337982,0.12623123824596405,0.05841062590479851,0.07930728048086166,0.0482402965426445,-0.0011995265958830714,0.05098457634449005,0.054947249591350555
6140,0.4167269170284271,0.22150157392024994,0.09770441055297852,0.1264212280511856,0.05849122628569603,0.07949314266443253,0.04837523028254509,-0.0011933729983866215,0.049684297293424606,0.0575481578707695
6160,0.41711440682411194,0.2217845767736435,0.09793224185705185,0.1266595721244812,0.05861193686723709,0.07973679900169373,0.04855608567595482,-0.0011998414993286133,0.05005275830626488,0.05392536148428917
6180,0.41734471917152405,0.2221776247024536,0.09822511672973633,0.12693609297275543,0.05869410187005997,0.07995108515024185,0.04870961233973503,-0.001197481295093894,0.05048777908086777,0.05374551936984062
6200,0.4175267815589905,0.2224877029657364,0.09851493686437607,0.12721197307109833,0.058791182935237885,0.08015170693397522,0.04889162257313728,-0.0011934882495552301,0.04904431849718094,0.053927626460790634
6220,0.4179006516933441,0.22288085520267487,0.09878108650445938,0.12743857502937317,0.05890517309308052,0.08036626875400543,0.04901794344186783,-0.0011905930005013943,0.04886301979422569,0.05324577912688255
6240,0.4181269407272339,0.22326724231243134,0.09908301383256912,0.12767089903354645,0.0589807964861393,0.08055167645215988,0.049184273928403854,-0.0011880865786224604,0.05042161047458649,0.05388558655977249
6260,0.41854217648506165,0.22373352944850922,0.09930442273616791,0.12790530920028687,0.059084031730890274,0.08070582151412964,0.04929443448781967,-0.001183526823297143,0.049667101353406906,0.052452005445957184
6280,0.4188818335533142,0.22406338155269623,0.09956406056880951,0.1282004714012146,0.0591542012989521,0.08090219646692276,0.04946919530630112,-0.0011800341308116913,0.049848247319459915,0.05486209690570831
6300,0.41902387142181396,0.22450338304042816,0.09986679255962372,0.12839466333389282,0.059243060648441315,0.08109302818775177,0.04959132522344589,-0.001176986494101584,0.048663973808288574,0.054204486310482025
6320,0.4193648397922516,0.22493447363376617,0.10016422718763351,0.12863314151763916,0.05933167412877083,0.08126430213451385,0.049740035086870193,-0.0011678258888423443,0.04912227764725685,0.053657613694667816
6340,0.41968241333961487,0.22532282769680023,0.10043749958276749,0.1289353370666504,0.059461865574121475,0.08147614449262619,0.0498407743871212,-0.0011669211089611053,0.04880926012992859,0.053415682166814804
6360,0.41993585228919983,0.22575120627880096,0.10069738328456879,0.12916560471057892,0.05955706536769867,0.08167015016078949,0.05000729113817215,-0.00116541248280555,0.05076287314295769,0.053176648914813995
6380,0.42014506459236145,0.2261180430650711,0.10094301402568817,0.12940700352191925,0.05962337926030159,0.08188731968402863,0.05017554387450218,-0.0011662777978926897,0.05035143345594406,0.05203428119421005
6400,0.42041707038879395,0.22642603516578674,0.10120212286710739,0.12962213158607483,0.05972494184970856,0.08206105977296829,0.050312794744968414,-0.0011641827877610922,0.04923814535140991,0.05262679606676102
6420,0.42080312967300415,0.22677871584892273,0.10147009044885635,0.12988711893558502,0.05980418622493744,0.08225734531879425,0.05040740221738815,-0.0011618636781349778,0.048902980983257294,0.05376395583152771
6440,0.42092910408973694,0.2271847277879715,0.10171142965555191,0.1301761269569397,0.05991019681096077,0.08244597911834717,0.050582949072122574,-0.0011572953080758452,0.046656228601932526,0.05292798578739166
6460,0.4211173951625824,0.22758647799491882,0.1020149514079094,0.13032791018486023,0.059981055557727814,0.08262607455253601,0.05070719122886658,-0.0011591744842007756,0.04849923029541969,0.05241929739713669
6480,0.42155107855796814,0.2279341220855713,0.10225867480039597,0.1305438131093979,0.06005101650953293,0.0827898383140564,0.05086202546954155,-0.0011606153566390276,0.048024579882621765,0.052681248635053635
6500,0.4219209849834442,0.22826847434043884,0.10248830914497375,0.1307569295167923,0.06015219911932945,0.08302329480648041,0.050988491624593735,-0.0011556664248928428,0.053816065192222595,0.05288006737828255
6520,0.42211073637008667,0.22865012288093567,0.10276303440332413,0.13099628686904907,0.06026540324091911,0.08322972804307938,0.05115026980638504,-0.0011608058121055365,0.04927964508533478,0.05331490561366081
6540,0.42244642972946167,0.22902005910873413,0.1030210629105568,0.13125362992286682,0.06037074327468872,0.08341854810714722,0.05126087740063667,-0.0011587162734940648,0.04964828118681908,0.05164036899805069
6560,0.4226243197917938,0.2293962687253952,0.1032816618680954,0.13148492574691772,0.06044534221291542,0.08358467370271683,0.051403988152742386,-0.0011597692500799894,0.04926898330450058,0.05337046459317207
6580,0.42289143800735474,0.22975881397724152,0.10356289148330688,0.1316855251789093,0.060570087283849716,0.08375424891710281,0.051539577543735504,-0.0011590232606977224,0.04778820276260376,0.053431592881679535
6600,0.4232475161552429,0.2301110178232193,0.10384336113929749,0.13195843994617462,0.06065961718559265,0.0839446485042572,0.05169086903333664,-0.0011585499159991741,0.0490344874560833,0.05343035236001015
6620,0.4236379861831665,0.23044806718826294,0.1041017696261406,0.132207453250885,0.06073463708162308,0.08416064083576202,0.05184386298060417,-0.001159323612228036,0.04999200254678726,0.053827062249183655
6640,0.42390087246894836,0.23092521727085114,0.10433407127857208,0.13234619796276093,0.06083663925528526,0.08438152819871902,0.051955875009298325,-0.0011553049553185701,0.05015768110752106,0.05243360251188278
6660,0.4241904616355896,0.23135901987552643,0.10466901957988739,0.13253405690193176,0.06093449145555496,0.08456560224294662,0.0520927831530571,-0.0011571081122383475,0.04815900698304176,0.0525287464261055
6680,0.4243476390838623,0.2316129505634308,0.10491859167814255,0.13282984495162964,0.061042122542858124,0.08478914946317673,0.05225246027112007,-0.0011604225728660822,0.04744752123951912,0.053858958184719086
6700,0.4244166612625122,0.23197293281555176,0.10514006018638611,0.1330207735300064,0.06112485006451607,0.08495430648326874,0.0523662231862545,-0.0011590135982260108,0.047222912311553955,0.05362043157219887
6720,0.4247778058052063,0.23237210512161255,0.1053929552435875,0.13321560621261597,0.061227090656757355,0.08513284474611282,0.052503377199172974,-0.0011604995233938098,0.04778584465384483,0.05440833419561386
6740,0.42510148882865906,0.23270966112613678,0.10569782555103302,0.13347245752811432,0.06131137162446976,0.08532974869012833,0.052623432129621506,-0.001159222680144012,0.047190770506858826,0.05189470574259758
6760,0.4253776967525482,0.23308874666690826,0.1059623584151268,0.1336865872144699,0.06138613820075989,0.08548922836780548,0.0527268722653389,-0.0011568496702238917,0.048393964767456055,0.052207332104444504
6780,0.4255883991718292,0.23343685269355774,0.10626468062400818,0.1338508427143097,0.06144893169403076,0.0856734961271286,0.052854519337415695,-0.0011645553167909384,0.04695116728544235,0.05433948338031769
6800,0.4259136915206909,0.2337578535079956,0.10646600276231766,0.13409091532230377,0.061543840914964676,0.08588317781686783,0.052975669503211975,-0.0011544683948159218,0.04961276054382324,0.05268362909555435
6820,0.42620792984962463,0.23410843312740326,0.10675244778394699,0.1343342661857605,0.0616220086812973,0.08606396615505219,0.05311132222414017,-0.0011554721277207136,0.04710127413272858,0.05401453375816345
6840,0.42642390727996826,0.23459097743034363,0.10704126954078674,0.13455533981323242,0.061717044562101364,0.08625961095094681,0.05325738713145256,-0.0011490659089758992,0.04884869605302811,0.051739808171987534
6860,0.4266732335090637,0.23494777083396912,0.10733651369810104,0.13472598791122437,0.061826251447200775,0.08643912523984909,0.05334945395588875,-0.0011535078519955277,0.04750828072428703,0.05224194377660751
6880,0.42700013518333435,0.23528580367565155,0.10759402066469193,0.13493220508098602,0.06190113350749016,0.0866134911775589,0.053498636931180954,-0.0011489886092022061,0.04837755113840103,0.05199019983410835
6900,0.4271566569805145,0.23567594587802887,0.10787080228328705,0.1351333111524582,0.06197001785039902,0.08680125325918198,0.05365398898720741,-0.001154655939899385,0.04914475604891777,0.05249727517366409
6920,0.42757007479667664,0.23600494861602783,0.10812433063983917,0.13534417748451233,0.062096722424030304,0.08700696378946304,0.05375485494732857,-0.001150527037680149,0.04649975895881653,0.051771651953458786
6940,0.42759671807289124,0.23635901510715485,0.10837247967720032,0.13558240234851837,0.06216686591506004,0.08717147260904312,0.05391751229763031,-0.0011505058500915766,0.0472007617354393,0.05114047974348068
6960,0.42804980278015137,0.23660385608673096,0.10857071727514267,0.13578929007053375,0.062271907925605774,0.08738671243190765,0.05403422191739082,-0.0011451966129243374,0.0476638525724411,0.05243441462516785
6980,0.42831701040267944,0.23697438836097717,0.10883674025535583,0.13596633076667786,0.06236372888088226,0.08756257593631744,0.05416734516620636,-0.0011425081174820662,0.04692019522190094,0.05092426761984825
7000,0.42839208245277405,0.2372940629720688,0.10908389836549759,0.13619816303253174,0.06244350224733353,0.08773849904537201,0.05427377298474312,-0.0011377549963071942,0.04618927091360092,0.0505908727645874
7020,0.4286592900753021,0.23760531842708588,0.1093381717801094,0.13638630509376526,0.06251940876245499,0.08791124075651169,0.05441102385520935,-0.0011405078694224358,0.049666497856378555,0.050863102078437805
7040,0.42880067229270935,0.23793798685073853,0.10955971479415894,0.1366189420223236,0.06262041628360748,0.08810096979141235,0.05455809831619263,-0.0011351583525538445,0.047770969569683075,0.05045292526483536
7060,0.4291078746318817,0.23830059170722961,0.10980669409036636,0.13680478930473328,0.06270097196102142,0.08825725317001343,0.054671283811330795,-0.001134980469942093,0.048841509968042374,0.05079684406518936
7080,0.42943617701530457,0.23862230777740479,0.11002908647060394,0.13702885806560516,0.06279844045639038,0.08844871819019318,0.054777197539806366,-0.0011304309591650963,0.047579921782016754,0.05113924667239189
7100,0.4297526776790619,0.23898357152938843,0.11032070219516754,0.13717058300971985,0.06290049105882645,0.08863571286201477,0.05486345291137695,-0.0011307819513604045,0.05117649957537651,0.054122816771268845
7120,0.4303320348262787,0.23929272592067719,0.11054601520299911,0.13741891086101532,0.06299181282520294,0.08884921669960022,0.055024173110723495,-0.0011293761199340224,0.044527314603328705,0.05281352251768112
7140,0.43061134219169617,0.23974351584911346,0.11086312681436539,0.13760581612586975,0.06308988481760025,0.08904320001602173,0.05511590093374252,-0.0011281981132924557,0.046303246170282364,0.05553147941827774
7160,0.4307502806186676,0.2401817888021469,0.11113885790109634,0.1378246396780014,0.06319202482700348,0.0892077386379242,0.05524803325533867,-0.0011234537232667208,0.0471988245844841,0.05138859897851944
7180,0.43101558089256287,0.24050617218017578,0.1113501787185669,0.13797114789485931,0.06325644254684448,0.08938915282487869,0.05539700388908386,-0.001125379465520382,0.04619017243385315,0.05273374170064926
7200,0.4313730299472809,0.24079260230064392,0.11157981306314468,0.1381630152463913,0.06334879994392395,0.08955759555101395,0.05556409806013107,-0.0011291104601696134,0.04763790965080261,0.05030485987663269
7220,0.4314020276069641,0.24112765491008759,0.11187508702278137,0.13839282095432281,0.06344972550868988,0.08973227441310883,0.05570586025714874,-0.001131705241277814,0.047545451670885086,0.051791463047266006
7240,0.43159201741218567,0.2414654791355133,0.11216103285551071,0.13859163224697113,0.06354444473981857,0.08992642909288406,0.05581624433398247,-0.0011318697361275554,0.04504680633544922,0.050505757331848145
7260,0.43194353580474854,0.24174955487251282,0.11237938702106476,0.13882240653038025,0.06362266093492508,0.09013156592845917,0.055910613387823105,-0.0011315200245007873,0.04665125906467438,0.05270462483167648
7280,0.432285338640213,0.2420840859413147,0.1126425638794899,0.138959601521492,0.06369581073522568,0.09028764069080353,0.05604413151741028,-0.0011316764866933227,0.04802630841732025,0.052727751433849335
7300,0.432563841342926,0.2424744963645935,0.11291024088859558,0.13915911316871643,0.06379371881484985,0.09049533307552338,0.0561617910861969,-0.0011339805787429214,0.048272449523210526,0.05094939097762108
7320,0.4326561391353607,0.24286779761314392,0.11321860551834106,0.1393912136554718,0.0638602077960968,0.09067357331514359,0.05624178424477577,-0.0011330255074426532,0.04632990434765816,0.0501994714140892
7340,0.43292295932769775,0.24318288266658783,0.11342889815568924,0.1395672857761383,0.0639498233795166,0.09085176140069962,0.056368499994277954,-0.0011292843846604228,0.04668232798576355,0.05350787937641144
7360,0.43333399295806885,0.243545264005661,0.11370573192834854,0.139709010720253,0.06407089531421661,0.09104301780462265,0.056496553122997284,-0.0011255335994064808,0.04687255993485451,0.051644813269376755
7380,0.4333598017692566,0.24398310482501984,0.11403053998947144,0.1399739682674408,0.06414307653903961,0.09124716371297836,0.056638602167367935,-0.0011194765102118254,0.04613535851240158,0.05190730094909668
7400,0.4335806369781494,0.2442992776632309,0.11428171396255493,0.1401664912700653,0.06421083211898804,0.09141144901514053,0.05678259953856468,-0.0011115308152511716,0.04692179337143898,0.05063871666789055
7420,0.43375518918037415,0.24458427727222443,0.11454737186431885,0.14036493003368378,0.0642794817686081,0.09155737608671188,0.05691853165626526,-0.001106718904338777,0.046145517379045486,0.05019742250442505
7440,0.43407297134399414,0.24491018056869507,0.11477755755186081,0.1405646800994873,0.0643855407834053,0.09175398200750351,0.05703151971101761,-0.0011103973956778646,0.04623188078403473,0.05138087645173073
7460,0.43415817618370056,0.24520593881607056,0.11497852206230164,0.14078284800052643,0.0644727274775505,0.09190775454044342,0.05713538080453873,-0.0010988832218572497,0.04558977857232094,0.049485865980386734
7480,0.4343702495098114,0.24549879133701324,0.11523932218551636,0.14099860191345215,0.06456433981657028,0.0920361578464508,0.05725793540477753,-0.001098875654861331,0.04704805091023445,0.05003004148602486
7500,0.4346159100532532,0.24588701128959656,0.11553409695625305,0.14116403460502625,0.06465664505958557,0.09221085906028748,0.057335563004016876,-0.0010990786831825972,0.04491473361849785,0.05200434476137161
7520,0.4348103702068329,0.2461261749267578,0.11573625355958939,0.1414029598236084,0.0647367462515831,0.09239982813596725,0.057506974786520004,-0.0011033406481146812,0.04494471848011017,0.050183508545160294
7540,0.43496838212013245,0.24642331898212433,0.11593759059906006,0.14159969985485077,0.06481856852769852,0.09256737679243088,0.05759354680776596,-0.0011047545121982694,0.04448654130101204,0.049889374524354935
7560,0.43515393137931824,0.2467423677444458,0.11618417501449585,0.14181138575077057,0.06489986926317215,0.09271666407585144,0.05772906169295311,-0.0011031001340597868,0.04787098988890648,0.050655871629714966
7580,0.4353644549846649,0.2469964325428009,0.11640685796737671,0.14205260574817657,0.06500308215618134,0.09292551130056381,0.05785919353365898,-0.001097561325877905,0.04747546836733818,0.05008591338992119
7600,0.43565109372138977,0.2473132163286209,0.11665001511573792,0.14220668375492096,0.06507284194231033,0.09308791905641556,0.05793924629688263,-0.001100497436709702,0.045152559876441956,0.04969428852200508
7620,0.43587812781333923,0.24755817651748657,0.11691375821828842,0.1424553543329239,0.06516167521476746,0.09323590993881226,0.05804237723350525,-0.0011023171246051788,0.04595997929573059,0.050421033054590225
7640,0.4359098970890045,0.24785736203193665,0.11715094745159149,0.14264144003391266,0.0652545839548111,0.0934462696313858,0.058160025626420975,-0.001102390349842608,0.0450269877910614,0.04963886737823486
7660,0.4362674057483673,0.24815154075622559,0.11736726760864258,0.14278897643089294,0.06532721221446991,0.09360368549823761,0.058290738612413406,-0.0011038553202524781,0.045003004372119904,0.05068044364452362
7680,0.43645527958869934,0.24841560423374176,0.1176106259226799,0.14302219450473785,0.0654076561331749,0.09377006441354752,0.05839575454592705,-0.0010990123264491558,0.04653070494532585,0.05083709955215454
7700,0.4365241527557373,0.24885797500610352,0.11790486425161362,0.14324960112571716,0.06551238149404526,0.09389904886484146,0.05846497789025307,-0.0010951622389256954,0.04622982442378998,0.05003995820879936
7720,0.4366803467273712,0.24917513132095337,0.11812229454517365,0.14338044822216034,0.06557904928922653,0.09410301595926285,0.058578792959451675,-0.0010981627274304628,0.04493093118071556,0.050808656960725784
7740,0.43706849217414856,0.24943828582763672,0.11835943907499313,0.14354385435581207,0.06569325923919678,0.09424228221178055,0.05870332941412926,-0.0010925802635028958,0.044303957372903824,0.049714311957359314
7760,0.43725258111953735,0.24966846406459808,0.11853865534067154,0.14372208714485168,0.06579043716192245,0.0944041833281517,0.05881819501519203,-0.00108718138653785,0.04634637385606766,0.051036588847637177
7780,0.43735116720199585,0.2499789446592331,0.11882620304822922,0.14397481083869934,0.06585919111967087,0.09455740451812744,0.058924444019794464,-0.0010898059699684381,0.0446675606071949,0.04980410262942314
7800,0.43757981061935425,0.2502298057079315,0.11903306841850281,0.14410316944122314,0.0659409612417221,0.09471669048070908,0.05903911590576172,-0.0010889680124819279,0.044683292508125305,0.04963212460279465
7820,0.4376618564128876,0.2506518065929413,0.11934541165828705,0.14427129924297333,0.0660368874669075,0.09489469975233078,0.05915244668722153,-0.0010918796760961413,0.04591519385576248,0.050485141575336456
7840,0.43814942240715027,0.2509227395057678,0.11951859295368195,0.14443887770175934,0.06611285358667374,0.095038041472435,0.0592651404440403,-0.001088863704353571,0.045757126063108444,0.051255933940410614
7860,0.43814459443092346,0.2512117326259613,0.11974507570266724,0.14466677606105804,0.06617436558008194,0.09523537009954453,0.05938268080353737,-0.0010832456173375249,0.04471703618764877,0.0497777946293354
7880,0.4385185241699219,0.25148460268974304,0.1199442595243454,0.144875168800354,0.06624795496463776,0.09538623690605164,0.059496406465768814,-0.0010856225853785872,0.0447852797806263,0.049986835569143295
7900,0.4386550486087799,0.2518773078918457,0.12024666368961334,0.14508360624313354,0.06634075194597244,0.09553144127130508,0.05959831923246384,-0.0010851385304704309,0.04535966366529465,0.049313388764858246
7920,0.4391399919986725,0.25205251574516296,0.12036599963903427,0.14527595043182373,0.06642728298902512,0.09570837765932083,0.059677060693502426,-0.0010867714881896973,0.045810893177986145,0.05142219364643097
7940,0.4392203092575073,0.2525080144405365,0.12076272815465927,0.14546515047550201,0.06651109457015991,0.09582585096359253,0.059806253761053085,-0.001083469484001398,0.046142932027578354,0.05086468160152435
7960,0.439403772354126,0.25281471014022827,0.12094856798648834,0.14571091532707214,0.06661700457334518,0.09603239595890045,0.05990810692310333,-0.0010805693455040455,0.04635883495211601,0.05162403732538223
7980,0.43966495990753174,0.2530357539653778,0.12123987078666687,0.14594343304634094,0.06670315563678741,0.09622147679328918,0.06003699079155922,-0.001078705070540309,0.04497488588094711,0.05048752948641777
8000,0.43994465470314026,0.2532888948917389,0.12144047021865845,0.1461101472377777,0.06681947410106659,0.09637884795665741,0.06015950068831444,-0.0010702384170144796,0.04398448020219803,0.04907996580004692
8020,0.4400993883609772,0.25356143712997437,0.12165110558271408,0.14629621803760529,0.06688932329416275,0.09653664380311966,0.060264427214860916,-0.001068504061549902,0.043744590133428574,0.05006761848926544
8040,0.44037356972694397,0.2538943886756897,0.12186405062675476,0.1464099884033203,0.06697491556406021,0.09667649120092392,0.060389138758182526,-0.0010694582015275955,0.04396107792854309,0.048982106149196625
8060,0.4404182732105255,0.2542155981063843,0.12210636585950851,0.1466640830039978,0.06707189977169037,0.09686733037233353,0.06050533428788185,-0.0010706947650760412,0.04407525062561035,0.0497746616601944
8080,0.44068968296051025,0.2544850707054138,0.12232691049575806,0.14688009023666382,0.06716016680002213,0.09703870862722397,0.06061437726020813,-0.0010686529567465186,0.041951004415750504,0.04935740679502487
8100,0.4408821165561676,0.2548111081123352,0.12255367636680603,0.14711500704288483,0.06725575774908066,0.09719902276992798,0.0607135072350502,-0.001069611986167729,0.043067604303359985,0.049442898482084274
8120,0.44090765714645386,0.25511041283607483,0.12284102290868759,0.14727866649627686,0.06732480227947235,0.09735307097434998,0.06083902344107628,-0.0010717419208958745,0.04402896389365196,0.049155231565237045
8140,0.441336989402771,0.2553410828113556,0.1230630949139595,0.1474335938692093,0.06739507615566254,0.09747891128063202,0.06092483550310135,-0.0010714542586356401,0.0460747666656971,0.0498976893723011
8160,0.44137313961982727,0.25563061237335205,0.12326758354902267,0.14759622514247894,0.0674608126282692,0.09766651690006256,0.061036497354507446,-0.0010619227541610599,0.04523202031850815,0.052945367991924286
8180,0.4416261315345764,0.256014883518219,0.12356545031070709,0.14780402183532715,0.06754986941814423,0.09782508760690689,0.061133649200201035,-0.0010600821115076542,0.04308994114398956,0.04937543720006943
8200,0.4418094754219055,0.25622648000717163,0.12373703718185425,0.14798828959465027,0.06764048337936401,0.09797950088977814,0.06125526502728462,-0.0010584706906229258,0.044821880757808685,0.048758089542388916
8220,0.44199898838996887,0.2565624713897705,0.12397770583629608,0.1481858640909195,0.06774191558361053,0.09812945127487183,0.06135479733347893,-0.0010596418287605047,0.044111818075180054,0.04856433346867561
8240,0.44212600588798523,0.2567715644836426,0.12420374900102615,0.14837560057640076,0.06781797856092453,0.09830792248249054,0.06144340708851814,-0.0010572542669251561,0.04341980814933777,0.04924876242876053
8260,0.442420095205307,0.25698208808898926,0.1244349479675293,0.1485774666070938,0.06793104112148285,0.09846949577331543,0.061547521501779556,-0.0010511513100937009,0.04418687894940376,0.049036502838134766
8280,0.4424362778663635,0.2573525607585907,0.12471092492341995,0.14874503016471863,0.06800545006990433,0.09859073907136917,0.06164597347378731,-0.0010515706380829215,0.04461311548948288,0.048920322209596634
8300,0.4426739811897278,0.25757625699043274,0.12490340322256088,0.1488969475030899,0.06811223924160004,0.09873197972774506,0.061757925897836685,-0.0010495259193703532,0.04365513101220131,0.04882923886179924
8320,0.44266730546951294,0.2578764855861664,0.125141441822052,0.14910851418972015,0.0682118684053421,0.09886930882930756,0.06188872829079628,-0.0010476751485839486,0.04476422816514969,0.04963964968919754
8340,0.44285696744918823,0.2581350803375244,0.12539871037006378,0.14931365847587585,0.06829609721899033,0.09903162717819214,0.061958927661180496,-0.0010493193985894322,0.04422696307301521,0.0486874021589756
8360,0.44304603338241577,0.25843095779418945,0.12560874223709106,0.14943934977054596,0.06837708503007889,0.09917537868022919,0.06206996738910675,-0.0010482092620804906,0.04437126964330673,0.04978562891483307
8380,0.4436056911945343,0.2586689591407776,0.12577484548091888,0.14961153268814087,0.06847995519638062,0.09933323413133621,0.062169741839170456,-0.0010489962296560407,0.04459844529628754,0.05043933913111687
8400,0.4438258409500122,0.25902044773101807,0.1260319948196411,0.1497490108013153,0.06856409460306168,0.09950113296508789,0.06228239834308624,-0.001044758246280253,0.04292413219809532,0.049009159207344055
8420,0.44389650225639343,0.2592717111110687,0.12631623446941376,0.14991997182369232,0.06862619519233704,0.09967648237943649,0.062391165643930435,-0.0010446060914546251,0.043945129960775375,0.048649102449417114
8440,0.4441084861755371,0.25959211587905884,0.12656044960021973,0.15011273324489594,0.06872948259115219,0.09984248876571655,0.06247097626328468,-0.0010467323008924723,0.044444192200899124,0.04880605265498161
8460,0.44420886039733887,0.2598129212856293,0.12679916620254517,0.15022584795951843,0.06880668550729752,0.09999113529920578,0.0625905841588974,-0.001047629863023758,0.0431378036737442,0.048552609980106354
8480,0.44435685873031616,0.2600501775741577,0.12702849507331848,0.15046334266662598,0.06888800859451294,0.10015938431024551,0.06269178539514542,-0.0010407561203464866,0.044066235423088074,0.04880914464592934
8500,0.4447098970413208,0.2602941691875458,0.12719009816646576,0.15059763193130493,0.06894415616989136,0.10031809657812119,0.06281089782714844,-0.001049373997375369,0.044370703399181366,0.04970201477408409
8520,0.4447000026702881,0.2605590224266052,0.1274474412202835,0.1507667899131775,0.06903468817472458,0.10047931969165802,0.06292630732059479,-0.001051699509844184,0.04232272505760193,0.04889075085520744
8540,0.44479113817214966,0.2607904076576233,0.12762245535850525,0.15102535486221313,0.06909959763288498,0.10065816342830658,0.06302028149366379,-0.0010481873759999871,0.042875874787569046,0.049034878611564636
8560,0.44499844312667847,0.2610892057418823,0.12786705791950226,0.15118993818759918,0.0691826120018959,0.10079707205295563,0.06313586980104446,-0.001046463381499052,0.0434744767844677,0.04938257858157158
8580,0.44519510865211487,0.2614355981349945,0.1281202882528305,0.15133535861968994,0.06929279118776321,0.10091551393270493,0.06322447210550308,-0.001046671997755766,0.04364501312375069,0.049369774758815765
8600,0.44557809829711914,0.26168185472488403,0.12831257283687592,0.15146879851818085,0.06937850266695023,0.10108625143766403,0.06328333914279938,-0.001042032497934997,0.04415957257151604,0.04982159286737442
8620,0.4456041753292084,0.26199784874916077,0.12860694527626038,0.15162435173988342,0.06947177648544312,0.10127758979797363,0.06338875740766525,-0.0010346542112529278,0.04285432770848274,0.04860151186585426
8640,0.44598132371902466,0.2622449994087219,0.1287938803434372,0.15178903937339783,0.06950172036886215,0.10142546892166138,0.06345298886299133,-0.0010273163206875324,0.04477371275424957,0.0517377071082592
8660,0.4460897147655487,0.26256993412971497,0.12908390164375305,0.15194571018218994,0.06958570331335068,0.10158039629459381,0.06355922669172287,-0.001029402599669993,0.04312773048877716,0.05003414303064346
8680,0.4463641345500946,0.26279500126838684,0.12920928001403809,0.15212775766849518,0.06967992335557938,0.10174534469842911,0.06367675215005875,-0.0010259636910632253,0.04422726482152939,0.04820363596081734
8700,0.4465735852718353,0.2629876732826233,0.12943996489048004,0.1523558348417282,0.06977280974388123,0.10190504789352417,0.06377983093261719,-0.0010234230430796742,0.042899902909994125,0.049176476895809174
8720,0.44664180278778076,0.2633274793624878,0.12967437505722046,0.15253937244415283,0.06984703242778778,0.1020587608218193,0.0638912096619606,-0.0010229706531390548,0.04257019981741905,0.047235675156116486
8740,0.44683825969696045,0.26355472207069397,0.1299067586660385,0.1526930183172226,0.06990020722150803,0.10219094902276993,0.0640091747045517,-0.0010189616587013006,0.04220928996801376,0.049795038998126984
8760,0.44681715965270996,0.263750821352005,0.1301146000623703,0.15289676189422607,0.07000116258859634,0.10233544558286667,0.06410238146781921,-0.001015026937238872,0.042454928159713745,0.04780339449644089
8780,0.44691064953804016,0.2640115022659302,0.13033440709114075,0.15307322144508362,0.07005909830331802,0.10246942192316055,0.06422299146652222,-0.001014641486108303,0.04174082353711128,0.048113297671079636
8800,0.4471745491027832,0.2641875445842743,0.13045935332775116,0.15322977304458618,0.07018262147903442,0.10261496156454086,0.06429899483919144,-0.0010157867800444365,0.04481511935591698,0.04837110638618469
8820,0.4473825693130493,0.26450231671333313,0.13074900209903717,0.15335990488529205,0.07028097659349442,0.10275539010763168,0.0643685981631279,-0.0010140782687813044,0.04358864948153496,0.04780993610620499
8840,0.4474715292453766,0.26473766565322876,0.13098859786987305,0.15352030098438263,0.07034993916749954,0.10292922705411911,0.0644373670220375,-0.001015146030113101,0.041419029235839844,0.04980286955833435
8860,0.4476543366909027,0.26499247550964355,0.13121984899044037,0.15369483828544617,0.07045208662748337,0.1030513346195221,0.06456264853477478,-0.0010155197232961655,0.043503519147634506,0.04864852502942085
8880,0.4477977752685547,0.26523640751838684,0.13143938779830933,0.15387274324893951,0.07054856419563293,0.10316244512796402,0.06466546654701233,-0.0010192730696871877,0.04300615191459656,0.0501941479742527
8900,0.4479982554912567,0.2655268907546997,0.1316678673028946,0.15403123199939728,0.07062364369630814,0.10332205146551132,0.06474272906780243,-0.0010176649084314704,0.04400000721216202,0.04846711829304695
8920,0.44849491119384766,0.26574161648750305,0.13182319700717926,0.15417656302452087,0.07070844620466232,0.10348697006702423,0.0648198053240776,-0.0010141347302123904,0.045899245887994766,0.048314206302165985
8940,0.44855690002441406,0.2660054862499237,0.13206253945827484,0.15432177484035492,0.0707695409655571,0.10364940762519836,0.06494595855474472,-0.0010142970131710172,0.04248276725411415,0.04821895807981491
8960,0.4487287998199463,0.2662353813648224,0.1322776824235916,0.1545323133468628,0.07086163014173508,0.10376929491758347,0.06507363170385361,-0.0010102513479068875,0.04312510788440704,0.04867888242006302
8980,0.44877249002456665,0.26645028591156006,0.132441908121109,0.15469186007976532,0.07092001289129257,0.10393326729536057,0.06516101956367493,-0.0010122538078576326,0.043301165103912354,0.04814280569553375
9000,0.44889944791793823,0.2666531801223755,0.13267436623573303,0.15486277639865875,0.07103648781776428,0.10406581312417984,0.06524994969367981,-0.0010083930101245642,0.042539797723293304,0.048116862773895264
9020,0.44927161931991577,0.26689523458480835,0.13287393748760223,0.15499870479106903,0.07111458480358124,0.10420967638492584,0.06534688174724579,-0.001009990694001317,0.042450614273548126,0.04914624243974686
9040,0.4493934214115143,0.2671051323413849,0.13312570750713348,0.15521182119846344,0.07119745761156082,0.10435590893030167,0.06544125825166702,-0.001004020101390779,0.041625749319791794,0.0480165034532547
9060,0.44936874508857727,0.26742345094680786,0.13335825502872467,0.1554146409034729,0.07129880785942078,0.10451126843690872,0.0655311718583107,-0.0010007239179685712,0.042533647269010544,0.04813560098409653
9080,0.4496671259403229,0.2676698565483093,0.13357993960380554,0.15556879341602325,0.07138186693191528,0.10464612394571304,0.06564320623874664,-0.0010034056613221765,0.046524953097105026,0.049439191818237305
9100,0.4500720798969269,0.2678791284561157,0.13375578820705414,0.1556103527545929,0.07145343720912933,0.10480111092329025,0.06574433296918869,-0.0010009908583015203,0.043086983263492584,0.04881049320101738
9120,0.4501636028289795,0.26812538504600525,0.1339920461177826,0.15580792725086212,0.07152094691991806,0.1049569770693779,0.06585143506526947,-0.001004267018288374,0.042961977422237396,0.04844837263226509
9140,0.4504072666168213,0.2684198021888733,0.13423685729503632,0.1559360772371292,0.0716383159160614,0.10509858280420303,0.06592003256082535,-0.001006924663670361,0.040697138756513596,0.04765436425805092
9160,0.45030951499938965,0.26871103048324585,0.13444864749908447,0.1561368852853775,0.07171878218650818,0.10524681210517883,0.06603451818227768,-0.0010033318540081382,0.04289564862847328,0.04746120795607567
9180,0.45062747597694397,0.2689315378665924,0.13463066518306732,0.1562868058681488,0.07181036472320557,0.1053510382771492,0.06613031774759293,-0.001000383635982871,0.04188094660639763,0.04763885959982872
9200,0.4504656493663788,0.2691531777381897,0.1348484605550766,0.15651780366897583,0.07191145420074463,0.10554555058479309,0.06620098650455475,-0.0009984535863623023,0.03995898738503456,0.04670695960521698
9220,0.4506548047065735,0.269443154335022,0.13501393795013428,0.1566469818353653,0.07197792083024979,0.10564033687114716,0.06628213077783585,-0.0009967309888452291,0.042490407824516296,0.04787379875779152
9240,0.45094528794288635,0.26955676078796387,0.1351325809955597,0.15682931244373322,0.0720820352435112,0.10580690205097198,0.0663943961262703,-0.0009943898767232895,0.04214984178543091,0.04913400858640671
9260,0.4512355327606201,0.26986005902290344,0.13536660373210907,0.15697073936462402,0.07214993238449097,0.10594792664051056,0.06650158017873764,-0.0010012004058808088,0.04160348325967789,0.04802677780389786
9280,0.4512562155723572,0.27013373374938965,0.13557349145412445,0.15711626410484314,0.07222969830036163,0.10610943287611008,0.0666094645857811,-0.0009961853502318263,0.0417434498667717,0.047823019325733185
9300,0.4515995383262634,0.27036941051483154,0.1358432024717331,0.15733402967453003,0.07232553511857986,0.10626033693552017,0.06668242067098618,-0.000991898006759584,0.04347974807024002,0.04726134240627289
9320,0.45177745819091797,0.27060315012931824,0.1360032707452774,0.1574617624282837,0.07241062819957733,0.10640513896942139,0.06677793711423874,-0.0009924087207764387,0.04221802577376366,0.04661380499601364
9340,0.4520232379436493,0.27082309126853943,0.13620059192180634,0.15763826668262482,0.07249954342842102,0.10654465854167938,0.06687524169683456,-0.0009914996335282922,0.04177163913846016,0.047774538397789
9360,0.452033132314682,0.27109238505363464,0.13648445904254913,0.157806396484375,0.07258422672748566,0.10666566342115402,0.06695909798145294,-0.0009897281415760517,0.04220787063241005,0.047523535788059235
9380,0.4520733654499054,0.27135908603668213,0.13667333126068115,0.15796363353729248,0.07269591093063354,0.10682608187198639,0.06704910099506378,-0.0009911685483530164,0.041093677282333374,0.04763288050889969
9400,0.45222073793411255,0.27166157960891724,0.13688431680202484,0.1581270694732666,0.0727614238858223,0.1069750040769577,0.06711887568235397,-0.000986919621936977,0.0415588840842247,0.0468907430768013
9420,0.4524118900299072,0.2718770205974579,0.1370655596256256,0.15827274322509766,0.07286578416824341,0.10708095133304596,0.06719773262739182,-0.0009789305040612817,0.04177524521946907,0.0487397238612175
9440,0.4526310861110687,0.2720778286457062,0.13721153140068054,0.15840527415275574,0.07294625788927078,0.10722701251506805,0.06727850437164307,-0.0009823384461924434,0.04076707735657692,0.0484556220471859
9460,0.45289313793182373,0.27228671312332153,0.13743175566196442,0.15857209265232086,0.07302170991897583,0.10733354091644287,0.06738433986902237,-0.0009894450195133686,0.04181436449289322,0.047238532453775406
9480,0.4529780447483063,0.2725687623023987,0.1376880556344986,0.1587323099374771,0.07310783863067627,0.10745970904827118,0.06748323142528534,-0.0009888189379125834,0.043488748371601105,0.04859399423003197
9500,0.45323604345321655,0.272732675075531,0.1378433257341385,0.15887504816055298,0.07319246232509613,0.10765080153942108,0.06755249202251434,-0.0009828960755839944,0.041031740605831146,0.0476810522377491
9520,0.4532727599143982,0.27295559644699097,0.1381077766418457,0.15895310044288635,0.07326491922140121,0.10776031762361526,0.06765900552272797,-0.0009868271881714463,0.04054443538188934,0.04782729223370552
9540,0.45339393615722656,0.2731497883796692,0.13829918205738068,0.15914200246334076,0.07335630059242249,0.10785580426454544,0.06772545725107193,-0.0009767449228093028,0.0404360294342041,0.047416362911462784
9560,0.453422874212265,0.2732953131198883,0.13847190141677856,0.15931089222431183,0.0734279602766037,0.1080181822180748,0.06781411916017532,-0.0009704434196464717,0.042802516371011734,0.04834930598735809
9580,0.4534826874732971,0.27362504601478577,0.13876041769981384,0.15945252776145935,0.07352826744318008,0.10812951624393463,0.0678834617137909,-0.0009686796693131328,0.04126007854938507,0.04655062407255173
9600,0.4536907970905304,0.2737923860549927,0.13887599110603333,0.15961287915706635,0.07361111789941788,0.108282670378685,0.0679745078086853,-0.0009679769282229245,0.042332060635089874,0.049171749502420425
9620,0.45406264066696167,0.27403491735458374,0.13909699022769928,0.15970414876937866,0.07369672507047653,0.10843369364738464,0.06809130311012268,-0.0009685594704933465,0.039738234132528305,0.0474681593477726
9640,0.45412400364875793,0.27423447370529175,0.13931168615818024,0.15988241136074066,0.07376624643802643,0.10857521742582321,0.06819785386323929,-0.000969011103734374,0.04202055186033249,0.0516541488468647
9660,0.4544468820095062,0.27450037002563477,0.1395021677017212,0.16003939509391785,0.07385466992855072,0.10872867703437805,0.06826138496398926,-0.0009725491399876773,0.042813509702682495,0.04822791740298271
9680,0.4544554352760315,0.2747756838798523,0.13973531126976013,0.16025565564632416,0.07396233826875687,0.10887081921100616,0.06835972517728806,-0.0009708974394015968,0.0430416502058506,0.04783259704709053
9700,0.4545755386352539,0.27497225999832153,0.1398736536502838,0.16034600138664246,0.07402197271585464,0.10904373973608017,0.06842648983001709,-0.000966538384091109,0.04226136952638626,0.04780720919370651
9720,0.45481768250465393,0.2752482295036316,0.1401141732931137,0.16052107512950897,0.07410769909620285,0.10914621502161026,0.06848464906215668,-0.00096424127696082,0.04064467176795006,0.04782843962311745
9740,0.4550336003303528,0.27545714378356934,0.14030681550502777,0.16065292060375214,0.07420078665018082,0.1092720627784729,0.0685410425066948,-0.0009685243130661547,0.04452832415699959,0.0474129393696785
9760,0.4552377164363861,0.27573689818382263,0.14057886600494385,0.16079358756542206,0.07429896295070648,0.10942615568637848,0.06863933056592941,-0.0009607396204955876,0.040310073643922806,0.0473531112074852
9780,0.45540595054626465,0.27586737275123596,0.1407473385334015,0.160930335521698,0.07439734041690826,0.10960975289344788,0.06874566525220871,-0.0009605333325453103,0.04101664945483208,0.04588616266846657
9800,0.45546212792396545,0.2761113941669464,0.14097760617733002,0.16112396121025085,0.0744960755109787,0.10973665863275528,0.06888686120510101,-0.0009523450862616301,0.0423160195350647,0.04699240252375603
9820,0.4555460810661316,0.2763667702674866,0.14116884768009186,0.16122174263000488,0.07456997036933899,0.10984679311513901,0.06896814703941345,-0.0009533521952107549,0.043736718595027924,0.04764832556247711
9840,0.45587873458862305,0.27659839391708374,0.14135676622390747,0.1614074558019638,0.07465815544128418,0.10993222147226334,0.06905487179756165,-0.0009511878015473485,0.04029688239097595,0.04709793999791145
9860,0.4560917615890503,0.27682963013648987,0.14154203236103058,0.16155262291431427,0.07474014908075333,0.11008341610431671,0.0690745934844017,-0.0009484458132646978,0.03994088992476463,0.04810822382569313
9880,0.4561806619167328,0.2770295739173889,0.1417398750782013,0.16172274947166443,0.07482247054576874,0.11020305752754211,0.06918668001890182,-0.0009504102636128664,0.039941925555467606,0.046544358134269714
9900,0.45627543330192566,0.27726098895072937,0.1419152170419693,0.16187503933906555,0.07488460093736649,0.11035256832838058,0.06925630569458008,-0.0009455140680074692,0.0410478301346302,0.046235278248786926
9920,0.4563789665699005,0.2774563133716583,0.14208421111106873,0.16203342378139496,0.07497446984052658,0.11048268526792526,0.06933747231960297,-0.0009454404935240746,0.04066211357712746,0.047049254179000854
9940,0.4565073847770691,0.27769094705581665,0.14227089285850525,0.1621895581483841,0.07503654062747955,0.11064263433218002,0.06942301243543625,-0.0009471751400269568,0.04055783897638321,0.04844699800014496
9960,0.4566241204738617,0.2778591513633728,0.14247748255729675,0.16233469545841217,0.07509465515613556,0.11079094558954239,0.06951048970222473,-0.0009429781930521131,0.04084518551826477,0.04653579369187355
9980,0.45668327808380127,0.2781223952770233,0.1427016407251358,0.1624532788991928,0.0751899927854538,0.11089720577001572,0.06961824744939804,-0.0009366890299133956,0.04360412806272507,0.04803360626101494
10000,0.45702749490737915,0.27825891971588135,0.14288796484470367,0.16255053877830505,0.07525420933961868,0.11104457080364227,0.0696999579668045,-0.0009398735128343105,0.04201057553291321,0.04743596538901329
10020,0.45699575543403625,0.27849942445755005,0.1431599259376526,0.16278484463691711,0.07535775005817413,0.1111808493733406,0.0697949081659317,-0.0009395829401910305,0.0392303392291069,0.04884348809719086
10040,0.45724716782569885,0.2786548137664795,0.14331954717636108,0.16286154091358185,0.07541792839765549,0.11130151152610779,0.06986262649297714,-0.0009366900776512921,0.039091240614652634,0.047509968280792236
10060,0.45736658573150635,0.2787928283214569,0.14349015057086945,0.16299624741077423,0.0755159854888916,0.11143805086612701,0.0699617937207222,-0.0009285011910833418,0.04019445180892944,0.047608304768800735
10080,0.45768967270851135,0.2790370583534241,0.1436195820569992,0.16314584016799927,0.07558504492044449,0.11155539005994797,0.07002899795770645,-0.0009253950556740165,0.04214346408843994,0.047369807958602905
10100,0.4577995538711548,0.2793179750442505,0.14387625455856323,0.1632804572582245,0.07568839937448502,0.11169137060642242,0.07008767127990723,-0.0009190469281747937,0.04058048501610756,0.04803154245018959
10120,0.457923948764801,0.279531329870224,0.14406098425388336,0.16346721351146698,0.07577873021364212,0.11183054000139236,0.07016298919916153,-0.0009204252273775637,0.03956662863492966,0.049314163625240326
10140,0.4581283628940582,0.2798105776309967,0.14421513676643372,0.16353273391723633,0.07586177438497543,0.11197084933519363,0.07024938613176346,-0.000916963501367718,0.040910523384809494,0.04709352180361748
10160,0.4583267867565155,0.2800171971321106,0.14443981647491455,0.16371116042137146,0.07594720274209976,0.11205665022134781,0.07031338661909103,-0.0009162501082755625,0.039500899612903595,0.04631071910262108
10180,0.45829421281814575,0.2803099751472473,0.14464855194091797,0.16393525898456573,0.07602016627788544,0.11220619827508926,0.07041208446025848,-0.0009109941893257201,0.04128843545913696,0.04715755581855774
10200,0.4586053788661957,0.28042712807655334,0.1447591334581375,0.1641051322221756,0.0761057510972023,0.11231664568185806,0.0705108717083931,-0.0009090521489270031,0.040070541203022,0.04629895091056824
10220,0.4587700366973877,0.280651330947876,0.1450367420911789,0.16421672701835632,0.07619404792785645,0.11242259293794632,0.07059302181005478,-0.0009105324861593544,0.03981826826930046,0.04736154153943062
10240,0.4589345157146454,0.28080275654792786,0.14524522423744202,0.16436989605426788,0.07626523822546005,0.11256024986505508,0.0706624835729599,-0.0009052024688571692,0.040033794939517975,0.04648924618959427
10260,0.4591097831726074,0.28105297684669495,0.14541307091712952,0.16446635127067566,0.0763508528470993,0.11267594248056412,0.07070513814687729,-0.0009053656831383705,0.03968961536884308,0.04615623503923416
10280,0.45918920636177063,0.28131064772605896,0.14565180242061615,0.16457907855510712,0.07644180953502655,0.11280980706214905,0.0708046406507492,-0.0009038472780957818,0.04016309604048729,0.04701942205429077
10300,0.45930349826812744,0.28146061301231384,0.1458449512720108,0.164761021733284,0.07650760561227798,0.11293401569128036,0.07086589187383652,-0.0009079729206860065,0.040892068296670914,0.046593077480793
10320,0.4595150947570801,0.2817310392856598,0.14600467681884766,0.16493934392929077,0.07658874988555908,0.1130431741476059,0.07092535495758057,-0.0009027801570482552,0.04146547615528107,0.04878043383359909
10340,0.45963388681411743,0.2818910777568817,0.14620782434940338,0.16507479548454285,0.07669547200202942,0.11321292072534561,0.07100536674261093,-0.000894418393727392,0.03861002251505852,0.04912034422159195
10360,0.4598507881164551,0.28206583857536316,0.14633555710315704,0.16513600945472717,0.07679559290409088,0.11333414912223816,0.07111229002475739,-0.0008908011368475854,0.0407869927585125,0.046537112444639206
10380,0.4600059688091278,0.2822454273700714,0.14652203023433685,0.16531088948249817,0.076881043612957,0.11348047852516174,0.07117503881454468,-0.0008862246759235859,0.03989497572183609,0.04695134237408638
10400,0.4600459933280945,0.2825101912021637,0.14669309556484222,0.16545633971691132,0.07696470618247986,0.11362594366073608,0.07124138623476028,-0.0008861740934662521,0.03984105959534645,0.04715897887945175
10420,0.4601830244064331,0.28265559673309326,0.14687684178352356,0.1656007468700409,0.07703360170125961,0.11377745121717453,0.07130434364080429,-0.0008773013832978904,0.04079136997461319,0.0459817498922348
10440,0.46033576130867004,0.282900333404541,0.14710021018981934,0.16572919487953186,0.07712312042713165,0.11388086527585983,0.07139778882265091,-0.0008812362793833017,0.038230378180742264,0.046645935624837875
10460,0.4605712294578552,0.2829933762550354,0.1472398340702057,0.16590288281440735,0.077205590903759,0.11401504278182983,0.07145177572965622,-0.0008812103769741952,0.040917087346315384,0.04624786227941513
10480,0.46051615476608276,0.2832532525062561,0.14745722711086273,0.16604624688625336,0.07727513462305069,0.11412271857261658,0.07154691219329834,-0.0008785955724306405,0.04048851877450943,0.046089235693216324
10500,0.460642546415329,0.2834876775741577,0.1476256251335144,0.16615982353687286,0.07734579592943192,0.1142416000366211,0.07159044593572617,-0.0008727777167223394,0.03910532593727112,0.04633047431707382
10520,0.46079689264297485,0.28362029790878296,0.1477619707584381,0.16627876460552216,0.07741708308458328,0.11439371854066849,0.07168179750442505,-0.0008727946551516652,0.03973571956157684,0.0459713488817215
10540,0.46078169345855713,0.28383868932724,0.1479344218969345,0.16642484068870544,0.07748284190893173,0.11451219022274017,0.0717507004737854,-0.0008685569046065211,0.03928443789482117,0.0458231046795845
10560,0.46100732684135437,0.2840610146522522,0.1481258124113083,0.16656827926635742,0.07757743448019028,0.11461380124092102,0.07181715220212936,-0.000870094052515924,0.03852400183677673,0.04855887219309807
10580,0.4611899256706238,0.2842111885547638,0.1482878029346466,0.1666758954524994,0.07764533907175064,0.11473555862903595,0.07187312096357346,-0.0008645898196846247,0.038408733904361725,0.04797452688217163
10600,0.46117669343948364,0.28446364402770996,0.14851084351539612,0.16683097183704376,0.07773169130086899,0.11484862864017487,0.0719539076089859,-0.0008628748473711312,0.039521727710962296,0.04578038305044174
10620,0.46138593554496765,0.2845938503742218,0.14865410327911377,0.1669205129146576,0.07781776040792465,0.11495596915483475,0.07203240692615509,-0.000863804598338902,0.04123663529753685,0.04628954455256462
10640,0.4614645838737488,0.28486883640289307,0.14889459311962128,0.16703324019908905,0.07790663093328476,0.11509227007627487,0.07207544147968292,-0.0008592052618041635,0.03953161835670471,0.04685184359550476
10660,0.4614868760108948,0.2850594222545624,0.14908957481384277,0.16720901429653168,0.07799331843852997,0.115248903632164,0.07216964662075043,-0.000856814906001091,0.03914039209485054,0.04675083979964256
10680,0.4616653323173523,0.28524860739707947,0.1492796242237091,0.16724766790866852,0.07806429266929626,0.11538064479827881,0.07221387326717377,-0.000857400824315846,0.04068569466471672,0.04836389794945717
10700,0.46187806129455566,0.2854175269603729,0.14950717985630035,0.16739369928836823,0.07813427597284317,0.11549826711416245,0.07227788120508194,-0.0008537864196114242,0.04160457104444504,0.046209100633859634
10720,0.4620097577571869,0.28571635484695435,0.1496739685535431,0.16748005151748657,0.0782129168510437,0.11566881090402603,0.07236122339963913,-0.0008527137106284499,0.04044099152088165,0.046146102249622345
10740,0.4621852934360504,0.2857993543148041,0.14982247352600098,0.16762897372245789,0.07828347384929657,0.11579760909080505,0.072440505027771,-0.0008405497646890581,0.037552155554294586,0.04651255905628204
10760,0.4622572660446167,0.2860519587993622,0.1499732881784439,0.16778093576431274,0.07837416976690292,0.11592137068510056,0.07253194600343704,-0.0008390272269025445,0.038991473615169525,0.046454064548015594
10780,0.4625023305416107,0.2862231731414795,0.15017057955265045,0.16790823638439178,0.07842860370874405,0.11604133248329163,0.07258489727973938,-0.0008374027092941105,0.04000740125775337,0.04609443247318268
10800,0.46281471848487854,0.2864122688770294,0.15031369030475616,0.1680333912372589,0.0785120278596878,0.11617308109998703,0.07266572117805481,-0.0008324045338667929,0.03938005119562149,0.047672271728515625
10820,0.46298646926879883,0.2866092622280121,0.15053075551986694,0.16812561452388763,0.07855851948261261,0.1162511557340622,0.07272913306951523,-0.0008256810833700001,0.041119981557130814,0.045710865408182144
10840,0.462851345539093,0.2867991328239441,0.15070675313472748,0.16828975081443787,0.07868244498968124,0.1163727417588234,0.07282432913780212,-0.0008277654997073114,0.037946317344903946,0.045727260410785675
10860,0.4630110263824463,0.28693729639053345,0.15087677538394928,0.1684066653251648,0.07878322899341583,0.11649700999259949,0.07287747412919998,-0.0008258559973910451,0.03964756801724434,0.045473504811525345
10880,0.46311649680137634,0.2871396839618683,0.15102022886276245,0.16855117678642273,0.07886719703674316,0.11660950630903244,0.07295004278421402,-0.0008273185812868178,0.03981975466012955,0.04529483988881111
10900,0.4631914496421814,0.2873803377151489,0.1512293517589569,0.16864287853240967,0.07897952944040298,0.11673148721456528,0.07303421199321747,-0.0008267201483249664,0.039077140390872955,0.04594068229198456
10920,0.46346423029899597,0.2875932455062866,0.1514158844947815,0.16873764991760254,0.07904492318630219,0.11683148890733719,0.07308298349380493,-0.0008214461267925799,0.04025765135884285,0.04533044993877411
10940,0.4635545313358307,0.2877139449119568,0.1515059471130371,0.16887594759464264,0.0791248306632042,0.11695519089698792,0.07316350191831589,-0.0008179633878171444,0.03969886898994446,0.04526285454630852
10960,0.46369192004203796,0.2879258990287781,0.151665598154068,0.16897019743919373,0.07922752946615219,0.11705943942070007,0.07324311137199402,-0.0008089683833532035,0.04006272181868553,0.04744519293308258
10980,0.46389320492744446,0.2880367338657379,0.1518002599477768,0.1691572517156601,0.079317606985569,0.117217518389225,0.07333292812108994,-0.0008061708067543805,0.04019514471292496,0.04630564898252487
11000,0.46399399638175964,0.288258820772171,0.15198339521884918,0.1693066656589508,0.07938700169324875,0.11733365058898926,0.0733829066157341,-0.0008076602243818343,0.039309266954660416,0.045199185609817505
11020,0.46397650241851807,0.2884891629219055,0.15217986702919006,0.16946348547935486,0.07947981357574463,0.11744194477796555,0.07346538454294205,-0.0008002524846233428,0.0387737900018692,0.04704606533050537
11040,0.46410202980041504,0.28862085938453674,0.15235690772533417,0.16960835456848145,0.07956984639167786,0.11756084114313126,0.07352729886770248,-0.0007942968513816595,0.039162423461675644,0.04543241858482361
11060,0.4642321765422821,0.2888518273830414,0.15248727798461914,0.16968141496181488,0.07965431362390518,0.11767522990703583,0.07360248267650604,-0.0007964047836139798,0.04097255319356918,0.045676089823246
11080,0.46441537141799927,0.28904780745506287,0.15265965461730957,0.1697450429201126,0.07974996417760849,0.1177852526307106,0.07365827262401581,-0.0007913933950476348,0.04063005372881889,0.04611588269472122
11100,0.46464502811431885,0.2892666161060333,0.15289069712162018,0.16994957625865936,0.07980404049158096,0.11788550019264221,0.07371584326028824,-0.0007836695294827223,0.04236385598778725,0.04540064185857773
11120,0.4647231698036194,0.28943657875061035,0.15307819843292236,0.17006400227546692,0.07990960031747818,0.11802098155021667,0.07379884272813797,-0.0007819280144758523,0.03960264101624489,0.045747943222522736
11140,0.46491318941116333,0.2895435392856598,0.15318462252616882,0.1702336072921753,0.07997085899114609,0.11813197284936905,0.07387829571962357,-0.0007759881555102766,0.03786396607756615,0.045487336814403534
11160,0.4648955464363098,0.2897152304649353,0.15336354076862335,0.1703587770462036,0.08006779849529266,0.11823975294828415,0.07396462559700012,-0.0007774601690471172,0.03799322992563248,0.0457226037979126
11180,0.4650152921676636,0.28989118337631226,0.15352213382720947,0.17049634456634521,0.08015285432338715,0.11836419254541397,0.07402557879686356,-0.0007812962867319584,0.03835305944085121,0.04652514308691025
11200,0.4651571810245514,0.2900979220867157,0.15371637046337128,0.1705351173877716,0.08018996566534042,0.118444062769413,0.07407520711421967,-0.0007770477095618844,0.03884353116154671,0.04658448323607445
11220,0.4653938114643097,0.29034531116485596,0.1538446992635727,0.17071694135665894,0.08027847856283188,0.1185905933380127,0.07414165884256363,-0.0007722789305262268,0.03860824182629585,0.04627858102321625
11240,0.46535980701446533,0.2904737889766693,0.15400956571102142,0.1708252876996994,0.0803665816783905,0.1187334731221199,0.07421831786632538,-0.0007705504540354013,0.03970051184296608,0.046145763248205185
11260,0.4656437337398529,0.29067927598953247,0.15417110919952393,0.17093758285045624,0.08044678717851639,0.11883924901485443,0.07427356392145157,-0.0007628481835126877,0.04015730321407318,0.04598001763224602
11280,0.4657460153102875,0.2908829152584076,0.1543571949005127,0.17104877531528473,0.08053313940763474,0.1189492791891098,0.07435569912195206,-0.0007610397879034281,0.03851102292537689,0.04631020128726959
11300,0.46588581800460815,0.2910674810409546,0.15458455681800842,0.17119866609573364,0.08063498139381409,0.11907598376274109,0.07441718876361847,-0.0007604436832480133,0.04005734622478485,0.04651757329702377
11320,0.46623069047927856,0.29125651717185974,0.15474699437618256,0.17132875323295593,0.08070921152830124,0.11914761364459991,0.07448530942201614,-0.0007574860937893391,0.038885876536369324,0.047148190438747406
11340,0.46635040640830994,0.2914436459541321,0.15494289994239807,0.1714804619550705,0.08080213516950607,0.11931314319372177,0.07453130930662155,-0.0007569388835690916,0.03979802131652832,0.04567292332649231
11360,0.4662872850894928,0.2916300594806671,0.1551409810781479,0.17161013185977936,0.08088406175374985,0.11944340169429779,0.07462811470031738,-0.0007557480712421238,0.03808481618762016,0.045108143240213394
11380,0.46644946932792664,0.29175782203674316,0.15535295009613037,0.17170517146587372,0.0809755027294159,0.11953429877758026,0.07471875846385956,-0.000755096145439893,0.03893701359629631,0.04508129134774208
11400,0.46649500727653503,0.29186469316482544,0.1554860919713974,0.17179860174655914,0.08104059845209122,0.1196414977312088,0.07479158043861389,-0.0007549349684268236,0.039402324706315994,0.044942453503608704
11420,0.46659794449806213,0.29205405712127686,0.1556338220834732,0.17195060849189758,0.08108749985694885,0.11975768953561783,0.07483018189668655,-0.0007507028058171272,0.038752954453229904,0.045018527656793594
11440,0.46667537093162537,0.29223963618278503,0.15582264959812164,0.17208638787269592,0.08119027316570282,0.11981528997421265,0.07488729804754257,-0.0007481301436200738,0.03945297747850418,0.04597499966621399
11460,0.46690547466278076,0.2923497259616852,0.15594035387039185,0.17221036553382874,0.08128989487886429,0.1199275329709053,0.07496439665555954,-0.0007410323014482856,0.037788961082696915,0.04537864029407501
11480,0.4670415222644806,0.29254940152168274,0.1561082899570465,0.17230787873268127,0.08135666698217392,0.12005624920129776,0.07499677687883377,-0.0007396633736789227,0.04033895209431648,0.044987089931964874
11500,0.4670603573322296,0.2927585244178772,0.1562969982624054,0.17243126034736633,0.08140318840742111,0.12014163285493851,0.07507514208555222,-0.0007376947905868292,0.03818152844905853,0.04509173333644867
11520,0.46712926030158997,0.29294365644454956,0.1564732939004898,0.172507181763649,0.08148399740457535,0.12024351209402084,0.07515642791986465,-0.0007285901810973883,0.03796415776014328,0.0457824282348156
11540,0.46727868914604187,0.29313305020332336,0.15663442015647888,0.1726786345243454,0.08161048591136932,0.12034367769956589,0.07519110292196274,-0.0007266659522429109,0.040075648576021194,0.04630085453391075
11560,0.4675072133541107,0.29326143860816956,0.1567981243133545,0.17278355360031128,0.08165746927261353,0.12046065181493759,0.07528957724571228,-0.000726359139662236,0.03859809786081314,0.04556925222277641
11580,0.46761634945869446,0.29338014125823975,0.15689291059970856,0.17293313145637512,0.08176388591527939,0.12059314548969269,0.07536587864160538,-0.0007191616459749639,0.038542747497558594,0.04633801430463791
11600,0.46765443682670593,0.293613076210022,0.15709200501441956,0.17309395968914032,0.08183688670396805,0.12072733044624329,0.07544774562120438,-0.0007119793444871902,0.03747279942035675,0.04506703466176987
11620,0.46785956621170044,0.2937498092651367,0.15723666548728943,0.17318962514400482,0.08192011713981628,0.12079315632581711,0.07549937069416046,-0.000710172695107758,0.037303123623132706,0.045065902173519135
11640,0.4679679572582245,0.2939072251319885,0.15738627314567566,0.17331339418888092,0.08197083324193954,0.12089629471302032,0.0755983367562294,-0.0007155330386012793,0.0372190959751606,0.04479408264160156
11660,0.46793147921562195,0.29415634274482727,0.1575547605752945,0.17344005405902863,0.0820649191737175,0.12098070979118347,0.07564018666744232,-0.0007105229306034744,0.04063675180077553,0.044731255620718
11680,0.4681098461151123,0.29424628615379333,0.1577494740486145,0.17353324592113495,0.08214717358350754,0.12108873575925827,0.07571278512477875,-0.0007072535809129477,0.03862737864255905,0.046675488352775574
11700,0.46823006868362427,0.294523686170578,0.1579214334487915,0.1736007034778595,0.08221983164548874,0.12119009345769882,0.07577327638864517,-0.000695780327077955,0.03739943727850914,0.044467948377132416
11720,0.46819138526916504,0.29464995861053467,0.15811270475387573,0.17376239597797394,0.08229468762874603,0.12133128941059113,0.07583961635828018,-0.0006944056949578226,0.03876308724284172,0.044758159667253494
11740,0.46833041310310364,0.2948280870914459,0.15829531848430634,0.1739153265953064,0.08237095177173615,0.12144136428833008,0.07592645287513733,-0.0006908179493620992,0.03815590217709541,0.04629391431808472
11760,0.4685398042201996,0.2949446737766266,0.15843471884727478,0.1739879697561264,0.08245333284139633,0.12154802680015564,0.07597221434116364,-0.000688624510075897,0.03835355117917061,0.04604817181825638
11780,0.4687618017196655,0.29516249895095825,0.15862271189689636,0.174092635512352,0.08251509815454483,0.12163882702589035,0.0760500431060791,-0.0006882338202558458,0.037940386682748795,0.046150922775268555
11800,0.46877387166023254,0.29537415504455566,0.15885545313358307,0.1741742193698883,0.082598976790905,0.1217508539557457,0.0760803297162056,-0.0006822937866672873,0.03824701905250549,0.0464276522397995
11820,0.4688829481601715,0.29560038447380066,0.15898901224136353,0.17432570457458496,0.08267838507890701,0.1218806803226471,0.07612521201372147,-0.0006813274812884629,0.038844186812639236,0.04516942799091339
11840,0.46907880902290344,0.29574576020240784,0.15912339091300964,0.17446744441986084,0.08274252712726593,0.12200051546096802,0.07619111984968185,-0.0006703980616293848,0.0377078615128994,0.045309968292713165
11860,0.4693455696105957,0.29596537351608276,0.15932482481002808,0.1745816171169281,0.08281493186950684,0.12210731953382492,0.07627061009407043,-0.0006661097286269069,0.040553778409957886,0.045988187193870544
11880,0.4695360064506531,0.29603421688079834,0.15945078432559967,0.17472779750823975,0.08287900686264038,0.1222449392080307,0.07634672522544861,-0.0006619095802307129,0.040587183088064194,0.045502811670303345
11900,0.46952661871910095,0.296273410320282,0.15967023372650146,0.17479752004146576,0.08295252174139023,0.1223672479391098,0.07639869302511215,-0.0006587068783119321,0.03839116916060448,0.04564698040485382
11920,0.4696434736251831,0.29640132188796997,0.15988843142986298,0.17494797706604004,0.08302085101604462,0.12248744070529938,0.07648936659097672,-0.0006544729112647474,0.03625911846756935,0.04485798627138138
11940,0.4697646200656891,0.29651492834091187,0.16001436114311218,0.17508216202259064,0.08308523893356323,0.12262575328350067,0.07654028385877609,-0.0006538458983413875,0.04006209969520569,0.04595227167010307
11960,0.46983447670936584,0.29675620794296265,0.16018396615982056,0.17518453299999237,0.08317926526069641,0.12270120531320572,0.0765800029039383,-0.0006461979355663061,0.03911932185292244,0.04553992301225662
11980,0.47009599208831787,0.29692772030830383,0.16037088632583618,0.17524220049381256,0.08326097577810287,0.12282941490411758,0.07664045691490173,-0.0006455905386246741,0.03791720047593117,0.0450720340013504
12000,0.47008541226387024,0.2971336543560028,0.16055133938789368,0.1753794550895691,0.08334223926067352,0.12295649200677872,0.07667440176010132,-0.0006443914608098567,0.03777705505490303,0.046091578900814056
12020,0.4702065587043762,0.2972778081893921,0.1606990247964859,0.1755274534225464,0.08343091607093811,0.12305550277233124,0.07672202587127686,-0.0006397615070454776,0.03940649703145027,0.04467033967375755
12040,0.4704289138317108,0.2974485158920288,0.16088880598545074,0.17562146484851837,0.0835171565413475,0.12314953655004501,0.07679913938045502,-0.0006296006613411009,0.03686416149139404,0.04528296738862991
12060,0.47053226828575134,0.2975328266620636,0.1610221266746521,0.1757192760705948,0.08357609063386917,0.12327892333269119,0.07685384154319763,-0.0006237547495402396,0.03697976842522621,0.045627422630786896
12080,0.470686674118042,0.29778915643692017,0.1612108051776886,0.17583060264587402,0.08367051929235458,0.12338358908891678,0.07691803574562073,-0.0006218531634658575,0.03786741942167282,0.045741431415081024
12100,0.4708860218524933,0.29787206649780273,0.1613343060016632,0.17598742246627808,0.08373886346817017,0.12346456944942474,0.07701152563095093,-0.0006173204747028649,0.03757776692509651,0.04686418175697327
12120,0.4708031415939331,0.2981830835342407,0.16153362393379211,0.17603757977485657,0.08382309228181839,0.12358468025922775,0.07706090807914734,-0.0006206997204571962,0.03944132477045059,0.04518763720989227
12140,0.47090083360671997,0.29829171299934387,0.1616479754447937,0.1761922836303711,0.08389364182949066,0.12369568645954132,0.07712104916572571,-0.0006188073894008994,0.03819110617041588,0.0440308079123497
12160,0.47106218338012695,0.2984667420387268,0.16182217001914978,0.17628276348114014,0.08397441357374191,0.12380148470401764,0.07719938457012177,-0.0006075434503145516,0.0379316508769989,0.04391798377037048
12180,0.4711817800998688,0.2985420823097229,0.1619577705860138,0.1763724386692047,0.08405725657939911,0.12386800348758698,0.07722824811935425,-0.0006034871912561357,0.04000893980264664,0.04486943036317825
12200,0.4713667035102844,0.29876044392585754,0.16213050484657288,0.17648287117481232,0.08410130441188812,0.12397550791501999,0.07729855179786682,-0.0006010332144796848,0.0385129414498806,0.04436755180358887
12220,0.4713875651359558,0.2989840507507324,0.16234071552753448,0.1764916330575943,0.08420895785093307,0.12404060363769531,0.07736582309007645,-0.0006010762299410999,0.037884607911109924,0.04444883018732071
12240,0.4714650511741638,0.2990769147872925,0.16244329512119293,0.1766274869441986,0.08429494500160217,0.12416516244411469,0.07742957770824432,-0.0005948347970843315,0.035890672355890274,0.04449363797903061
12260,0.47153154015541077,0.29916876554489136,0.16259993612766266,0.1767512708902359,0.08435213565826416,0.12428569048643112,0.07746464014053345,-0.0005947684403508902,0.036845482885837555,0.04427581652998924
12280,0.4718015193939209,0.2993418276309967,0.16271810233592987,0.17682842910289764,0.08440116047859192,0.12437316030263901,0.07754203677177429,-0.0005934015498496592,0.03862776979804039,0.044214580208063126
12300,0.4717167913913727,0.29960691928863525,0.16291338205337524,0.17695225775241852,0.08449774980545044,0.12447349727153778,0.0776040256023407,-0.0005897375522181392,0.03793226182460785,0.04428132623434067
12320,0.47188451886177063,0.2996906042098999,0.16302014887332916,0.17704404890537262,0.08455851674079895,0.12457926571369171,0.07765069603919983,-0.0005885941791348159,0.03571763634681702,0.04512109234929085
12340,0.471993088722229,0.29990315437316895,0.1631617248058319,0.17709092795848846,0.08465325087308884,0.12468347698450089,0.0776870995759964,-0.0005838225479237735,0.03764736279845238,0.04433736205101013
12360,0.47223860025405884,0.30008336901664734,0.16332440078258514,0.17723795771598816,0.08471909910440445,0.12477307766675949,0.07775648683309555,-0.000582580512855202,0.03716876357793808,0.04632749781012535
12380,0.4722859561443329,0.30023396015167236,0.16350297629833221,0.17733585834503174,0.08481249958276749,0.12487179040908813,0.07782543450593948,-0.0005828647408634424,0.0369345024228096,0.04414268955588341
12400,0.4724879562854767,0.3002949655056,0.16356498003005981,0.17743752896785736,0.08486208319664001,0.12501172721385956,0.07788641005754471,-0.0005803655949421227,0.037065356969833374,0.0443548746407032
12420,0.47257867455482483,0.3004705309867859,0.16377165913581848,0.17754870653152466,0.084927998483181,0.12511713802814484,0.07794743031263351,-0.0005739102489314973,0.03672085702419281,0.04457062855362892
12440,0.47251418232917786,0.3006182312965393,0.16399802267551422,0.17763668298721313,0.08498315513134003,0.12524013221263885,0.07801877707242966,-0.0005707031232304871,0.036206718534231186,0.04358747601509094
12460,0.4724963903427124,0.3007734417915344,0.1641184538602829,0.17780070006847382,0.08507166802883148,0.12530820071697235,0.07804761081933975,-0.0005717163439840078,0.03895658254623413,0.044125787913799286
12480,0.4726976156234741,0.30103856325149536,0.16434112191200256,0.17787207663059235,0.08514819294214249,0.1253778636455536,0.07810534536838531,-0.0005699732573702931,0.037348825484514236,0.0445057675242424
12500,0.47304341197013855,0.30110111832618713,0.16440364718437195,0.17791035771369934,0.08517659455537796,0.12548787891864777,0.07815015316009521,-0.0005714817671105266,0.037201035767793655,0.044548150151968
12520,0.4729347825050354,0.30137377977371216,0.16461630165576935,0.17809872329235077,0.0852777287364006,0.12557069957256317,0.0782141238451004,-0.0005587385385297239,0.03687560185790062,0.046248167753219604
12540,0.4729195237159729,0.30141395330429077,0.16472512483596802,0.17816278338432312,0.08536237478256226,0.12571237981319427,0.07827343046665192,-0.0005570672219619155,0.035236798226833344,0.04454401135444641
12560,0.47332248091697693,0.3015036880970001,0.16480037569999695,0.1782606840133667,0.08540458232164383,0.1258314549922943,0.07831995189189911,-0.0005560514982789755,0.037130821496248245,0.044618405401706696
12580,0.4733090400695801,0.30167460441589355,0.16497647762298584,0.17835599184036255,0.08547691255807877,0.12591354548931122,0.07835784554481506,-0.0005569524364545941,0.036625102162361145,0.044703010469675064
12600,0.4736354947090149,0.3017887771129608,0.16507209837436676,0.17846006155014038,0.08553547412157059,0.12600523233413696,0.07841771841049194,-0.0005525957676582038,0.037015724927186966,0.04422541707754135
12620,0.473641574382782,0.30196574330329895,0.1652294099330902,0.17855846881866455,0.08561936765909195,0.1261039674282074,0.07843847572803497,-0.0005414504557847977,0.038600146770477295,0.046087637543678284
12640,0.47375738620758057,0.3021358251571655,0.1654474288225174,0.17868055403232574,0.08571569621562958,0.1262139230966568,0.0784924104809761,-0.0005376733606681228,0.03678293153643608,0.04485480487346649
12660,0.4739449918270111,0.3022870123386383,0.16557677090168,0.1787123680114746,0.08577500283718109,0.12631556391716003,0.07857976108789444,-0.0005330719286575913,0.03776378184556961,0.044636886566877365
12680,0.4740469753742218,0.3024236857891083,0.16572238504886627,0.17884279787540436,0.08586446940898895,0.12645883858203888,0.07864660769701004,-0.0005307474639266729,0.03658551350235939,0.044472597539424896
12700,0.47419416904449463,0.3025529086589813,0.16584815084934235,0.1789385825395584,0.08593476563692093,0.1265493631362915,0.0786929652094841,-0.0005287739913910627,0.03570590168237686,0.04432119429111481
12720,0.47419360280036926,0.30279871821403503,0.16601614654064178,0.17900171875953674,0.08600464463233948,0.12660442292690277,0.07873885333538055,-0.0005301787168718874,0.037022095173597336,0.043881114572286606
12740,0.47445210814476013,0.3028712868690491,0.16612796485424042,0.17913654446601868,0.08606455475091934,0.12669019401073456,0.07879790663719177,-0.0005172538803890347,0.0374796986579895,0.04531284421682358
12760,0.4745391011238098,0.3030136525630951,0.16623583436012268,0.17927341163158417,0.08613234758377075,0.1268119066953659,0.07883576303720474,-0.0005126461037434638,0.03583377227187157,0.04505426809191704
12780,0.47477781772613525,0.30318766832351685,0.16639463603496552,0.17938485741615295,0.08619865030050278,0.12692631781101227,0.07887332141399384,-0.0005092163337394595,0.0362970195710659,0.04488834738731384
12800,0.474908709526062,0.3034788966178894,0.16661004722118378,0.17942190170288086,0.08627592772245407,0.12701427936553955,0.07894191145896912,-0.0005105615709908307,0.038945991545915604,0.0455530621111393
12820,0.47506579756736755,0.30350303649902344,0.16674558818340302,0.17957019805908203,0.08636204898357391,0.12715283036231995,0.07900110632181168,-0.0005100639536976814,0.03634612262248993,0.044108450412750244
12840,0.475128173828125,0.3037184476852417,0.16691908240318298,0.17966124415397644,0.0864422619342804,0.1272745281457901,0.07906462997198105,-0.0005071983323432505,0.03673384711146355,0.04436049610376358
12860,0.47516316175460815,0.30392590165138245,0.16708151996135712,0.17978912591934204,0.08653529733419418,0.12737831473350525,0.079119011759758,-0.0005084992735646665,0.03973236307501793,0.0455191545188427
12880,0.4751471281051636,0.30409473180770874,0.16730161011219025,0.1798567920923233,0.08660690486431122,0.1274757832288742,0.07913646847009659,-0.0005087995668873191,0.035732973366975784,0.044102542102336884
12900,0.4753861129283905,0.3042939603328705,0.16743817925453186,0.18000581860542297,0.08667448908090591,0.12758497893810272,0.07920756936073303,-0.0005080744158476591,0.03691955655813217,0.045322149991989136
12920,0.47575658559799194,0.3044360280036926,0.1675460785627365,0.18003495037555695,0.08674510568380356,0.12765896320343018,0.0792757049202919,-0.0005064229480922222,0.03687971830368042,0.044989585876464844
12940,0.4759320020675659,0.3045729994773865,0.16764234006404877,0.18017402291297913,0.08680862933397293,0.12776978313922882,0.07933704555034637,-0.0005001123063266277,0.036844152957201004,0.04574248194694519
12960,0.47601667046546936,0.3046719431877136,0.16780169308185577,0.18032389879226685,0.08688050508499146,0.12790383398532867,0.07941121608018875,-0.0004924066015519202,0.03615473955869675,0.04456959664821625
12980,0.4760027527809143,0.30480772256851196,0.1680343598127365,0.18045981228351593,0.08694366365671158,0.12802980840206146,0.0794789046049118,-0.00048749876441434026,0.03691205754876137,0.04499335587024689
13000,0.4760719835758209,0.3049689531326294,0.16815225780010223,0.1805652529001236,0.08702189475297928,0.12810371816158295,0.07952883839607239,-0.00048117604455910623,0.03669637814164162,0.04375997930765152
13020,0.4760996103286743,0.3051643371582031,0.1682937741279602,0.1806020438671112,0.08708788454532623,0.1282048225402832,0.07961666584014893,-0.00048017650260590017,0.03548651933670044,0.04448249191045761
13040,0.47616496682167053,0.305347740650177,0.1684277355670929,0.1807376891374588,0.08715804666280746,0.12829367816448212,0.07966450601816177,-0.00047523269313387573,0.0371565967798233,0.0460069440305233
13060,0.4764581620693207,0.30548539757728577,0.1685541570186615,0.18087062239646912,0.0872298926115036,0.1283991038799286,0.07971679419279099,-0.00047677342081442475,0.03578959032893181,0.045019038021564484
13080,0.47665712237358093,0.305589884519577,0.16873988509178162,0.18095813691616058,0.08726759999990463,0.1284811645746231,0.07976692914962769,-0.00047287275083363056,0.036630190908908844,0.04412025958299637
13100,0.47668886184692383,0.3057658076286316,0.16882067918777466,0.18104270100593567,0.0873575210571289,0.12860657274723053,0.07981254160404205,-0.00046243343967944384,0.0358763225376606,0.043457914143800735
13120,0.47669097781181335,0.3058413565158844,0.16894906759262085,0.18114672601222992,0.08742191642522812,0.12869369983673096,0.07987167686223984,-0.00046023703180253506,0.037050530314445496,0.04571613296866417
13140,0.47680628299713135,0.3060547113418579,0.16911083459854126,0.18119628727436066,0.08749784529209137,0.12879352271556854,0.07991047203540802,-0.000450884981546551,0.03911717236042023,0.04377526044845581
13160,0.47712746262550354,0.3061729073524475,0.16920821368694305,0.181287482380867,0.08755777776241302,0.1288823038339615,0.07996007800102234,-0.00044597138185054064,0.038158487528562546,0.04783289134502411
13180,0.4770330786705017,0.3064480423927307,0.16948793828487396,0.181386336684227,0.08764183521270752,0.12900879979133606,0.08000361174345016,-0.000448742852313444,0.035711128264665604,0.04388504475355148
13200,0.47720465064048767,0.3065393269062042,0.16960306465625763,0.1815359890460968,0.08767401427030563,0.12910006940364838,0.08010825514793396,-0.0004516567860264331,0.03629329055547714,0.044370051473379135
13220,0.4775012731552124,0.3065960705280304,0.16969405114650726,0.18157269060611725,0.08773094415664673,0.12918861210346222,0.08015364408493042,-0.00044678739504888654,0.03673883154988289,0.04371429979801178
13240,0.4773646891117096,0.30672821402549744,0.16990315914154053,0.18172398209571838,0.08781243115663528,0.1292891800403595,0.08021083474159241,-0.000443578785052523,0.03617151081562042,0.04487393796443939
13260,0.4774523377418518,0.3068947494029999,0.17002427577972412,0.1817917823791504,0.08787360042333603,0.12938548624515533,0.080250583589077,-0.00043542750063352287,0.03607829287648201,0.04462204873561859
13280,0.47763174772262573,0.3069974482059479,0.1701602041721344,0.18184803426265717,0.08794618397951126,0.12950551509857178,0.08031026273965836,-0.0004314543039072305,0.036046091467142105,0.04439077526330948
13300,0.47748062014579773,0.307196706533432,0.1702958643436432,0.1819649636745453,0.08801776170730591,0.129582017660141,0.08036722242832184,-0.0004291551886126399,0.036241792142391205,0.04416068643331528
13320,0.4775835871696472,0.30735304951667786,0.17044462263584137,0.1820843368768692,0.08810921758413315,0.1296807825565338,0.08040110766887665,-0.00042529861093498766,0.03502817079424858,0.04379812628030777
13340,0.4777699410915375,0.307515412569046,0.17060624063014984,0.18217168748378754,0.08816488832235336,0.12976357340812683,0.08045069128274918,-0.0004181386611890048,0.035393379628658295,0.0435665026307106
13360,0.4778050184249878,0.3076421022415161,0.1707250028848648,0.18224316835403442,0.08823267370462418,0.12985257804393768,0.08050141483545303,-0.0004143033584114164,0.03644876554608345,0.043050169944763184
13380,0.4779135584831238,0.30776089429855347,0.1708245873451233,0.1823541522026062,0.0883306935429573,0.12994642555713654,0.08054767549037933,-0.00040778485708869994,0.035261526703834534,0.04319300502538681
13400,0.477866530418396,0.30800729990005493,0.17098192870616913,0.18243195116519928,0.08840667456388474,0.1300504207611084,0.08062703162431717,-0.0004018355393782258,0.035867463797330856,0.04505578428506851
13420,0.4782527685165405,0.30805689096450806,0.1710590422153473,0.18249905109405518,0.08843936771154404,0.1301388293504715,0.08065035939216614,-0.0003999147447757423,0.035714007914066315,0.04461205005645752
13440,0.47823455929756165,0.30818048119544983,0.17119944095611572,0.18263044953346252,0.08851490169763565,0.13024090230464935,0.08073481172323227,-0.0003991249541286379,0.03614874929189682,0.04367668926715851
13460,0.478471577167511,0.30825087428092957,0.17132358253002167,0.18273431062698364,0.08858972787857056,0.1303333044052124,0.0807703360915184,-0.00039489753544330597,0.03808983042836189,0.04522423818707466
13480,0.47843241691589355,0.3085349500179291,0.1715332269668579,0.18280436098575592,0.08864611387252808,0.13040556013584137,0.08081739395856857,-0.0003890210355166346,0.03578871488571167,0.044648636132478714
13500,0.4785057604312897,0.30860328674316406,0.17165251076221466,0.18295641243457794,0.0887206569314003,0.13053086400032043,0.08085835725069046,-0.0003861375153064728,0.035931725054979324,0.044038258492946625
13520,0.4786057472229004,0.3087407946586609,0.1717514842748642,0.18302635848522186,0.08879699558019638,0.13063597679138184,0.0809037908911705,-0.00037834380054846406,0.03695907071232796,0.04658786952495575
13540,0.4788067936897278,0.30890223383903503,0.17190159857273102,0.18313740193843842,0.08886316418647766,0.1307774782180786,0.08097152411937714,-0.0003786379820667207,0.03659601882100105,0.04719804599881172
13560,0.47895511984825134,0.3091502785682678,0.17212750017642975,0.18322736024856567,0.08895403146743774,0.130886048078537,0.0810198187828064,-0.00037149584386497736,0.03546402230858803,0.04339081048965454
13580,0.47915613651275635,0.3093010485172272,0.1721976101398468,0.18326635658740997,0.08902768790721893,0.13095928728580475,0.08108943700790405,-0.00036534678656607866,0.03858564421534538,0.04497092217206955
13600,0.47937336564064026,0.30935168266296387,0.1723448485136032,0.18339309096336365,0.08908455818891525,0.13104873895645142,0.08113433420658112,-0.0003637316694948822,0.03554055839776993,0.04407763481140137
13620,0.47926416993141174,0.3095760941505432,0.1725286841392517,0.18351584672927856,0.08915320783853531,0.13114577531814575,0.08116702735424042,-0.00035489589208737016,0.03659815341234207,0.043481167405843735
13640,0.47921594977378845,0.3096461892127991,0.17270147800445557,0.18356479704380035,0.08919632434844971,0.13122834265232086,0.08120886981487274,-0.0003522687475197017,0.03644469007849693,0.044346921145915985
13660,0.4795564115047455,0.30977535247802734,0.17280305922031403,0.18365250527858734,0.0892644077539444,0.13133187592029572,0.0812598243355751,-0.00035410886630415916,0.03695634752511978,0.043732207268476486
13680,0.47955650091171265,0.3099699914455414,0.17286910116672516,0.18370899558067322,0.08933083713054657,0.13140881061553955,0.08131325244903564,-0.0003449853102210909,0.03608274832367897,0.04372260719537735
13700,0.4796345829963684,0.31007763743400574,0.17302049696445465,0.1838168054819107,0.08939959853887558,0.1315118670463562,0.08137285709381104,-0.00034002208849415183,0.03636372089385986,0.0436360128223896
13720,0.47992438077926636,0.31019356846809387,0.1731419861316681,0.18391573429107666,0.08948676288127899,0.1316065639257431,0.08140233904123306,-0.00034124849480576813,0.03677511215209961,0.04416856914758682
13740,0.4799944758415222,0.31037279963493347,0.17327673733234406,0.1840129941701889,0.0895577222108841,0.1316928118467331,0.08145952969789505,-0.0003412779769860208,0.03683391213417053,0.043787386268377304
13760,0.4802379310131073,0.31054162979125977,0.1734553724527359,0.18405497074127197,0.08962636440992355,0.13179773092269897,0.08152410387992859,-0.00033831846667453647,0.03573651239275932,0.04331307113170624
13780,0.4801476001739502,0.31060245633125305,0.1735648661851883,0.18420855700969696,0.0896855890750885,0.13191166520118713,0.08158214390277863,-0.00032930285669863224,0.03588854521512985,0.043267641216516495
13800,0.4802332818508148,0.3107878565788269,0.17374904453754425,0.1843225359916687,0.08972425013780594,0.13198739290237427,0.08164435625076294,-0.000318695034366101,0.035192761570215225,0.04351076856255531
13820,0.48027700185775757,0.31095412373542786,0.17388030886650085,0.1843879371881485,0.08982013911008835,0.13205692172050476,0.08167912065982819,-0.0003203047963324934,0.03558802977204323,0.04486549645662308
13840,0.48024773597717285,0.31109532713890076,0.17397521436214447,0.18453490734100342,0.0899050310254097,0.1321624219417572,0.08172834664583206,-0.00030615695868618786,0.03632156178355217,0.04333936423063278
13860,0.4805361330509186,0.3112041652202606,0.17409639060497284,0.1845947951078415,0.08995413035154343,0.132262721657753,0.08176559209823608,-0.000305612018564716,0.03428740054368973,0.04322905093431473
13880,0.4806379973888397,0.31134167313575745,0.1742517054080963,0.1846737563610077,0.09004347026348114,0.13231372833251953,0.08179168403148651,-0.000301398744340986,0.03610354661941528,0.04387466982007027
13900,0.4808841049671173,0.3114256262779236,0.1743195354938507,0.18476460874080658,0.09009521454572678,0.1324101984500885,0.08185511827468872,-0.0002945682208519429,0.03431595116853714,0.043398626148700714
13920,0.48072919249534607,0.3116186261177063,0.17451417446136475,0.1848885864019394,0.09016992896795273,0.1325290948152542,0.08188823610544205,-0.0002951461065094918,0.03528682515025139,0.04319995641708374
13940,0.48074260354042053,0.31168124079704285,0.17464345693588257,0.18496370315551758,0.09023121744394302,0.13256722688674927,0.08194916695356369,-0.0002898430684581399,0.03497038781642914,0.043473754078149796
13960,0.4809909462928772,0.31172245740890503,0.17469638586044312,0.1850634217262268,0.09029261767864227,0.13268454372882843,0.08197758346796036,-0.0002844782720785588,0.03608158603310585,0.04460274428129196
13980,0.4810592532157898,0.31192684173583984,0.1748589128255844,0.18514244258403778,0.09038245677947998,0.13277773559093475,0.08201158046722412,-0.00028221114189364016,0.03626968711614609,0.04391591250896454
14000,0.48124101758003235,0.31198182702064514,0.17497994005680084,0.18524214625358582,0.0904296338558197,0.13287453353405,0.08206578344106674,-0.00028267360175959766,0.03570735454559326,0.04301740229129791
14020,0.48125606775283813,0.31213614344596863,0.17506565153598785,0.18532520532608032,0.09049513190984726,0.13296550512313843,0.08209899067878723,-0.000272359699010849,0.0357172004878521,0.04632924124598503
14040,0.4814205765724182,0.31233811378479004,0.17529475688934326,0.1853836327791214,0.09056665003299713,0.13303403556346893,0.08214188367128372,-0.0002671396650839597,0.035191409289836884,0.043488528579473495
14060,0.48168233036994934,0.31247586011886597,0.1753590852022171,0.18544697761535645,0.0906590148806572,0.13312724232673645,0.08218497037887573,-0.00025983472005464137,0.03566169738769531,0.04340718314051628
14080,0.4816279411315918,0.31265413761138916,0.1755460947751999,0.1856132447719574,0.09073366224765778,0.1332169771194458,0.08226600289344788,-0.00025361208827234805,0.034703001379966736,0.04328504949808121
14100,0.4815142750740051,0.3128356635570526,0.175737664103508,0.1856638491153717,0.09079959243535995,0.1333189755678177,0.08233539015054703,-0.00025498459581285715,0.0374809205532074,0.04316573590040207
14120,0.4816582500934601,0.31296306848526,0.1758183389902115,0.18572042882442474,0.09084171056747437,0.13340552151203156,0.08240200579166412,-0.00024319870863109827,0.03652333840727806,0.043674539774656296
14140,0.48189952969551086,0.31308963894844055,0.17595712840557098,0.1857854723930359,0.0908837765455246,0.13349749147891998,0.08245299756526947,-0.00023578738910146058,0.03781288489699364,0.044022176414728165
14160,0.482125461101532,0.3132267892360687,0.17612525820732117,0.1858532577753067,0.09094853699207306,0.13359056413173676,0.08251078426837921,-0.0002279299369547516,0.036886826157569885,0.04382713884115219
14180,0.4822220206260681,0.3134095370769501,0.17625662684440613,0.18593458831310272,0.09101445972919464,0.1337093859910965,0.08255472034215927,-0.00022743799490854144,0.03575821593403816,0.043366845697164536
14200,0.4821303188800812,0.3135256767272949,0.17644943296909332,0.18606001138687134,0.09107686579227448,0.13378554582595825,0.0826014056801796,-0.00022537192853633314,0.03629538044333458,0.043550755828619
14220,0.48231828212738037,0.3136040270328522,0.17654332518577576,0.1861993372440338,0.09113943576812744,0.13387149572372437,0.08263968676328659,-0.00021783581178169698,0.03502184525132179,0.04374523460865021
14240,0.48227423429489136,0.3138318359851837,0.17674221098423004,0.18630127608776093,0.09121641516685486,0.133949875831604,0.08266027271747589,-0.00021145064965821803,0.03493321314454079,0.043887872248888016
14260,0.482572466135025,0.31395748257637024,0.176904559135437,0.18629398941993713,0.0912400558590889,0.13401156663894653,0.08269008249044418,-0.00021106904023326933,0.03658158332109451,0.04349347949028015
14280,0.4827244281768799,0.3141225278377533,0.17697985470294952,0.18642854690551758,0.09132099151611328,0.1341346949338913,0.08273997902870178,-0.00020316631707828492,0.03557927906513214,0.04364491626620293
14300,0.4827934205532074,0.3141852617263794,0.17710250616073608,0.18651075661182404,0.09141193330287933,0.1342073678970337,0.0827755406498909,-0.00020728194795083255,0.03394460305571556,0.042798422276973724
14320,0.4828111231327057,0.3143363893032074,0.17723588645458221,0.18656983971595764,0.09142681956291199,0.13429385423660278,0.08283751457929611,-0.0002012793265748769,0.03471319377422333,0.04528675973415375
14340,0.482952356338501,0.31441593170166016,0.17738449573516846,0.18664368987083435,0.0915040448307991,0.13438141345977783,0.08285447210073471,-0.00019818129658233374,0.03546406328678131,0.04437432438135147
14360,0.48309752345085144,0.3145304322242737,0.17755986750125885,0.18673184514045715,0.09158740937709808,0.13447627425193787,0.08293411880731583,-0.0001969149016076699,0.03358759358525276,0.04362856224179268
14380,0.4831584095954895,0.3146834075450897,0.17764858901500702,0.186801940202713,0.09164813160896301,0.13457228243350983,0.08298046886920929,-0.00019445859652478248,0.035746920853853226,0.04387076944112778
14400,0.48314517736434937,0.3147774636745453,0.17778578400611877,0.18692900240421295,0.09170783311128616,0.134639710187912,0.08304573595523834,-0.0001895156892715022,0.03461325913667679,0.042517464607954025
14420,0.4832102656364441,0.31484758853912354,0.17791227996349335,0.18701131641864777,0.09176711738109589,0.13473697006702423,0.08306193351745605,-0.0001814813876990229,0.03323158621788025,0.04298333078622818
14440,0.48318997025489807,0.3149484097957611,0.17802461981773376,0.18712832033634186,0.09184222668409348,0.13481932878494263,0.08309783041477203,-0.00017492803453933448,0.0350944846868515,0.043877407908439636
14460,0.4834269881248474,0.31510356068611145,0.17813898622989655,0.1871277242898941,0.09191025048494339,0.13489840924739838,0.08316603302955627,-0.00017338247562292963,0.034822482615709305,0.04306933656334877
14480,0.48337405920028687,0.3152867257595062,0.17827926576137543,0.18719270825386047,0.09196949750185013,0.13497932255268097,0.083233542740345,-0.00017368659609928727,0.03411632031202316,0.04429241269826889
14500,0.4835657775402069,0.3153616487979889,0.17837932705879211,0.18730036914348602,0.09204018861055374,0.13503821194171906,0.08328279107809067,-0.00016667087038513273,0.03395545482635498,0.04392991214990616
14520,0.4837072789669037,0.3155093193054199,0.17848636209964752,0.18736645579338074,0.0921488031744957,0.1351354420185089,0.08328039199113846,-0.00015780559624545276,0.03446410596370697,0.044893354177474976
14540,0.4836961328983307,0.3156801164150238,0.17863669991493225,0.1874609738588333,0.092191681265831,0.135215625166893,0.08335497975349426,-0.00015790265752002597,0.03460288420319557,0.04241622984409332
14560,0.4837152361869812,0.3157753646373749,0.1787901371717453,0.18754568696022034,0.09225738793611526,0.13530270755290985,0.08339112251996994,-0.0001536757335998118,0.034826040267944336,0.043278008699417114
14580,0.4838244915008545,0.31584104895591736,0.17886698246002197,0.18768525123596191,0.09231220185756683,0.1354152113199234,0.08343244343996048,-0.0001475743920309469,0.035142745822668076,0.04342374950647354
14600,0.48382768034935,0.31608763337135315,0.17902112007141113,0.1877724975347519,0.09234917163848877,0.13547967374324799,0.08351311832666397,-0.00014449137961491942,0.035243745893239975,0.04267613962292671
14620,0.4840829074382782,0.31615808606147766,0.17918018996715546,0.1879037618637085,0.09243041276931763,0.13552816212177277,0.0835258737206459,-0.00014131369243841618,0.03554202988743782,0.04450099542737007
14640,0.48412054777145386,0.31624171137809753,0.17924290895462036,0.18801724910736084,0.09247894585132599,0.13566292822360992,0.08357718586921692,-0.00013793174002785236,0.03406175225973129,0.042677588760852814
14660,0.48422256112098694,0.3163529634475708,0.17934803664684296,0.18805505335330963,0.09253080934286118,0.1357642263174057,0.08359044045209885,-0.00013431628758553416,0.03419848158955574,0.04376106709241867
14680,0.4844326376914978,0.316470205783844,0.1795172542333603,0.18814124166965485,0.09259394556283951,0.13583864271640778,0.08364184945821762,-0.00013192227925173938,0.034510087221860886,0.04345632717013359
14700,0.4843010902404785,0.31661733984947205,0.1796363890171051,0.18821145594120026,0.09267725050449371,0.13590504229068756,0.08369379490613937,-0.00012593106657732278,0.034978535026311874,0.04278513044118881
14720,0.48437413573265076,0.31673210859298706,0.17985014617443085,0.1882617324590683,0.09272674471139908,0.13598200678825378,0.0837002620100975,-0.0001222559658344835,0.03519729897379875,0.04327845573425293
14740,0.4843812584877014,0.3168889880180359,0.1799888163805008,0.18833519518375397,0.0928160548210144,0.1361163705587387,0.08376311510801315,-0.00012260246148798615,0.03346644341945648,0.044157322496175766
14760,0.4845757782459259,0.317137748003006,0.1801309436559677,0.1883563995361328,0.09286557137966156,0.13619104027748108,0.08381365239620209,-0.00011611689114943147,0.0351269394159317,0.045564230531454086
14780,0.4846220314502716,0.3172224462032318,0.18024946749210358,0.18844887614250183,0.09291232377290726,0.13626599311828613,0.08384714275598526,-0.00011025559797417372,0.034538447856903076,0.04343213140964508
14800,0.4848310947418213,0.3172105550765991,0.1802489310503006,0.1885509490966797,0.09294839948415756,0.13638576865196228,0.08390901237726212,-0.00010863987699849531,0.03294936195015907,0.04321901500225067
14820,0.4850078821182251,0.31741660833358765,0.18042053282260895,0.18862290680408478,0.09302308410406113,0.1364341527223587,0.08396206796169281,-0.00011045415885746479,0.033981531858444214,0.042921826243400574
14840,0.4850867986679077,0.31749624013900757,0.18054547905921936,0.1887485384941101,0.09312237799167633,0.13654151558876038,0.08398722112178802,-0.00010778678552014753,0.03303298354148865,0.04369056224822998
14860,0.48510271310806274,0.31761977076530457,0.18068285286426544,0.1888030469417572,0.09318696707487106,0.1366049200296402,0.08401819318532944,-9.820813284022734e-05,0.035440437495708466,0.042627960443496704
14880,0.48520582914352417,0.31773099303245544,0.18079736828804016,0.18886655569076538,0.09322824329137802,0.1367168128490448,0.08405090868473053,-9.037218114826828e-05,0.03618023917078972,0.04309646040201187
14900,0.4853714108467102,0.3178427517414093,0.18087810277938843,0.18896877765655518,0.09331892430782318,0.13675643503665924,0.08410099148750305,-9.109538950724527e-05,0.03515196219086647,0.04267909377813339
14920,0.4853779375553131,0.31796902418136597,0.18097318708896637,0.18908639252185822,0.09339844435453415,0.1368524730205536,0.08411739021539688,-8.750415145186707e-05,0.034786250442266464,0.04307146370410919
14940,0.48530274629592896,0.31811532378196716,0.18115204572677612,0.18916401267051697,0.09343401342630386,0.13694141805171967,0.08417647331953049,-8.126310422085226e-05,0.03352072089910507,0.04379812628030777
14960,0.48535385727882385,0.3182133138179779,0.18123610317707062,0.1892152726650238,0.0934993326663971,0.1370331346988678,0.08422616869211197,-7.5508352892939e-05,0.0344892181456089,0.043487392365932465
14980,0.4853798449039459,0.31832778453826904,0.1813693344593048,0.1893036961555481,0.09354998916387558,0.13709229230880737,0.08424114435911179,-7.267246110131964e-05,0.03397640585899353,0.0435141883790493
15000,0.48568180203437805,0.31844139099121094,0.1815139651298523,0.18931537866592407,0.09360825270414352,0.13719305396080017,0.08432188630104065,-6.461355951614678e-05,0.03479532152414322,0.043185122311115265
15020,0.485876202583313,0.3185671269893646,0.18160676956176758,0.18941402435302734,0.09367071837186813,0.13726317882537842,0.08434813469648361,-6.417364784283563e-05,0.033671069890260696,0.042972125113010406
15040,0.4858982563018799,0.31862425804138184,0.1817561686038971,0.1895083487033844,0.09374325722455978,0.13739162683486938,0.08439255505800247,-5.2245108236093074e-05,0.03458187356591225,0.04300349950790405
15060,0.48577597737312317,0.3187373876571655,0.18186894059181213,0.18961036205291748,0.0938165932893753,0.13748614490032196,0.08442988991737366,-5.563002196140587e-05,0.03624539449810982,0.042359158396720886
15080,0.48584944009780884,0.31891047954559326,0.18201489746570587,0.18967126309871674,0.09388422966003418,0.1375497281551361,0.08445868641138077,-4.774710760102607e-05,0.034713808447122574,0.04386935755610466
15100,0.48595547676086426,0.3189965486526489,0.18206599354743958,0.1897527277469635,0.09391056001186371,0.13765564560890198,0.0845271423459053,-4.4843989599030465e-05,0.034558918327093124,0.04275261610746384
15120,0.4860457181930542,0.3191009759902954,0.18219591677188873,0.18981407582759857,0.0939648374915123,0.13773132860660553,0.08458970487117767,-4.057969636050984e-05,0.03438245877623558,0.04262985289096832
15140,0.4861254096031189,0.319266676902771,0.18225790560245514,0.18992461264133453,0.0940321609377861,0.13780850172042847,0.0846259742975235,-3.541384285199456e-05,0.032561007887125015,0.043239790946245193
15160,0.48625093698501587,0.3193918764591217,0.18241702020168304,0.19004258513450623,0.09409001469612122,0.1378684639930725,0.08465686440467834,-3.800152990152128e-05,0.03553704172372818,0.0432499498128891
15180,0.4865187108516693,0.3196108341217041,0.18254354596138,0.1900903433561325,0.09415009617805481,0.13795427978038788,0.08468181639909744,-2.573319034127053e-05,0.035832565277814865,0.04376120865345001
15200,0.4865492284297943,0.3196318447589874,0.18266655504703522,0.1901654154062271,0.09422849118709564,0.1380627304315567,0.08471794426441193,-2.34177950915182e-05,0.03468194603919983,0.04236370697617531
15220,0.4865637719631195,0.3197515308856964,0.1828797459602356,0.19022400677204132,0.09427251666784286,0.13813064992427826,0.0847451388835907,-1.6992651580949314e-05,0.03322545439004898,0.04253525659441948
15240,0.48668381571769714,0.31985050439834595,0.1829504668712616,0.19033651053905487,0.09433268755674362,0.13823531568050385,0.08484338223934174,-1.2432545190677047e-05,0.033803414553403854,0.043169982731342316
15260,0.48684290051460266,0.31991085410118103,0.18299806118011475,0.190403550863266,0.09440511465072632,0.13833054900169373,0.08484979718923569,-7.841810656827874e-06,0.035750292241573334,0.04322843626141548
15280,0.4869067668914795,0.32014000415802,0.18324615061283112,0.19045090675354004,0.09445657581090927,0.1383894830942154,0.08487667888402939,1.3289673006511293e-06,0.03450086712837219,0.04396546259522438
15300,0.48712319135665894,0.32017984986305237,0.18329750001430511,0.19058364629745483,0.09452476352453232,0.13847053050994873,0.084923155605793,1.2429805792635307e-05,0.03418126702308655,0.04273569583892822
15320,0.48712465167045593,0.320290744304657,0.18345850706100464,0.19064731895923615,0.0945826917886734,0.13854284584522247,0.08494535088539124,1.7587397451279685e-05,0.0336519218981266,0.04492141678929329
15340,0.48720240592956543,0.320546954870224,0.18359071016311646,0.19077257812023163,0.09466812014579773,0.13864833116531372,0.0849965438246727,1.8725075278780423e-05,0.033214300870895386,0.04279015585780144
15360,0.4873286187648773,0.32068294286727905,0.18365022540092468,0.1908106803894043,0.09470752626657486,0.13874296844005585,0.08502388745546341,1.7613492673262954e-05,0.03449486568570137,0.04328445345163345
15380,0.48726725578308105,0.32074519991874695,0.18378061056137085,0.19089588522911072,0.09474532306194305,0.1387982815504074,0.08506930619478226,2.7346071874490008e-05,0.03390109911561012,0.04580467939376831
15400,0.48740676045417786,0.3209552764892578,0.18394577503204346,0.19089452922344208,0.09486367553472519,0.13889433443546295,0.08513285219669342,3.282111356384121e-05,0.03521910309791565,0.04361344501376152
15420,0.48748448491096497,0.32106566429138184,0.1840113401412964,0.19095896184444427,0.09490973502397537,0.139016792178154,0.085178904235363,3.677534550661221e-05,0.03316037356853485,0.04292546212673187
15440,0.4876328110694885,0.3211655020713806,0.18413221836090088,0.19101426005363464,0.09494394809007645,0.13909195363521576,0.08523636311292648,3.7133384466869757e-05,0.033914320170879364,0.04267405346035957
15460,0.4877112805843353,0.32116422057151794,0.1842426210641861,0.19107118248939514,0.09498544037342072,0.13914857804775238,0.08528362959623337,4.11626861023251e-05,0.03274870291352272,0.04340333491563797
15480,0.48772358894348145,0.3213013708591461,0.18439583480358124,0.19114430248737335,0.09505271911621094,0.13922567665576935,0.08534128218889236,4.262103539076634e-05,0.03236702084541321,0.042841747403144836
15500,0.48787349462509155,0.3214288353919983,0.18448063731193542,0.19114135205745697,0.09511402994394302,0.13928228616714478,0.085377998650074,4.783231270266697e-05,0.033549342304468155,0.043287839740514755
15520,0.48784881830215454,0.32160961627960205,0.1846344918012619,0.19128194451332092,0.09515097737312317,0.1393439918756485,0.08541986346244812,5.388225326896645e-05,0.03456791117787361,0.04293651878833771
15540,0.4880096912384033,0.3215981423854828,0.18472625315189362,0.1913510411977768,0.09521203488111496,0.13943246006965637,0.08543943613767624,5.695689469575882e-05,0.034167155623435974,0.04415340721607208
15560,0.48811981081962585,0.32183828949928284,0.1848635971546173,0.19138957560062408,0.09528336673974991,0.1395518183708191,0.08551148325204849,6.158620089991018e-05,0.03481825813651085,0.04246661439538002
15580,0.48816850781440735,0.32200077176094055,0.18503431975841522,0.19147835671901703,0.09533108025789261,0.13962750136852264,0.08552427589893341,5.873457848792896e-05,0.034670405089855194,0.04334140568971634
15600,0.48832574486732483,0.3219935894012451,0.18508411943912506,0.19160209596157074,0.09537269175052643,0.13968494534492493,0.08555835485458374,6.750225293217227e-05,0.03433362394571304,0.04274505376815796
15620,0.48837971687316895,0.3220518231391907,0.18519669771194458,0.19168515503406525,0.09546829760074615,0.13976360857486725,0.08560188859701157,7.096352055668831e-05,0.033765144646167755,0.04308205097913742
15640,0.4885588586330414,0.3221747875213623,0.18527328968048096,0.19174747169017792,0.09550945460796356,0.13984741270542145,0.08565060049295425,7.82194547355175e-05,0.033556018024683,0.04217416048049927
15660,0.48838332295417786,0.3223533630371094,0.1854705661535263,0.19187787175178528,0.0955604836344719,0.13991166651248932,0.08568903803825378,8.133649680530652e-05,0.03460235893726349,0.04493478313088417
15680,0.48864561319351196,0.3224145174026489,0.18552225828170776,0.19191470742225647,0.09562205523252487,0.13997063040733337,0.08574917167425156,8.37673942442052e-05,0.0342651829123497,0.042544975876808167
15700,0.48861244320869446,0.3224722146987915,0.1856411099433899,0.19199535250663757,0.09567854553461075,0.14007645845413208,0.08579447120428085,9.63876154855825e-05,0.033318839967250824,0.04329445958137512
15720,0.4887712895870209,0.32255426049232483,0.18574199080467224,0.19207561016082764,0.09572648257017136,0.1401374638080597,0.08582755923271179,0.00010387083602836356,0.03367185965180397,0.0423550121486187
15740,0.4888860583305359,0.322691410779953,0.18589618802070618,0.19211260974407196,0.09580307453870773,0.14025019109249115,0.08581671118736267,0.00010774646216304973,0.03306345269083977,0.04270943999290466
15760,0.4889899790287018,0.32275059819221497,0.18592792749404907,0.19219808280467987,0.09584323316812515,0.14035280048847198,0.08590590208768845,0.00011208335490664467,0.03266364336013794,0.04357242211699486
15780,0.488912969827652,0.3229093551635742,0.18607281148433685,0.19230103492736816,0.09595245122909546,0.14040687680244446,0.08594701439142227,0.00011700750474119559,0.03358234465122223,0.04210958629846573
15800,0.4890596568584442,0.3230641484260559,0.18614530563354492,0.19233641028404236,0.09600383788347244,0.140476793050766,0.08595837652683258,0.00012103846529498696,0.03314552083611488,0.0425819493830204
15820,0.4890802502632141,0.3232289254665375,0.18624082207679749,0.19238051772117615,0.09606114774942398,0.14056949317455292,0.08598392456769943,0.00012217309267725796,0.03237982466816902,0.04369334504008293
15840,0.4890930950641632,0.32330718636512756,0.18636125326156616,0.19249144196510315,0.09610004723072052,0.14065909385681152,0.08602024614810944,0.00013252650387585163,0.032992884516716,0.04249262437224388
15860,0.48938241600990295,0.32335078716278076,0.18644921481609344,0.1925257295370102,0.09614992141723633,0.140684574842453,0.086064413189888,0.00012406118912622333,0.03245324641466141,0.04346996173262596
15880,0.48946502804756165,0.3235374987125397,0.1866035759449005,0.192564457654953,0.09622596949338913,0.14078262448310852,0.08610325306653976,0.00012952217366546392,0.03266308084130287,0.042758308351039886
15900,0.48947635293006897,0.3235973119735718,0.18667975068092346,0.19268733263015747,0.09625866264104843,0.14088457822799683,0.08619187772274017,0.00013385844067670405,0.033141497522592545,0.04317265748977661
15920,0.4894663989543915,0.32381880283355713,0.18683023750782013,0.192722350358963,0.09633301943540573,0.14093036949634552,0.08620763570070267,0.0001396436564391479,0.03349814936518669,0.042480893433094025
15940,0.4895048141479492,0.3239281177520752,0.18699471652507782,0.19279582798480988,0.0963902547955513,0.1410401612520218,0.08623150736093521,0.0001473230659030378,0.03437737375497818,0.04501178860664368
15960,0.4896794557571411,0.3240135610103607,0.18705889582633972,0.19288690388202667,0.09643983095884323,0.14113934338092804,0.0862697884440422,0.00015096247079782188,0.03389232978224754,0.04316440224647522
15980,0.4897943139076233,0.3241569399833679,0.1871814727783203,0.19297201931476593,0.09650427103042603,0.14119064807891846,0.08630673587322235,0.00016125878028105944,0.033398810774087906,0.04308818280696869
16000,0.4899636209011078,0.3242158591747284,0.18731950223445892,0.19305531680583954,0.0965910255908966,0.1413033902645111,0.08633684366941452,0.00016158216749317944,0.03314787149429321,0.04313931241631508
16020,0.4900301992893219,0.3243928551673889,0.1874309927225113,0.19306249916553497,0.09662862867116928,0.14137861132621765,0.08642289787530899,0.00016878648602869362,0.033502962440252304,0.043223802000284195
16040,0.49006277322769165,0.32446324825286865,0.18752294778823853,0.19315172731876373,0.09668636322021484,0.1414586752653122,0.08644741773605347,0.00017148154438473284,0.035051483660936356,0.04330844432115555
16060,0.4902260899543762,0.3245850205421448,0.1876153200864792,0.19320520758628845,0.09674190729856491,0.14154131710529327,0.08647269010543823,0.0001825224608182907,0.03320835158228874,0.04439082741737366
16080,0.4902989864349365,0.32472044229507446,0.18775135278701782,0.19328029453754425,0.09681359678506851,0.14161425828933716,0.0865071564912796,0.00018912322411779314,0.03282906487584114,0.04497455060482025
16100,0.4904254078865051,0.3248252868652344,0.18785731494426727,0.1933792531490326,0.09687413275241852,0.14170946180820465,0.08655425161123276,0.0001967077550943941,0.03245700150728226,0.0425771027803421
16120,0.49047765135765076,0.3249206244945526,0.18796683847904205,0.19342480599880219,0.09694647043943405,0.14178617298603058,0.08656581491231918,0.00020143510482739657,0.03391095995903015,0.04327680170536041
16140,0.4904303550720215,0.3250689208507538,0.1880902349948883,0.19358494877815247,0.09701529145240784,0.14186520874500275,0.08659586310386658,0.0002034754870692268,0.033026665449142456,0.04241248965263367
16160,0.4905174672603607,0.3251619338989258,0.18819831311702728,0.193590447306633,0.0970693826675415,0.14194023609161377,0.08666563779115677,0.0002084277948597446,0.03411717340350151,0.04234642907977104
16180,0.4906211793422699,0.3252478837966919,0.18828195333480835,0.19363978505134583,0.0971267819404602,0.14200089871883392,0.08671500533819199,0.00021298782667145133,0.03233081102371216,0.041999440640211105
16200,0.49074652791023254,0.32536670565605164,0.18839076161384583,0.19369512796401978,0.09719695150852203,0.14207656681537628,0.08674287050962448,0.0002150506479665637,0.03380076214671135,0.04377514123916626
16220,0.49075207114219666,0.3255022168159485,0.18849636614322662,0.19380973279476166,0.09722144901752472,0.14215928316116333,0.08680635690689087,0.0002203311159973964,0.0326167531311512,0.042572036385536194
16240,0.490996778011322,0.3256514370441437,0.18856607377529144,0.1938323974609375,0.09725304692983627,0.14223332703113556,0.08684580028057098,0.00022418209118768573,0.033605363219976425,0.04331720620393753
16260,0.49085482954978943,0.3257562816143036,0.18873092532157898,0.19386480748653412,0.09731215983629227,0.14232587814331055,0.0868782252073288,0.00022374806576408446,0.032969314604997635,0.04249203950166702
16280,0.49102142453193665,0.3258415460586548,0.18877868354320526,0.19392377138137817,0.09736740589141846,0.14242717623710632,0.08690924197435379,0.000227404321776703,0.03338060900568962,0.042737435549497604
16300,0.4910584092140198,0.32591813802719116,0.18888749182224274,0.1940094381570816,0.09740103781223297,0.1424940675497055,0.08693733811378479,0.0002328294940525666,0.03249024599790573,0.043232306838035583
16320,0.49111801385879517,0.32610416412353516,0.18902401626110077,0.1940803825855255,0.09747765958309174,0.14254005253314972,0.0869535505771637,0.00023023098765406758,0.03364396467804909,0.04321204870939255
16340,0.4911458194255829,0.3261619210243225,0.1891409456729889,0.19415289163589478,0.09754903614521027,0.14264324307441711,0.08698273450136185,0.00023722113110125065,0.03314054384827614,0.042132578790187836
16360,0.4911932349205017,0.3262718617916107,0.18920272588729858,0.19422858953475952,0.09761641919612885,0.14269720017910004,0.08699594438076019,0.00024580745957791805,0.03481192886829376,0.044824253767728806
16380,0.49137112498283386,0.3263947665691376,0.18942566215991974,0.19427074491977692,0.09764064103364944,0.14276403188705444,0.08704239130020142,0.0002526221505831927,0.03345523774623871,0.0442657507956028
16400,0.49152782559394836,0.3265164792537689,0.18956086039543152,0.19428054988384247,0.09772507846355438,0.1428266018629074,0.08707835525274277,0.00025286947493441403,0.03377554565668106,0.04370277002453804
16420,0.4916200339794159,0.3266306519508362,0.18968015909194946,0.19437676668167114,0.09777913242578506,0.14289401471614838,0.08713651448488235,0.0002578152052592486,0.03170196712017059,0.04245699569582939
16440,0.4915499985218048,0.32674479484558105,0.18970489501953125,0.19453366100788116,0.09786273539066315,0.14300937950611115,0.08718065172433853,0.00026540347607806325,0.0328528955578804,0.04238075017929077
16460,0.49150148034095764,0.3268519937992096,0.1898288130760193,0.1945723295211792,0.0979313999414444,0.14306165277957916,0.0872211828827858,0.000269949872745201,0.03426060453057289,0.04336558282375336
16480,0.4917752146720886,0.3270140290260315,0.18995937705039978,0.1946074664592743,0.09800387918949127,0.14316023886203766,0.08724337816238403,0.0002722923818510026,0.034987907856702805,0.042437564581632614
16500,0.4920703172683716,0.3270888030529022,0.190049946308136,0.1947636753320694,0.09803269803524017,0.14325691759586334,0.08727143704891205,0.00027448227046988904,0.03403642028570175,0.04223334416747093
16520,0.49200308322906494,0.3272029161453247,0.19016920030117035,0.19478629529476166,0.09811343997716904,0.14334073662757874,0.08732884377241135,0.0002830859157256782,0.03373929113149643,0.04226241260766983
16540,0.49230629205703735,0.3272157311439514,0.1902206987142563,0.19482523202896118,0.09815686196088791,0.14341381192207336,0.08736478537321091,0.0002865792193915695,0.03328369930386543,0.04330381751060486
16560,0.4921007752418518,0.327475905418396,0.19039765000343323,0.1949300765991211,0.09823767095804214,0.14347483217716217,0.0873846635222435,0.0002914396463893354,0.03270402550697327,0.042220380157232285
16580,0.4920737147331238,0.32756224274635315,0.1904626041650772,0.19501088559627533,0.09827949851751328,0.14352405071258545,0.08739851415157318,0.0002894597128033638,0.03177894651889801,0.04195631667971611
16600,0.49219807982444763,0.3276676535606384,0.1905622035264969,0.19504308700561523,0.09833937138319016,0.14362651109695435,0.08747245371341705,0.00029509785235859454,0.034263428300619125,0.042064275592565536
16620,0.49229666590690613,0.3276858627796173,0.19062098860740662,0.1951298862695694,0.09838809818029404,0.14368465542793274,0.08748933672904968,0.0002993086236529052,0.03318899869918823,0.04315599054098129
16640,0.492383748292923,0.32778191566467285,0.19078029692173004,0.19518882036209106,0.09843683242797852,0.1437547206878662,0.08750209212303162,0.00030488689662888646,0.033387064933776855,0.042418401688337326
16660,0.4923829138278961,0.3279294967651367,0.19089029729366302,0.19523589313030243,0.0984930694103241,0.14382803440093994,0.08754245191812515,0.0003029161598533392,0.03443827107548714,0.042537614703178406
16680,0.4924672245979309,0.327980637550354,0.19099903106689453,0.19529132544994354,0.09852371364831924,0.1438896656036377,0.08760181069374084,0.000300486950436607,0.03273125737905502,0.0416860431432724
16700,0.4926066994667053,0.32814785838127136,0.19108514487743378,0.19535386562347412,0.0986015722155571,0.14395631849765778,0.08761900663375854,0.0003049075894523412,0.033526331186294556,0.042408235371112823
16720,0.4926791787147522,0.3282316029071808,0.19125178456306458,0.19545939564704895,0.0986625999212265,0.14400608837604523,0.08764562755823135,0.00031643858528696,0.03352976590394974,0.04264581575989723
16740,0.4927750825881958,0.32841482758522034,0.19137628376483917,0.19553889334201813,0.09869623184204102,0.1440691202878952,0.08763476461172104,0.00031919736647978425,0.03394376114010811,0.0429442897439003
16760,0.4928782880306244,0.32856765389442444,0.19153228402137756,0.19559799134731293,0.0987304076552391,0.1441478282213211,0.08770982921123505,0.00032191287027671933,0.03191087022423744,0.04250989854335785
16780,0.4928506016731262,0.3287092447280884,0.19165803492069244,0.1956556886434555,0.09879868477582932,0.1441856175661087,0.08774080872535706,0.00032749390811659396,0.03253405913710594,0.0419851616024971
16800,0.4928939938545227,0.32877442240715027,0.1917312890291214,0.19567449390888214,0.0988774299621582,0.1442645788192749,0.08779151737689972,0.0003294331836514175,0.03289901092648506,0.04220570996403694
16820,0.4927529990673065,0.3289428651332855,0.1918889582157135,0.19574382901191711,0.09894996136426926,0.14431187510490417,0.0878320187330246,0.00033883939613588154,0.0352478064596653,0.043067093938589096
16840,0.49300530552864075,0.32897064089775085,0.19196413457393646,0.1958034336566925,0.09901494532823563,0.14439602196216583,0.08788102120161057,0.00034608194255270064,0.031361207365989685,0.04274411499500275
16860,0.49314242601394653,0.32914793491363525,0.19201526045799255,0.19584424793720245,0.09902975708246231,0.14446288347244263,0.08795010298490524,0.0003500204475130886,0.032243844121694565,0.04203348234295845
16880,0.4933466911315918,0.32916656136512756,0.19212131202220917,0.19586333632469177,0.09910016506910324,0.14455866813659668,0.08795712888240814,0.00035950791789218783,0.032091882079839706,0.042454272508621216
16900,0.493454247713089,0.3292803466320038,0.19221705198287964,0.19594146311283112,0.0991392508149147,0.14461669325828552,0.08797495812177658,0.00036050472408533096,0.03272736817598343,0.042386844754219055
16920,0.49360391497612,0.32939067482948303,0.19229869544506073,0.19602377712726593,0.09917109459638596,0.14468514919281006,0.08801684528589249,0.00036486313911154866,0.032170768827199936,0.04250656068325043
16940,0.49356183409690857,0.3295172154903412,0.19247421622276306,0.19609008729457855,0.09923984110355377,0.1447540819644928,0.08806493878364563,0.0003731449251063168,0.0323660671710968,0.041689421981573105
16960,0.49364104866981506,0.32953253388404846,0.19251619279384613,0.19617800414562225,0.09927717596292496,0.14482633769512177,0.0881088376045227,0.0003765701549127698,0.03298584744334221,0.04179740697145462
16980,0.4937399923801422,0.3296179473400116,0.19260042905807495,0.19621865451335907,0.09932374209165573,0.14487822353839874,0.08812674134969711,0.00038894274621270597,0.031673841178417206,0.04251667484641075
17000,0.49370384216308594,0.32971593737602234,0.19270673394203186,0.1963510811328888,0.09938813000917435,0.14497701823711395,0.08817902952432632,0.0003933653060812503,0.03190644457936287,0.04222594574093819
17020,0.49386537075042725,0.3297651410102844,0.19283133745193481,0.19642387330532074,0.0994410589337349,0.14508232474327087,0.08820895105600357,0.00040094961877912283,0.03285488113760948,0.04268141835927963
17040,0.4938831031322479,0.33001866936683655,0.192956805229187,0.19645966589450836,0.09950274974107742,0.14511661231517792,0.08824769407510757,0.0004077322082594037,0.03195221722126007,0.043347619473934174
17060,0.4939638674259186,0.33002224564552307,0.19302183389663696,0.19653280079364777,0.09955324232578278,0.14521344006061554,0.08827454596757889,0.0004146714345552027,0.0323437936604023,0.041458263993263245
17080,0.4940794110298157,0.3301328420639038,0.19310888648033142,0.1965852826833725,0.09960408508777618,0.14526928961277008,0.08832905441522598,0.00042002773261629045,0.031911451369524,0.04174617677927017
17100,0.4940861761569977,0.33024862408638,0.19319142401218414,0.1966446191072464,0.09967517107725143,0.14533407986164093,0.08835381269454956,0.00042182349716313183,0.03207030147314072,0.0426187738776207
17120,0.4942284822463989,0.3303306996822357,0.19326747953891754,0.196713387966156,0.09974756836891174,0.1453908383846283,0.08836530148983002,0.00042565708281472325,0.03249109536409378,0.04323844611644745
17140,0.49439775943756104,0.3304346203804016,0.19342245161533356,0.1967642903327942,0.09981804341077805,0.14545176923274994,0.08841302245855331,0.0004288669442757964,0.03260776400566101,0.04283296316862106
17160,0.49435338377952576,0.33052846789360046,0.1935502290725708,0.1968192160129547,0.09985784441232681,0.1455053985118866,0.08842526376247406,0.000431864958954975,0.03267673775553703,0.04290353134274483
17180,0.4945334792137146,0.33061185479164124,0.1936017870903015,0.1969171017408371,0.09992314130067825,0.14560149610042572,0.0884232372045517,0.0004392087575979531,0.03189457952976227,0.042142003774642944
17200,0.49453872442245483,0.33067357540130615,0.19369618594646454,0.196974977850914,0.0999385192990303,0.1456587314605713,0.08848560601472855,0.000440959440311417,0.0330183207988739,0.04474284127354622
17220,0.49498122930526733,0.33074069023132324,0.19374927878379822,0.1970258206129074,0.10003640502691269,0.14576084911823273,0.08851519227027893,0.0004410491092130542,0.03316740691661835,0.04330969974398613
17240,0.4948618412017822,0.3310374319553375,0.1939648985862732,0.19712191820144653,0.10009893774986267,0.14579924941062927,0.08857163786888123,0.00044985651038587093,0.03117339126765728,0.043223969638347626
17260,0.49482935667037964,0.3311668634414673,0.19407804310321808,0.19716960191726685,0.10012121498584747,0.14586269855499268,0.08857658505439758,0.00044799427269026637,0.03240204229950905,0.04394175857305527
17280,0.49484530091285706,0.33118823170661926,0.19419358670711517,0.1972169280052185,0.10018821805715561,0.1459486335515976,0.08859814703464508,0.00045097802649252117,0.03182685375213623,0.04256948456168175
17300,0.4949388802051544,0.33127331733703613,0.19429706037044525,0.19727331399917603,0.10025733709335327,0.14604195952415466,0.08864022046327591,0.00046099579776637256,0.03391091525554657,0.04227341338992119
17320,0.4949072003364563,0.33144769072532654,0.19441550970077515,0.1973586529493332,0.10028091818094254,0.1460457146167755,0.08866294473409653,0.0004659840778913349,0.03165369853377342,0.04219581186771393
17340,0.4951193332672119,0.33147966861724854,0.19445213675498962,0.19737397134304047,0.10033506900072098,0.14610697329044342,0.088686004281044,0.0004687687032856047,0.03064425103366375,0.04241541773080826
17360,0.49515581130981445,0.3316152095794678,0.1945776641368866,0.19748136401176453,0.10036387294530869,0.1461753249168396,0.08870642632246017,0.0004724087193608284,0.03267817199230194,0.042310044169425964
17380,0.49523961544036865,0.3317635953426361,0.1947188526391983,0.19755367934703827,0.10045058280229568,0.14625751972198486,0.08871851116418839,0.0004765158228110522,0.03180694207549095,0.04367191344499588
17400,0.49541735649108887,0.33185717463493347,0.19479429721832275,0.197564035654068,0.10047846287488937,0.1463460773229599,0.08877024054527283,0.0004839360190089792,0.03178400173783302,0.04265903681516647
17420,0.4955567419528961,0.3319251537322998,0.1948641687631607,0.19760362803936005,0.10054287314414978,0.1464270055294037,0.08878447115421295,0.0004942468367516994,0.032828036695718765,0.041699815541505814
17440,0.4955342710018158,0.33208468556404114,0.19498592615127563,0.19766898453235626,0.10058174282312393,0.14645931124687195,0.08883216977119446,0.0004918961203657091,0.031030312180519104,0.04211874306201935
17460,0.4954850375652313,0.33209195733070374,0.19509848952293396,0.19774141907691956,0.10064715892076492,0.14655829966068268,0.08887989073991776,0.0004992766189388931,0.030525129288434982,0.0414079874753952
17480,0.4954720735549927,0.3322731554508209,0.19519492983818054,0.19784927368164062,0.10068454593420029,0.14661218225955963,0.08891307562589645,0.0005061049596406519,0.03339650109410286,0.04296126589179039
17500,0.49566543102264404,0.3323250412940979,0.19525638222694397,0.19783642888069153,0.10073944926261902,0.14666596055030823,0.08891314268112183,0.0005060640396550298,0.03305000439286232,0.042533028870821
17520,0.49569395184516907,0.3324139714241028,0.19533489644527435,0.19794929027557373,0.10081165283918381,0.14675571024417877,0.08895257860422134,0.0005144440219737589,0.031608644872903824,0.04162498936057091
17540,0.49572300910949707,0.33260390162467957,0.19545409083366394,0.19800688326358795,0.10087357461452484,0.14680376648902893,0.08898317813873291,0.0005216816789470613,0.03314214572310448,0.042313747107982635
17560,0.49592941999435425,0.33258354663848877,0.19550107419490814,0.198107048869133,0.10088225454092026,0.14687545597553253,0.0890144556760788,0.0005320044001564384,0.03178210183978081,0.04395586997270584
17580,0.49608561396598816,0.33263856172561646,0.1955706775188446,0.19817659258842468,0.10094178467988968,0.14696207642555237,0.08903789520263672,0.0005381851806305349,0.031491123139858246,0.042604248970746994
17600,0.49597853422164917,0.33278730511665344,0.19567260146141052,0.1982334703207016,0.10098354518413544,0.1470496505498886,0.08906001597642899,0.0005435622297227383,0.031750742346048355,0.042679961770772934
17620,0.4960919916629791,0.33285027742385864,0.19582054018974304,0.19831259548664093,0.10103989392518997,0.147109255194664,0.08911360055208206,0.0005424665869213641,0.0310482457280159,0.041301365941762924
17640,0.49599844217300415,0.3330608606338501,0.19592911005020142,0.19838054478168488,0.10113013535737991,0.1471417099237442,0.08912940323352814,0.0005498735117726028,0.030072076246142387,0.04282009229063988
17660,0.49620306491851807,0.33302971720695496,0.19596147537231445,0.1983863264322281,0.1011662408709526,0.14721272885799408,0.08917894959449768,0.0005532755749300122,0.031421661376953125,0.04327422380447388
17680,0.49623462557792664,0.33319106698036194,0.19609038531780243,0.19847507774829865,0.10123862326145172,0.1472615897655487,0.08916786313056946,0.0005588961648754776,0.03173644468188286,0.04132828116416931
17700,0.49633970856666565,0.33323410153388977,0.1962001472711563,0.19848152995109558,0.10129635035991669,0.14732664823532104,0.0892464891076088,0.0005625549238175154,0.03236253559589386,0.043747082352638245
17720,0.49633848667144775,0.33330193161964417,0.1962747424840927,0.19856786727905273,0.10137653350830078,0.14739751815795898,0.08925100415945053,0.0005607698112726212,0.032166704535484314,0.04140832647681236
17740,0.49653854966163635,0.33335304260253906,0.1963385045528412,0.19866061210632324,0.10141372680664062,0.14749638736248016,0.08926878869533539,0.0005708746612071991,0.031730398535728455,0.04184612259268761
17760,0.49650922417640686,0.33343541622161865,0.19643060863018036,0.19873256981372833,0.10146762430667877,0.14750699698925018,0.08932822197675705,0.0005737781757488847,0.03151071071624756,0.041075319051742554
17780,0.4964185059070587,0.3336109220981598,0.19659246504306793,0.1987674981355667,0.10151326656341553,0.14757324755191803,0.08933543413877487,0.0005768588744103909,0.0319896899163723,0.0428655743598938
17800,0.4965066909790039,0.33367738127708435,0.19664739072322845,0.1988266557455063,0.10155094414949417,0.1476631909608841,0.08936905860900879,0.0005810809088870883,0.032571859657764435,0.04384571313858032
17820,0.4966318607330322,0.33385226130485535,0.19676026701927185,0.1988992840051651,0.10163836926221848,0.1477331966161728,0.08942048251628876,0.0005889979656785727,0.031403280794620514,0.04198642447590828
17840,0.496707558631897,0.3340160548686981,0.19694264233112335,0.19894111156463623,0.10169591754674911,0.14781682193279266,0.08946067839860916,0.0005900725955143571,0.03229456767439842,0.04356105998158455
17860,0.49685096740722656,0.334081768989563,0.19696961343288422,0.1989927440881729,0.10172760486602783,0.14789080619812012,0.08948219567537308,0.0006054272525943816,0.03302046284079552,0.04176679253578186
17880,0.496822327375412,0.33411237597465515,0.19712871313095093,0.1990693360567093,0.1017727330327034,0.1479620635509491,0.08953827619552612,0.0006155470618978143,0.033127859234809875,0.04181555658578873
17900,0.4970225989818573,0.3341931700706482,0.19716812670230865,0.19914856553077698,0.101824089884758,0.14802516996860504,0.08959141373634338,0.0006240886286832392,0.03126250579953194,0.0417986735701561
17920,0.497145414352417,0.3344328999519348,0.19728612899780273,0.19913820922374725,0.1018645241856575,0.14807045459747314,0.0896032378077507,0.0006268686265684664,0.032429248094558716,0.04290522262454033
17940,0.4972917139530182,0.33437860012054443,0.19739101827144623,0.19921621680259705,0.10190535336732864,0.14812198281288147,0.08966395258903503,0.0006358891841955483,0.03300280123949051,0.042122721672058105
17960,0.4972531795501709,0.33448171615600586,0.19749459624290466,0.1993171125650406,0.10198362171649933,0.14817577600479126,0.08970057219266891,0.0006421386497095227,0.03278946131467819,0.04193486273288727
17980,0.497461199760437,0.33462318778038025,0.19751586019992828,0.19939246773719788,0.1020548865199089,0.14822980761528015,0.08973249047994614,0.0006429350469261408,0.03221333771944046,0.041802387684583664
18000,0.49753621220588684,0.3347932696342468,0.19763119518756866,0.1994350552558899,0.10211023688316345,0.14826226234436035,0.08979196101427078,0.000651937210932374,0.03168216347694397,0.04150417074561119
18020,0.49755552411079407,0.33493271470069885,0.19767853617668152,0.19944056868553162,0.1021423414349556,0.1483450084924698,0.08980879932641983,0.000654621166177094,0.031127598136663437,0.042474955320358276
18040,0.49758514761924744,0.3349882662296295,0.19771432876586914,0.19950753450393677,0.10220859944820404,0.14842933416366577,0.08983456343412399,0.000658538774587214,0.03125758469104767,0.04125585779547691
18060,0.4976458251476288,0.33517441153526306,0.19789434969425201,0.1995350569486618,0.10225477814674377,0.14848288893699646,0.08987067639827728,0.0006604399532079697,0.030847379937767982,0.04191816970705986
18080,0.4975292384624481,0.3352855145931244,0.19800105690956116,0.19954930245876312,0.10229228436946869,0.14856141805648804,0.08990257233381271,0.000667490647174418,0.031452860683202744,0.04208452254533768
18100,0.4977123737335205,0.33528822660446167,0.19805680215358734,0.1996188759803772,0.1023530587553978,0.14862442016601562,0.08994834125041962,0.0006770482286810875,0.03107251413166523,0.041659191250801086
18120,0.49807485938072205,0.33537545800209045,0.19808757305145264,0.19963715970516205,0.102411188185215,0.14867046475410461,0.08994659036397934,0.0006819092086516321,0.032479945570230484,0.042612094432115555
18140,0.49794942140579224,0.3355593681335449,0.19828014075756073,0.19972163438796997,0.10245758295059204,0.14870494604110718,0.08999016135931015,0.000684359110891819,0.03194649890065193,0.0423470214009285
18160,0.4978499412536621,0.33569207787513733,0.19838541746139526,0.19980454444885254,0.10250796377658844,0.14882124960422516,0.08999614417552948,0.0006912370445206761,0.030718106776475906,0.04137624800205231
18180,0.4979429841041565,0.33571046590805054,0.19846005737781525,0.19984863698482513,0.1025744155049324,0.14887049794197083,0.09004761278629303,0.0006957732839509845,0.03267236426472664,0.04170072078704834
18200,0.4980596601963043,0.33583226799964905,0.19855967164039612,0.19992855191230774,0.10263965278863907,0.14893606305122375,0.09005995094776154,0.0007060501957312226,0.03242192789912224,0.042204827070236206
18220,0.4981710612773895,0.33590006828308105,0.1985575407743454,0.1999853402376175,0.10270483791828156,0.14902891218662262,0.09008333086967468,0.0007087679696269333,0.029901498928666115,0.04197946935892105
18240,0.49807795882225037,0.336047887802124,0.19868122041225433,0.19999198615550995,0.1027548685669899,0.14909909665584564,0.09013692289590836,0.0007138915243558586,0.031116116791963577,0.041164446622133255
18260,0.4983592629432678,0.3361279368400574,0.19870439171791077,0.2000826895236969,0.10279431194067001,0.14912739396095276,0.0901600643992424,0.0007179980748333037,0.031612612307071686,0.041265491396188736
18280,0.4983498156070709,0.33611157536506653,0.19879643619060516,0.20015785098075867,0.10284382849931717,0.1492093801498413,0.09018689393997192,0.0007183250272646546,0.03213488683104515,0.04144012928009033
18300,0.4983053207397461,0.33633702993392944,0.19891439378261566,0.20019520819187164,0.10289012640714645,0.14924387633800507,0.09020356833934784,0.0007189720636233687,0.031239675357937813,0.04277695342898369
18320,0.498370885848999,0.3363768458366394,0.1990257054567337,0.2002750188112259,0.10293090343475342,0.14930158853530884,0.09025176614522934,0.000724445388186723,0.03103574551641941,0.04195679724216461
18340,0.4984513819217682,0.3365815281867981,0.19911986589431763,0.20031294226646423,0.1029813140630722,0.1493632197380066,0.09027036279439926,0.0007263486622832716,0.032670967280864716,0.04288685321807861
18360,0.4987230896949768,0.3365485966205597,0.19912725687026978,0.20036505162715912,0.10305018723011017,0.1494341641664505,0.09031589329242706,0.0007337173447012901,0.03083694539964199,0.04239761456847191
18380,0.4985411465167999,0.3367416560649872,0.19922249019145966,0.20041225850582123,0.10309690982103348,0.1494840383529663,0.09035146236419678,0.0007347776554524899,0.031054239720106125,0.042486924678087234
18400,0.4987151324748993,0.33677276968955994,0.199301078915596,0.20051217079162598,0.10314584523439407,0.14956355094909668,0.09038574993610382,0.0007426179363392293,0.0314301997423172,0.0410330668091774
18420,0.49878594279289246,0.3369467556476593,0.19937185943126678,0.20056462287902832,0.10321412980556488,0.14961698651313782,0.09040980786085129,0.0007433464052155614,0.031035058200359344,0.04134247824549675
18440,0.4987941384315491,0.3370099663734436,0.1994684487581253,0.20061847567558289,0.10325116664171219,0.14966914057731628,0.09046006947755814,0.000754219654481858,0.03159160912036896,0.041637733578681946
18460,0.4988756775856018,0.3371604084968567,0.19957926869392395,0.200642928481102,0.10332359373569489,0.14973311126232147,0.09045244008302689,0.0007555215852335095,0.031619444489479065,0.04330096393823624
18480,0.49912574887275696,0.3371800482273102,0.1997016966342926,0.2007351666688919,0.10338214784860611,0.149780735373497,0.09050928056240082,0.0007646859739907086,0.034035637974739075,0.04158582538366318
18500,0.4991632103919983,0.33736225962638855,0.19978244602680206,0.20074109733104706,0.10341913253068924,0.14984865486621857,0.09055540710687637,0.0007707017357461154,0.030765363946557045,0.041850633919239044
18520,0.49921944737434387,0.3373911678791046,0.1998482346534729,0.2007869929075241,0.10348282009363174,0.14995162189006805,0.09055616706609726,0.0007774380501359701,0.03144475445151329,0.04198787361383438
18540,0.49940869212150574,0.33750954270362854,0.19994840025901794,0.20085985958576202,0.10350201278924942,0.1499893218278885,0.09058579802513123,0.0007828153320588171,0.031142089515924454,0.041482578963041306
18560,0.49937593936920166,0.3376196622848511,0.20005924999713898,0.20092202723026276,0.10355979949235916,0.15006203949451447,0.09064323455095291,0.00078943109838292,0.03220942243933678,0.04167383909225464
18580,0.49938374757766724,0.3377070724964142,0.20016810297966003,0.20096686482429504,0.10361757129430771,0.15012791752815247,0.09069228172302246,0.0007935796747915447,0.03332100808620453,0.04145985096693039
18600,0.4995259642601013,0.33783623576164246,0.200238898396492,0.2010020911693573,0.1036803349852562,0.15018139779567719,0.09071207046508789,0.000796013860963285,0.030415883287787437,0.04175075143575668
18620,0.4995476007461548,0.3378245532512665,0.20030029118061066,0.20105166733264923,0.10372842848300934,0.15022867918014526,0.09072303771972656,0.0008012372418306768,0.03176160529255867,0.0420282706618309
18640,0.49959656596183777,0.33795520663261414,0.2003180831670761,0.20112906396389008,0.10374023020267487,0.1503065675497055,0.09076698869466782,0.0008061995613388717,0.031169353052973747,0.0417778305709362
18660,0.49953049421310425,0.3380476236343384,0.20046985149383545,0.20117218792438507,0.10379324853420258,0.15034757554531097,0.09078575670719147,0.00081034837057814,0.03155425190925598,0.04169122874736786
18680,0.49967482686042786,0.33804431557655334,0.20049208402633667,0.20122076570987701,0.10383361577987671,0.15041492879390717,0.09078957140445709,0.0008213709224946797,0.029643461108207703,0.041681379079818726
18700,0.4995613694190979,0.3381574749946594,0.20061595737934113,0.20128214359283447,0.10387996584177017,0.1504647433757782,0.09083261340856552,0.0008295212755911052,0.03131875768303871,0.04200976341962814
18720,0.4997102916240692,0.3383377492427826,0.20070543885231018,0.20132669806480408,0.10391849279403687,0.1505354344844818,0.09085557609796524,0.0008310842677019536,0.0311286523938179,0.0418597012758255
18740,0.49976077675819397,0.33849477767944336,0.2008325606584549,0.20129020512104034,0.10394419729709625,0.1505734920501709,0.09090173989534378,0.0008327537798322737,0.031187085434794426,0.041466135531663895
18760,0.49967244267463684,0.3384384512901306,0.20090529322624207,0.20144808292388916,0.10400363057851791,0.15068693459033966,0.09094181656837463,0.0008430702146142721,0.03157096356153488,0.041480354964733124
18780,0.4998910129070282,0.3385668992996216,0.20094703137874603,0.20146703720092773,0.10405050218105316,0.15072330832481384,0.09095451980829239,0.0008457523654215038,0.030706899240612984,0.041568804532289505
18800,0.5000728964805603,0.33874040842056274,0.20109596848487854,0.2014973759651184,0.10409744083881378,0.15074925124645233,0.09096848219633102,0.0008530672057531774,0.030633287504315376,0.041715290397405624
18820,0.5000284910202026,0.33875730633735657,0.20113764703273773,0.20155201852321625,0.1041417345404625,0.1508135348558426,0.09102851152420044,0.0008545597665943205,0.03157544508576393,0.041253238916397095
18840,0.5000420212745667,0.3388819396495819,0.20122553408145905,0.20164836943149567,0.1041669175028801,0.15085993707180023,0.0910818949341774,0.0008648824878036976,0.030810656026005745,0.041198357939720154
18860,0.5003346800804138,0.33889588713645935,0.20123596489429474,0.20178355276584625,0.10423453897237778,0.15093733370304108,0.09108957648277283,0.0008732171263545752,0.0319339856505394,0.04421446844935417
18880,0.500279426574707,0.3390587568283081,0.20135988295078278,0.20178981125354767,0.10428038239479065,0.15100258588790894,0.09110920131206512,0.0008780795033089817,0.030636964365839958,0.04131067171692848
18900,0.5001518130302429,0.3390694558620453,0.20145286619663239,0.20186184346675873,0.10435713827610016,0.1510532647371292,0.09113970398902893,0.0008801635121926665,0.031845785677433014,0.04150097817182541
18920,0.5002090334892273,0.33916130661964417,0.20156089961528778,0.20187127590179443,0.10439510643482208,0.15111073851585388,0.09115371853113174,0.0008862724644131958,0.031455155462026596,0.041748374700546265
18940,0.5003190040588379,0.3391980826854706,0.20154692232608795,0.20194415748119354,0.1044541448354721,0.15117713809013367,0.09121580421924591,0.0008905679569579661,0.03197278827428818,0.04204430803656578
18960,0.5004248023033142,0.3392373025417328,0.2016402631998062,0.20200227200984955,0.10450718551874161,0.1512337625026703,0.0912519246339798,0.0009046486811712384,0.031940605491399765,0.04197418689727783
18980,0.500333309173584,0.33941009640693665,0.20174521207809448,0.20200374722480774,0.10454300045967102,0.15130499005317688,0.09125301986932755,0.0009086616919375956,0.029961194843053818,0.04105527326464653
19000,0.500484049320221,0.339389443397522,0.20177489519119263,0.2020663321018219,0.10462624579668045,0.15136831998825073,0.09127873182296753,0.0009183106012642384,0.03175331652164459,0.04285036027431488
19020,0.5006213188171387,0.3394332528114319,0.20194478332996368,0.20212920010089874,0.10467672348022461,0.15144045650959015,0.09131292253732681,0.0009208381525240839,0.031194886192679405,0.042543116956949234
19040,0.5007284283638,0.3396739661693573,0.2020198255777359,0.20217840373516083,0.10472777485847473,0.15148745477199554,0.09130418300628662,0.000921665399800986,0.030565135180950165,0.041558846831321716
19060,0.5007973909378052,0.3397939205169678,0.20212386548519135,0.20225435495376587,0.10478410124778748,0.15153229236602783,0.09132274240255356,0.0009208192932419479,0.03082079067826271,0.04201632738113403
19080,0.5008059144020081,0.339824378490448,0.20218397676944733,0.20228856801986694,0.1048336997628212,0.15161645412445068,0.09135601669549942,0.0009289782028645277,0.030663752928376198,0.041638825088739395
19100,0.5009312629699707,0.3399010896682739,0.20225274562835693,0.202328622341156,0.10488709807395935,0.15164326131343842,0.09142936766147614,0.0009344459394924343,0.0307439137250185,0.04306527227163315
19120,0.5007585287094116,0.3400510847568512,0.20237873494625092,0.20240584015846252,0.10491260886192322,0.15173639357089996,0.09142976999282837,0.0009425703319720924,0.03141159936785698,0.04114826023578644
19140,0.50102299451828,0.3401111960411072,0.202442929148674,0.20235808193683624,0.10493965446949005,0.15180431306362152,0.09144047647714615,0.0009447911288589239,0.03032122179865837,0.041280124336481094
19160,0.5010306239128113,0.3401855230331421,0.20254583656787872,0.20247432589530945,0.10498072952032089,0.15186141431331635,0.09146362543106079,0.0009507026406936347,0.031152909621596336,0.041484907269477844
19180,0.5010437965393066,0.340318500995636,0.20264029502868652,0.20246610045433044,0.10503950715065002,0.1519036591053009,0.09151538461446762,0.0009525628993287683,0.030507398769259453,0.042582135647535324
19200,0.5010620951652527,0.34036770462989807,0.20273813605308533,0.20253920555114746,0.10509590804576874,0.1519617885351181,0.09154310077428818,0.0009609833359718323,0.03452729061245918,0.043043047189712524
19220,0.5012466311454773,0.34046629071235657,0.2027565985918045,0.20253105461597443,0.10515521466732025,0.15202587842941284,0.09156287461519241,0.000970481603872031,0.03145644813776016,0.04210708290338516
19240,0.501218855381012,0.3405977487564087,0.202928364276886,0.20258614420890808,0.10521560162305832,0.15207304060459137,0.09158661961555481,0.0009794606594368815,0.03116566501557827,0.04169260337948799
19260,0.5012934803962708,0.34066078066825867,0.20301730930805206,0.2026629000902176,0.10526151210069656,0.15215365588665009,0.09165915846824646,0.0009840065613389015,0.03125403821468353,0.04132605344057083
19280,0.5014240741729736,0.3406659960746765,0.2029886394739151,0.20270046591758728,0.10529135167598724,0.1521960198879242,0.09167695045471191,0.0009922381723299623,0.03126126155257225,0.040629010647535324
19300,0.5013391375541687,0.34083330631256104,0.20312784612178802,0.20276279747486115,0.10534253716468811,0.15226618945598602,0.09166985005140305,0.0009953865082934499,0.03050428070127964,0.041102007031440735
19320,0.5014340281486511,0.3408547639846802,0.20318539440631866,0.20276477932929993,0.10539328306913376,0.15233659744262695,0.09171493351459503,0.0010018685134127736,0.03060675971210003,0.041733190417289734
19340,0.501401960849762,0.3409518599510193,0.20332275331020355,0.2028205692768097,0.10546883195638657,0.15236519277095795,0.0917326956987381,0.0010077921906486154,0.030845072120428085,0.04155608266592026
19360,0.5014445781707764,0.3410581052303314,0.20344363152980804,0.20291657745838165,0.10550163686275482,0.15241387486457825,0.091755211353302,0.001013851840980351,0.029750129207968712,0.04158683121204376
19380,0.5016468167304993,0.34104862809181213,0.20344901084899902,0.2029678076505661,0.10555926710367203,0.15248484909534454,0.091763935983181,0.0010223574936389923,0.030258532613515854,0.04186275601387024
19400,0.5015994906425476,0.3413383364677429,0.20363624393939972,0.2030152678489685,0.10560864955186844,0.1525195837020874,0.09177085012197495,0.0010241647250950336,0.030091077089309692,0.04337666556239128
19420,0.5017316937446594,0.3412856161594391,0.20366747677326202,0.20308619737625122,0.10565727949142456,0.15262344479560852,0.09181945770978928,0.0010347426868975163,0.030948808416724205,0.04092559590935707
19440,0.5017359852790833,0.3414456844329834,0.2037934809923172,0.203116774559021,0.10568603128194809,0.15266475081443787,0.09182196110486984,0.0010392930125817657,0.03072153590619564,0.04110770672559738
19460,0.5019371509552002,0.3414810597896576,0.20379945635795593,0.20316997170448303,0.1057380810379982,0.1527293175458908,0.09184753894805908,0.001036764937452972,0.030347608029842377,0.04158317297697067
19480,0.5019612312316895,0.3416660726070404,0.20395469665527344,0.203245609998703,0.10576484352350235,0.15276096761226654,0.09186876565217972,0.0010388839291408658,0.030403321608901024,0.04088166728615761
19500,0.5017921924591064,0.34169435501098633,0.20395570993423462,0.20324334502220154,0.10584057122468948,0.15287312865257263,0.09187522530555725,0.0010462845675647259,0.030960839241743088,0.04164750874042511
19520,0.5018067955970764,0.34181109070777893,0.20410090684890747,0.2033074051141739,0.10586265474557877,0.15290983021259308,0.0919061154127121,0.0010466423118487,0.03044869564473629,0.04066915065050125
19540,0.5019655823707581,0.34188568592071533,0.2041417509317398,0.20335376262664795,0.10591842979192734,0.15295836329460144,0.09192091226577759,0.0010529165156185627,0.029457025229930878,0.0412614531815052
19560,0.5021081566810608,0.3420068323612213,0.20428575575351715,0.2033839076757431,0.10599254816770554,0.1530158370733261,0.09192968159914017,0.0010594911873340607,0.031063560396432877,0.0427163802087307
19580,0.5023472309112549,0.34199729561805725,0.2043001800775528,0.203453928232193,0.10602696985006332,0.15307572484016418,0.0919458195567131,0.001055736094713211,0.0300467349588871,0.041560787707567215
19600,0.5023106336593628,0.34204426407814026,0.20438560843467712,0.2035486400127411,0.10608741641044617,0.15310795605182648,0.0919964611530304,0.001057096989825368,0.030404776334762573,0.04111804440617561
19620,0.5022969841957092,0.3421870172023773,0.20451943576335907,0.20361492037773132,0.10616368800401688,0.15315034985542297,0.09203960746526718,0.0010623966809362173,0.02962392196059227,0.042166534811258316
19640,0.5023964047431946,0.34230348467826843,0.204546719789505,0.20367708802223206,0.10619757324457169,0.15319982171058655,0.09205085784196854,0.0010642744600772858,0.02987062744796276,0.041346050798892975
19660,0.5022919774055481,0.3423748314380646,0.20462515950202942,0.2037941962480545,0.10623565316200256,0.15323476493358612,0.0920681357383728,0.0010683536529541016,0.02944457344710827,0.04159112274646759
19680,0.5023955702781677,0.3424064517021179,0.20467227697372437,0.20380949974060059,0.10629479587078094,0.15333078801631927,0.09210873395204544,0.0010723237646743655,0.03057418204843998,0.04159252345561981
19700,0.5024643540382385,0.3425249457359314,0.2047671228647232,0.20390288531780243,0.10636899620294571,0.1533757746219635,0.09214140474796295,0.001074364292435348,0.03060351498425007,0.04184482619166374
19720,0.5024842023849487,0.34259340167045593,0.20484033226966858,0.20395539700984955,0.10641583800315857,0.15345442295074463,0.09216663986444473,0.0010877089807763696,0.029838502407073975,0.04196722060441971
19740,0.5025733709335327,0.34263965487480164,0.2049092948436737,0.20399436354637146,0.10645044595003128,0.15350013971328735,0.09221066534519196,0.001088049728423357,0.029546227306127548,0.04071609675884247
19760,0.502568781375885,0.3427905738353729,0.20501790940761566,0.2040559947490692,0.10649590939283371,0.15352509915828705,0.09221804141998291,0.0010930447606369853,0.030095627531409264,0.04131826013326645
19780,0.5025373697280884,0.3428535461425781,0.20508374273777008,0.2040775865316391,0.10654336214065552,0.15357272326946259,0.09221946448087692,0.0010985637782141566,0.029917119070887566,0.04172632843255997
19800,0.5027546882629395,0.3429426848888397,0.20512790977954865,0.20412787795066833,0.10659948736429214,0.15362969040870667,0.09225897490978241,0.0011057843221351504,0.0290738046169281,0.041695091873407364
19820,0.5029213428497314,0.34298089146614075,0.20517367124557495,0.2041902244091034,0.10665097087621689,0.15367136895656586,0.09227786958217621,0.0011062100529670715,0.02997179888188839,0.04175823554396629
19840,0.5027944445610046,0.3431255519390106,0.20532934367656708,0.2042330801486969,0.10670575499534607,0.15367768704891205,0.09232373535633087,0.001113586244173348,0.02950681373476982,0.04263603687286377
19860,0.5030205845832825,0.3430861234664917,0.20534653961658478,0.20424500107765198,0.10672872513532639,0.15376172959804535,0.09234955161809921,0.001121277455240488,0.03125583007931709,0.042518701404333115
19880,0.5030107498168945,0.34326544404029846,0.20545026659965515,0.2042495161294937,0.10678693652153015,0.1538510024547577,0.09236867725849152,0.001125125214457512,0.030834339559078217,0.04193098470568657
19900,0.5031648874282837,0.34335070848464966,0.2055622786283493,0.20436006784439087,0.10683786123991013,0.15389804542064667,0.09240663796663284,0.001129926647990942,0.03032098151743412,0.04163609817624092
19920,0.5031769275665283,0.3434619903564453,0.20567095279693604,0.2043088972568512,0.10686029493808746,0.1539832502603531,0.09243623167276382,0.0011319423792883754,0.0312589593231678,0.04112143814563751
19940,0.5031049251556396,0.34351804852485657,0.20578186213970184,0.2043989896774292,0.10693224519491196,0.15403692424297333,0.09246619045734406,0.0011338317999616265,0.029805371537804604,0.04260173439979553
19960,0.5032433867454529,0.34360262751579285,0.2058129757642746,0.2044614553451538,0.10696232318878174,0.15408116579055786,0.09248194098472595,0.0011386374244466424,0.032151173800230026,0.04157181829214096
19980,0.5033807754516602,0.3436831831932068,0.20592433214187622,0.20449143648147583,0.10703578591346741,0.15415765345096588,0.0924983099102974,0.0011425145203247666,0.030838869512081146,0.04210836812853813
20000,0.503201961517334,0.34381571412086487,0.2060268521308899,0.20454123616218567,0.10705959796905518,0.15420912206172943,0.0925208255648613,0.0011520535917952657,0.03155061975121498,0.04136638343334198
20020,0.503398597240448,0.3437836468219757,0.2060386836528778,0.2046169489622116,0.1071118488907814,0.15429651737213135,0.09253576397895813,0.0011555029777809978,0.03083699382841587,0.040845733135938644
20040,0.5034776329994202,0.34394553303718567,0.2061302363872528,0.2046363353729248,0.10716044902801514,0.15432395040988922,0.09257878363132477,0.001156700192950666,0.03006124310195446,0.041593216359615326
20060,0.5034916400909424,0.34396687150001526,0.20615381002426147,0.20471106469631195,0.10719886422157288,0.15438389778137207,0.09258370846509933,0.0011656556744128466,0.030586065724492073,0.04142744839191437
20080,0.5035476684570312,0.34408992528915405,0.2062288522720337,0.20474563539028168,0.10725009441375732,0.15441268682479858,0.09264494478702545,0.001169591792859137,0.02987435646355152,0.041237011551856995
20100,0.5036397576332092,0.34420549869537354,0.20628392696380615,0.20479418337345123,0.10730855911970139,0.1544462889432907,0.09265436977148056,0.0011826477712020278,0.02901219204068184,0.040749792009592056
20120,0.503574550151825,0.3443461060523987,0.2064075469970703,0.20490571856498718,0.10734599828720093,0.15448467433452606,0.09265582263469696,0.001182248815894127,0.031070008873939514,0.041539981961250305
20140,0.5037685036659241,0.3443979322910309,0.2064482718706131,0.20496201515197754,0.10740775614976883,0.15454420447349548,0.09267447143793106,0.0011863220715895295,0.02946707233786583,0.04150184988975525
20160,0.5037757754325867,0.3444966673851013,0.20656907558441162,0.20502950251102448,0.10746216028928757,0.15462419390678406,0.09268639981746674,0.0011868749279528856,0.029623523354530334,0.041450224816799164
20180,0.5039554834365845,0.3445320129394531,0.2066919356584549,0.2050456553697586,0.1075085923075676,0.1546768695116043,0.09274613857269287,0.0011939313262701035,0.030886033549904823,0.04190918803215027
20200,0.5038631558418274,0.34460413455963135,0.20677794516086578,0.2050950825214386,0.10758624225854874,0.15472686290740967,0.09276946634054184,0.0011988758342340589,0.029437128454446793,0.040733471512794495
20220,0.5040033459663391,0.34471574425697327,0.2068340927362442,0.20514225959777832,0.10763401538133621,0.154807448387146,0.09278462827205658,0.001207267283461988,0.03071730025112629,0.04155457019805908
20240,0.5039932727813721,0.34477633237838745,0.20688331127166748,0.20518998801708221,0.10767365992069244,0.1548488289117813,0.09280380606651306,0.0012106478679925203,0.03024553880095482,0.040977828204631805
20260,0.5040013194084167,0.34489911794662476,0.20695626735687256,0.20522640645503998,0.10773332417011261,0.1548737734556198,0.09282568842172623,0.0012155019212514162,0.029605379328131676,0.04178944602608681
20280,0.5039461255073547,0.3449600338935852,0.20706114172935486,0.20528964698314667,0.10778015851974487,0.15494145452976227,0.09285665303468704,0.0012206404935568571,0.029041802510619164,0.04122655838727951
20300,0.503994345664978,0.3449854254722595,0.20710541307926178,0.20528154075145721,0.10784701257944107,0.1550128161907196,0.09286509454250336,0.0012191340792924166,0.02982402592897415,0.04097368195652962
20320,0.5042390823364258,0.34506818652153015,0.2071416676044464,0.20533941686153412,0.10786674171686172,0.15504252910614014,0.0929015651345253,0.0012281168019399047,0.03232326731085777,0.04155196622014046
20340,0.5042036175727844,0.34515076875686646,0.2072218805551529,0.20540738105773926,0.10787376761436462,0.15508314967155457,0.09291331470012665,0.0012330719036981463,0.03212927281856537,0.040710676461458206
20360,0.5043272376060486,0.34524545073509216,0.207284614443779,0.20543062686920166,0.10794245451688766,0.15513651072978973,0.09290918707847595,0.0012354603968560696,0.030639497563242912,0.0407651849091053
20380,0.5045193433761597,0.34531089663505554,0.20728406310081482,0.205500066280365,0.10796003043651581,0.1552247405052185,0.09294921904802322,0.0012428879272192717,0.030127599835395813,0.041415438055992126
20400,0.5044142603874207,0.3453901708126068,0.2073938399553299,0.20551607012748718,0.10799609124660492,0.15527988970279694,0.09297459572553635,0.001247974345460534,0.029853494837880135,0.041238151490688324
20420,0.5043753981590271,0.34554964303970337,0.20742931962013245,0.20555581152439117,0.10807030647993088,0.15532192587852478,0.09300800412893295,0.0012564320350065827,0.02881709486246109,0.04121151566505432
20440,0.5045918226242065,0.3455955386161804,0.20749735832214355,0.20558077096939087,0.10811029374599457,0.15537114441394806,0.09303150326013565,0.0012600179761648178,0.030305027961730957,0.04216930270195007
20460,0.5046597123146057,0.3457322120666504,0.2076227068901062,0.20564687252044678,0.10818172991275787,0.15543308854103088,0.09302574396133423,0.0012674005702137947,0.029164789244532585,0.04156196862459183
20480,0.5047146081924438,0.34591785073280334,0.20773127675056458,0.20572106540203094,0.10820690542459488,0.15547320246696472,0.09307075291872025,0.001278576091863215,0.0300042275339365,0.04293227195739746
20500,0.5047595500946045,0.34599819779396057,0.20783936977386475,0.20579546689987183,0.10825935006141663,0.15553604066371918,0.09306595474481583,0.0012880101567134261,0.03014264442026615,0.041143082082271576
20520,0.5047466158866882,0.3460158109664917,0.2078608125448227,0.20581305027008057,0.10828643292188644,0.15559840202331543,0.09307492524385452,0.0012923077447339892,0.029538583010435104,0.041110776364803314
20540,0.5049374103546143,0.34607118368148804,0.20796766877174377,0.20579993724822998,0.108345627784729,0.15565121173858643,0.09312530606985092,0.0012976956786587834,0.029326193034648895,0.04135240614414215
20560,0.5049383044242859,0.3461541533470154,0.20803116261959076,0.20586547255516052,0.10842674970626831,0.15570105612277985,0.09313634783029556,0.0013070724671706557,0.03074977546930313,0.041954826563596725
20580,0.5050196647644043,0.3462189733982086,0.20807352662086487,0.20591683685779572,0.10847518593072891,0.1557741016149521,0.09318162500858307,0.0013122832169756293,0.03040584735572338,0.04230858013033867
20600,0.5053048133850098,0.3463084399700165,0.2081543356180191,0.20593497157096863,0.10849524289369583,0.15580743551254272,0.09319405257701874,0.001313900458626449,0.031063547357916832,0.042965564876794815
20620,0.5053262114524841,0.3463687300682068,0.20817293226718903,0.20600229501724243,0.10853228718042374,0.15585236251354218,0.0932106301188469,0.0013157943030819297,0.029980676248669624,0.04183156415820122
20640,0.5052300095558167,0.3464154601097107,0.20830138027668,0.20605163276195526,0.10858472436666489,0.15592992305755615,0.09323523938655853,0.00131555728148669,0.028803367167711258,0.04171259328722954
20660,0.5053234696388245,0.34654128551483154,0.20835396647453308,0.2060459554195404,0.10864070057868958,0.15600040555000305,0.0932575911283493,0.0013231819029897451,0.030256662517786026,0.041906245052814484
20680,0.5051822662353516,0.34661808609962463,0.20840142667293549,0.2061031609773636,0.10867872089147568,0.1560496836900711,0.09328257292509079,0.0013271280331537127,0.029790014028549194,0.040705606341362
20700,0.5054816603660583,0.3466160297393799,0.2084195464849472,0.2061988264322281,0.10875687003135681,0.15605060756206512,0.09331178665161133,0.0013346803607419133,0.029728706926107407,0.04199780151247978
20720,0.5053764581680298,0.3467029631137848,0.20849695801734924,0.20622612535953522,0.10880979150533676,0.15613064169883728,0.09337034076452255,0.0013376763090491295,0.029088430106639862,0.04143053665757179
20740,0.5055034756660461,0.3468133509159088,0.20855127274990082,0.2062506079673767,0.10885794460773468,0.1561669558286667,0.0934050977230072,0.0013359278673306108,0.03127886727452278,0.04061313718557358
20760,0.5055574178695679,0.34694597125053406,0.20860622823238373,0.20632575452327728,0.10888388752937317,0.15621137619018555,0.09342192113399506,0.0013434934662654996,0.028792697936296463,0.04085675626993179
20780,0.5056370496749878,0.34700071811676025,0.20871621370315552,0.20635990798473358,0.10892835259437561,0.15626952052116394,0.09343124181032181,0.0013467365643009543,0.028867240995168686,0.042111314833164215
20800,0.5055004954338074,0.3471362590789795,0.20882847905158997,0.20643731951713562,0.10899227857589722,0.15632769465446472,0.09345854073762894,0.0013492291327565908,0.028422726318240166,0.04135818034410477
20820,0.505527138710022,0.3471859395503998,0.20886167883872986,0.20648851990699768,0.10902870446443558,0.1563410460948944,0.09349315613508224,0.0013521211221814156,0.029916973784565926,0.04130639135837555
20840,0.5056079030036926,0.3472221791744232,0.20891088247299194,0.20651191473007202,0.10907912254333496,0.15641464293003082,0.09350283443927765,0.0013593853218480945,0.030653994530439377,0.04081929475069046
20860,0.505586564540863,0.3472539782524109,0.2089807540178299,0.20658253133296967,0.10914343595504761,0.15644529461860657,0.09351496398448944,0.0013600824167951941,0.029896531254053116,0.04033626988530159
20880,0.5057075619697571,0.34734687209129333,0.2090778350830078,0.20658788084983826,0.10916246473789215,0.15650507807731628,0.09352295845746994,0.001361464150249958,0.027813229709863663,0.040203630924224854
20900,0.5056362152099609,0.34747514128685,0.20911891758441925,0.20660121738910675,0.10922464728355408,0.15653280913829803,0.09355217963457108,0.001363265560939908,0.028660310432314873,0.04206613823771477
20920,0.5058048963546753,0.34753769636154175,0.20918940007686615,0.20666344463825226,0.10928729921579361,0.15657798945903778,0.09359312802553177,0.0013713892549276352,0.030238786712288857,0.04151563346385956
20940,0.5057345032691956,0.3476687967777252,0.20929892361164093,0.20673620700836182,0.10934863239526749,0.15664468705654144,0.0936228334903717,0.0013735294342041016,0.03056928515434265,0.0422121025621891
20960,0.50603848695755,0.3477083444595337,0.20933179557323456,0.20676402747631073,0.10938086360692978,0.15667322278022766,0.09361439198255539,0.0013810319360345602,0.029480498284101486,0.042443085461854935
20980,0.5060335993766785,0.3477577865123749,0.20949342846870422,0.20681104063987732,0.10940895229578018,0.1567295342683792,0.09363039582967758,0.0013919267803430557,0.029925428330898285,0.041228778660297394
21000,0.5061783194541931,0.34793466329574585,0.2095736712217331,0.2067863494157791,0.10944001376628876,0.15676765143871307,0.09367100894451141,0.0013927863910794258,0.02947358787059784,0.04070453718304634
21020,0.5063395500183105,0.34793347120285034,0.20962828397750854,0.20683959126472473,0.1094873920083046,0.15683184564113617,0.09369958937168121,0.0013971918961033225,0.028647705912590027,0.04161159694194794
21040,0.5063991546630859,0.34798574447631836,0.20965321362018585,0.20684172213077545,0.10953856259584427,0.15690185129642487,0.09372831135988235,0.0014012560714036226,0.02929583750665188,0.04222279414534569
21060,0.5064311623573303,0.34824278950691223,0.20983995497226715,0.20687046647071838,0.10955344140529633,0.15692169964313507,0.09373518824577332,0.0014115168014541268,0.02941369079053402,0.04157106578350067
21080,0.5063226819038391,0.3482970595359802,0.2098718136548996,0.20694556832313538,0.10960777848958969,0.1569708287715912,0.0937613993883133,0.0014118680264800787,0.02965080365538597,0.041203346103429794
21100,0.5062897205352783,0.34834936261177063,0.20995154976844788,0.2070537805557251,0.10965488106012344,0.15701983869075775,0.09375673532485962,0.0014166742330417037,0.029481057077646255,0.04111631587147713
21120,0.5063921213150024,0.34835085272789,0.21004486083984375,0.2071107029914856,0.10972661525011063,0.15706394612789154,0.09378492832183838,0.0014257325092330575,0.030435319989919662,0.040762048214673996
21140,0.5064671039581299,0.34855830669403076,0.21012099087238312,0.20708133280277252,0.10975084453821182,0.15708783268928528,0.09379975497722626,0.0014272733824327588,0.030145585536956787,0.04095684364438057
21160,0.5063991546630859,0.34847790002822876,0.21012061834335327,0.207159623503685,0.1098005548119545,0.15712861716747284,0.09380210936069489,0.0014371356228366494,0.02828320488333702,0.04071646183729172
21180,0.5063306093215942,0.34860897064208984,0.21021664142608643,0.20719264447689056,0.10984621942043304,0.15717078745365143,0.09384224563837051,0.0014385196845978498,0.02865472622215748,0.040569156408309937
21200,0.5063230395317078,0.3487145006656647,0.21031758189201355,0.20723260939121246,0.10991580784320831,0.15724237263202667,0.09386523813009262,0.0014422772219404578,0.029509156942367554,0.040971994400024414
21220,0.5065615773200989,0.34872373938560486,0.21032598614692688,0.20727898180484772,0.1099497526884079,0.1572735458612442,0.09386379271745682,0.001447826623916626,0.028905462473630905,0.04095626622438431
21240,0.5066370368003845,0.34887146949768066,0.2104540467262268,0.20738521218299866,0.1100151389837265,0.15733136236667633,0.09388728439807892,0.0014497335068881512,0.029006795957684517,0.041455548256635666
21260,0.5065955519676208,0.3488893210887909,0.21053579449653625,0.2074347585439682,0.1100466400384903,0.1573895663022995,0.09390208125114441,0.0014530400512740016,0.02969743125140667,0.04086871072649956
21280,0.5066849589347839,0.3489646911621094,0.2106035202741623,0.20738142728805542,0.11007752269506454,0.1574285626411438,0.09395061433315277,0.0014606149634346366,0.029185883700847626,0.04123208671808243
21300,0.50685715675354,0.3490121364593506,0.21061331033706665,0.20739904046058655,0.1101466491818428,0.15750852227210999,0.0939771756529808,0.001461068750359118,0.029546324163675308,0.04064726084470749
21320,0.5069597363471985,0.3491014540195465,0.2107306867837906,0.20749442279338837,0.11021710932254791,0.15755631029605865,0.09398097544908524,0.0014630032237619162,0.028409810736775398,0.040677472949028015
21340,0.5069760680198669,0.3491690754890442,0.21083952486515045,0.2075125128030777,0.11021813005208969,0.15757456421852112,0.09401996433734894,0.001471707597374916,0.028910953551530838,0.040702685713768005
21360,0.5068404674530029,0.34930363297462463,0.21091584861278534,0.2075682133436203,0.1102844700217247,0.15763713419437408,0.09405655413866043,0.0014776678290218115,0.029196029528975487,0.040590833872556686
21380,0.5068655014038086,0.34934526681900024,0.21097442507743835,0.20754404366016388,0.11035649478435516,0.15769030153751373,0.09405671060085297,0.0014857493806630373,0.028902994468808174,0.04203386232256889
21400,0.50704026222229,0.3493726849555969,0.21105431020259857,0.2076164036989212,0.11036816239356995,0.1577215939760208,0.09408628195524216,0.0014934447826817632,0.02894236519932747,0.04027038812637329
21420,0.5070735216140747,0.3493962287902832,0.21108274161815643,0.20765388011932373,0.11041183769702911,0.1577543169260025,0.09409048408269882,0.0014955855440348387,0.029474129900336266,0.042300350964069366
21440,0.5073375701904297,0.34942761063575745,0.21115484833717346,0.20768103003501892,0.11044719070196152,0.15780384838581085,0.09408555924892426,0.0015038762940093875,0.028597885742783546,0.041492026299238205
21460,0.5072618722915649,0.3495410680770874,0.21124127507209778,0.2076999694108963,0.11049861460924149,0.15788589417934418,0.09410490840673447,0.0015073914546519518,0.029163923114538193,0.04061940312385559
21480,0.5071364045143127,0.34957385063171387,0.2113150954246521,0.2077541947364807,0.11054637283086777,0.15794998407363892,0.09414979815483093,0.0015088804066181183,0.02886115200817585,0.04065893590450287
21500,0.5073951482772827,0.3496929109096527,0.21137714385986328,0.20780687034130096,0.11058694869279861,0.15795521438121796,0.0941535234451294,0.0015161591582000256,0.030182527378201485,0.040845055133104324
21520,0.5073914527893066,0.34981444478034973,0.2114637941122055,0.2078436017036438,0.11064803600311279,0.15803712606430054,0.09418419748544693,0.00151612248737365,0.030009543523192406,0.042457159608602524
21540,0.5073564648628235,0.3498455882072449,0.21152935922145844,0.20793728530406952,0.11068542301654816,0.15806028246879578,0.09421315789222717,0.0015252655139192939,0.029901772737503052,0.040734563022851944
21560,0.5073249936103821,0.3499011695384979,0.21158698201179504,0.20800520479679108,0.11073935776948929,0.15811213850975037,0.09422457963228226,0.0015302336541935802,0.028316805139183998,0.041254669427871704
21580,0.5075588822364807,0.3500019311904907,0.21161384880542755,0.20803704857826233,0.11076648533344269,0.15812774002552032,0.09424713253974915,0.0015389963518828154,0.02752317674458027,0.04089375212788582
21600,0.50754314661026,0.35011720657348633,0.21173232793807983,0.20809124410152435,0.11080227792263031,0.1581755131483078,0.09428234398365021,0.0015412780921906233,0.028920946642756462,0.0402323417365551
21620,0.5077080726623535,0.3500601053237915,0.21171946823596954,0.20812271535396576,0.11084409803152084,0.1582707017660141,0.09432289749383926,0.001542517333291471,0.029810134321451187,0.04102528095245361
21640,0.5075413584709167,0.3502334654331207,0.21187695860862732,0.20812135934829712,0.11089777946472168,0.15833066403865814,0.0943683609366417,0.0015430456260219216,0.028228437528014183,0.04065927490592003
21660,0.5076247453689575,0.3503091335296631,0.21194329857826233,0.2081783562898636,0.11092089861631393,0.15834695100784302,0.09436649829149246,0.00154564727563411,0.028742367401719093,0.040474433451890945
21680,0.5076479315757751,0.35031694173812866,0.21197931468486786,0.20829088985919952,0.11098157614469528,0.15840119123458862,0.09436298161745071,0.0015530792297795415,0.029177824035286903,0.03984459862112999
21700,0.5077535510063171,0.3504311740398407,0.21203291416168213,0.2082747220993042,0.1110278069972992,0.15841250121593475,0.09439191967248917,0.0015597856836393476,0.028661198914051056,0.04059872403740883
21720,0.5079300403594971,0.350574791431427,0.2121170163154602,0.20831696689128876,0.11107271164655685,0.15846721827983856,0.0943845883011818,0.001557237934321165,0.028465941548347473,0.042518775910139084
21740,0.5080081820487976,0.3505970537662506,0.21215642988681793,0.20828260481357574,0.1111363023519516,0.1585439294576645,0.09439694136381149,0.0015681079821661115,0.028317639604210854,0.041022803634405136
21760,0.5079425573348999,0.35070568323135376,0.21227823197841644,0.2084062397480011,0.11121784895658493,0.15858887135982513,0.09444048255681992,0.0015688559506088495,0.029619455337524414,0.040799688547849655
21780,0.5081022381782532,0.3507218062877655,0.2123444378376007,0.20843543112277985,0.11122003197669983,0.1586417406797409,0.09448614716529846,0.001575795584358275,0.0288731399923563,0.04095759987831116
21800,0.5080814361572266,0.35082268714904785,0.21236436069011688,0.20854176580905914,0.11126956343650818,0.15869614481925964,0.09451322257518768,0.0015790860634297132,0.028470246121287346,0.04079496115446091
21820,0.5082212686538696,0.3508586287498474,0.21241867542266846,0.2085805982351303,0.1113131120800972,0.1587481051683426,0.09454680234193802,0.00158957380335778,0.028897102922201157,0.040664125233888626
21840,0.508327841758728,0.35088157653808594,0.2124842256307602,0.20862695574760437,0.11134540289640427,0.15877944231033325,0.09458626061677933,0.0015960898017510772,0.030668163672089577,0.040865540504455566
21860,0.5082440376281738,0.35105064511299133,0.2126266062259674,0.20864960551261902,0.11135706305503845,0.15878424048423767,0.09462536126375198,0.0015995847061276436,0.02813653275370598,0.04043670371174812
21880,0.508222222328186,0.3510321080684662,0.21271677315235138,0.20866701006889343,0.1114184781908989,0.15883997082710266,0.09463165700435638,0.001602212549187243,0.029995527118444443,0.04098925739526749
21900,0.5084601044654846,0.351105660200119,0.21274270117282867,0.20867009460926056,0.11145307868719101,0.1589168906211853,0.09463957697153091,0.0016050117556005716,0.02843562886118889,0.04084082692861557
21920,0.5084536075592041,0.35124677419662476,0.21278893947601318,0.20869900286197662,0.11148551851511002,0.15894924104213715,0.09470466524362564,0.0016109097050502896,0.029368355870246887,0.042904503643512726
21940,0.5084385275840759,0.35135841369628906,0.21287210285663605,0.20878618955612183,0.11154066771268845,0.1589866578578949,0.09471277892589569,0.0016191672766581178,0.02935042604804039,0.04122162237763405
21960,0.5085569620132446,0.35147151350975037,0.21291857957839966,0.20880571007728577,0.11162218451499939,0.1590411216020584,0.09477117657661438,0.001630270155146718,0.028880849480628967,0.040399059653282166
21980,0.5087746381759644,0.35152536630630493,0.21294917166233063,0.2087668925523758,0.11166489869356155,0.15909546613693237,0.0947565957903862,0.001633262261748314,0.029452286660671234,0.04184815660119057
22000,0.5086715817451477,0.3516387641429901,0.21304716169834137,0.20886029303073883,0.111698217689991,0.15915393829345703,0.094776451587677,0.0016373079270124435,0.027585072442889214,0.04028778150677681
22020,0.5087689161300659,0.3516536056995392,0.21308201551437378,0.2088935822248459,0.11172261089086533,0.15918801724910736,0.09478381276130676,0.00164369388949126,0.028366604819893837,0.0407618023455143
22040,0.5086658000946045,0.35177505016326904,0.21317100524902344,0.20893101394176483,0.11177881062030792,0.15923595428466797,0.09479968249797821,0.0016518572811037302,0.029546059668064117,0.04059712588787079
22060,0.5085886120796204,0.351855993270874,0.21317732334136963,0.20900894701480865,0.11184237897396088,0.15928103029727936,0.09484945237636566,0.0016567704733461142,0.02912658080458641,0.040844909846782684
22080,0.5087583065032959,0.3518645167350769,0.21323539316654205,0.20901469886302948,0.11188123375177383,0.15935438871383667,0.0948340892791748,0.001660735346376896,0.02892453968524933,0.04107711464166641
22100,0.5088561177253723,0.3519928455352783,0.2133619636297226,0.20910151302814484,0.11195241659879684,0.1593739092350006,0.09485375136137009,0.0016627875156700611,0.028053777292370796,0.04064934328198433
22120,0.509000301361084,0.3519996702671051,0.21339815855026245,0.20906654000282288,0.11198912560939789,0.15946227312088013,0.09486321359872818,0.0016612339532002807,0.02855016477406025,0.04110965505242348
22140,0.508845865726471,0.35206323862075806,0.21350239217281342,0.20914186537265778,0.11203107237815857,0.15948797762393951,0.09490711241960526,0.0016614784253761172,0.029790496453642845,0.04071443900465965
22160,0.5090240836143494,0.3521744906902313,0.21356216073036194,0.2091374546289444,0.11206982284784317,0.1595161110162735,0.09489782154560089,0.0016682398272678256,0.028578156605362892,0.04051564261317253
22180,0.5091180205345154,0.35216841101646423,0.21360699832439423,0.20918822288513184,0.11210234463214874,0.15957379341125488,0.09494967013597488,0.0016779323341324925,0.02911585383117199,0.04163730889558792
22200,0.5091753602027893,0.35234251618385315,0.2136830985546112,0.209208145737648,0.1121571958065033,0.15965010225772858,0.09495395421981812,0.001679910346865654,0.0277101993560791,0.040910787880420685
22220,0.5091732144355774,0.35237544775009155,0.21379464864730835,0.20929604768753052,0.11225958913564682,0.1597200632095337,0.09497954696416855,0.0016837219009175897,0.02794167585670948,0.04042908549308777
22240,0.5091801881790161,0.35244670510292053,0.2138058990240097,0.2093033343553543,0.11229021847248077,0.1597641408443451,0.09500537812709808,0.0016928850673139095,0.029204854741692543,0.04039271920919418
22260,0.5092595815658569,0.35251280665397644,0.21383461356163025,0.20933832228183746,0.11233498901128769,0.15981943905353546,0.09502783417701721,0.0016979493666440248,0.027833104133605957,0.04079180583357811
22280,0.509215772151947,0.3525896668434143,0.21392107009887695,0.2093973010778427,0.11237756162881851,0.1598672717809677,0.09502346068620682,0.0017037740908563137,0.028346233069896698,0.04014904052019119
22300,0.5094506740570068,0.35264280438423157,0.21396522223949432,0.20943503081798553,0.11241094022989273,0.15989483892917633,0.09504754841327667,0.0017056978540495038,0.02891271375119686,0.041522957384586334
22320,0.5093604326248169,0.3528529703617096,0.2140936553478241,0.20944100618362427,0.11246755719184875,0.1599225401878357,0.09507911652326584,0.0017104045255109668,0.029394539073109627,0.041094597429037094
22340,0.5094329118728638,0.3528548777103424,0.21414512395858765,0.2095063179731369,0.11254431307315826,0.1599726527929306,0.09512089192867279,0.0017184542957693338,0.029661210253834724,0.040766969323158264
22360,0.5093503594398499,0.35296154022216797,0.21428987383842468,0.20959292352199554,0.11258333176374435,0.1600068211555481,0.09514133632183075,0.0017190042417496443,0.027621852234005928,0.04106685146689415
22380,0.5095188617706299,0.3529449999332428,0.21427133679389954,0.20963117480278015,0.11263062059879303,0.16009025275707245,0.09515945613384247,0.0017254557460546494,0.02805955521762371,0.0412600114941597
22400,0.5096579194068909,0.3529927730560303,0.21440625190734863,0.20966871082782745,0.11263266950845718,0.16011857986450195,0.09519437700510025,0.0017312054987996817,0.028094876557588577,0.041222065687179565
22420,0.5096216797828674,0.3531542718410492,0.21446017920970917,0.20971909165382385,0.11270136386156082,0.1601589173078537,0.09515908360481262,0.0017342718783766031,0.028375443071126938,0.040845245122909546
22440,0.509894847869873,0.35319703817367554,0.21445463597774506,0.20973126590251923,0.11274556070566177,0.16021773219108582,0.09520092606544495,0.0017405413091182709,0.028396744281053543,0.04106876254081726
22460,0.5098350644111633,0.35321831703186035,0.21457234025001526,0.20981304347515106,0.11279352009296417,0.160241961479187,0.0952506884932518,0.0017406383994966745,0.028055893257260323,0.040417589247226715
22480,0.5099287033081055,0.35328996181488037,0.21457070112228394,0.20984235405921936,0.11280833929777145,0.1602744162082672,0.0952652245759964,0.0017484207637608051,0.028983023017644882,0.04131961241364479
22500,0.5098407864570618,0.3534621000289917,0.2146771252155304,0.20989947021007538,0.11288105696439743,0.16029725968837738,0.09528353810310364,0.0017544383881613612,0.027667604386806488,0.04165605083107948
22520,0.509800136089325,0.353533536195755,0.21472333371639252,0.20993608236312866,0.11291800439357758,0.16035833954811096,0.09529337286949158,0.001758699188940227,0.027921585366129875,0.04461032152175903
22540,0.5100389719009399,0.35348522663116455,0.21471425890922546,0.20997892320156097,0.11298464238643646,0.16045747697353363,0.09535188227891922,0.0017646540654823184,0.028168335556983948,0.04090495407581329
22560,0.5101974010467529,0.35354113578796387,0.2147533893585205,0.20997154712677002,0.11301730573177338,0.16050758957862854,0.09536100178956985,0.0017722316551953554,0.028245480731129646,0.04248827323317528
22580,0.5100198984146118,0.3537292182445526,0.21493647992610931,0.2100582867860794,0.11304477602243423,0.1605367362499237,0.09538950026035309,0.0017835189355537295,0.02865774743258953,0.040270157158374786
22600,0.5100220441818237,0.3536781370639801,0.21498654782772064,0.21010668575763702,0.11308225989341736,0.1605958789587021,0.09542744606733322,0.0017899222439154983,0.029646337032318115,0.04055686667561531
22620,0.5101378560066223,0.3537497818470001,0.21507126092910767,0.2101403921842575,0.11313477903604507,0.1606399267911911,0.09542405605316162,0.0017991390777751803,0.028051286935806274,0.04044334590435028
22640,0.5101402401924133,0.3538995683193207,0.21514666080474854,0.21020124852657318,0.11319752037525177,0.16070206463336945,0.09543422609567642,0.001799547579139471,0.028610775247216225,0.04139620438218117
22660,0.5103818774223328,0.35399991273880005,0.21517883241176605,0.21025635302066803,0.11320951581001282,0.16070999205112457,0.09545844048261642,0.0018053451785817742,0.02825237065553665,0.04197857901453972
22680,0.5103014707565308,0.35407283902168274,0.21522347629070282,0.21030636131763458,0.11325053125619888,0.16075803339481354,0.0954926386475563,0.0018149800598621368,0.027723751962184906,0.040637679398059845
22700,0.5103950500488281,0.3540497422218323,0.21525754034519196,0.21039506793022156,0.11327614635229111,0.16081500053405762,0.09548690170049667,0.0018267285777255893,0.028477225452661514,0.040771305561065674
22720,0.510419487953186,0.3541758060455322,0.21538132429122925,0.21043001115322113,0.11334745585918427,0.16082951426506042,0.09551626443862915,0.0018261390505358577,0.029602525755763054,0.04266548901796341
22740,0.5106258392333984,0.35435110330581665,0.21543243527412415,0.2104538381099701,0.1134062111377716,0.1608884036540985,0.09550917148590088,0.0018295494373887777,0.028377221897244453,0.04128613322973251
22760,0.5106003880500793,0.3543974459171295,0.21546576917171478,0.21048042178153992,0.11344533413648605,0.1609376221895218,0.09553647041320801,0.0018327473662793636,0.028088128194212914,0.04158535972237587
22780,0.5104991793632507,0.35441869497299194,0.2155316323041916,0.21057119965553284,0.11347231268882751,0.16099782288074493,0.09556636959314346,0.001841454766690731,0.028544137254357338,0.04136304557323456
22800,0.5106397271156311,0.35446375608444214,0.2155442237854004,0.21064148843288422,0.11351373791694641,0.16105495393276215,0.09560055285692215,0.0018481722800061107,0.027723610401153564,0.04111585021018982
22820,0.5105141401290894,0.3545898497104645,0.2156735211610794,0.21067865192890167,0.113550566136837,0.16109071671962738,0.09564067423343658,0.0018532054964452982,0.028979822993278503,0.041433047503232956
22840,0.5108967423439026,0.354571133852005,0.2156507670879364,0.21064606308937073,0.11360656470060349,0.16114617884159088,0.09565404057502747,0.0018620506161823869,0.027178945019841194,0.04017827287316322
22860,0.5109773874282837,0.3546246290206909,0.21571987867355347,0.2107047289609909,0.11362403631210327,0.1611669808626175,0.09567052125930786,0.0018700177315622568,0.029666081070899963,0.040606703609228134
22880,0.5110266804695129,0.35476556420326233,0.21580685675144196,0.21073377132415771,0.11368191987276077,0.16118033230304718,0.09566693007946014,0.001873011700809002,0.028751995414495468,0.04226505011320114
22900,0.5109975934028625,0.35480865836143494,0.21583233773708344,0.21070827543735504,0.1137428805232048,0.1612558811903,0.09570663422346115,0.0018778429366648197,0.0276130810379982,0.040659282356500626
22920,0.5109052658081055,0.3548862636089325,0.21584440767765045,0.21080362796783447,0.11378459632396698,0.16133366525173187,0.09575126320123672,0.0018855748930945992,0.02808339148759842,0.040061481297016144
22940,0.5109464526176453,0.35489752888679504,0.21592016518115997,0.21078667044639587,0.11377746611833572,0.16135543584823608,0.09577962011098862,0.0018878151895478368,0.028940416872501373,0.041689638048410416
22960,0.5109873414039612,0.35507771372795105,0.2160240113735199,0.21088901162147522,0.11383499950170517,0.16141915321350098,0.0957864448428154,0.001895915251225233,0.027692319825291634,0.04008052125573158
22980,0.5110620856285095,0.35513991117477417,0.21612457931041718,0.210859477519989,0.11389154940843582,0.1614522635936737,0.09578938037157059,0.0018950618105009198,0.029302841052412987,0.04060548543930054
23000,0.5112323760986328,0.3551924526691437,0.21616318821907043,0.21091550588607788,0.11393503099679947,0.16149291396141052,0.09582974761724472,0.0019073797157034278,0.028584979474544525,0.041984923183918
23020,0.5112044215202332,0.35522031784057617,0.21625423431396484,0.21099886298179626,0.11398254334926605,0.16154669225215912,0.09586185216903687,0.0019099048804491758,0.027380740270018578,0.04134247079491615
23040,0.5112248659133911,0.35534101724624634,0.21632911264896393,0.21095411479473114,0.11401598900556564,0.16161444783210754,0.09586977958679199,0.0019120395882055163,0.028387581929564476,0.0415247417986393
23060,0.5114206671714783,0.3553723990917206,0.21635617315769196,0.2110096514225006,0.11402935534715652,0.1616499423980713,0.09588845074176788,0.0019130985019728541,0.028981121256947517,0.04127820208668709
23080,0.5114673972129822,0.3554302155971527,0.21640795469284058,0.21108494699001312,0.11407453566789627,0.1616685837507248,0.09589193761348724,0.0019201051909476519,0.027560554444789886,0.04054846987128258
23100,0.5111956000328064,0.35552188754081726,0.21653231978416443,0.211117222905159,0.11410216242074966,0.16174180805683136,0.09592655301094055,0.0019209193997085094,0.02796279639005661,0.04085586220026016
23120,0.5113295912742615,0.3555528521537781,0.21662157773971558,0.211174875497818,0.11410288512706757,0.16175498068332672,0.09591177850961685,0.001927513163536787,0.027669813483953476,0.04013000428676605
23140,0.5114203095436096,0.35572102665901184,0.21665099263191223,0.21113897860050201,0.11415815353393555,0.16177593171596527,0.09594878554344177,0.0019323360174894333,0.02899441309273243,0.04052136093378067
23160,0.5114305019378662,0.35578617453575134,0.21677719056606293,0.2111598253250122,0.11422070115804672,0.1618485450744629,0.09592180699110031,0.0019356851698830724,0.027783075347542763,0.0423983596265316
23180,0.5114364624023438,0.35581618547439575,0.2168138027191162,0.21121853590011597,0.11426223814487457,0.16190658509731293,0.0959654450416565,0.001940645626746118,0.027814537286758423,0.04106814041733742
23200,0.5116183161735535,0.3559136986732483,0.2169293761253357,0.2111995667219162,0.11430925130844116,0.16192686557769775,0.09598413854837418,0.0019450790714472532,0.02777428925037384,0.04084496945142746
23220,0.5115611553192139,0.35599058866500854,0.21702009439468384,0.21128277480602264,0.11433740705251694,0.16201704740524292,0.09602302312850952,0.0019494331208989024,0.027477243915200233,0.040975019335746765
23240,0.5116986036300659,0.35603365302085876,0.21704325079917908,0.21134299039840698,0.11440704017877579,0.16204068064689636,0.09606879949569702,0.0019517181208357215,0.027452684938907623,0.04180261492729187
23260,0.5117481350898743,0.35609331727027893,0.21705766022205353,0.21133145689964294,0.1143987625837326,0.1620883047580719,0.09609662741422653,0.001956790452823043,0.02813738025724888,0.04044090211391449
23280,0.5120524168014526,0.3560977280139923,0.21708889305591583,0.21137478947639465,0.11444751173257828,0.162128284573555,0.09608622640371323,0.0019639278762042522,0.02802187390625477,0.04133229702711105
23300,0.5117204189300537,0.35622653365135193,0.2172662615776062,0.21146103739738464,0.11451567709445953,0.16219761967658997,0.09610669314861298,0.001973477192223072,0.02917524427175522,0.04160170629620552
23320,0.5119417905807495,0.35622453689575195,0.21729032695293427,0.21141038835048676,0.11453602463006973,0.16222624480724335,0.09609324485063553,0.001973390579223633,0.028475675731897354,0.04102449119091034
23340,0.5119867920875549,0.3562818169593811,0.21732741594314575,0.21146459877490997,0.11457803100347519,0.1622607409954071,0.0961165577173233,0.001980373403057456,0.027591314166784286,0.040112536400556564
23360,0.5117457509040833,0.35635870695114136,0.21742869913578033,0.2115921676158905,0.11461099982261658,0.16233204305171967,0.09613602608442307,0.0019894258584827185,0.02848481945693493,0.041115835309028625
23380,0.5120786428451538,0.3564073443412781,0.2174854427576065,0.21158164739608765,0.1146576851606369,0.16235323250293732,0.09616337716579437,0.0019971057772636414,0.02761392667889595,0.040875617414712906
23400,0.511999249458313,0.35644975304603577,0.2175365686416626,0.21164050698280334,0.11468938738107681,0.16240468621253967,0.09617506712675095,0.002001384273171425,0.026721525937318802,0.040014639496803284
23420,0.5119370818138123,0.35648179054260254,0.21761861443519592,0.2116883397102356,0.11472949385643005,0.16246117651462555,0.09620529413223267,0.002005445770919323,0.027683762833476067,0.04020276665687561
23440,0.5121073126792908,0.3565000295639038,0.21760627627372742,0.2116880565881729,0.11479745805263519,0.1624981313943863,0.09622818231582642,0.002009474439546466,0.027559880167245865,0.04082566872239113
23460,0.5121050477027893,0.35662272572517395,0.21766532957553864,0.21172268688678741,0.11482775956392288,0.16254399716854095,0.0962681770324707,0.0020170484203845263,0.027107900008559227,0.040347907692193985
23480,0.5121192932128906,0.35657307505607605,0.21775460243225098,0.2117554098367691,0.11484897136688232,0.16255150735378265,0.09629052877426147,0.002024988876655698,0.027969375252723694,0.04065302014350891
23500,0.5121651291847229,0.3567471206188202,0.2178524285554886,0.2117505669593811,0.1149163469672203,0.16259132325649261,0.09629282355308533,0.002027600072324276,0.027787474915385246,0.04195266216993332
23520,0.5123676061630249,0.3567683696746826,0.21789485216140747,0.21179401874542236,0.1149456724524498,0.1626519113779068,0.09632034599781036,0.0020303756464272738,0.028079457581043243,0.04219941794872284
23540,0.5121594071388245,0.35686835646629333,0.21800552308559418,0.21191681921482086,0.11502674221992493,0.16271169483661652,0.09633041173219681,0.002036399208009243,0.02856338955461979,0.040299542248249054
23560,0.5123670697212219,0.35693952441215515,0.2180330753326416,0.2119220644235611,0.11504554003477097,0.16277578473091125,0.09636010974645615,0.0020453007891774178,0.029306411743164062,0.041236914694309235
23580,0.5125436782836914,0.35708197951316833,0.21805770695209503,0.21202205121517181,0.11509137600660324,0.1628110706806183,0.09635206311941147,0.0020475375931710005,0.027907362207770348,0.0407169871032238
23600,0.5124770998954773,0.35713762044906616,0.21815313398838043,0.21206213533878326,0.11512944847345352,0.16286088526248932,0.0963997021317482,0.002054261974990368,0.02748524583876133,0.041376158595085144
23620,0.5125595331192017,0.3571978807449341,0.21815410256385803,0.21210217475891113,0.11517629772424698,0.16291460394859314,0.09640200436115265,0.0020546705927699804,0.027758564800024033,0.04022533446550369
23640,0.512700080871582,0.35720324516296387,0.218222513794899,0.2121511995792389,0.11521748453378677,0.16293823719024658,0.09641443938016891,0.002061079954728484,0.02754467912018299,0.04056604206562042
23660,0.5126872062683105,0.35728245973587036,0.2183309942483902,0.21216878294944763,0.11526334285736084,0.16294892132282257,0.0964331403374672,0.0020677014254033566,0.028790248557925224,0.04088840261101723
23680,0.5126436352729797,0.35738733410835266,0.2184326946735382,0.2122088223695755,0.11528991907835007,0.16303253173828125,0.0964292585849762,0.0020711554680019617,0.02726353518664837,0.04023633152246475
23700,0.5126089453697205,0.3574376404285431,0.2184431105852127,0.2122674137353897,0.11532358080148697,0.1630830317735672,0.09646256268024445,0.0020762376952916384,0.027352675795555115,0.04034252092242241
23720,0.5126878023147583,0.3574850559234619,0.21853972971439362,0.21229341626167297,0.11535733193159103,0.16313816606998444,0.09650273621082306,0.0020855984184890985,0.027774270623922348,0.041798852384090424
23740,0.5127548575401306,0.3574943244457245,0.2185288965702057,0.2123580127954483,0.11538252234458923,0.16318576037883759,0.09652378410100937,0.0020890343002974987,0.029105626046657562,0.04209249094128609
23760,0.5128545165061951,0.35764288902282715,0.21866965293884277,0.21233801543712616,0.11541814357042313,0.16323545575141907,0.09655241668224335,0.0020844480022788048,0.027985798195004463,0.04104314371943474
23780,0.5130332708358765,0.3576483428478241,0.21866463124752045,0.21237318217754364,0.11543159931898117,0.16325587034225464,0.09656645357608795,0.0020915360655635595,0.02930845320224762,0.04072853550314903
23800,0.5129639506340027,0.35769081115722656,0.21877868473529816,0.21241170167922974,0.11550746858119965,0.16329774260520935,0.09659631550312042,0.002099020406603813,0.0286716241389513,0.04216494411230087
23820,0.5129053592681885,0.35772544145584106,0.21886171400547028,0.21250693500041962,0.11554959416389465,0.16334152221679688,0.09661166369915009,0.0021030495408922434,0.028811173513531685,0.04056379944086075
23840,0.513031005859375,0.3578602075576782,0.21889573335647583,0.21249240636825562,0.11559618264436722,0.16338783502578735,0.09662608057260513,0.0021109527442604303,0.027463307604193687,0.040933944284915924
23860,0.5130254626274109,0.35794198513031006,0.21895086765289307,0.2125076800584793,0.11560660600662231,0.16341957449913025,0.09666687250137329,0.0021193712018430233,0.028785523027181625,0.04043058678507805
23880,0.5129936933517456,0.35797783732414246,0.21896027028560638,0.2125379592180252,0.11565764993429184,0.1634465903043747,0.09668448567390442,0.0021206072997301817,0.027951175346970558,0.04012622684240341
23900,0.5129791498184204,0.3581151068210602,0.21906490623950958,0.21255981922149658,0.11570075154304504,0.1634952425956726,0.09669984132051468,0.002122720004990697,0.026559704914689064,0.040686000138521194
23920,0.5130600929260254,0.35806334018707275,0.21910600364208221,0.21261711418628693,0.11574940383434296,0.163553386926651,0.09672796726226807,0.0021261193323880434,0.02730127051472664,0.04177249222993851
23940,0.5132278800010681,0.3581687808036804,0.2191925197839737,0.21260198950767517,0.11583133786916733,0.16358208656311035,0.09674904495477676,0.0021310329902917147,0.027231846004724503,0.0400373674929142
23960,0.5134102702140808,0.35814616084098816,0.2191673070192337,0.21265386044979095,0.11587177962064743,0.16364625096321106,0.09676619619131088,0.0021430193446576595,0.026460032910108566,0.040897466242313385
23980,0.5131752490997314,0.35830575227737427,0.21927882730960846,0.2127203792333603,0.11593712121248245,0.16370220482349396,0.09679687023162842,0.0021473888773471117,0.02755690924823284,0.04011405631899834
24000,0.5133991837501526,0.35826486349105835,0.21931537985801697,0.21271029114723206,0.11596562713384628,0.16375158727169037,0.09679404646158218,0.0021529891528189182,0.026947131380438805,0.0408509187400341
24020,0.5132301449775696,0.3584260046482086,0.21940696239471436,0.21274887025356293,0.11598935723304749,0.16376297175884247,0.09683778882026672,0.002156345872208476,0.02646392211318016,0.04023316502571106
24040,0.5133183002471924,0.35846182703971863,0.21945950388908386,0.2127574235200882,0.11602939665317535,0.16380015015602112,0.09687329828739166,0.0021637161262333393,0.02779783308506012,0.04017360508441925
24060,0.5134276151657104,0.35850781202316284,0.2194470316171646,0.21281471848487854,0.11605318635702133,0.16385741531848907,0.09688547998666763,0.002175557194277644,0.026741914451122284,0.03974877670407295
24080,0.5133985280990601,0.3585014343261719,0.21954785287380219,0.21285425126552582,0.11610149592161179,0.16388337314128876,0.09689485281705856,0.0021790519822388887,0.028606779873371124,0.04121752083301544
24100,0.5133910179138184,0.35865864157676697,0.21959055960178375,0.21289782226085663,0.11614392697811127,0.16394314169883728,0.0969361811876297,0.002184034325182438,0.02746248058974743,0.043106116354465485
24120,0.5134737491607666,0.3586350977420807,0.21963205933570862,0.21293003857135773,0.1161690279841423,0.16398312151432037,0.09692199528217316,0.002193531719967723,0.028503350913524628,0.04030715301632881
24140,0.513698160648346,0.35869207978248596,0.21962979435920715,0.21294976770877838,0.11621347069740295,0.16403071582317352,0.09692281484603882,0.0021987329237163067,0.027162572368979454,0.0405251607298851
24160,0.51353520154953,0.3588525950908661,0.21982775628566742,0.2129688709974289,0.11624722182750702,0.1640641987323761,0.09692960977554321,0.002200170187279582,0.026966402307152748,0.0398675911128521
24180,0.5135656595230103,0.35884201526641846,0.21980896592140198,0.2130744606256485,0.11628027260303497,0.164106085896492,0.09696151316165924,0.002207885729148984,0.02687268890440464,0.03994576632976532
24200,0.5137037038803101,0.3588886260986328,0.21989452838897705,0.2131616473197937,0.11635220795869827,0.1641434133052826,0.0969901829957962,0.0022120773792266846,0.028837667778134346,0.04075557738542557
24220,0.5137523412704468,0.3590347170829773,0.21994136273860931,0.2131233960390091,0.11634230613708496,0.16420131921768188,0.09699827432632446,0.002211220096796751,0.026944292709231377,0.0400700680911541
24240,0.5139607191085815,0.35902121663093567,0.22003574669361115,0.21310420334339142,0.11637241393327713,0.1642129272222519,0.09704132378101349,0.00221800128929317,0.028635874390602112,0.04016445577144623
24260,0.5139520764350891,0.35906916856765747,0.22007234394550323,0.2131776511669159,0.11642288416624069,0.16427305340766907,0.09705156832933426,0.00222588749602437,0.027475576847791672,0.04037531465291977
24280,0.5139116048812866,0.35917437076568604,0.2201027125120163,0.21323361992835999,0.11644690483808517,0.16431431472301483,0.09707712382078171,0.0022287757601588964,0.026605475693941116,0.040111493319272995
24300,0.513979434967041,0.3592623174190521,0.22021082043647766,0.21327424049377441,0.11649113893508911,0.16432301700115204,0.09710387885570526,0.0022331485524773598,0.025992589071393013,0.04053230211138725
24320,0.5139868259429932,0.3592660129070282,0.22023077309131622,0.2132568210363388,0.1165185421705246,0.16438892483711243,0.09710735082626343,0.0022370461374521255,0.03017566166818142,0.04045243188738823
24340,0.5139036178588867,0.35941269993782043,0.220354363322258,0.2133571356534958,0.11656598001718521,0.16440081596374512,0.09713152796030045,0.002238382352516055,0.02747236005961895,0.04121764004230499
24360,0.5141021609306335,0.3593906760215759,0.22030839323997498,0.2133854776620865,0.11662875860929489,0.16444693505764008,0.09713785350322723,0.0022448264062404633,0.026884324848651886,0.039952926337718964
24380,0.514111340045929,0.35944226384162903,0.22039784491062164,0.21336960792541504,0.11662642657756805,0.16446684300899506,0.09718549251556396,0.0022474415600299835,0.02686929889023304,0.04060308635234833
24400,0.5142752528190613,0.359504371881485,0.22042696177959442,0.21339213848114014,0.11666872352361679,0.16453514993190765,0.09721756726503372,0.0022532311268150806,0.02669486217200756,0.042515356093645096
24420,0.5142102241516113,0.35957732796669006,0.22055824100971222,0.2134205549955368,0.11674715578556061,0.16457310318946838,0.09722664207220078,0.002268187003210187,0.027998995035886765,0.0404144823551178
24440,0.5141897797584534,0.3596821129322052,0.22064699232578278,0.21346351504325867,0.11676862835884094,0.16463784873485565,0.09726972132921219,0.0022744559682905674,0.027445916086435318,0.03994464501738548
24460,0.5143932700157166,0.35969483852386475,0.22063903510570526,0.21356163918972015,0.11678200960159302,0.16467821598052979,0.09731894731521606,0.002278743078932166,0.02657311037182808,0.039992377161979675
24480,0.5142935514450073,0.35979530215263367,0.22074367105960846,0.2135857194662094,0.11685021221637726,0.16471438109874725,0.09732715785503387,0.0022850986570119858,0.028071681037545204,0.04066595807671547
24500,0.5143781304359436,0.3598957061767578,0.22079327702522278,0.21356137096881866,0.11687982827425003,0.16475041210651398,0.09734214097261429,0.0022873517591506243,0.027160530909895897,0.040689967572689056
24520,0.5144450664520264,0.35991376638412476,0.2208443433046341,0.21360401809215546,0.11692867428064346,0.1647990345954895,0.09734592586755753,0.0022921382915228605,0.029559584334492683,0.04055767506361008
24540,0.5144346356391907,0.3600531220436096,0.22091180086135864,0.21365778148174286,0.11696396768093109,0.1648295819759369,0.09737445414066315,0.002297857776284218,0.02764318697154522,0.04075602442026138
24560,0.5143646001815796,0.36005428433418274,0.22097642719745636,0.21373078227043152,0.11700455099344254,0.16488836705684662,0.09737926721572876,0.002300611464306712,0.026666056364774704,0.04104137420654297
24580,0.5146356225013733,0.36010295152664185,0.22097863256931305,0.2137143462896347,0.11704933643341064,0.16489005088806152,0.09742730110883713,0.002305407775565982,0.02692563459277153,0.04036738723516464
24600,0.5145033597946167,0.3602656424045563,0.2210768312215805,0.2137211561203003,0.11710400879383087,0.16494297981262207,0.0973925068974495,0.002311727963387966,0.026723748072981834,0.04015836492180824
24620,0.5145174264907837,0.3603830635547638,0.2211466133594513,0.21377484500408173,0.11713778972625732,0.16494199633598328,0.0974370613694191,0.0023118378594517708,0.028632642701268196,0.04063468426465988
24640,0.5145469903945923,0.36038416624069214,0.2211775779724121,0.2137991189956665,0.11715489625930786,0.16503341495990753,0.09744292497634888,0.0023146122694015503,0.027967941015958786,0.04017817974090576
24660,0.5146519541740417,0.36037617921829224,0.22121615707874298,0.2138528972864151,0.11720100045204163,0.16507363319396973,0.09744580835103989,0.0023189850617200136,0.027132466435432434,0.0409979522228241
24680,0.5147930383682251,0.36049923300743103,0.22130142152309418,0.2138088494539261,0.11723242700099945,0.16511105000972748,0.09746255725622177,0.002325098728761077,0.02747807465493679,0.04017501324415207
24700,0.5149410963058472,0.3605145812034607,0.22133252024650574,0.21385639905929565,0.11725890636444092,0.1651458889245987,0.09751866012811661,0.002335364930331707,0.026292750611901283,0.0408327579498291
24720,0.5147736668586731,0.3606109917163849,0.22142401337623596,0.2139558047056198,0.11733346432447433,0.16517330706119537,0.09752655774354935,0.0023384655360132456,0.027289919555187225,0.041038185358047485
24740,0.5146415829658508,0.3606957197189331,0.2214990109205246,0.2139328420162201,0.11737355589866638,0.1652272790670395,0.09754876047372818,0.0023477720096707344,0.027298081666231155,0.04064921289682388
24760,0.514805793762207,0.360691100358963,0.22146634757518768,0.2139923870563507,0.1174096167087555,0.16528818011283875,0.09756318479776382,0.0023485145065933466,0.026927512139081955,0.04019985347986221
24780,0.5149039030075073,0.36080050468444824,0.2214910089969635,0.21399976313114166,0.11743912845849991,0.16529737412929535,0.09762205928564072,0.0023488891310989857,0.026992646977305412,0.040321316570043564
24800,0.5149382948875427,0.36085745692253113,0.2216004878282547,0.2140216827392578,0.11746076494455338,0.1653066873550415,0.09763401001691818,0.0023528647143393755,0.027047259733080864,0.04009556025266647
24820,0.5149873495101929,0.3608548045158386,0.22158581018447876,0.21408423781394958,0.11748599261045456,0.16535940766334534,0.0976736918091774,0.002362811006605625,0.02701823227107525,0.041084885597229004
24840,0.5151193141937256,0.3609883785247803,0.22164519131183624,0.2141544222831726,0.1175599992275238,0.16537009179592133,0.09767580032348633,0.0023653977550566196,0.026278983801603317,0.04036201536655426
24860,0.5151984691619873,0.3609319031238556,0.22166861593723297,0.21415577828884125,0.11761020869016647,0.16541044414043427,0.09768839925527573,0.002369952155277133,0.02738182432949543,0.04217158257961273
24880,0.5151945948600769,0.3610524833202362,0.22178424894809723,0.21423237025737762,0.11763536930084229,0.16547568142414093,0.09771831333637238,0.0023768676910549402,0.027115246281027794,0.04030897468328476
24900,0.5151371955871582,0.3611380159854889,0.2218867987394333,0.21423955261707306,0.1176733449101448,0.16549362242221832,0.09774098545312881,0.0023778120521456003,0.02753215841948986,0.04012542963027954
24920,0.5152943730354309,0.3611025810241699,0.2219184935092926,0.21426232159137726,0.11771426349878311,0.1655157059431076,0.09776069968938828,0.002384517341852188,0.02702406793832779,0.04023539274930954
24940,0.515471875667572,0.36125800013542175,0.22197340428829193,0.21433697640895844,0.11776378750801086,0.16553355753421783,0.09778757393360138,0.002391096204519272,0.02836301177740097,0.042022135108709335
24960,0.515440821647644,0.36134159564971924,0.22199469804763794,0.2144559621810913,0.117793969810009,0.16558179259300232,0.09778207540512085,0.0023954452481120825,0.026863038539886475,0.04198098182678223
24980,0.5155100226402283,0.3614550530910492,0.2220880389213562,0.21445566415786743,0.11783859133720398,0.16561266779899597,0.09784092009067535,0.0024024650920182467,0.027159985154867172,0.041169919073581696
25000,0.5157179832458496,0.3616262972354889,0.2221309393644333,0.21441978216171265,0.11787483096122742,0.16567254066467285,0.09784448891878128,0.0024067077320069075,0.027628518640995026,0.040569622069597244
25020,0.5156748294830322,0.36166512966156006,0.22220569849014282,0.2144670933485031,0.11788976192474365,0.16574349999427795,0.0978776067495346,0.0024131224490702152,0.027221128344535828,0.040612079203128815
25040,0.5157014727592468,0.3616271913051605,0.22218264639377594,0.21447978913784027,0.11795622110366821,0.16577382385730743,0.09788881242275238,0.002422782126814127,0.027078526094555855,0.0406271368265152
25060,0.515802264213562,0.3617478311061859,0.22232002019882202,0.21449971199035645,0.11799939721822739,0.16579560935497284,0.09789734333753586,0.0024237793404608965,0.027590367943048477,0.040245503187179565
25080,0.5156646370887756,0.361857146024704,0.2224571406841278,0.2145751565694809,0.11800602823495865,0.1658472865819931,0.09789962321519852,0.0024272433947771788,0.027530135586857796,0.04038192331790924
25100,0.5157854557037354,0.36188969016075134,0.22245097160339355,0.21456651389598846,0.11804892867803574,0.16587220132350922,0.09793542325496674,0.002431581960991025,0.02696669101715088,0.04137662053108215
25120,0.515753984451294,0.3619692027568817,0.22256001830101013,0.21464085578918457,0.11808614432811737,0.16590873897075653,0.0979553759098053,0.0024372136685997248,0.02743888646364212,0.04030489921569824
25140,0.5159555077552795,0.3619329631328583,0.22256159782409668,0.21464431285858154,0.11810840666294098,0.16597338020801544,0.09797092527151108,0.002439384814351797,0.027641160413622856,0.04134494438767433
25160,0.51601243019104,0.3620842397212982,0.22267112135887146,0.2147081196308136,0.11816857010126114,0.16596564650535583,0.09800221025943756,0.002451548120006919,0.026145296171307564,0.040059879422187805
25180,0.515895664691925,0.3621218502521515,0.2227165699005127,0.21473653614521027,0.11821556091308594,0.16602157056331635,0.09799119085073471,0.002459147945046425,0.02671470306813717,0.041792627424001694
25200,0.5159785747528076,0.36212778091430664,0.22269383072853088,0.2147868275642395,0.11824817955493927,0.16605594754219055,0.098060242831707,0.002464445773512125,0.026647726073861122,0.04016002640128136
25220,0.5160881280899048,0.3621922731399536,0.22275438904762268,0.21477898955345154,0.11827968060970306,0.16610795259475708,0.09807368367910385,0.0024691468570381403,0.027261441573500633,0.04007579758763313
25240,0.516139566898346,0.3621951937675476,0.22276827692985535,0.21482796967029572,0.11832164227962494,0.16617870330810547,0.09811078011989594,0.0024787543807178736,0.02744809165596962,0.039828695356845856
25260,0.515974760055542,0.36234286427497864,0.2228783518075943,0.21489426493644714,0.1183418408036232,0.1661985069513321,0.09813646972179413,0.00248151202686131,0.026710322126746178,0.03987649828195572
25280,0.5160654187202454,0.36228832602500916,0.2229715883731842,0.21496115624904633,0.11835859715938568,0.16621965169906616,0.09816469252109528,0.0024946380872279406,0.026694893836975098,0.04064428433775902
25300,0.5160245299339294,0.36242613196372986,0.22301103174686432,0.2150249481201172,0.11841411143541336,0.1662675142288208,0.0981750339269638,0.002504840726032853,0.02658010646700859,0.040250763297080994
25320,0.516180157661438,0.36246827244758606,0.22309046983718872,0.21504531800746918,0.11846168339252472,0.16627316176891327,0.09820551425218582,0.0025153146125376225,0.02760198339819908,0.04067637771368027
25340,0.5161605477333069,0.36257877945899963,0.22316686809062958,0.21507525444030762,0.11850389838218689,0.16633209586143494,0.09820017218589783,0.0025149560533463955,0.026473522186279297,0.039962317794561386
25360,0.5161296129226685,0.3626454174518585,0.22326628863811493,0.21511715650558472,0.11853668093681335,0.16636015474796295,0.09821293503046036,0.0025225491262972355,0.027793942019343376,0.04091509059071541
25380,0.5161862373352051,0.3626665472984314,0.2233101725578308,0.2151394784450531,0.11859028041362762,0.16640962660312653,0.09821925312280655,0.002528292825445533,0.02667323872447014,0.04012370482087135
25400,0.5162671804428101,0.3626538813114166,0.22332894802093506,0.21521000564098358,0.11861475557088852,0.16643771529197693,0.09824848175048828,0.0025373215321451426,0.02709127403795719,0.04011309891939163
25420,0.5162619948387146,0.362665593624115,0.22336050868034363,0.21521569788455963,0.11865600198507309,0.16649006307125092,0.09827255457639694,0.002545873634517193,0.02742508053779602,0.04084943234920502
25440,0.5163558125495911,0.3627822697162628,0.22347843647003174,0.21520988643169403,0.1186874508857727,0.1665433645248413,0.09830056130886078,0.0025559300556778908,0.0255870521068573,0.0410308912396431
25460,0.5162922143936157,0.3628876507282257,0.22356583178043365,0.2152772843837738,0.11872527748346329,0.16660727560520172,0.09827390313148499,0.002563011134043336,0.0266246497631073,0.04037344828248024
25480,0.516616940498352,0.3628690540790558,0.22351500391960144,0.21526259183883667,0.11875516921281815,0.16663017868995667,0.0983005240559578,0.002570353914052248,0.02721192128956318,0.04021967574954033
25500,0.5166226625442505,0.3630000948905945,0.2236253172159195,0.21531400084495544,0.1187765896320343,0.16664715111255646,0.09833992272615433,0.00257488084025681,0.026757242158055305,0.04107499495148659
25520,0.5167093873023987,0.3630616068840027,0.22370466589927673,0.2152845859527588,0.11880286037921906,0.1666928380727768,0.09835432469844818,0.00257565057836473,0.025974180549383163,0.04029734432697296
25540,0.5167781114578247,0.36312901973724365,0.2236860990524292,0.21533259749412537,0.11882822215557098,0.16669416427612305,0.09835104644298553,0.002577766077592969,0.025118274614214897,0.040393341332674026
25560,0.5166071057319641,0.363226979970932,0.22374111413955688,0.21539707481861115,0.11889418959617615,0.16676747798919678,0.09836927801370621,0.0025809842627495527,0.028003240004181862,0.04041188955307007
25580,0.516745388507843,0.36320534348487854,0.2237996608018875,0.21539023518562317,0.11890418827533722,0.1668054759502411,0.09837624430656433,0.0025836965069174767,0.0265951007604599,0.04053016006946564
25600,0.516642153263092,0.3633264899253845,0.22391948103904724,0.21546247601509094,0.11894473433494568,0.1668335199356079,0.09838680922985077,0.002591972006484866,0.026818029582500458,0.04027428850531578
25620,0.5170126557350159,0.36322349309921265,0.2238573431968689,0.21536889672279358,0.11897585541009903,0.1668945997953415,0.09840387105941772,0.0025932982098311186,0.027589159086346626,0.04055287316441536
25640,0.5168129205703735,0.3634144365787506,0.22399812936782837,0.2154790610074997,0.11903809010982513,0.16688597202301025,0.09843748062849045,0.002605311805382371,0.027064573019742966,0.04037264361977577
25660,0.5169180631637573,0.3634856939315796,0.22404557466506958,0.21551643311977386,0.11907917261123657,0.1669478863477707,0.09843569993972778,0.0026084173005074263,0.026609117165207863,0.0405852347612381
25680,0.517033040523529,0.36351901292800903,0.22404693067073822,0.21555781364440918,0.11909928917884827,0.1669742316007614,0.09844940900802612,0.0026068189181387424,0.02669287472963333,0.040213748812675476
25700,0.5170463919639587,0.3635987341403961,0.22412683069705963,0.21558423340320587,0.11918237060308456,0.16700336337089539,0.09847917407751083,0.0026072715409100056,0.026175515726208687,0.03997643291950226
25720,0.5170907974243164,0.363670289516449,0.22418367862701416,0.21562759578227997,0.11921216547489166,0.16702425479888916,0.09850828349590302,0.0026140466798096895,0.025644367560744286,0.04094739258289337
25740,0.5170482993125916,0.3636458218097687,0.22426962852478027,0.2157016396522522,0.11923612654209137,0.16708052158355713,0.09849958121776581,0.0026136257220059633,0.026666942983865738,0.03992650657892227
25760,0.5171263217926025,0.3636510372161865,0.22432512044906616,0.21570736169815063,0.11926792562007904,0.16712768375873566,0.09853941947221756,0.002615648554638028,0.02777942456305027,0.040086448192596436
25780,0.517146110534668,0.3637498617172241,0.2244049459695816,0.21568942070007324,0.1193140521645546,0.16718733310699463,0.0985434502363205,0.002626321744173765,0.02655542455613613,0.04001649469137192
25800,0.5170844197273254,0.36384710669517517,0.22450104355812073,0.21575188636779785,0.11933231353759766,0.16722793877124786,0.09857956320047379,0.0026356340385973454,0.02771841734647751,0.04071929305791855
25820,0.517173707485199,0.36384525895118713,0.22448870539665222,0.2158735990524292,0.11938422918319702,0.1672467142343521,0.09859790652990341,0.0026403770316392183,0.025863993912935257,0.04009188711643219
25840,0.5171510577201843,0.3639312982559204,0.22456440329551697,0.21588897705078125,0.1194053441286087,0.1672915369272232,0.09859424829483032,0.0026447325944900513,0.026288311928510666,0.04199514538049698
25860,0.5172039866447449,0.3639015257358551,0.224558487534523,0.21588169038295746,0.1194254532456398,0.16734924912452698,0.09862260520458221,0.002648313995450735,0.027440804988145828,0.0405883863568306
25880,0.5173397064208984,0.3640291094779968,0.2246582955121994,0.2158593088388443,0.11944963783025742,0.16739021241664886,0.09862080961465836,0.002656835364177823,0.027749191969633102,0.0404406301677227
25900,0.5174636244773865,0.36402490735054016,0.22471167147159576,0.21589776873588562,0.11948654800653458,0.16742287576198578,0.09864947944879532,0.002659366698935628,0.027172740548849106,0.0405716747045517
25920,0.5173081755638123,0.3642595708370209,0.22485798597335815,0.21591027081012726,0.11948622018098831,0.16743561625480652,0.09865713864564896,0.0026608456391841173,0.02541060745716095,0.040077995508909225
25940,0.5173042416572571,0.3642014265060425,0.22488205134868622,0.21592341363430023,0.11952927708625793,0.16750912368297577,0.098676398396492,0.0026623515877872705,0.026519369333982468,0.039846599102020264
25960,0.5173786878585815,0.36418697237968445,0.2248867154121399,0.21588170528411865,0.11954566836357117,0.1675235629081726,0.09870611876249313,0.002667295979335904,0.026696091517806053,0.04174303263425827
25980,0.5173731446266174,0.36424750089645386,0.2248816192150116,0.21598206460475922,0.11961688101291656,0.16759313642978668,0.09867753833532333,0.002676991978660226,0.02543431520462036,0.0397002287209034
26000,0.5173875093460083,0.36425963044166565,0.22500205039978027,0.21600943803787231,0.11962692439556122,0.16760317981243134,0.09870512783527374,0.0026771349366754293,0.025103891268372536,0.040603164583444595
26020,0.5174751281738281,0.36436739563941956,0.22505313158035278,0.21601644158363342,0.11968434602022171,0.16761450469493866,0.0987403392791748,0.002675828756764531,0.02549591287970543,0.039576414972543716
26040,0.5175305604934692,0.3644219934940338,0.2250729352235794,0.21607159078121185,0.11971796303987503,0.16769902408123016,0.09873329848051071,0.002685106359422207,0.02544219046831131,0.040239930152893066
26060,0.5176410675048828,0.36440661549568176,0.22503343224525452,0.2161063700914383,0.11974968016147614,0.16770203411579132,0.09877574443817139,0.002686751540750265,0.02650536596775055,0.043319787830114365
26080,0.5176780819892883,0.364488422870636,0.2251591682434082,0.21616750955581665,0.11979911476373672,0.16772186756134033,0.09878390282392502,0.002693661954253912,0.02720731496810913,0.04269098490476608
26100,0.517764151096344,0.3645382225513458,0.22526198625564575,0.21617491543293,0.1198461577296257,0.16781270503997803,0.09880451112985611,0.00269793882034719,0.027762165293097496,0.03973089158535004
26120,0.5177319049835205,0.3646879196166992,0.22528991103172302,0.2161807268857956,0.11989015340805054,0.16784359514713287,0.09877531230449677,0.002700561424717307,0.0269755981862545,0.04059401899576187
26140,0.5176709890365601,0.3646373748779297,0.22533436119556427,0.21630340814590454,0.11992515623569489,0.16788603365421295,0.09882261604070663,0.0027096967678517103,0.02789410948753357,0.03976917266845703
26160,0.5176783800125122,0.364807665348053,0.22545109689235687,0.21625132858753204,0.11995396018028259,0.1679239571094513,0.09884414821863174,0.002715572714805603,0.026136210188269615,0.040839578956365585
26180,0.517852246761322,0.36482635140419006,0.22545203566551208,0.21626509726047516,0.11998310685157776,0.1679796576499939,0.09884095937013626,0.00272161653265357,0.026370231062173843,0.040402669459581375
26200,0.5179216861724854,0.3648133873939514,0.2255173921585083,0.216335728764534,0.12001405656337738,0.16801148653030396,0.09887325018644333,0.002728296210989356,0.02645750530064106,0.040142279118299484
26220,0.5178216695785522,0.3649848401546478,0.22558748722076416,0.21635818481445312,0.12004008889198303,0.16806568205356598,0.09888797998428345,0.0027308445423841476,0.027862858027219772,0.04054635763168335
26240,0.517892599105835,0.36498862504959106,0.22560495138168335,0.21639005839824677,0.12007072567939758,0.16810910403728485,0.09889641404151917,0.002730686217546463,0.026130853220820427,0.03979690000414848
26260,0.517987847328186,0.36505192518234253,0.22564460337162018,0.21641643345355988,0.12008543312549591,0.1681441068649292,0.09892966598272324,0.002732896478846669,0.02638999931514263,0.039946019649505615
26280,0.5179170370101929,0.36508697271347046,0.22570012509822845,0.21643894910812378,0.12012103199958801,0.16818036139011383,0.09895437955856323,0.0027380569372326136,0.026765210554003716,0.040608253329992294
26300,0.5179616212844849,0.3651687204837799,0.2257722020149231,0.21641340851783752,0.12015163153409958,0.1681874841451645,0.09896045178174973,0.0027475205715745687,0.027099477127194405,0.041598059237003326
26320,0.5181352496147156,0.36517250537872314,0.22580066323280334,0.21642886102199554,0.1201748251914978,0.1682184487581253,0.09896700829267502,0.0027535236440598965,0.02564636431634426,0.040872298181056976
26340,0.5181160569190979,0.36528849601745605,0.2258518785238266,0.21646897494792938,0.12024596333503723,0.1682346761226654,0.0989680290222168,0.0027587381191551685,0.026907002553343773,0.04115540534257889
26360,0.518027663230896,0.36539357900619507,0.2258804589509964,0.2165234237909317,0.12028659880161285,0.1682632863521576,0.09895051270723343,0.0027644687797874212,0.026930535212159157,0.039978623390197754
26380,0.517988383769989,0.3653993010520935,0.22594255208969116,0.21658283472061157,0.12031461298465729,0.1683264523744583,0.09900185465812683,0.0027701298240572214,0.026219602674245834,0.039705757051706314
26400,0.5181505680084229,0.36538729071617126,0.22593094408512115,0.2165984809398651,0.12034125626087189,0.16833694279193878,0.09902496635913849,0.002775789937004447,0.025865986943244934,0.040409959852695465
26420,0.5181154012680054,0.3655003011226654,0.22599942982196808,0.2165841907262802,0.12037212401628494,0.16835437715053558,0.09901600331068039,0.002782318042591214,0.025877922773361206,0.040387336164712906
26440,0.5182023644447327,0.3655996322631836,0.2260827124118805,0.21659615635871887,0.12040390819311142,0.16837777197360992,0.09902974218130112,0.0027809301391243935,0.027328597381711006,0.03982149437069893
26460,0.5182136297225952,0.36559751629829407,0.2261061817407608,0.2166854292154312,0.12044568359851837,0.16845543682575226,0.09904977679252625,0.0027900231070816517,0.02667083404958248,0.0403381809592247
26480,0.5182803273200989,0.3657282590866089,0.2261638641357422,0.21665044128894806,0.12047278136014938,0.16852262616157532,0.09908519685268402,0.0027920135762542486,0.025752827525138855,0.039975665509700775
26500,0.5184094905853271,0.3657044470310211,0.2262166291475296,0.21669067442417145,0.12051873654127121,0.1685580164194107,0.09911047667264938,0.0028014860581606627,0.026354754343628883,0.04096353054046631
26520,0.518410325050354,0.36577099561691284,0.22626517713069916,0.21674253046512604,0.1205199584364891,0.1685774326324463,0.09910126030445099,0.0028001191094517708,0.0265163853764534,0.03968534618616104
26540,0.5182585120201111,0.3658563494682312,0.2263513058423996,0.21679899096488953,0.12056941539049149,0.16859759390354156,0.0991242304444313,0.00280389073304832,0.026790320873260498,0.03976760804653168
26560,0.5183227062225342,0.3658865690231323,0.22639785706996918,0.21685074269771576,0.12060950696468353,0.16865485906600952,0.09917616099119186,0.002811920130625367,0.02748400717973709,0.03994797170162201
26580,0.5182673931121826,0.36600789427757263,0.22646506130695343,0.216926708817482,0.12065000087022781,0.16863827407360077,0.09919904917478561,0.002813286380842328,0.026284078136086464,0.04067431762814522
26600,0.5185649394989014,0.3659970462322235,0.22647783160209656,0.21691317856311798,0.12069971859455109,0.16866816580295563,0.09919828176498413,0.002813763218000531,0.025876443833112717,0.040915243327617645
26620,0.5186150074005127,0.36604923009872437,0.226510152220726,0.2169194221496582,0.12072614580392838,0.16868466138839722,0.09922914952039719,0.0028218403458595276,0.027286861091852188,0.040236763656139374
26640,0.5186566710472107,0.36613374948501587,0.2265753149986267,0.21695135533809662,0.12074357271194458,0.168717160820961,0.09922438859939575,0.002831165911629796,0.025838157162070274,0.04023918882012367
26660,0.5187557935714722,0.3661320209503174,0.22656887769699097,0.21698765456676483,0.1207440048456192,0.16875702142715454,0.09924832731485367,0.002838306361809373,0.025990992784500122,0.041228037327528
26680,0.5184552669525146,0.36627623438835144,0.22666937112808228,0.2170073539018631,0.12078401446342468,0.16882668435573578,0.09923239052295685,0.0028467958327382803,0.028465379029512405,0.04094449803233147
26700,0.5187791585922241,0.3662935495376587,0.22670966386795044,0.21705681085586548,0.12080979347229004,0.16886907815933228,0.09923097491264343,0.002856622450053692,0.02636142261326313,0.040253639221191406
26720,0.5186848640441895,0.3663378357887268,0.2268477827310562,0.21712101995944977,0.1208612471818924,0.16889241337776184,0.09928102046251297,0.002858886495232582,0.025655411183834076,0.04061325639486313
26740,0.5187912583351135,0.3664766550064087,0.22687900066375732,0.2171219140291214,0.12090123444795609,0.16890472173690796,0.09927460551261902,0.0028648911975324154,0.02614118717610836,0.04079773277044296
26760,0.5187979936599731,0.3664442300796509,0.22693690657615662,0.2171737104654312,0.1209326833486557,0.1689913421869278,0.09928273409605026,0.002873780205845833,0.026397831737995148,0.03985856845974922
26780,0.5189614295959473,0.36651870608329773,0.22699977457523346,0.2171773612499237,0.12096994370222092,0.16901364922523499,0.09929625689983368,0.0028750626370310783,0.025360718369483948,0.04051851108670235
26800,0.5188708901405334,0.3666077256202698,0.2270413190126419,0.21722103655338287,0.12100347876548767,0.1690419465303421,0.09933815151453018,0.002884969813749194,0.025234295055270195,0.04019996151328087
26820,0.5189828276634216,0.36662355065345764,0.22709327936172485,0.21728326380252838,0.12102977186441422,0.1690388172864914,0.09936843067407608,0.0028907684609293938,0.02635043114423752,0.040244005620479584
26840,0.5191393494606018,0.36666741967201233,0.22712111473083496,0.21733692288398743,0.12107101827859879,0.16906636953353882,0.09938372671604156,0.002893836470320821,0.02504769340157509,0.04044506698846817
26860,0.5192104578018188,0.366672158241272,0.22716985642910004,0.2173515111207962,0.12110770493745804,0.16911762952804565,0.09938140958547592,0.0028971065767109394,0.026209482923150063,0.040337465703487396
26880,0.519145667552948,0.366793155670166,0.22727149724960327,0.21735069155693054,0.12111687660217285,0.16914811730384827,0.09937844425439835,0.0028977510519325733,0.025142274796962738,0.03962413966655731
26900,0.5191755294799805,0.366832971572876,0.22722318768501282,0.21740254759788513,0.12115088105201721,0.16920985281467438,0.09940586239099503,0.0029031771700829268,0.025979477912187576,0.04056668281555176
26920,0.5191126465797424,0.3669165372848511,0.22731569409370422,0.21743711829185486,0.12116659432649612,0.16923627257347107,0.09942321479320526,0.002908898051828146,0.02594842202961445,0.03996553272008896
26940,0.5191105604171753,0.3669884502887726,0.22739949822425842,0.21744489669799805,0.121226005256176,0.1692521572113037,0.09945355355739594,0.002919637132436037,0.02542109414935112,0.04050798341631889
26960,0.5190927982330322,0.3670160174369812,0.22741325199604034,0.21743986010551453,0.12125714123249054,0.16935327649116516,0.09945101290941238,0.0029254464898258448,0.026562467217445374,0.039880696684122086
26980,0.5190364718437195,0.3670811057090759,0.22747886180877686,0.2174849659204483,0.12131249904632568,0.16937386989593506,0.09948833286762238,0.0029291189275681973,0.026196502149105072,0.04033380374312401
27000,0.5192521214485168,0.36701327562332153,0.22746020555496216,0.21752464771270752,0.12137029320001602,0.1694224327802658,0.09950663149356842,0.0029378703329712152,0.02652181312441826,0.039921339601278305
27020,0.5192650556564331,0.3671504855155945,0.2275431901216507,0.2175644040107727,0.1214042529463768,0.16942545771598816,0.09952891618013382,0.00294514000415802,0.0264938622713089,0.03987307846546173
27040,0.5192698836326599,0.3671172261238098,0.22757692635059357,0.21760129928588867,0.12141689658164978,0.16948743164539337,0.09955146163702011,0.002947271103039384,0.026251139119267464,0.03978397697210312
27060,0.5193092226982117,0.36721071600914,0.22760789096355438,0.21760961413383484,0.12146187573671341,0.1695188283920288,0.09954310208559036,0.002950900001451373,0.027713662013411522,0.040210384875535965
27080,0.5194583535194397,0.3672051727771759,0.2276693731546402,0.21762818098068237,0.12148409336805344,0.1695476919412613,0.0995836928486824,0.0029568588361144066,0.025706887245178223,0.041868600994348526
27100,0.5194820165634155,0.36719566583633423,0.22765520215034485,0.21772275865077972,0.12151793390512466,0.169591024518013,0.09961588680744171,0.0029613932128995657,0.024959130212664604,0.040031399577856064
27120,0.5195582509040833,0.3673606812953949,0.22770145535469055,0.21770310401916504,0.12155758589506149,0.16964192688465118,0.09964238852262497,0.00296208867803216,0.026080794632434845,0.03966458514332771
27140,0.5195009708404541,0.3673359751701355,0.22775940597057343,0.21773166954517365,0.12158504873514175,0.16968519985675812,0.09966140985488892,0.0029652679804712534,0.027674207463860512,0.04011835902929306
27160,0.5193564891815186,0.36748895049095154,0.2278861701488495,0.21777331829071045,0.12160933762788773,0.16970126330852509,0.09968031942844391,0.002972195390611887,0.026065057143568993,0.04068903997540474
27180,0.5197588205337524,0.36737698316574097,0.22788195312023163,0.21776996552944183,0.12166587263345718,0.16971355676651,0.09969691187143326,0.0029765209183096886,0.026404211297631264,0.04136127978563309
27200,0.5194548964500427,0.36743226647377014,0.2279890775680542,0.21785223484039307,0.12169679254293442,0.16975685954093933,0.09973243623971939,0.0029834951274096966,0.027626678347587585,0.03991151973605156
27220,0.519594132900238,0.3675563633441925,0.22801023721694946,0.21781334280967712,0.1217646449804306,0.16979610919952393,0.0997358039021492,0.0029874995816498995,0.025250740349292755,0.040078744292259216
27240,0.519605278968811,0.36759549379348755,0.22805169224739075,0.21787217259407043,0.12179920822381973,0.1698451191186905,0.09973040968179703,0.002996216993778944,0.02631215564906597,0.04072308540344238
27260,0.5196775197982788,0.3675810992717743,0.2280968576669693,0.21786630153656006,0.12182684242725372,0.16986729204654694,0.09977612644433975,0.0029994964133948088,0.026099465787410736,0.04061431437730789
27280,0.5196822881698608,0.3677305281162262,0.22820381820201874,0.21786540746688843,0.12186692655086517,0.16990388929843903,0.09979028254747391,0.003010296495631337,0.026964953169226646,0.04053030535578728
27300,0.5195742845535278,0.36776405572891235,0.22820830345153809,0.21796679496765137,0.12188144028186798,0.16994540393352509,0.09979541599750519,0.0030184253118932247,0.02629956044256687,0.04125765711069107
27320,0.519923746585846,0.3678165376186371,0.2281998097896576,0.21802781522274017,0.12194459140300751,0.16998352110385895,0.09978438168764114,0.003021048614755273,0.027696415781974792,0.04065931588411331
27340,0.5199484825134277,0.36790549755096436,0.22827835381031036,0.21802285313606262,0.12201192229986191,0.1700228452682495,0.09979075938463211,0.0030195533763617277,0.027879701927304268,0.0407477468252182
27360,0.5200411677360535,0.36793479323387146,0.22823496162891388,0.21805144846439362,0.12203407287597656,0.17010392248630524,0.09980832785367966,0.003026446560397744,0.02488546445965767,0.03978867828845978
27380,0.5198394656181335,0.368046373128891,0.22836454212665558,0.2180713266134262,0.12205460667610168,0.1701204478740692,0.09983579069375992,0.0030348647851496935,0.027718141674995422,0.03959856554865837
27400,0.5201632976531982,0.3680843412876129,0.2283536195755005,0.2181202918291092,0.12207700312137604,0.17012345790863037,0.09983006864786148,0.0030400732066482306,0.02646397426724434,0.04190225526690483
27420,0.520199179649353,0.368147075176239,0.22841529548168182,0.21815738081932068,0.1221163272857666,0.17014698684215546,0.09988869726657867,0.003049796214327216,0.02536100149154663,0.04067544266581535
27440,0.5203182101249695,0.3681357204914093,0.2283972203731537,0.21820390224456787,0.12212330847978592,0.17020687460899353,0.0999031588435173,0.00305789802223444,0.025734342634677887,0.04004984721541405
27460,0.5202692151069641,0.36826586723327637,0.22852297127246857,0.2182258665561676,0.12213581800460815,0.17024372518062592,0.0999189019203186,0.003053274704143405,0.02584032528102398,0.04083457589149475
27480,0.5202478766441345,0.3682897388935089,0.22857247292995453,0.2182476818561554,0.12216772139072418,0.17026308178901672,0.09991003572940826,0.0030659292824566364,0.024638939648866653,0.04037463292479515
27500,0.5203939080238342,0.36835160851478577,0.22856806218624115,0.2182817906141281,0.12219841778278351,0.17024536430835724,0.09993968158960342,0.0030740804504603148,0.027014898136258125,0.03993755578994751
27520,0.5203086733818054,0.3683900237083435,0.22864197194576263,0.21835288405418396,0.12220989167690277,0.1702849268913269,0.09996738284826279,0.003078668611124158,0.027579735964536667,0.039748385548591614
27540,0.5204784274101257,0.36838746070861816,0.22866123914718628,0.21837784349918365,0.12224986404180527,0.17030391097068787,0.09998197853565216,0.0030835848301649094,0.026952877640724182,0.04089599847793579
27560,0.5204383730888367,0.36839985847473145,0.22875045239925385,0.21837753057479858,0.1223171204328537,0.17034445703029633,0.10000000894069672,0.0030936843249946833,0.025378378108143806,0.04038052260875702
27580,0.520502507686615,0.3684982657432556,0.22874648869037628,0.21839642524719238,0.12234145402908325,0.17038141191005707,0.10001242905855179,0.003101024776697159,0.02575988881289959,0.03968358784914017
27600,0.5205145478248596,0.36853814125061035,0.22886471450328827,0.21843142807483673,0.12242370843887329,0.17042630910873413,0.10004973411560059,0.0031044092029333115,0.026136131957173347,0.040666475892066956
27620,0.5205322504043579,0.3686615228652954,0.22889381647109985,0.21845100820064545,0.12243244051933289,0.17042018473148346,0.10006923973560333,0.003109673736616969,0.026145711541175842,0.04049774259328842
27640,0.5206155776977539,0.36866846680641174,0.228913351893425,0.2185640186071396,0.1224709004163742,0.1704934537410736,0.1001247763633728,0.0031173978932201862,0.02750883623957634,0.03968522325158119
27660,0.5207647681236267,0.3686734735965729,0.2289496511220932,0.21857936680316925,0.12250079214572906,0.17052876949310303,0.10013607889413834,0.003122206311672926,0.025722036138176918,0.04038573056459427
27680,0.520775556564331,0.36879798769950867,0.22903595864772797,0.21858415007591248,0.12252506613731384,0.1705445796251297,0.10018163174390793,0.0031251278705894947,0.026093609631061554,0.04117218032479286
27700,0.5210210084915161,0.3688828945159912,0.22904881834983826,0.21858464181423187,0.1225455179810524,0.17054696381092072,0.10017518699169159,0.003125038230791688,0.025795934721827507,0.04190398007631302
27720,0.520953357219696,0.36903730034828186,0.2291814386844635,0.21862533688545227,0.12261710315942764,0.17058826982975006,0.10021194815635681,0.003130654338747263,0.02527507394552231,0.040285076946020126
27740,0.5209577083587646,0.3690130114555359,0.22914303839206696,0.2186688780784607,0.12260670959949493,0.17063505947589874,0.1002495139837265,0.0031292112544178963,0.02652384713292122,0.04072587937116623
27760,0.5208499431610107,0.36915719509124756,0.2292860895395279,0.21869981288909912,0.12264982610940933,0.1706831157207489,0.1002763882279396,0.0031362336594611406,0.025011681020259857,0.041337739676237106
27780,0.520968496799469,0.3691602647304535,0.22930359840393066,0.21875126659870148,0.12268608808517456,0.1706913709640503,0.10030466318130493,0.003146511735394597,0.025698987767100334,0.040042292326688766
27800,0.5207569599151611,0.3692401945590973,0.22939205169677734,0.2187948375940323,0.12274578958749771,0.17073629796504974,0.10030553489923477,0.003150331322103739,0.02516975626349449,0.03998338431119919
27820,0.5211345553398132,0.3691815733909607,0.22936224937438965,0.21874429285526276,0.12274064868688583,0.17076902091503143,0.10027910023927689,0.003156845923513174,0.026520542800426483,0.041764162480831146
27840,0.5212182402610779,0.369266539812088,0.2294832170009613,0.21876634657382965,0.12277745455503464,0.17079518735408783,0.10029277950525284,0.0031729473266750574,0.027264611795544624,0.041056130081415176
27860,0.5211098194122314,0.3693895936012268,0.22953730821609497,0.2187442034482956,0.12279105186462402,0.1708340346813202,0.10035879909992218,0.003177620703354478,0.026118958368897438,0.04034312069416046
27880,0.521209180355072,0.36934950947761536,0.22950899600982666,0.21886417269706726,0.1228662058711052,0.17087143659591675,0.10035959631204605,0.003184990491718054,0.025740550830960274,0.040621548891067505
27900,0.5210760235786438,0.36941173672676086,0.2295873910188675,0.21893565356731415,0.1228795275092125,0.17090970277786255,0.10035516321659088,0.00319490279071033,0.025396529585123062,0.03990385681390762
27920,0.5211396217346191,0.3694970905780792,0.22967946529388428,0.21894659101963043,0.12292680144309998,0.17096300423145294,0.10040079057216644,0.0032017820049077272,0.025139374658465385,0.0397166907787323
27940,0.5213813185691833,0.3695429861545563,0.22972172498703003,0.21897435188293457,0.12293895334005356,0.1709802746772766,0.10041274130344391,0.003209667978808284,0.025956178084015846,0.04062964394688606
27960,0.5209808349609375,0.3696456253528595,0.2298855185508728,0.21900369226932526,0.12298768758773804,0.1710493564605713,0.1004168912768364,0.003213332500308752,0.025527454912662506,0.04199086129665375
27980,0.521406888961792,0.36958304047584534,0.22982634603977203,0.21900922060012817,0.12299992144107819,0.1710517406463623,0.10045306384563446,0.0032130791805684566,0.02503463439643383,0.04038167744874954
28000,0.5211942195892334,0.36969882249832153,0.22991026937961578,0.2190551459789276,0.12304233014583588,0.17109522223472595,0.10044758021831512,0.0032208324410021305,0.02437085472047329,0.03972848504781723
28020,0.5212395787239075,0.36972522735595703,0.2299022227525711,0.21907687187194824,0.12307829409837723,0.17117737233638763,0.1004595160484314,0.0032315398566424847,0.026272710412740707,0.039865702390670776
28040,0.5211644172668457,0.36982837319374084,0.23002302646636963,0.21906255185604095,0.12311087548732758,0.17119891941547394,0.10047617554664612,0.0032330502290278673,0.026371974498033524,0.04082845151424408
28060,0.5213345885276794,0.36985865235328674,0.23004254698753357,0.21907952427864075,0.12315310537815094,0.1712092161178589,0.10046255588531494,0.0032347170636057854,0.024970481172204018,0.04062667861580849
28080,0.5213351845741272,0.3699716627597809,0.2301161289215088,0.21912679076194763,0.12318071722984314,0.17124904692173004,0.10049695521593094,0.0032419131603091955,0.025111626833677292,0.04195454716682434
28100,0.5213611721992493,0.37004244327545166,0.23009300231933594,0.21912026405334473,0.12324125319719315,0.17129844427108765,0.10055653750896454,0.003249117638915777,0.025656480342149734,0.040179237723350525
28120,0.5215296149253845,0.36998629570007324,0.2301201969385147,0.21914711594581604,0.12327680736780167,0.17131182551383972,0.10055986791849136,0.003252285998314619,0.02564849890768528,0.04078856110572815
28140,0.5214455723762512,0.3701266944408417,0.23017606139183044,0.21911996603012085,0.12330451607704163,0.1713535338640213,0.10057513415813446,0.003255906281992793,0.024904293939471245,0.040023185312747955
28160,0.5215096473693848,0.37012654542922974,0.23022113740444183,0.21918456256389618,0.12331502139568329,0.17140038311481476,0.10058248788118362,0.0032592781353741884,0.024398650974035263,0.039345987141132355
28180,0.5214416980743408,0.37024906277656555,0.23024742305278778,0.21923328936100006,0.1233658418059349,0.17142239212989807,0.10060533136129379,0.003266840009018779,0.02651125378906727,0.04065879061818123
28200,0.5215055346488953,0.37030458450317383,0.23032088577747345,0.21924424171447754,0.12340454012155533,0.17145293951034546,0.10060399770736694,0.003272431204095483,0.025265909731388092,0.04014347493648529
28220,0.5216495394706726,0.3702385127544403,0.23036162555217743,0.219318687915802,0.12340325862169266,0.17148827016353607,0.10062754154205322,0.0032783937640488148,0.0252964086830616,0.040891505777835846
28240,0.5216944813728333,0.37031224370002747,0.23041564226150513,0.2192869484424591,0.12341315299272537,0.1715412735939026,0.10064652562141418,0.003282645484432578,0.025531815364956856,0.04052724689245224
28260,0.5218760967254639,0.3703545033931732,0.23043900728225708,0.2193325161933899,0.12347419559955597,0.1715863198041916,0.1006486788392067,0.003294423222541809,0.025555245578289032,0.04000309854745865
28280,0.5218495726585388,0.3704172670841217,0.2305300235748291,0.21938852965831757,0.12346518784761429,0.17160411179065704,0.10068229585886002,0.0033016460947692394,0.025702327489852905,0.040050212293863297
28300,0.5218247771263123,0.37053462862968445,0.2305402159690857,0.21944421529769897,0.12348486483097076,0.17166242003440857,0.10070373862981796,0.0033069986384361982,0.02673848159611225,0.040022388100624084
28320,0.5219064354896545,0.3705357313156128,0.2305455058813095,0.21948716044425964,0.12351509928703308,0.1717299222946167,0.10069994628429413,0.0033145160414278507,0.025497762486338615,0.040492746978998184
28340,0.5219376683235168,0.37059006094932556,0.23065440356731415,0.21950259804725647,0.12354656308889389,0.1717521697282791,0.10071446001529694,0.0033190648537129164,0.02689124457538128,0.04025842621922493
28360,0.5220754742622375,0.3706897795200348,0.23068270087242126,0.21944163739681244,0.12356569617986679,0.17178303003311157,0.10072887688875198,0.0033206690568476915,0.02645520120859146,0.04024558514356613
28380,0.5219972133636475,0.37081560492515564,0.23076282441616058,0.21948368847370148,0.12359105050563812,0.17183703184127808,0.10075222700834274,0.003332864260300994,0.02598617970943451,0.040167685598134995
28400,0.5219653844833374,0.3708784878253937,0.23078669607639313,0.2195407897233963,0.12362963706254959,0.17188744246959686,0.100784532725811,0.0033345415722578764,0.02471492812037468,0.039544541388750076
28420,0.5220428705215454,0.37093788385391235,0.23082542419433594,0.2196005880832672,0.12364805489778519,0.17189574241638184,0.10078749805688858,0.0033419725950807333,0.026145190000534058,0.040108777582645416
28440,0.5220558047294617,0.3709917664527893,0.23081254959106445,0.21965241432189941,0.12369736284017563,0.17195530235767365,0.10075318068265915,0.0033495023380964994,0.02488451451063156,0.04047373682260513
28460,0.5221061706542969,0.37102505564689636,0.23080942034721375,0.219702810049057,0.12375229597091675,0.17196433246135712,0.10080627351999283,0.003353260224685073,0.024978045374155045,0.03990865498781204
28480,0.5221405029296875,0.3710160255432129,0.23087996244430542,0.21975848078727722,0.12378551065921783,0.17199726402759552,0.1007850393652916,0.0033581051975488663,0.025268567726016045,0.04058545082807541
28500,0.5222636461257935,0.3710663616657257,0.2309231460094452,0.2197761982679367,0.12385944277048111,0.17203612625598907,0.10077952593564987,0.003368048695847392,0.025091687217354774,0.04050193727016449
28520,0.5223650336265564,0.3710813820362091,0.23089051246643066,0.21982024610042572,0.12388517707586288,0.17205648124217987,0.10081052780151367,0.0033782625105232,0.02511856146156788,0.0412018708884716
28540,0.5222117304801941,0.3711627125740051,0.23095391690731049,0.21988445520401,0.1239110678434372,0.1720839887857437,0.10085413604974747,0.0033815866336226463,0.02529166266322136,0.040309686213731766
28560,0.5223768353462219,0.3711860775947571,0.23102104663848877,0.21987147629261017,0.12391375005245209,0.1721048504114151,0.10087721794843674,0.003388557583093643,0.024742310866713524,0.0403379388153553
28580,0.5224252939224243,0.3712492287158966,0.2310478836297989,0.2198667675256729,0.12396320700645447,0.17213726043701172,0.10090752691030502,0.003389052115380764,0.025461450219154358,0.041163478046655655
28600,0.5222751498222351,0.3713080883026123,0.2311294972896576,0.21989454329013824,0.12400045245885849,0.17216281592845917,0.1009334847331047,0.003400013316422701,0.027975408360362053,0.03957441449165344
28620,0.5224953889846802,0.3713231086730957,0.23112735152244568,0.21989504992961884,0.1240193098783493,0.1721920222043991,0.10093231499195099,0.0034033404663205147,0.024569841101765633,0.039444807916879654
28640,0.5224043130874634,0.3713991343975067,0.2311728298664093,0.2199493795633316,0.12401644140481949,0.17221787571907043,0.10094442963600159,0.0034136129543185234,0.024729415774345398,0.040126360952854156
28660,0.5224754810333252,0.37139490246772766,0.2312067151069641,0.21998248994350433,0.12407690286636353,0.17229917645454407,0.10097214579582214,0.0034149610437452793,0.02525252103805542,0.03982647508382797
28680,0.5222769379615784,0.3713896870613098,0.23126204311847687,0.219986230134964,0.1241164430975914,0.17232510447502136,0.100992351770401,0.0034235946368426085,0.02701079286634922,0.040042053908109665
28700,0.522443413734436,0.3715309202671051,0.23132219910621643,0.22000446915626526,0.12411931902170181,0.1723424196243286,0.10100860893726349,0.0034265764988958836,0.02430998533964157,0.03974008187651634
28720,0.5225127935409546,0.3714791238307953,0.2313186228275299,0.22003112733364105,0.1241484060883522,0.1724003404378891,0.10104715079069138,0.0034323616418987513,0.02562638185918331,0.04037757217884064
28740,0.5223851799964905,0.37159106135368347,0.23143324255943298,0.22013086080551147,0.12421098351478577,0.17243729531764984,0.101033516228199,0.003441775916144252,0.024148011580109596,0.04016685113310814
28760,0.5223470330238342,0.371611624956131,0.23146246373653412,0.22015134990215302,0.12423744797706604,0.1724790334701538,0.10105176270008087,0.003449817653745413,0.025243282318115234,0.03958987444639206
28780,0.5224259495735168,0.3716281056404114,0.23148469626903534,0.22021126747131348,0.12426449358463287,0.17249520123004913,0.10105863958597183,0.0034530721604824066,0.025996241718530655,0.039790861308574677
28800,0.5224308371543884,0.37174904346466064,0.23161903023719788,0.22016720473766327,0.12431011348962784,0.17255350947380066,0.10107088088989258,0.0034530539996922016,0.02545066922903061,0.0400613434612751
28820,0.5224058032035828,0.3717479407787323,0.23166660964488983,0.2201688289642334,0.12432205677032471,0.1726006269454956,0.10110080987215042,0.003458739724010229,0.024954425171017647,0.04023867845535278
28840,0.5223709344863892,0.3718986213207245,0.23171626031398773,0.22018718719482422,0.12435932457447052,0.17262375354766846,0.10114789009094238,0.003461679443717003,0.026240384206175804,0.04035349190235138
28860,0.522573709487915,0.3718547821044922,0.2317194938659668,0.22025156021118164,0.12438206374645233,0.17264926433563232,0.10110217332839966,0.0034658159129321575,0.025165941566228867,0.04093897342681885
28880,0.5226694941520691,0.3718700408935547,0.2317366600036621,0.22026681900024414,0.12441784888505936,0.1726519614458084,0.10107514262199402,0.003473445074632764,0.025092411786317825,0.04103809967637062
28900,0.5225757360458374,0.3720535337924957,0.2318393588066101,0.22031626105308533,0.12443864345550537,0.1726841777563095,0.10109855234622955,0.0034775612875819206,0.02590949274599552,0.040978074073791504
28920,0.5227227807044983,0.3719838261604309,0.2318638265132904,0.2203308790922165,0.12446832656860352,0.17270222306251526,0.10113587230443954,0.003487038891762495,0.02533806674182415,0.04017569124698639
28940,0.522688090801239,0.37207692861557007,0.23188918828964233,0.22034837305545807,0.12450534105300903,0.17277240753173828,0.10113411396741867,0.0034879487939178944,0.024443000555038452,0.03979501128196716
28960,0.5226272344589233,0.3721425235271454,0.2319873720407486,0.2203509360551834,0.12453567981719971,0.17277052998542786,0.10116368532180786,0.0034943653736263514,0.025352487340569496,0.0401429608464241
28980,0.5227022767066956,0.37210357189178467,0.23196865618228912,0.22041098773479462,0.12460412830114365,0.17282553017139435,0.10115744918584824,0.003503842279314995,0.025347985327243805,0.039739660918712616
29000,0.5228444933891296,0.3721819818019867,0.23201729357242584,0.2203497290611267,0.1246085837483406,0.1728297621011734,0.10119371861219406,0.0035093072801828384,0.02636866085231304,0.04107603430747986
29020,0.5230417251586914,0.37226203083992004,0.2320324182510376,0.22038444876670837,0.12463416904211044,0.1728794425725937,0.10118051618337631,0.0035099408123642206,0.029206998646259308,0.04044555127620697
29040,0.5229923725128174,0.3722315728664398,0.2320857048034668,0.22045227885246277,0.12469357997179031,0.17291882634162903,0.10118086636066437,0.0035168693866580725,0.024428853765130043,0.039531245827674866
29060,0.5230104923248291,0.3723393380641937,0.23214390873908997,0.22047731280326843,0.12473446130752563,0.1729361116886139,0.10122202336788177,0.0035237472038716078,0.026082726195454597,0.04058057442307472
29080,0.5230224132537842,0.3723922669887543,0.2321990430355072,0.22051188349723816,0.12476393580436707,0.17296990752220154,0.10123438388109207,0.003539154538884759,0.024600811302661896,0.03994094952940941
29100,0.5230334401130676,0.37249481678009033,0.2322520613670349,0.2205631285905838,0.12478896975517273,0.17298007011413574,0.1012498289346695,0.0035419079940766096,0.024677235633134842,0.04011544585227966
29120,0.523026168346405,0.3726102113723755,0.23235881328582764,0.22055871784687042,0.12480264157056808,0.1730068325996399,0.10125932842493057,0.003547798376530409,0.02540685422718525,0.04009663313627243
29140,0.5230178833007812,0.3726786971092224,0.23232001066207886,0.22060520946979523,0.12486599385738373,0.17303229868412018,0.10125765949487686,0.003552720183506608,0.02434864453971386,0.04035147652029991
29160,0.5231837034225464,0.372659832239151,0.23229290544986725,0.22057761251926422,0.12492453306913376,0.1730622798204422,0.10129421204328537,0.003555900417268276,0.025567874312400818,0.04106677323579788
29180,0.5230504870414734,0.37272676825523376,0.23235587775707245,0.22064711153507233,0.12492170184850693,0.17310187220573425,0.10130476206541061,0.0035625894088298082,0.023914040997624397,0.04055498540401459
29200,0.5232247710227966,0.3727967441082001,0.2324150949716568,0.22067931294441223,0.12497315555810928,0.1731555163860321,0.10132641345262527,0.003566092113032937,0.02397245168685913,0.04059135168790817
29220,0.5231438279151917,0.37275126576423645,0.23248934745788574,0.22075705230236053,0.12499883770942688,0.17321136593818665,0.10134470462799072,0.003575017675757408,0.02461433783173561,0.039794355630874634
29240,0.5232487916946411,0.37274372577667236,0.2324703335762024,0.22072486579418182,0.12504059076309204,0.17326025664806366,0.1013646051287651,0.0035804645158350468,0.024859922006726265,0.040754713118076324
29260,0.5233832001686096,0.3728068172931671,0.23251977562904358,0.22079508006572723,0.1250840723514557,0.17330150306224823,0.10136184841394424,0.0035838084295392036,0.02501622959971428,0.04028362035751343
29280,0.5231688022613525,0.37291401624679565,0.2326299250125885,0.22082999348640442,0.12509973347187042,0.17330880463123322,0.10137168318033218,0.0035866638645529747,0.027273673564195633,0.03954002261161804
29300,0.5233456492424011,0.37291741371154785,0.23260597884655,0.22081466019153595,0.12515200674533844,0.17335854470729828,0.10140784829854965,0.0035892417654395103,0.024861641228199005,0.040142349898815155
29320,0.5233463048934937,0.37293189764022827,0.23268438875675201,0.22080419957637787,0.12516848742961884,0.17340543866157532,0.1014462485909462,0.0035923230461776257,0.025446999818086624,0.03973672538995743
29340,0.5234293341636658,0.37296557426452637,0.23273958265781403,0.2208646982908249,0.12518569827079773,0.17338044941425323,0.10146315395832062,0.0035956145729869604,0.02473124861717224,0.041118472814559937
29360,0.5235162973403931,0.37298691272735596,0.2327457070350647,0.22085373103618622,0.12522059679031372,0.17342692613601685,0.10148299485445023,0.0036060530692338943,0.023898879066109657,0.040166258811950684
29380,0.5234476327896118,0.3731098771095276,0.232851043343544,0.2208741158246994,0.12525194883346558,0.17344285547733307,0.10150054842233658,0.003608530154451728,0.02433638460934162,0.039512041956186295
29400,0.5234989523887634,0.37306591868400574,0.23282542824745178,0.22087237238883972,0.12528617680072784,0.17349635064601898,0.10150398313999176,0.003614527639001608,0.02525794692337513,0.040729448199272156
29420,0.5235589742660522,0.37318649888038635,0.23296354711055756,0.22086448967456818,0.12532560527324677,0.1735202670097351,0.10153179615736008,0.0036197304725646973,0.02477356791496277,0.039659108966588974
29440,0.5235903859138489,0.3732158839702606,0.23293699324131012,0.2209467738866806,0.1253540813922882,0.17354744672775269,0.1015372946858406,0.0036225072108209133,0.02404102124273777,0.03979764133691788
29460,0.5235829949378967,0.3732280433177948,0.2330063283443451,0.2209651917219162,0.12541255354881287,0.17358091473579407,0.10153865814208984,0.0036256350576877594,0.024921776726841927,0.04023435711860657
29480,0.5235539674758911,0.3732926845550537,0.23309831321239471,0.22102700173854828,0.12543395161628723,0.1736164540052414,0.10156524926424026,0.0036318206693977118,0.02456062100827694,0.04103574901819229
29500,0.5236579179763794,0.3732084035873413,0.23306994140148163,0.22104261815547943,0.12545645236968994,0.17367063462734222,0.10153704136610031,0.0036362556274980307,0.0258682519197464,0.04055539518594742
29520,0.5237944722175598,0.3732792139053345,0.23308344185352325,0.22106188535690308,0.12545070052146912,0.17367810010910034,0.10158000141382217,0.0036361960228532553,0.025757020339369774,0.04150274768471718
29540,0.5237089991569519,0.3734457492828369,0.23325000703334808,0.22108356654644012,0.12551888823509216,0.17372223734855652,0.10159102827310562,0.0036437478847801685,0.023724479600787163,0.04018116742372513
29560,0.523719847202301,0.3734436333179474,0.23325158655643463,0.22112609446048737,0.12553414702415466,0.173717200756073,0.1016465350985527,0.003647548845037818,0.024566123262047768,0.0396588034927845
29580,0.523629903793335,0.3734949231147766,0.23327496647834778,0.22113551199436188,0.12555688619613647,0.17380903661251068,0.10164842009544373,0.003653351217508316,0.024444354698061943,0.040027447044849396
29600,0.5237677693367004,0.3735268712043762,0.23335088789463043,0.2211533486843109,0.1255834996700287,0.17381936311721802,0.1016698107123375,0.003658850910142064,0.024691419675946236,0.039952587336301804
29620,0.5237228274345398,0.3735389709472656,0.2333521544933319,0.22119130194187164,0.12559860944747925,0.17385375499725342,0.1017039492726326,0.003660422284156084,0.02462795563042164,0.04053840786218643
29640,0.5238326787948608,0.3735881745815277,0.2333964705467224,0.22120416164398193,0.1256350874900818,0.17385852336883545,0.1017315611243248,0.003667198121547699,0.023284390568733215,0.039661914110183716
29660,0.523954451084137,0.3737027645111084,0.23345635831356049,0.22123852372169495,0.12566818296909332,0.17388632893562317,0.10171063244342804,0.0036707185208797455,0.02501179464161396,0.0404135137796402
29680,0.5238397717475891,0.3738439083099365,0.2335345596075058,0.2212049663066864,0.12570996582508087,0.17392928898334503,0.10173702239990234,0.0036794114857912064,0.024750467389822006,0.040687307715415955
29700,0.523926317691803,0.37391966581344604,0.2335507720708847,0.22125622630119324,0.12573766708374023,0.17397430539131165,0.1017427071928978,0.0036904385779052973,0.025215985253453255,0.04143823683261871
29720,0.5240482091903687,0.37389785051345825,0.23361891508102417,0.2213176041841507,0.12578994035720825,0.17401251196861267,0.1017531082034111,0.0036987955681979656,0.025247624143958092,0.0402163490653038
29740,0.5240484476089478,0.3737965226173401,0.23363305628299713,0.22131280601024628,0.1258256584405899,0.17402206361293793,0.10176295787096024,0.003701485926285386,0.025912923738360405,0.040485601872205734
29760,0.5243025422096252,0.37390783429145813,0.23365665972232819,0.22142934799194336,0.12583941221237183,0.17405854165554047,0.10176365822553635,0.0037071998231112957,0.025454793125391006,0.04001288115978241
29780,0.524071216583252,0.37397491931915283,0.23372222483158112,0.22148792445659637,0.12583865225315094,0.17411544919013977,0.10181551426649094,0.0037143928930163383,0.024687422439455986,0.040596067905426025
29800,0.5241071581840515,0.3739863336086273,0.23377838730812073,0.22154848277568817,0.12587733566761017,0.17414666712284088,0.10181687027215958,0.0037148408591747284,0.024737535044550896,0.04039851948618889
29820,0.5241350531578064,0.374147891998291,0.23385928571224213,0.22148819267749786,0.12592139840126038,0.17417457699775696,0.10182609409093857,0.003717077197507024,0.02434740774333477,0.04032348841428757
29840,0.5242434144020081,0.3741436004638672,0.23382136225700378,0.2215511053800583,0.12595494091510773,0.17425969243049622,0.101859450340271,0.0037273026537150145,0.023628514260053635,0.040441617369651794
29860,0.5242396593093872,0.37416505813598633,0.2338700294494629,0.22159363329410553,0.12598901987075806,0.1742442399263382,0.10185854136943817,0.003733346238732338,0.02541905641555786,0.04007366672158241
29880,0.5243937969207764,0.3741253614425659,0.2339339405298233,0.22156104445457458,0.12596701085567474,0.17425861954689026,0.10191594809293747,0.0037377970293164253,0.024546662345528603,0.04208188131451607
29900,0.5242845416069031,0.37430131435394287,0.23404225707054138,0.22161315381526947,0.12600156664848328,0.17429187893867493,0.10192665457725525,0.0037451365496963263,0.024752557277679443,0.0407206229865551
29920,0.5244616866111755,0.37432780861854553,0.234010711312294,0.22162756323814392,0.12602362036705017,0.17431902885437012,0.10193877667188644,0.00375408330000937,0.02649628184735775,0.04003492742776871
29940,0.5244758129119873,0.37447527050971985,0.2341073751449585,0.22162432968616486,0.1260978728532791,0.17433369159698486,0.1019192636013031,0.0037593527231365442,0.02359151467680931,0.03967565298080444
29960,0.5245385766029358,0.3744494318962097,0.23411467671394348,0.22160860896110535,0.12610046565532684,0.1743597537279129,0.10196078568696976,0.0037636524066329002,0.024703187867999077,0.04027685523033142
29980,0.5244762897491455,0.3744845986366272,0.234157532453537,0.221685990691185,0.12613226473331451,0.17439144849777222,0.10193697363138199,0.003771750722080469,0.024931741878390312,0.04014073312282562
30000,0.524699866771698,0.3744840621948242,0.23418205976486206,0.22167274355888367,0.12614725530147552,0.1743946373462677,0.10196181386709213,0.0037785330787301064,0.02487236075103283,0.040183886885643005
