Step,gamma0,gamma1,gamma2,gamma3,gamma4,gamma5,gamma6,gamma7,loss(train),loss(validate)
20,0.0009450879297219217,-9.510690870229155e-05,0.00028078240575268865,0.0004107432905584574,0.0005519140977412462,0.00025422978796996176,-0.00035723665496334434,4.526349584921263e-05,0.46570056676864624,0.4969743490219116
40,0.003761718049645424,0.00013037462485954165,0.0005500642582774162,0.00023287665680982172,0.0029808294493705034,0.0008014796767383814,-0.0007483931258320808,6.424867024179548e-06,0.4161040782928467,0.4623745083808899
60,0.007724281400442123,0.000645647116471082,0.0006414969684556127,0.00014918333909008652,0.005846467800438404,0.0014544130535796285,-0.0008950608316808939,-0.00010102980741066858,0.3695547878742218,0.4401727318763733
80,0.013003404252231121,0.0014368238626047969,0.000704126781783998,0.00013578486687038094,0.008919413201510906,0.001977574313059449,-0.001005547121167183,-0.00032704786281101406,0.3396182358264923,0.42325323820114136
100,0.019785989075899124,0.0026238528080284595,0.0006817230605520308,0.00018438836559653282,0.011874595656991005,0.0023388706613332033,-0.0010714783566072583,-0.00047909049317240715,0.31487059593200684,0.40841883420944214
120,0.02807781659066677,0.004157142713665962,0.000546010211110115,0.0002063987631117925,0.01467127539217472,0.00268520787358284,-0.0010898351902142167,-0.0005744784721173346,0.2983150780200958,0.3973079323768616
140,0.0372953899204731,0.005947663448750973,0.0002981781726703048,0.0001854104921221733,0.017069635912775993,0.0030530670192092657,-0.001025429111905396,-0.0006856289692223072,0.2752394676208496,0.3903570771217346
160,0.04616609960794449,0.007984708063304424,4.4659333070740104e-05,0.00015105801867321134,0.018850581720471382,0.003529098117724061,-0.0008904602145776153,-0.0008844432304613292,0.25334811210632324,0.3867570459842682
180,0.053820814937353134,0.010421006008982658,-0.00035513369948603213,3.473242395557463e-05,0.02010062336921692,0.004129461012780666,-0.0008175236289389431,-0.0011211882811039686,0.23272192478179932,0.37925976514816284
200,0.06059810146689415,0.013060424476861954,-0.0007597196381539106,-0.0001332640676992014,0.02102433517575264,0.0046401554718613625,-0.0008292793063446879,-0.0013371622189879417,0.22381459176540375,0.3723440170288086
220,0.0667753741145134,0.015718448907136917,-0.0010958604980260134,-0.0002801240480039269,0.02177201770246029,0.005054732784628868,-0.0008538439869880676,-0.001510411617346108,0.20737861096858978,0.3657430112361908
240,0.07259375602006912,0.018405603244900703,-0.001287386054173112,-0.00041628803592175245,0.022292938083410263,0.005413138307631016,-0.0008779545314610004,-0.0016390553209930658,0.20090006291866302,0.34828296303749084
260,0.07820458710193634,0.021157851442694664,-0.0014177658595144749,-0.00048656738363206387,0.022826340049505234,0.0057139890268445015,-0.0008976021781563759,-0.0017265103524550796,0.18338605761528015,0.3398072421550751
280,0.08351963013410568,0.023833615705370903,-0.0015172434505075216,-0.000523613765835762,0.02321704663336277,0.005934458691626787,-0.0009515208075754344,-0.0017946347361430526,0.179029643535614,0.32731711864471436
300,0.0889442041516304,0.026585109531879425,-0.0015885521424934268,-0.00048634494305588305,0.02371220849454403,0.0061372192576527596,-0.001014256151393056,-0.0018501519225537777,0.1850447952747345,0.3034793734550476
320,0.09444631636142731,0.029346082359552383,-0.001647388911806047,-0.00041549361776560545,0.02425316907465458,0.006342437583953142,-0.0010724327294155955,-0.001882805721834302,0.17111828923225403,0.2968609929084778
340,0.09953141957521439,0.03194434195756912,-0.0016939472407102585,-0.00031659446540288627,0.02474345825612545,0.006517360918223858,-0.0011672808323055506,-0.0019008845556527376,0.16018708050251007,0.28264090418815613
360,0.10492219775915146,0.03468018025159836,-0.001721843029372394,-0.00013898922770749778,0.025280406698584557,0.006677451077848673,-0.001252219546586275,-0.0019003335619345307,0.16192549467086792,0.2688823938369751
380,0.11008462309837341,0.037352822721004486,-0.0017773552099242806,8.727492240723222e-05,0.025806576013565063,0.006848759483546019,-0.0013579222140833735,-0.0019049443071708083,0.15567459166049957,0.24342459440231323
400,0.11468535661697388,0.03984688222408295,-0.0017952823545783758,0.0003384718729648739,0.026275642216205597,0.006987256929278374,-0.0014796506147831678,-0.0019108856795355678,0.15331009030342102,0.22354458272457123
420,0.11915089935064316,0.042268797755241394,-0.0017970300978049636,0.0005915485671721399,0.02674461342394352,0.00712850596755743,-0.0015816936502233148,-0.001922497758641839,0.1466284990310669,0.20639750361442566
440,0.12367965281009674,0.04472833871841431,-0.0017323404317721725,0.0009220046340487897,0.027160145342350006,0.007280560210347176,-0.00167707575019449,-0.001946209347806871,0.15030574798583984,0.21823184192180634
460,0.12827132642269135,0.04716069623827934,-0.0016745494212955236,0.001258673844859004,0.02767013944685459,0.007439051289111376,-0.001765632419846952,-0.0019415200222283602,0.14170394837856293,0.18100188672542572
480,0.13259606063365936,0.04946283996105194,-0.0016161598032340407,0.0015939736040309072,0.028125109151005745,0.007575248833745718,-0.0018586642108857632,-0.0019573867321014404,0.13919085264205933,0.17911195755004883
500,0.13646243512630463,0.05162869766354561,-0.001541873556561768,0.0019521291833370924,0.028549818322062492,0.007704451680183411,-0.001953365746885538,-0.001968199387192726,0.13415686786174774,0.16376325488090515
520,0.14017270505428314,0.05369291454553604,-0.0014319319743663073,0.00230909651145339,0.028947822749614716,0.007832789793610573,-0.00202996376901865,-0.001998942345380783,0.1300860345363617,0.1552988737821579
540,0.14391525089740753,0.055790726095438004,-0.0012876195833086967,0.0027167885564267635,0.029325861483812332,0.007971197366714478,-0.002087127882987261,-0.0020167797338217497,0.13325592875480652,0.14905600249767303
560,0.14757438004016876,0.05778249353170395,-0.0011644699843600392,0.0030912694055587053,0.029731163755059242,0.008129904046654701,-0.002135487738996744,-0.002052279422059655,0.13000404834747314,0.15550486743450165
580,0.15118461847305298,0.059731561690568924,-0.0010356743587180972,0.0034741798881441355,0.030126698315143585,0.008263123221695423,-0.002168110804632306,-0.0020906077697873116,0.12173247337341309,0.1442115157842636
600,0.15490856766700745,0.0617213100194931,-0.000864219618961215,0.0038761391770094633,0.030555415898561478,0.008397013880312443,-0.0021880618296563625,-0.0021086360793560743,0.13039962947368622,0.14471465349197388
620,0.1586349606513977,0.06359617412090302,-0.0007250123308040202,0.004272502847015858,0.030960138887166977,0.008571220561861992,-0.002227017655968666,-0.0021331915631890297,0.12185639142990112,0.13208462297916412
640,0.16174262762069702,0.06533737480640411,-0.000565498077776283,0.004668193403631449,0.03133736550807953,0.008718568831682205,-0.00224288203753531,-0.0021726014092564583,0.11814121901988983,0.12856259942054749
660,0.16467590630054474,0.06702885031700134,-0.0004118341894354671,0.005053258966654539,0.03165293112397194,0.00883303489536047,-0.002238949527963996,-0.0022181663662195206,0.11895693838596344,0.12958180904388428
680,0.16776303946971893,0.06869931519031525,-0.0002321857464266941,0.005442001391202211,0.031997207552194595,0.008977933786809444,-0.0022531328722834587,-0.0022565703839063644,0.12081093341112137,0.14077334105968475
700,0.17087234556674957,0.07044652849435806,-6.837123510194942e-05,0.00581373693421483,0.03235636278986931,0.009133633226156235,-0.0022561531513929367,-0.0023024522233754396,0.1167827695608139,0.12427380681037903
720,0.17414335906505585,0.07211810350418091,0.0001251712383236736,0.006231308449059725,0.03273802995681763,0.009309849701821804,-0.00225006602704525,-0.0023390604183077812,0.11758390069007874,0.12262023985385895
740,0.17741285264492035,0.07367279380559921,0.0002749775885604322,0.006595850456506014,0.03313257172703743,0.009483030065894127,-0.0022543310187757015,-0.0023831422440707684,0.11759981513023376,0.13569429516792297
760,0.18071134388446808,0.0753006637096405,0.0004594377242028713,0.0070218611508607864,0.033466886729002,0.009642361663281918,-0.002239515073597431,-0.002406064188107848,0.1126883253455162,0.12077942490577698
780,0.18369221687316895,0.07676025480031967,0.0006467614439316094,0.007423014845699072,0.03380506858229637,0.009799554012715816,-0.0022436424624174833,-0.0024455361999571323,0.1128578707575798,0.11910010129213333
800,0.1864439696073532,0.07824458926916122,0.000806674244813621,0.007773506920784712,0.03414290025830269,0.009952973574399948,-0.0022370372898876667,-0.0024942534510046244,0.11190876364707947,0.11364912986755371
820,0.18910104036331177,0.07961609214544296,0.000951769994571805,0.008132323622703552,0.03446167707443237,0.010121517814695835,-0.002216579159721732,-0.002550251316279173,0.11177854984998703,0.12037938088178635
840,0.19174470007419586,0.08105021715164185,0.0011678017908707261,0.008539163507521152,0.0347808375954628,0.010279343463480473,-0.0021980551537126303,-0.002606408204883337,0.11059366166591644,0.11208051443099976
860,0.19425690174102783,0.08246227353811264,0.001378503511659801,0.00887584313750267,0.03507281094789505,0.010423417203128338,-0.0021837688982486725,-0.0026574356015771627,0.1108645424246788,0.11209075897932053
880,0.1967434585094452,0.08388984203338623,0.001577736809849739,0.009233689866960049,0.03537001833319664,0.010574543848633766,-0.0021596592850983143,-0.002706032246351242,0.11118165403604507,0.10864520072937012
900,0.1991395801305771,0.08517912775278091,0.001776007004082203,0.009566273540258408,0.03566492348909378,0.010718178004026413,-0.0021386633161455393,-0.0027637265156954527,0.1080106720328331,0.10738535225391388
920,0.20155110955238342,0.08647952973842621,0.0019554810132831335,0.009896313771605492,0.03596287965774536,0.01084401085972786,-0.0020896459463983774,-0.002815691754221916,0.10456141084432602,0.10457110404968262
940,0.20388637483119965,0.08772332966327667,0.00212769559584558,0.010223928838968277,0.03621971607208252,0.010984371416270733,-0.0020496912766247988,-0.0028621843084692955,0.10861954092979431,0.10895608365535736
960,0.2061799317598343,0.0889313668012619,0.002338938182219863,0.010558636859059334,0.03654845431447029,0.011151711456477642,-0.0020232691895216703,-0.0029169293120503426,0.10825219005346298,0.10282204300165176
980,0.20841404795646667,0.09008549898862839,0.0025354076642543077,0.01089053601026535,0.03683352470397949,0.011325925588607788,-0.001981856534257531,-0.0029734123963862658,0.10819506645202637,0.10555443912744522
1000,0.2107662409543991,0.09142032265663147,0.002781457733362913,0.011217921040952206,0.03711593523621559,0.01148510817438364,-0.001931512262672186,-0.0030347437132149935,0.10086384415626526,0.10307908058166504
1020,0.21287718415260315,0.09264770150184631,0.003018734510987997,0.011579230427742004,0.03739240765571594,0.011627143248915672,-0.0018821089761331677,-0.0030796746723353863,0.10024437308311462,0.10257454216480255
1040,0.2151332050561905,0.09384028613567352,0.003205585293471813,0.011905093677341938,0.03766455128788948,0.011776006780564785,-0.0018307243008166552,-0.0031300082337111235,0.11384651064872742,0.10182616859674454
1060,0.21779029071331024,0.0951213613152504,0.003419129876419902,0.012273451313376427,0.03796693682670593,0.011921614408493042,-0.001787809538654983,-0.003169276751577854,0.10445646941661835,0.0997074767947197
1080,0.22004762291908264,0.09631543606519699,0.003692635567858815,0.012609615921974182,0.03831823542714119,0.012078489176928997,-0.0017132572829723358,-0.0032237255945801735,0.09893578290939331,0.1081119105219841
1100,0.2224510908126831,0.0975152999162674,0.003915098030120134,0.013006039895117283,0.038604915142059326,0.012236821465194225,-0.0016593784093856812,-0.0032645678147673607,0.10113385319709778,0.10094379633665085
1120,0.22445274889469147,0.09864101558923721,0.004136832896620035,0.01333110686391592,0.03892754018306732,0.012407240457832813,-0.001585952821187675,-0.003304203972220421,0.10449615865945816,0.09835495054721832
1140,0.2266712486743927,0.09976518154144287,0.00433648144826293,0.013654336333274841,0.03921826556324959,0.012587596662342548,-0.0015323808183893561,-0.0033500753343105316,0.09757547825574875,0.09615529328584671
1160,0.22863587737083435,0.10076501965522766,0.004580236505717039,0.014022034592926502,0.039483554661273956,0.012755450792610645,-0.001473107491619885,-0.003393328282982111,0.10013218969106674,0.09786385297775269
1180,0.230641171336174,0.10187850892543793,0.004812781699001789,0.0143453823402524,0.03975659981369972,0.01293290313333273,-0.001418384606949985,-0.0034424741752445698,0.09748809039592743,0.1011996939778328
1200,0.23240210115909576,0.10292649269104004,0.005075257271528244,0.014664054848253727,0.040010008960962296,0.013078118674457073,-0.0013315411051735282,-0.0034957765601575375,0.09769252687692642,0.09561079740524292
1220,0.2342904508113861,0.1039997786283493,0.005302489269524813,0.01497481670230627,0.040263671427965164,0.013220804743468761,-0.001258031465113163,-0.0035478477366268635,0.09852556139230728,0.10317151248455048
1240,0.23635756969451904,0.10510885715484619,0.005522024352103472,0.015374590642750263,0.040557824075222015,0.013370901346206665,-0.0011835689656436443,-0.003585162339732051,0.09666041284799576,0.0993598997592926
1260,0.238381490111351,0.10617473721504211,0.005780285224318504,0.01570945605635643,0.04083176702260971,0.013509472832083702,-0.0011464806739240885,-0.003636748529970646,0.09466587752103806,0.09741050004959106
1280,0.24020348489284515,0.10719709098339081,0.00604249956086278,0.016062820330262184,0.04110055789351463,0.013655050657689571,-0.0010757667478173971,-0.0036851929035037756,0.09483238309621811,0.09166033565998077
1300,0.2418486773967743,0.1081780344247818,0.0062690912745893,0.01642557792365551,0.04133022576570511,0.013815276324748993,-0.0009854729287326336,-0.003749590367078781,0.09377055615186691,0.09635595977306366
1320,0.2436704933643341,0.10916160047054291,0.006485172547399998,0.01675037294626236,0.04158933460712433,0.013980116695165634,-0.000918357924092561,-0.0038014897145330906,0.0934968888759613,0.0917758047580719
1340,0.2455814629793167,0.11020904034376144,0.006749531254172325,0.017099536955356598,0.04186529293656349,0.014150887727737427,-0.0008374413009732962,-0.0038674119859933853,0.09464821219444275,0.10055194050073624
1360,0.247331902384758,0.11117640882730484,0.006996299140155315,0.017472732812166214,0.04214935004711151,0.014291154220700264,-0.0007640501717105508,-0.003927657380700111,0.09297290444374084,0.09110699594020844
1380,0.2489478886127472,0.11218006908893585,0.007246875204145908,0.017835596576333046,0.042372141033411026,0.014467139728367329,-0.0006721857935190201,-0.003983653616160154,0.09152857959270477,0.10031948238611221
1400,0.2509840726852417,0.11313678324222565,0.007469808682799339,0.018153632059693336,0.042655833065509796,0.01460824441164732,-0.000599326565861702,-0.004033214412629604,0.09203912317752838,0.0978706032037735
1420,0.25283336639404297,0.11406311392784119,0.007730443030595779,0.01853417232632637,0.042921360582113266,0.01474480889737606,-0.0005132457008585334,-0.004093657247722149,0.09571503102779388,0.10120400786399841
1440,0.25469711422920227,0.11505011469125748,0.007991751655936241,0.01890547387301922,0.043219197541475296,0.014911822974681854,-0.00043356153764761984,-0.004134644288569689,0.0911988690495491,0.08830375969409943
1460,0.2563733160495758,0.11603213101625443,0.008266298100352287,0.019239528104662895,0.043453048914670944,0.015056286938488483,-0.00034247111761942506,-0.004174616187810898,0.09334207326173782,0.0928134024143219
1480,0.2580753564834595,0.11694195121526718,0.008501152507960796,0.01962086372077465,0.043695300817489624,0.01520597469061613,-0.00027296802727505565,-0.004208649508655071,0.09065119177103043,0.0888424962759018
1500,0.2596859037876129,0.1179155483841896,0.008740339428186417,0.019974365830421448,0.04397466033697128,0.015354928560554981,-0.0001531079033156857,-0.0042556277476251125,0.08859609067440033,0.09153641760349274
1520,0.2613608241081238,0.11886685341596603,0.00902869738638401,0.020346736535429955,0.04424642398953438,0.015516177751123905,-8.17930995253846e-05,-0.004312700126320124,0.08952642232179642,0.089935302734375
1540,0.2630060017108917,0.1197584792971611,0.009270883165299892,0.02071310020983219,0.04451308771967888,0.015688670799136162,6.830688192849266e-08,-0.004362518899142742,0.09027093648910522,0.09086140990257263
1560,0.26449283957481384,0.12068445235490799,0.009525638073682785,0.021047014743089676,0.04474324360489845,0.015835434198379517,7.594765338581055e-05,-0.004423622973263264,0.08811089396476746,0.08569261431694031
1580,0.26582100987434387,0.12152082473039627,0.009791593998670578,0.021337207406759262,0.044969592243433,0.015971839427947998,0.00013898598263040185,-0.004490992520004511,0.08755386620759964,0.08815260976552963
1600,0.2673831582069397,0.12242093682289124,0.01002342626452446,0.021721869707107544,0.04520860314369202,0.016130348667502403,0.00020684394985437393,-0.004546890966594219,0.08783064782619476,0.0913645476102829
1620,0.26924020051956177,0.12338218837976456,0.010278946720063686,0.022114688530564308,0.045489195734262466,0.016307473182678223,0.0002913166244979948,-0.004600434098392725,0.08756886422634125,0.08977551758289337
1640,0.2708958685398102,0.12419107556343079,0.010532873682677746,0.022501155734062195,0.04576677829027176,0.01649205945432186,0.00036574251134879887,-0.004638633690774441,0.08740878850221634,0.10075340420007706
1660,0.27274706959724426,0.12516328692436218,0.010793397203087807,0.022895192727446556,0.04607713967561722,0.016682539135217667,0.0004525936674326658,-0.004686170723289251,0.08688150346279144,0.08532120287418365
1680,0.2742484211921692,0.1260560154914856,0.011083601042628288,0.02323579229414463,0.04631282389163971,0.01685456931591034,0.0005324098747223616,-0.004736785311251879,0.08458051085472107,0.0869215726852417
1700,0.2757527530193329,0.12686428427696228,0.011308809742331505,0.02359592169523239,0.04655181244015694,0.01700969599187374,0.0005998045671731234,-0.0047808499075472355,0.08472923934459686,0.08440142869949341
1720,0.27712249755859375,0.12771114706993103,0.01158969011157751,0.02394159883260727,0.046782396733760834,0.017170261591672897,0.0006754713249392807,-0.004827563185244799,0.0839206874370575,0.08531516045331955
1740,0.27850595116615295,0.12848831713199615,0.011845052242279053,0.02431807480752468,0.047006700187921524,0.017326809465885162,0.0007447173120453954,-0.004870083648711443,0.08680525422096252,0.08535564690828323
1760,0.27994146943092346,0.12934610247612,0.012101725675165653,0.024672964587807655,0.04722946509718895,0.01746288873255253,0.0007979828515090048,-0.004926557186990976,0.0824882984161377,0.08304610848426819
1780,0.2812625467777252,0.1301724761724472,0.01237962581217289,0.024987583979964256,0.04746921733021736,0.017631014809012413,0.000852597935590893,-0.004981630947440863,0.08677749335765839,0.08500860631465912
1800,0.28280022740364075,0.13108506798744202,0.012679299339652061,0.025377264246344566,0.0476769283413887,0.01779613457620144,0.0008949219482019544,-0.005025714635848999,0.08470802754163742,0.08429878950119019
1820,0.28443729877471924,0.13182230293750763,0.012980254366993904,0.025723891332745552,0.0479259118437767,0.01796572469174862,0.0009470588993281126,-0.005084792617708445,0.08444443345069885,0.08704300969839096
1840,0.2860270142555237,0.1326914131641388,0.013266099616885185,0.02611881121993065,0.04820637404918671,0.018148690462112427,0.0010195440845564008,-0.0051257857121527195,0.08338157832622528,0.08664385974407196
1860,0.28757426142692566,0.1334901750087738,0.013514989987015724,0.026544174179434776,0.048475924879312515,0.018319932743906975,0.0011021778918802738,-0.005174463149160147,0.08196114003658295,0.08127246052026749
1880,0.28898704051971436,0.13426119089126587,0.013767370954155922,0.026897871866822243,0.04875402897596359,0.018486905843019485,0.0011641117744147778,-0.0052329860627651215,0.081036776304245,0.08482515066862106
1900,0.2905429005622864,0.13511283695697784,0.014058955945074558,0.027255317196249962,0.04900646582245827,0.0186319537460804,0.0012255317997187376,-0.005285243969410658,0.08294010162353516,0.08220864832401276
1920,0.2918952703475952,0.13587059080600739,0.014278137125074863,0.027621066197752953,0.04922688007354736,0.018779432401061058,0.0012793781934306026,-0.005345051176846027,0.0799524262547493,0.08107762038707733
1940,0.2935262620449066,0.1366584450006485,0.014531981199979782,0.028014319017529488,0.04947607219219208,0.018951911479234695,0.0013373008696362376,-0.005407726392149925,0.08325613290071487,0.08631926029920578
1960,0.2949570119380951,0.13744693994522095,0.014847072772681713,0.028421925380825996,0.049765877425670624,0.019126905128359795,0.0014464226551353931,-0.005440178327262402,0.0793592557311058,0.08409497886896133
1980,0.29637032747268677,0.13822446763515472,0.015109102241694927,0.02878107875585556,0.05000457912683487,0.019285650923848152,0.001508168294094503,-0.005488705821335316,0.08250609040260315,0.08472271263599396
2000,0.2979511618614197,0.13909238576889038,0.015407780185341835,0.029146920889616013,0.05024382844567299,0.019441284239292145,0.0015679314965382218,-0.005529490765184164,0.0828162431716919,0.09025412052869797
2020,0.2992328703403473,0.13994871079921722,0.01573975384235382,0.029565861448645592,0.05048607289791107,0.019611751660704613,0.0016388640506193042,-0.005573065020143986,0.07932019233703613,0.08314115554094315
2040,0.30062994360923767,0.14067363739013672,0.01599840633571148,0.029917597770690918,0.050699811428785324,0.019755134359002113,0.0016989244613796473,-0.005627963691949844,0.0875561311841011,0.08099120855331421
2060,0.3019130229949951,0.1414356231689453,0.016249774023890495,0.03027268499135971,0.0509302131831646,0.01992066390812397,0.001775806420482695,-0.005684846546500921,0.0809674933552742,0.0805412232875824
2080,0.3030257821083069,0.1422058492898941,0.016555683687329292,0.0306231789290905,0.05114177614450455,0.02005835250020027,0.0018298745853826404,-0.005739785730838776,0.0820443332195282,0.07846373319625854
2100,0.3045109808444977,0.14297491312026978,0.01681135594844818,0.03099590167403221,0.051371749490499496,0.020188359543681145,0.001860487274825573,-0.005791999399662018,0.08144456893205643,0.08128319680690765
2120,0.3060411214828491,0.14364023506641388,0.017056766897439957,0.031420428305864334,0.05159570649266243,0.020354289561510086,0.0018955423729494214,-0.005847193766385317,0.08418196439743042,0.081759013235569
2140,0.30769020318984985,0.14449337124824524,0.01739090494811535,0.03183219954371452,0.051857419312000275,0.020556658506393433,0.001941586728207767,-0.005899334792047739,0.08029721677303314,0.08046407997608185
2160,0.3087686598300934,0.14517104625701904,0.017728254199028015,0.03223042190074921,0.05210600048303604,0.020720798522233963,0.002020050073042512,-0.005951856262981892,0.07804617285728455,0.07837234437465668
2180,0.31004735827445984,0.14594024419784546,0.01798361726105213,0.032566994428634644,0.05229252576828003,0.02088412269949913,0.002064515370875597,-0.00600421940907836,0.07972119748592377,0.07773074507713318
2200,0.3113546371459961,0.14670304954051971,0.01828397437930107,0.03289378434419632,0.052499283105134964,0.021043116226792336,0.0020743662025779486,-0.006063197739422321,0.07956966012716293,0.07703405618667603
2220,0.3127841353416443,0.1473790854215622,0.018526935949921608,0.03327575698494911,0.05274371802806854,0.02119331806898117,0.0021387378219515085,-0.006109992507845163,0.08041156828403473,0.0864824503660202
2240,0.31398144364356995,0.14806272089481354,0.01879839040338993,0.03368954360485077,0.05298301950097084,0.021347472444176674,0.0021920385770499706,-0.006163842044770718,0.0757165253162384,0.07769743353128433
2260,0.3149319887161255,0.1487557739019394,0.019115053117275238,0.03401794284582138,0.05317368730902672,0.021498480811715126,0.0022239580284804106,-0.006238268688321114,0.07365507632493973,0.0770295187830925
2280,0.31610241532325745,0.14941126108169556,0.019426988437771797,0.03436316177248955,0.05337807536125183,0.021645156666636467,0.002244463423267007,-0.006293223239481449,0.07699849456548691,0.07925944775342941
2300,0.31727495789527893,0.150053471326828,0.019687198102474213,0.034717101603746414,0.05358061566948891,0.02180931344628334,0.0022672046907246113,-0.006361647043377161,0.07699927687644958,0.07937166094779968
2320,0.318342000246048,0.15075600147247314,0.02000230737030506,0.03509366139769554,0.053802307695150375,0.02198334038257599,0.0022856539580971003,-0.006415599957108498,0.07750781625509262,0.0782170295715332
2340,0.3195568025112152,0.1514601856470108,0.020289737731218338,0.03540486842393875,0.05401968955993652,0.022127872332930565,0.0023188504856079817,-0.00647009490057826,0.0743192806839943,0.0784015953540802
2360,0.3209460973739624,0.15212589502334595,0.020561177283525467,0.035790860652923584,0.054252102971076965,0.0222765039652586,0.00235118274576962,-0.006526602432131767,0.07719119638204575,0.07901229709386826
2380,0.3222765624523163,0.15279245376586914,0.020815009251236916,0.03622332960367203,0.054488830268383026,0.022425826638936996,0.002390361623838544,-0.006578143686056137,0.07379068434238434,0.0774601474404335
2400,0.32331380248069763,0.15340961515903473,0.021089335903525352,0.036577507853507996,0.0546879768371582,0.022581372410058975,0.00241028587333858,-0.0066358414478600025,0.07558790594339371,0.07706333696842194
2420,0.3241928815841675,0.15404517948627472,0.021395307034254074,0.036900538951158524,0.05488629639148712,0.022725803777575493,0.0024196449667215347,-0.006703484803438187,0.07591304183006287,0.07702165842056274
2440,0.3254687786102295,0.15470340847969055,0.021698318421840668,0.03727567568421364,0.05512254685163498,0.022854821756482124,0.0024405524600297213,-0.00676349364221096,0.076816625893116,0.07988322526216507
2460,0.3268029987812042,0.15535372495651245,0.021984664723277092,0.03765314444899559,0.055359549820423126,0.023005889728665352,0.002460141433402896,-0.00681481696665287,0.0746447965502739,0.07605167478322983
2480,0.327894389629364,0.15605966746807098,0.02226627990603447,0.037991102784872055,0.05554046109318733,0.02313982881605625,0.0024833851493895054,-0.006883719936013222,0.0730714425444603,0.07727794349193573
2500,0.3289204239845276,0.15663641691207886,0.022567203268408775,0.03837214410305023,0.05574620142579079,0.023279817774891853,0.0025107371620833874,-0.006947570480406284,0.07427841424942017,0.08101646602153778
2520,0.3300141394138336,0.15731318295001984,0.02290244773030281,0.03871241584420204,0.05594852566719055,0.023432765156030655,0.0025213162880390882,-0.007004131563007832,0.07430363446474075,0.07539575546979904
2540,0.33107903599739075,0.15792369842529297,0.023153772577643394,0.03907741606235504,0.056146781891584396,0.023561609908938408,0.002546433825045824,-0.007070715073496103,0.07394277304410934,0.08484330773353577
2560,0.3324653208255768,0.15863220393657684,0.023471150547266006,0.03945495933294296,0.05637360364198685,0.023741651326417923,0.002563005778938532,-0.00712955929338932,0.07704969495534897,0.07632999122142792
2580,0.33380234241485596,0.159220352768898,0.02372005581855774,0.03987550362944603,0.05659332498908043,0.023879405111074448,0.002596318954601884,-0.007180660031735897,0.07591018825769424,0.07558028399944305
2600,0.33485087752342224,0.15991640090942383,0.024030404165387154,0.04025493562221527,0.05681972578167915,0.0240397360175848,0.0026681835297495127,-0.007237693760544062,0.07460499554872513,0.07533751428127289
2620,0.33614906668663025,0.16049252450466156,0.024287641048431396,0.04063154757022858,0.057037290185689926,0.02418004907667637,0.002706933533772826,-0.007303055841475725,0.07404790818691254,0.07365215569734573
2640,0.33705633878707886,0.16113685071468353,0.024578798562288284,0.04101303964853287,0.05722307041287422,0.024320416152477264,0.0027390907052904367,-0.007367517799139023,0.07349561154842377,0.07397019118070602
2660,0.3380950093269348,0.16165265440940857,0.024836862459778786,0.04133901000022888,0.05741354078054428,0.024462992325425148,0.0027370930183678865,-0.0074229128658771515,0.07525117695331573,0.07400934398174286
2680,0.33904701471328735,0.1622776836156845,0.025115786120295525,0.04167499020695686,0.05759125575423241,0.02461940608918667,0.002759904135018587,-0.007485728245228529,0.0739595964550972,0.07524169981479645
2700,0.34006014466285706,0.16288873553276062,0.025376293808221817,0.042002659291028976,0.05776907876133919,0.02474404312670231,0.0027811124455183744,-0.007558714598417282,0.07218164205551147,0.07241930812597275
2720,0.3412584662437439,0.16352403163909912,0.02569739520549774,0.042363155633211136,0.05796919763088226,0.02489013969898224,0.002791749779134989,-0.007626545615494251,0.07632213830947876,0.0760703980922699
2740,0.3423575162887573,0.1640399545431137,0.02595279924571514,0.04277608543634415,0.058168891817331314,0.025012468919157982,0.0028138894122093916,-0.007695983164012432,0.07175900787115097,0.07618604600429535
2760,0.3433838188648224,0.1646324098110199,0.02624315209686756,0.04317373037338257,0.05835196003317833,0.025161124765872955,0.0028332597576081753,-0.007771437522023916,0.07215222716331482,0.07378032058477402
2780,0.34431061148643494,0.1652636080980301,0.02659587189555168,0.04356896132230759,0.0585625059902668,0.025302954018115997,0.002843828871846199,-0.007825527340173721,0.07522650063037872,0.07166323810815811
2800,0.3452291786670685,0.16586826741695404,0.026874573901295662,0.043921295553445816,0.05872289091348648,0.025425327941775322,0.0028773965314030647,-0.007887091487646103,0.07261352986097336,0.07645870000123978
2820,0.34651151299476624,0.16650447249412537,0.02718571200966835,0.04426991567015648,0.05894767493009567,0.025572728365659714,0.0028877451550215483,-0.007934413850307465,0.07464050501585007,0.07355177402496338
2840,0.3475051820278168,0.16706477105617523,0.027493393048644066,0.044650230556726456,0.059132859110832214,0.02570423111319542,0.0029096887446939945,-0.008000428788363934,0.07164119184017181,0.07367110252380371
2860,0.34854018688201904,0.16769570112228394,0.027778368443250656,0.044986791908741,0.05932050570845604,0.02584272436797619,0.0029289820231497288,-0.008066770620644093,0.07251947373151779,0.07122024893760681
2880,0.34953802824020386,0.1682400405406952,0.02804156206548214,0.04532076418399811,0.05950288102030754,0.025970829650759697,0.0029132585041224957,-0.008136361837387085,0.07149133831262589,0.07118885219097137
2900,0.3503148555755615,0.1688069999217987,0.02834165468811989,0.04566477984189987,0.05967624485492706,0.026102615520358086,0.0029208140913397074,-0.008210783824324608,0.07192571461200714,0.0734940618276596
2920,0.3513799011707306,0.1693880707025528,0.028599480167031288,0.045978616923093796,0.05984766408801079,0.026220794767141342,0.0029073678888380527,-0.008271336555480957,0.07125430554151535,0.07230265438556671
2940,0.3521961271762848,0.16994193196296692,0.02891380712389946,0.04637272283434868,0.06004631519317627,0.02635897882282734,0.002917395904660225,-0.008324765600264072,0.07355136424303055,0.07375036180019379
2960,0.35310107469558716,0.17048956453800201,0.029184019193053246,0.04671524465084076,0.060252539813518524,0.026483895257115364,0.0029209579806774855,-0.008393040858209133,0.0733708068728447,0.0737420842051506
2980,0.35463693737983704,0.1711345911026001,0.02949579432606697,0.046999864280223846,0.0604206882417202,0.026608983054757118,0.0029269056394696236,-0.008460556156933308,0.07210328429937363,0.07712596654891968
3000,0.3554741442203522,0.17170633375644684,0.02978598326444626,0.04743032157421112,0.06065542623400688,0.0267727579921484,0.002976679243147373,-0.008516390807926655,0.06937546283006668,0.07180410623550415
3020,0.35651588439941406,0.1721760630607605,0.030079597607254982,0.04784040525555611,0.06084868311882019,0.026922188699245453,0.003011029213666916,-0.008577018976211548,0.0716850683093071,0.07202917337417603
3040,0.3575651943683624,0.17275948822498322,0.030397823080420494,0.04818739742040634,0.061037078499794006,0.027036337181925774,0.0030308100394904613,-0.008639955893158913,0.06973837316036224,0.07267644256353378
3060,0.3585767447948456,0.1732594221830368,0.03068784810602665,0.04859807342290878,0.06124524772167206,0.027184052392840385,0.003036026144400239,-0.008690005168318748,0.0712895542383194,0.07387989014387131
3080,0.3595063388347626,0.17379723489284515,0.030984913930296898,0.04893197491765022,0.06143699958920479,0.027346549555659294,0.003054159227758646,-0.00875045359134674,0.07059209793806076,0.07138966768980026
3100,0.3603971600532532,0.17437303066253662,0.031324975192546844,0.04930966719985008,0.06163124367594719,0.02747507207095623,0.003075641579926014,-0.008827713318169117,0.07026808708906174,0.07073657214641571
3120,0.36139148473739624,0.17488494515419006,0.03160473331809044,0.04961715266108513,0.06180068477988243,0.027602970600128174,0.0030874416697770357,-0.008904028683900833,0.06799118220806122,0.07344360649585724
3140,0.36236700415611267,0.17547860741615295,0.031895678490400314,0.049940768629312515,0.06197214499115944,0.027730004861950874,0.003087216755375266,-0.008975790813565254,0.07005425542593002,0.06912247836589813
3160,0.3632503151893616,0.17599329352378845,0.032178036868572235,0.050309907644987106,0.06216606870293617,0.027857858687639236,0.003082543844357133,-0.00904532615095377,0.07086644321680069,0.06975556910037994
3180,0.3641037046909332,0.1765529364347458,0.03244465962052345,0.05063791945576668,0.06231854483485222,0.027987493202090263,0.0030651288107037544,-0.009099441580474377,0.06614773720502853,0.07204504311084747
3200,0.3648490011692047,0.17711149156093597,0.032695796340703964,0.050988372415304184,0.06251951307058334,0.028103966265916824,0.0030623236671090126,-0.009176929481327534,0.0686408281326294,0.07019979506731033
3220,0.36582130193710327,0.17762774229049683,0.03297838568687439,0.051305826753377914,0.06269793957471848,0.02822069078683853,0.003059882903471589,-0.009245985187590122,0.06808976829051971,0.06946460902690887
3240,0.36666104197502136,0.17814065515995026,0.03325994312763214,0.051661934703588486,0.0628887489438057,0.02834765426814556,0.0030551732052117586,-0.009310521185398102,0.06977132707834244,0.07089638710021973
3260,0.36752182245254517,0.17869050800800323,0.03352988138794899,0.05199361592531204,0.06308434903621674,0.028470562770962715,0.003063817508518696,-0.009370272979140282,0.06692519783973694,0.07084564119577408
3280,0.3683272898197174,0.17913846671581268,0.03379715606570244,0.05232787877321243,0.06325951218605042,0.028604760766029358,0.0030929017812013626,-0.009440435096621513,0.06667938083410263,0.06871744990348816
3300,0.3691987693309784,0.17969949543476105,0.034079547971487045,0.05263875052332878,0.06343469023704529,0.028698518872261047,0.003098180750384927,-0.009500042535364628,0.069463349878788,0.07315640151500702
3320,0.3702642619609833,0.18028122186660767,0.034401677548885345,0.052972469478845596,0.06361377984285355,0.028821006417274475,0.0030958924908190966,-0.009559068828821182,0.06663636863231659,0.06922943145036697
3340,0.3711664080619812,0.18074344098567963,0.034643229097127914,0.05331936851143837,0.06379949301481247,0.028951549902558327,0.0031255208887159824,-0.009626762010157108,0.06767136603593826,0.06896070390939713
3360,0.3720271587371826,0.18121373653411865,0.03494003042578697,0.053714051842689514,0.0639692023396492,0.029109779745340347,0.003115234896540642,-0.009673407301306725,0.07241818308830261,0.07692117989063263
3380,0.3728047013282776,0.18180634081363678,0.035268634557724,0.054080232977867126,0.0641409158706665,0.0292388703674078,0.003125690622255206,-0.009742922149598598,0.06700525432825089,0.0682951882481575
3400,0.37354058027267456,0.18236134946346283,0.03551588952541351,0.05441305413842201,0.06431052833795547,0.02936694398522377,0.0031329342164099216,-0.009822309948503971,0.06773167848587036,0.06715738028287888
3420,0.37434425950050354,0.18277201056480408,0.035784363746643066,0.054641831666231155,0.06445727497339249,0.029454711824655533,0.0031135936733335257,-0.00990972388535738,0.06676184386014938,0.06908385455608368
3440,0.3752042353153229,0.18331290781497955,0.03606763854622841,0.054983485490083694,0.06463807076215744,0.029593421146273613,0.0031148623675107956,-0.009981966577470303,0.06553465873003006,0.07189206033945084
3460,0.37600818276405334,0.18386586010456085,0.03631245717406273,0.055304691195487976,0.06478647142648697,0.029705002903938293,0.003103001043200493,-0.010055102407932281,0.06507963687181473,0.06697990000247955
3480,0.3767620921134949,0.1843072772026062,0.03657820448279381,0.055653199553489685,0.06493940949440002,0.02982812002301216,0.003079912392422557,-0.010140172205865383,0.0645684003829956,0.06986775249242783
3500,0.3776356279850006,0.18486793339252472,0.0368465855717659,0.0559639073908329,0.06511149555444717,0.029954463243484497,0.0030531298834830523,-0.010201961733400822,0.06844742596149445,0.06899932026863098
3520,0.3784090578556061,0.18531806766986847,0.03710862994194031,0.056246187537908554,0.06527910381555557,0.030054587870836258,0.003053424647077918,-0.010267366655170918,0.0675864964723587,0.06760141253471375
3540,0.37946122884750366,0.185804545879364,0.03735360875725746,0.05655534565448761,0.06545943766832352,0.03015745058655739,0.003057825844734907,-0.010341780260205269,0.0658736377954483,0.06962505728006363
3560,0.3801952302455902,0.1863137036561966,0.03767882660031319,0.0568808913230896,0.0656164363026619,0.03029268980026245,0.00303851580247283,-0.010414274409413338,0.06552938371896744,0.06898867338895798
3580,0.38085219264030457,0.18674956262111664,0.037934981286525726,0.05717304348945618,0.06576580554246902,0.030399072915315628,0.0030273967422544956,-0.010475250892341137,0.06744329631328583,0.07180710136890411
3600,0.38160890340805054,0.18720513582229614,0.03819761052727699,0.05748041346669197,0.06591558456420898,0.030512873083353043,0.0030260258354246616,-0.01055164448916912,0.06828361749649048,0.06848442554473877
3620,0.3824804425239563,0.18760570883750916,0.03844050318002701,0.057819005101919174,0.0660744309425354,0.03063221089541912,0.0030219925101846457,-0.010618851520121098,0.0680178701877594,0.06568260490894318
3640,0.3830544948577881,0.18816697597503662,0.03874293342232704,0.05810815840959549,0.06623120605945587,0.030745506286621094,0.0030185733921825886,-0.010678925551474094,0.06601903587579727,0.0668698400259018
3660,0.38368669152259827,0.1886039674282074,0.039032552391290665,0.05841339752078056,0.06637730449438095,0.030830705538392067,0.0030159291345626116,-0.010761613957583904,0.06443548947572708,0.06538086384534836
3680,0.38451483845710754,0.18910323083400726,0.039242275059223175,0.058712538331747055,0.06653500348329544,0.03094187192618847,0.0029798252508044243,-0.010826773010194302,0.06445541977882385,0.07105332612991333
3700,0.38533538579940796,0.18954898416996002,0.03951146826148033,0.059073641896247864,0.06670323014259338,0.031086154282093048,0.002978916745632887,-0.010891182348132133,0.06688661873340607,0.06946231424808502
3720,0.38622111082077026,0.1900102198123932,0.039744116365909576,0.05933761224150658,0.06689392775297165,0.031210042536258698,0.0029710668604820967,-0.010963646695017815,0.06448104977607727,0.06938403099775314
3740,0.3869404196739197,0.1905841827392578,0.04005008563399315,0.05967055261135101,0.0670691430568695,0.03132797032594681,0.0029865726828575134,-0.011034134775400162,0.0638791173696518,0.0655990019440651
3760,0.38754960894584656,0.19099141657352448,0.04033191502094269,0.059938523918390274,0.06720061600208282,0.03145172446966171,0.002978813135996461,-0.011100773699581623,0.06680422276258469,0.06641260534524918
3780,0.3884173631668091,0.19153961539268494,0.040613580495119095,0.06027805432677269,0.06735435128211975,0.031568143516778946,0.0029500240925699472,-0.011163383722305298,0.06447946280241013,0.06618005037307739
3800,0.38900262117385864,0.19195784628391266,0.04092375561594963,0.06054938957095146,0.06748244911432266,0.0316537506878376,0.002924744039773941,-0.011244194582104683,0.06446149945259094,0.0723562091588974
3820,0.3898400068283081,0.19237428903579712,0.041109126061201096,0.06083310395479202,0.06764452904462814,0.03173564374446869,0.0029011759907007217,-0.011305400170385838,0.06362557411193848,0.06985752284526825
3840,0.390539288520813,0.19274206459522247,0.04134298115968704,0.06115113943815231,0.06782697886228561,0.03183640539646149,0.002893193392083049,-0.011375932954251766,0.06373340636491776,0.06555144488811493
3860,0.3910996615886688,0.1932753026485443,0.04158008471131325,0.061418984085321426,0.06799519062042236,0.031939633190631866,0.002880602842196822,-0.011446058750152588,0.06389410048723221,0.06492879986763
3880,0.39183470606803894,0.1937246322631836,0.04181438311934471,0.061717256903648376,0.06816048175096512,0.03206821531057358,0.0028726381715387106,-0.01152031123638153,0.06384501606225967,0.06966694444417953
3900,0.3927000164985657,0.19431552290916443,0.042164213955402374,0.06209450587630272,0.06832172721624374,0.03217997029423714,0.0028460954781621695,-0.011575286276638508,0.06604158133268356,0.06437940895557404
3920,0.39329442381858826,0.19477231800556183,0.04239441454410553,0.0623764768242836,0.06847039610147476,0.03228529542684555,0.0028623389080166817,-0.011646823026239872,0.06456407159566879,0.07068387418985367
3940,0.394014835357666,0.195158913731575,0.042687684297561646,0.06268856674432755,0.06865236163139343,0.032423295080661774,0.002861911663785577,-0.011726903729140759,0.06546991318464279,0.06663458794355392
3960,0.39493224024772644,0.19556856155395508,0.04288509488105774,0.06293845176696777,0.06881339102983475,0.03251530975103378,0.0028413732070475817,-0.0118010975420475,0.06647896021604538,0.06845790147781372
3980,0.39554131031036377,0.19605207443237305,0.04316834360361099,0.06327196210622787,0.06894160807132721,0.03261676803231239,0.002809740835800767,-0.01186694297939539,0.06429510563611984,0.06505192071199417
4000,0.3961698114871979,0.1964379847049713,0.043429795652627945,0.06356309354305267,0.0691227838397026,0.032732170075178146,0.002794262720271945,-0.011962530203163624,0.06351204961538315,0.06404788792133331
4020,0.3967795968055725,0.19691364467144012,0.04373317211866379,0.0638047605752945,0.06926583498716354,0.03283228352665901,0.0027677658945322037,-0.012035652063786983,0.06399620324373245,0.06499260663986206
4040,0.3976414203643799,0.19736424088478088,0.043974362313747406,0.06407438218593597,0.06942176073789597,0.03294340521097183,0.0027435896918177605,-0.012097982689738274,0.0661412701010704,0.06497757136821747
4060,0.39847421646118164,0.1977999210357666,0.04421086236834526,0.06437243521213531,0.06959698349237442,0.033050354570150375,0.002767205471172929,-0.012174374423921108,0.06334260106086731,0.06484980881214142
4080,0.3989734649658203,0.19826947152614594,0.044520407915115356,0.06468246132135391,0.06977587193250656,0.03318243473768234,0.0027618843596428633,-0.012238997034728527,0.06373903155326843,0.06638813763856888
4100,0.39961376786231995,0.19866032898426056,0.044743385165929794,0.06498707830905914,0.06992965191602707,0.03328895568847656,0.0027592196129262447,-0.012307473458349705,0.06258279085159302,0.06681273877620697
4120,0.40020111203193665,0.1991240680217743,0.044979967176914215,0.06525840610265732,0.070052869617939,0.03340017423033714,0.0027606890071183443,-0.012376133352518082,0.0631750151515007,0.0663178414106369
4140,0.40072914958000183,0.199541375041008,0.04520639777183533,0.06555484235286713,0.07020265609025955,0.03351205959916115,0.002734826412051916,-0.012440782971680164,0.06371206790208817,0.06539040803909302
4160,0.4015011191368103,0.20004060864448547,0.04545266553759575,0.0658019632101059,0.07032690197229385,0.03362811729311943,0.0026866954285651445,-0.01250515878200531,0.06585068255662918,0.06531649827957153
4180,0.40196529030799866,0.20044079422950745,0.045712314546108246,0.06607640534639359,0.07046657055616379,0.03372194990515709,0.0026810166891664267,-0.012568489648401737,0.06156228855252266,0.06394339352846146
4200,0.4028293192386627,0.20084047317504883,0.045936934649944305,0.06633859127759933,0.07061666995286942,0.03380695357918739,0.002663281047716737,-0.012641574256122112,0.06602905690670013,0.06392423063516617
4220,0.40333348512649536,0.20126326382160187,0.04618914797902107,0.06666067242622375,0.07079137116670609,0.03391619771718979,0.002646571258082986,-0.012714528478682041,0.062214016914367676,0.06529206037521362
4240,0.4040077030658722,0.20173440873622894,0.04645721986889839,0.0668986588716507,0.07095438241958618,0.03401818498969078,0.0026544237043708563,-0.012783318758010864,0.06297332048416138,0.06348949670791626
4260,0.40465378761291504,0.20210394263267517,0.046636756509542465,0.06714781373739243,0.07110938429832458,0.03412509709596634,0.002631878014653921,-0.012859256006777287,0.06221390888094902,0.06378702819347382
4280,0.4052530825138092,0.20247331261634827,0.04683908447623253,0.06748843193054199,0.07128845900297165,0.03423892334103584,0.0026126266457140446,-0.012937125749886036,0.06126082316040993,0.06541751325130463
4300,0.405853807926178,0.20285336673259735,0.04712725803256035,0.06774645298719406,0.07140789180994034,0.03433768451213837,0.002573993755504489,-0.01301452238112688,0.06408807635307312,0.06674011051654816
4320,0.40671899914741516,0.20336028933525085,0.04740426316857338,0.06802596151828766,0.07154323160648346,0.03442908823490143,0.0025732796639204025,-0.01310320571064949,0.06426645815372467,0.0664556473493576
4340,0.4074585437774658,0.2037946581840515,0.047717273235321045,0.06832000613212585,0.07171083241701126,0.03454446792602539,0.0025536613538861275,-0.01316070556640625,0.0605028010904789,0.06338664889335632
4360,0.407988578081131,0.20412129163742065,0.04791500046849251,0.06856152415275574,0.07188577204942703,0.03465816006064415,0.0025351562071591616,-0.013235407881438732,0.062168557196855545,0.06320618093013763
4380,0.40873032808303833,0.20456060767173767,0.04819759726524353,0.06887257099151611,0.07204578071832657,0.03475905582308769,0.0025050255935639143,-0.013293921947479248,0.06075456738471985,0.06619073450565338
4400,0.40939077734947205,0.20500648021697998,0.048409562557935715,0.06916602700948715,0.07219388335943222,0.03485797345638275,0.002510187914595008,-0.013357394374907017,0.06001298129558563,0.06257297843694687
4420,0.40982547402381897,0.20542697608470917,0.04868912324309349,0.06944559514522552,0.0723663941025734,0.03496512398123741,0.002491792431101203,-0.013425048440694809,0.0657319650053978,0.06283827871084213
4440,0.410345196723938,0.20586571097373962,0.04894775524735451,0.06967232376337051,0.0725090280175209,0.03505539521574974,0.0024850990157574415,-0.013492599129676819,0.05962468683719635,0.06329669803380966
4460,0.4109434187412262,0.20628996193408966,0.04921276867389679,0.069910429418087,0.07266063988208771,0.03514927625656128,0.0024632206186652184,-0.013556508347392082,0.0639469102025032,0.06504734605550766
4480,0.4116347134113312,0.20664802193641663,0.04947245493531227,0.07019216567277908,0.07278982549905777,0.03522752225399017,0.002409351756796241,-0.01362183503806591,0.06415173411369324,0.06584835797548294
4500,0.4123099744319916,0.2070818394422531,0.049718551337718964,0.07054059207439423,0.07297132909297943,0.035339027643203735,0.0023960985708981752,-0.013682009652256966,0.06289014220237732,0.06276600062847137
4520,0.4128825068473816,0.2074485570192337,0.049954090267419815,0.07075663655996323,0.0731184259057045,0.03544927015900612,0.002381719648838043,-0.01373849157243967,0.060169756412506104,0.06361063569784164
4540,0.4134593605995178,0.20789605379104614,0.05022824928164482,0.07102140039205551,0.07327204197645187,0.0355539545416832,0.002358254510909319,-0.013810425065457821,0.060558389872312546,0.06212865561246872
4560,0.4140625298023224,0.20824843645095825,0.05048510804772377,0.07126310467720032,0.07340151816606522,0.03562900796532631,0.0023373235017061234,-0.013888341374695301,0.0609075129032135,0.06245141476392746
4580,0.41452550888061523,0.20863479375839233,0.05076335743069649,0.07151477038860321,0.07350984960794449,0.035722766071558,0.0023114930372685194,-0.013959134928882122,0.06052109971642494,0.062392428517341614
4600,0.4150286316871643,0.2091008722782135,0.051040686666965485,0.07178977131843567,0.07367279380559921,0.03580164536833763,0.0022949331905692816,-0.014036350883543491,0.05814150348305702,0.06288450956344604
4620,0.41566580533981323,0.2094254195690155,0.05122115835547447,0.07200414687395096,0.0738128274679184,0.03587669879198074,0.0022644693963229656,-0.014114555902779102,0.06038278341293335,0.06342016160488129
4640,0.4161367118358612,0.20979541540145874,0.051482316106557846,0.07224389165639877,0.07394984364509583,0.03597847744822502,0.0022066482342779636,-0.01419002190232277,0.059550266712903976,0.06353374570608139
4660,0.41662511229515076,0.21021631360054016,0.05172300338745117,0.07247470319271088,0.07408050447702408,0.03608580306172371,0.0021950886584818363,-0.01426052488386631,0.06123126670718193,0.062176190316677094
4680,0.41719844937324524,0.21064141392707825,0.05190950632095337,0.07269123196601868,0.07421007007360458,0.03617313504219055,0.002178136259317398,-0.014338342472910881,0.06076890230178833,0.061452966183423996
4700,0.4177103340625763,0.2109939306974411,0.0521453432738781,0.07295183837413788,0.07433394342660904,0.03627576678991318,0.0021569463424384594,-0.01440356019884348,0.06097154691815376,0.06178976222872734
4720,0.41838568449020386,0.21133224666118622,0.052365850657224655,0.07317478954792023,0.074489064514637,0.03637099266052246,0.002128221793100238,-0.01448409166187048,0.06293322890996933,0.06227673962712288
4740,0.41897597908973694,0.21175414323806763,0.052648548036813736,0.07346854358911514,0.07462963461875916,0.03650137782096863,0.0021345908753573895,-0.014553164131939411,0.05978900566697121,0.06557190418243408
4760,0.4195905029773712,0.21208515763282776,0.052881039679050446,0.0737840086221695,0.07477187365293503,0.036583900451660156,0.002120225690305233,-0.014617303386330605,0.06037187576293945,0.06181776151061058
4780,0.4202892780303955,0.21251094341278076,0.053107649087905884,0.07402464747428894,0.07492150366306305,0.036694709211587906,0.002105437684804201,-0.014682607725262642,0.059700191020965576,0.06400248408317566
4800,0.4208281934261322,0.21287429332733154,0.05331451818346977,0.07428833842277527,0.07506267726421356,0.036792732775211334,0.0021130889654159546,-0.014751726761460304,0.061785999685525894,0.06067526340484619
4820,0.4212309718132019,0.21319973468780518,0.053559817373752594,0.07450161874294281,0.07517866790294647,0.03688075393438339,0.002110506175085902,-0.014821371994912624,0.059330012649297714,0.060554057359695435
4840,0.4218478500843048,0.21359974145889282,0.053816743195056915,0.0746932178735733,0.07532840222120285,0.03697996214032173,0.0020782011561095715,-0.014889923855662346,0.058530405163764954,0.06058058142662048
4860,0.4222501814365387,0.21403907239437103,0.05402767285704613,0.07490526884794235,0.07543519139289856,0.03705752268433571,0.0020368387922644615,-0.014952942728996277,0.05803664028644562,0.06167444586753845
4880,0.4227319657802582,0.21433141827583313,0.05425430089235306,0.07511228322982788,0.07557778805494308,0.037150733172893524,0.0020076034124940634,-0.015020123682916164,0.05872809886932373,0.06144219636917114
4900,0.4232703447341919,0.21473556756973267,0.054519664496183395,0.07534200698137283,0.07567250728607178,0.037233930081129074,0.0019887438975274563,-0.01510574109852314,0.05940182879567146,0.06082569435238838
4920,0.4237804710865021,0.21506892144680023,0.05475647374987602,0.07563208788633347,0.07583744823932648,0.03732806071639061,0.001999931875616312,-0.015175472013652325,0.056575652211904526,0.06200079992413521
4940,0.42412930727005005,0.21540924906730652,0.05500342696905136,0.07584007829427719,0.07598410546779633,0.03741919994354248,0.001972141209989786,-0.015246085822582245,0.058375827968120575,0.061361681669950485
4960,0.42482492327690125,0.21570990979671478,0.055189117789268494,0.07606266438961029,0.0761110708117485,0.037506163120269775,0.0019378267461434007,-0.015319711528718472,0.0596015490591526,0.06191631779074669
4980,0.4254298806190491,0.2160724252462387,0.05544444918632507,0.07639018446207047,0.07624483853578568,0.037617795169353485,0.0019313644152134657,-0.015382145531475544,0.05992114543914795,0.0630924180150032
5000,0.42593511939048767,0.21643796563148499,0.055693987756967545,0.07664056867361069,0.07638321816921234,0.03771006315946579,0.001930868485942483,-0.01545589417219162,0.060951974242925644,0.06091880798339844
5020,0.42645126581192017,0.21679727733135223,0.05588206648826599,0.07680942118167877,0.07649616152048111,0.03780495375394821,0.0018903246382251382,-0.015527136623859406,0.05890311673283577,0.06283442676067352
5040,0.4268718659877777,0.21717636287212372,0.056112632155418396,0.0770496279001236,0.07661627978086472,0.03786994144320488,0.0018680811626836658,-0.015600536949932575,0.059210196137428284,0.06242004409432411
5060,0.42744290828704834,0.21743062138557434,0.056326910853385925,0.07729828357696533,0.07677296549081802,0.03797359764575958,0.0018308465369045734,-0.01566273160278797,0.05900508165359497,0.062396660447120667
5080,0.4279493987560272,0.2178715169429779,0.05658542737364769,0.07756111025810242,0.07693677395582199,0.038053013384342194,0.0018170243129134178,-0.015737289562821388,0.06009635329246521,0.061631910502910614
5100,0.4284907877445221,0.21816881000995636,0.05680360272526741,0.07777764648199081,0.07708757370710373,0.03815465047955513,0.0018032729858532548,-0.015809576958417892,0.05746003985404968,0.06000780314207077
5120,0.42903387546539307,0.218494713306427,0.05701131746172905,0.07797014713287354,0.0772000253200531,0.038241446018218994,0.0017651068046689034,-0.015868762508034706,0.05540788546204567,0.060795001685619354
5140,0.4295356273651123,0.21891634166240692,0.057269591838121414,0.07819993048906326,0.07735759019851685,0.03834358602762222,0.0017302297055721283,-0.015939753502607346,0.059786356985569,0.05976717919111252
5160,0.4299466013908386,0.21924777328968048,0.05751020461320877,0.07844798266887665,0.0774887278676033,0.03843623027205467,0.0017185626784339547,-0.016000406816601753,0.05655663460493088,0.059623368084430695
5180,0.4304545521736145,0.2195259928703308,0.057706136256456375,0.07863130420446396,0.07757879793643951,0.03852146118879318,0.0016800981247797608,-0.01607152819633484,0.05701833590865135,0.05938933044672012
5200,0.4308498799800873,0.21988965570926666,0.05793271213769913,0.07887604087591171,0.07771333307027817,0.03862067684531212,0.0016467324458062649,-0.016139641404151917,0.05682174861431122,0.06254787743091583
5220,0.4312233328819275,0.22019512951374054,0.058187827467918396,0.07906711846590042,0.07783806324005127,0.03868895024061203,0.001620522583834827,-0.016227595508098602,0.05764167383313179,0.05988903343677521
5240,0.43163222074508667,0.22057728469371796,0.058401260524988174,0.07919856160879135,0.07796523720026016,0.038773566484451294,0.0015951861860230565,-0.016301866620779037,0.05817819759249687,0.05939003452658653
5260,0.43213048577308655,0.22084584832191467,0.058619625866413116,0.0794326588511467,0.07807950675487518,0.03884594514966011,0.0015666680410504341,-0.01636018045246601,0.05725516006350517,0.05997660383582115
5280,0.4327293038368225,0.22114771604537964,0.058791518211364746,0.0796029344201088,0.07821892201900482,0.03892367333173752,0.0015429992927238345,-0.016441285610198975,0.06250347197055817,0.06295214593410492
5300,0.4331662952899933,0.22155562043190002,0.05906299501657486,0.0799088403582573,0.07835648208856583,0.03903411328792572,0.0015589813701808453,-0.016513073816895485,0.05774110555648804,0.059449709951877594
5320,0.4337517321109772,0.22188055515289307,0.05929356813430786,0.08009890466928482,0.07851119339466095,0.03913547098636627,0.0015382005367428064,-0.01659907028079033,0.05942573398351669,0.061118125915527344
5340,0.4341595768928528,0.22226747870445251,0.059500087052583694,0.08026797324419022,0.07865514606237411,0.0392233170568943,0.001518410979770124,-0.01667635515332222,0.05723972246050835,0.06094392389059067
5360,0.43479353189468384,0.22260330617427826,0.05974006652832031,0.08039750903844833,0.07880605757236481,0.03931496664881706,0.0014945812290534377,-0.01675231009721756,0.05673530325293541,0.061531104147434235
5380,0.43535101413726807,0.2228737324476242,0.05995689705014229,0.08063879609107971,0.07893726974725723,0.039427027106285095,0.0014866209821775556,-0.01681932434439659,0.059227555990219116,0.06370597332715988
5400,0.4355783462524414,0.22321169078350067,0.06019803509116173,0.0808919221162796,0.07908375561237335,0.039511822164058685,0.001482523512095213,-0.01687244325876236,0.056016139686107635,0.06279867887496948
5420,0.43614381551742554,0.22355616092681885,0.060418300330638885,0.08112189918756485,0.07921040803194046,0.03959733992815018,0.0014527362072840333,-0.016947485506534576,0.05671631917357445,0.06158149987459183
5440,0.43656688928604126,0.2238394170999527,0.06067361310124397,0.08128678053617477,0.0793214812874794,0.03966926038265228,0.0014368669362738729,-0.017017213627696037,0.05526607856154442,0.058502331376075745
5460,0.43700656294822693,0.2241877317428589,0.06093165650963783,0.08147913962602615,0.07944626361131668,0.03974294662475586,0.0014227773062884808,-0.01707637868821621,0.05821038410067558,0.061399564146995544
5480,0.4375380277633667,0.2245442420244217,0.061150357127189636,0.08173387497663498,0.0795622244477272,0.03984028100967407,0.0013888637768104672,-0.017151938751339912,0.05797705426812172,0.060559507459402084
5500,0.4378150999546051,0.22482961416244507,0.06141512840986252,0.08198677748441696,0.07966101169586182,0.039933715015649796,0.0013569248840212822,-0.01722762919962406,0.05514796823263168,0.06006931513547897
5520,0.4383269250392914,0.22511354088783264,0.061603471636772156,0.08213993161916733,0.07977534830570221,0.04000651091337204,0.0013384748017415404,-0.017300333827733994,0.05731615796685219,0.05798907205462456
5540,0.4386918544769287,0.22539305686950684,0.06181861832737923,0.08235353231430054,0.07988195866346359,0.04008990898728371,0.0013184468261897564,-0.017360694706439972,0.05628446489572525,0.05845135450363159
5560,0.4391012489795685,0.22563891112804413,0.062015969306230545,0.08255140483379364,0.07999769598245621,0.040160637348890305,0.0012801081174984574,-0.01743463985621929,0.05708825960755348,0.05863932520151138
5580,0.43967288732528687,0.22591090202331543,0.06218702718615532,0.08272967487573624,0.08011803776025772,0.040232058614492416,0.0012469579232856631,-0.017490727826952934,0.05756781995296478,0.06021074950695038
5600,0.4401751756668091,0.22630684077739716,0.0624501071870327,0.08290557563304901,0.08026770502328873,0.040324367582798004,0.0012128844391554594,-0.0175603199750185,0.05779276415705681,0.060682717710733414
5620,0.44068530201911926,0.22664111852645874,0.06260193884372711,0.08309242129325867,0.08041050285100937,0.04039565101265907,0.0011867372086271644,-0.017629588022828102,0.05666084960103035,0.058079902082681656
5640,0.44105494022369385,0.2268790602684021,0.06279632449150085,0.08328986167907715,0.08050774782896042,0.040477678179740906,0.001175235491245985,-0.017708245664834976,0.05648195743560791,0.059121109545230865
5660,0.44132551550865173,0.22714653611183167,0.06300725787878036,0.08350592851638794,0.08060700446367264,0.04054806008934975,0.001153683173470199,-0.017778417095541954,0.05620851740241051,0.058884866535663605
5680,0.4416695237159729,0.22747871279716492,0.06324329972267151,0.08369755744934082,0.08070513606071472,0.040643658488988876,0.0011356126051396132,-0.017856283113360405,0.05660025402903557,0.06072079390287399
5700,0.44229212403297424,0.22777597606182098,0.06345448642969131,0.08387655019760132,0.08080092072486877,0.040698543190956116,0.0010871393606066704,-0.017925146967172623,0.05812521651387215,0.06240076199173927
5720,0.4426625669002533,0.22812727093696594,0.06373361498117447,0.08407924324274063,0.08095089346170425,0.04080086201429367,0.0010672061471268535,-0.017995284870266914,0.05907212197780609,0.05983017385005951
5740,0.4432397782802582,0.22833813726902008,0.06392952799797058,0.08421158790588379,0.08107519894838333,0.0408933199942112,0.0010388648370280862,-0.01806645281612873,0.05839437246322632,0.05776769295334816
5760,0.44361063838005066,0.2285798192024231,0.06414362788200378,0.08441571891307831,0.08120021224021912,0.040971606969833374,0.0010209986940026283,-0.018143804743885994,0.05521111562848091,0.058494359254837036
5780,0.4439868927001953,0.22890597581863403,0.06436405330896378,0.0845966786146164,0.0813196524977684,0.04106060415506363,0.000977168558165431,-0.01822037063539028,0.05595030635595322,0.05884580314159393
5800,0.4445274770259857,0.2291756570339203,0.06455141305923462,0.08473386615514755,0.0814100131392479,0.041120029985904694,0.0009563431376591325,-0.018297072499990463,0.05652517080307007,0.05827981233596802
5820,0.44492241740226746,0.22951653599739075,0.06480018049478531,0.08494851738214493,0.08152509480714798,0.041209857910871506,0.0009214008459821343,-0.018365073949098587,0.056555334478616714,0.060095351189374924
5840,0.44526606798171997,0.22979804873466492,0.06497731804847717,0.08514179289340973,0.08165472745895386,0.04128473997116089,0.0009109977982006967,-0.018434233963489532,0.05448484420776367,0.058453112840652466
5860,0.44574403762817383,0.23009666800498962,0.06515885144472122,0.08522939682006836,0.08175911754369736,0.041349221020936966,0.0008737889584153891,-0.01850498467683792,0.055485546588897705,0.061710260808467865
5880,0.44592395424842834,0.2303413599729538,0.06538231670856476,0.08550898730754852,0.0818675085902214,0.041430506855249405,0.00085762410890311,-0.01855865865945816,0.056080881506204605,0.058489471673965454
5900,0.44628503918647766,0.2306659072637558,0.06559697538614273,0.0856570154428482,0.08199228346347809,0.041514743119478226,0.0008438555523753166,-0.018626518547534943,0.05754123628139496,0.0583096481859684
5920,0.4466734528541565,0.2308667153120041,0.06577032059431076,0.08587530255317688,0.08211119472980499,0.04158177599310875,0.000794199644587934,-0.01869930699467659,0.056000612676143646,0.06051838397979736
5940,0.44717755913734436,0.23118679225444794,0.0660039633512497,0.08609524369239807,0.08221316337585449,0.04167887195944786,0.0007741410518065095,-0.018766555935144424,0.05618534982204437,0.059136003255844116
5960,0.4474107325077057,0.2314869910478592,0.06622731685638428,0.08630607277154922,0.0823281928896904,0.04175734892487526,0.0007722554728388786,-0.018851766362786293,0.056135836988687515,0.05809003487229347
5980,0.44789156317710876,0.23175276815891266,0.06640706211328506,0.08641063421964645,0.08242513984441757,0.04183151572942734,0.0007464676746167243,-0.01892922632396221,0.0568101741373539,0.0568401925265789
6000,0.44835788011550903,0.23197492957115173,0.06656387448310852,0.08658448606729507,0.08254863321781158,0.041900258511304855,0.0007172160549089313,-0.019007312133908272,0.05377485975623131,0.05901391804218292
6020,0.4487919807434082,0.23234525322914124,0.06686688214540482,0.08678150922060013,0.08264214545488358,0.04196503385901451,0.0006993073620833457,-0.019077789038419724,0.05485337972640991,0.05692566558718681
6040,0.4493018090724945,0.2325875163078308,0.06705247610807419,0.08701622486114502,0.08273839950561523,0.04203196242451668,0.0006998611497692764,-0.019151974469423294,0.056700486689805984,0.05940129607915878
6060,0.44966280460357666,0.23284341394901276,0.06726589053869247,0.08714791387319565,0.08285195380449295,0.04210646077990532,0.0006700289668515325,-0.01922440528869629,0.05381401255726814,0.05742910876870155
6080,0.4499708116054535,0.23316045105457306,0.06746207922697067,0.08733084052801132,0.08293045312166214,0.04217205196619034,0.0006420149584300816,-0.019308414310216904,0.05532285198569298,0.05770256742835045
6100,0.4503566324710846,0.2333979308605194,0.06768465042114258,0.08745554834604263,0.08303072303533554,0.042251698672771454,0.0006141183548606932,-0.01938652992248535,0.054374244064092636,0.057333804666996
6120,0.45058783888816833,0.23369860649108887,0.06790829449892044,0.08762028813362122,0.08313903212547302,0.042302314192056656,0.0005963327130302787,-0.01946374587714672,0.055325672030448914,0.057456303387880325
6140,0.4510117173194885,0.23392128944396973,0.06812502443790436,0.0877765566110611,0.08326798677444458,0.04237416386604309,0.0005583649617619812,-0.019539715722203255,0.05498681962490082,0.05705874413251877
6160,0.4514733850955963,0.23422284424304962,0.06833793222904205,0.08793661743402481,0.08334916085004807,0.042431242763996124,0.0005645327037200332,-0.019619720056653023,0.0561370886862278,0.05694767087697983
6180,0.4517601430416107,0.2344578057527542,0.0684804692864418,0.0881442278623581,0.08345222473144531,0.042519938200712204,0.0005459713866002858,-0.01968298852443695,0.057016536593437195,0.0569271445274353
6200,0.45223143696784973,0.23475997149944305,0.06871116906404495,0.08826100081205368,0.08354116231203079,0.0425761416554451,0.0005248186062090099,-0.019768280908465385,0.05729468911886215,0.05595766380429268
6220,0.45270469784736633,0.23498213291168213,0.06888743489980698,0.08844729512929916,0.08367288112640381,0.04263580963015556,0.0005186056951060891,-0.01983766444027424,0.054403651505708694,0.05643993243575096
6240,0.45307743549346924,0.23525741696357727,0.06910375505685806,0.08858794718980789,0.08377108722925186,0.042729452252388,0.0005012848996557295,-0.019894152879714966,0.054559376090765,0.05709665268659592
6260,0.4535389244556427,0.23545922338962555,0.06931904703378677,0.08868736773729324,0.0838608592748642,0.04280832037329674,0.00048587191849946976,-0.019964026287198067,0.05559675768017769,0.060427553951740265
6280,0.45377224683761597,0.2357584685087204,0.06953912228345871,0.08888567984104156,0.0839584693312645,0.04288720712065697,0.0004638325481209904,-0.02003275416791439,0.05597503483295441,0.056964777410030365
6300,0.45421168208122253,0.23606090247631073,0.06973148882389069,0.08909137547016144,0.08409055322408676,0.04294399172067642,0.0004538015928119421,-0.020097773522138596,0.05638120695948601,0.05803303048014641
6320,0.45464274287223816,0.23625390231609344,0.06994227319955826,0.08927654474973679,0.08421344310045242,0.04301885515451431,0.00045120264985598624,-0.020173031836748123,0.05479997396469116,0.05691136419773102
6340,0.4549797773361206,0.23653298616409302,0.07015906274318695,0.08942709118127823,0.08432716876268387,0.043080661445856094,0.0004142549878451973,-0.02024713158607483,0.053519852459430695,0.06149415671825409
6360,0.45537930727005005,0.2368011474609375,0.07039482146501541,0.08957580476999283,0.08445005118846893,0.04318564385175705,0.0003911540552508086,-0.020318366587162018,0.05500386282801628,0.056762147694826126
6380,0.4557565152645111,0.23709917068481445,0.07054056972265244,0.08970247209072113,0.08455526828765869,0.043248794972896576,0.0003926742647308856,-0.02038888819515705,0.05542793124914169,0.05668823421001434
6400,0.456180214881897,0.23734353482723236,0.07077974081039429,0.08988846838474274,0.08466079831123352,0.043307527899742126,0.00036571756936609745,-0.020458390936255455,0.054564110934734344,0.05900000035762787
6420,0.4567635953426361,0.2376192808151245,0.07098188251256943,0.0900002047419548,0.0847846269607544,0.04337726905941963,0.00034944547223858535,-0.020528951659798622,0.053780555725097656,0.057967837899923325
6440,0.4570424556732178,0.23780646920204163,0.071196049451828,0.09022527933120728,0.0848938524723053,0.04346904531121254,0.0003372417122591287,-0.020597167313098907,0.05316849425435066,0.05625804513692856
6460,0.45727476477622986,0.2380678951740265,0.07140950858592987,0.09033801406621933,0.0849873423576355,0.04354458674788475,0.0003177940961904824,-0.020663950592279434,0.05561003088951111,0.059974756091833115
6480,0.45768481492996216,0.23834466934204102,0.07164063304662704,0.09052120894193649,0.08508797734975815,0.043621450662612915,0.00029394528246484697,-0.020731976255774498,0.05313784256577492,0.058173488825559616
6500,0.457999050617218,0.2386367917060852,0.07189112156629562,0.09068090468645096,0.08519121259450912,0.0436837263405323,0.00027566339122131467,-0.020804837346076965,0.05218500643968582,0.05737682431936264
6520,0.45852574706077576,0.23881272971630096,0.07207287847995758,0.09078193455934525,0.08527827262878418,0.04374409839510918,0.00027301860973238945,-0.02087971568107605,0.05405585095286369,0.057143088430166245
6540,0.4588834345340729,0.2391471564769745,0.0722954124212265,0.09096932411193848,0.08541201055049896,0.04381154850125313,0.00023732581757940352,-0.020942797884345055,0.05452064797282219,0.05953032523393631
6560,0.45933669805526733,0.23943407833576202,0.07244132459163666,0.09108296781778336,0.08551915735006332,0.04389101266860962,0.00020195521938148886,-0.021005451679229736,0.05412672460079193,0.055956318974494934
6580,0.45963162183761597,0.239628866314888,0.07266691327095032,0.09129688143730164,0.08560451865196228,0.043951500207185745,0.0001773326948750764,-0.02108827792108059,0.05473396182060242,0.05698562413454056
6600,0.45994165539741516,0.23990707099437714,0.07282265275716782,0.09136856347322464,0.08569923043251038,0.04400788992643356,0.00017288108938373625,-0.021164821460843086,0.05256349965929985,0.055631428956985474
6620,0.4603329300880432,0.24008320271968842,0.07302683591842651,0.09155401587486267,0.0858149379491806,0.04408527910709381,0.00014262714830692858,-0.021230364218354225,0.0521744042634964,0.05551276355981827
6640,0.46056070923805237,0.2403111457824707,0.07324018329381943,0.0917067602276802,0.08592280000448227,0.04413266107439995,0.00013391775428317487,-0.021303072571754456,0.05350993573665619,0.056932322680950165
6660,0.46090593934059143,0.2404894232749939,0.07342580705881119,0.09179578721523285,0.08601454645395279,0.044210612773895264,0.00011655996786430478,-0.021375909447669983,0.05634075403213501,0.056744229048490524
6680,0.46135228872299194,0.24076350033283234,0.07361479848623276,0.09194204211235046,0.08610399812459946,0.044272489845752716,0.00010846278019016609,-0.021444059908390045,0.054023485630750656,0.05677725374698639
6700,0.4616805613040924,0.24097199738025665,0.07380799949169159,0.09207839518785477,0.08622261881828308,0.04435281082987785,9.05315755517222e-05,-0.021517502143979073,0.05635503679513931,0.059366658329963684
6720,0.4620634615421295,0.24128079414367676,0.07404065132141113,0.09221325814723969,0.08635012060403824,0.04440532997250557,6.801859854022041e-05,-0.021588971838355064,0.054531488567590714,0.056619200855493546
6740,0.4623491168022156,0.2415541261434555,0.07424498349428177,0.0923406332731247,0.0864606723189354,0.04446892812848091,3.731094693648629e-05,-0.021655716001987457,0.052411988377571106,0.05718817561864853
6760,0.46261417865753174,0.24178515374660492,0.07438924908638,0.0924469456076622,0.08653710037469864,0.04453267529606819,1.5342362530645914e-05,-0.021739589050412178,0.055661946535110474,0.05787086486816406
6780,0.46309641003608704,0.24201929569244385,0.07463252544403076,0.09254942089319229,0.08663249760866165,0.04457798972725868,-2.518578367016744e-05,-0.02181098982691765,0.05292319878935814,0.055987436324357986
6800,0.4633302688598633,0.24231235682964325,0.07484714686870575,0.09269343316555023,0.0867399200797081,0.04465090483427048,-5.1960163546027616e-05,-0.021873699501156807,0.05655990168452263,0.05558769032359123
6820,0.46373093128204346,0.24254843592643738,0.07503402978181839,0.09288661926984787,0.08684653788805008,0.04472712054848671,-3.287173240096308e-05,-0.021934662014245987,0.0533294640481472,0.05836513638496399
6840,0.4640854597091675,0.2428068071603775,0.0751785859465599,0.09300480782985687,0.08694487065076828,0.0448126345872879,-2.639969898154959e-05,-0.021997814998030663,0.052524056285619736,0.05453504994511604
6860,0.4643515944480896,0.24301892518997192,0.07538563013076782,0.09312234818935394,0.08703402429819107,0.04486846178770065,-3.6106535844737664e-05,-0.02207016944885254,0.052269596606492996,0.05633692815899849
6880,0.46476486325263977,0.24319472908973694,0.07559085637331009,0.09324482083320618,0.08712123334407806,0.04491623491048813,-7.564841507701203e-05,-0.022139405831694603,0.0531562902033329,0.05613113194704056
6900,0.46499964594841003,0.24349837005138397,0.07580125331878662,0.09340521693229675,0.08723399043083191,0.04500238597393036,-9.067697101272643e-05,-0.02219967171549797,0.05133221298456192,0.055730972439050674
6920,0.46533992886543274,0.24376116693019867,0.07598519325256348,0.09350491315126419,0.08731577545404434,0.045056916773319244,-0.00011753464787034318,-0.022272514179348946,0.054446712136268616,0.055983852595090866
6940,0.4656343162059784,0.24393850564956665,0.07614776492118835,0.09364361315965652,0.08741569519042969,0.0451347790658474,-0.00013323545863386244,-0.022340411320328712,0.055043697357177734,0.057216301560401917
6960,0.4660608768463135,0.24426482617855072,0.07635699957609177,0.09378077834844589,0.08750249445438385,0.0451870858669281,-0.0001691691140877083,-0.02241503819823265,0.0537542961537838,0.06381341069936752
6980,0.4665568768978119,0.24449685215950012,0.07655215263366699,0.09398551285266876,0.08761554956436157,0.04526957497000694,-0.00018583718338049948,-0.022482790052890778,0.053202107548713684,0.05911504104733467
7000,0.46691229939460754,0.24464887380599976,0.07677534967660904,0.0941305086016655,0.08773599565029144,0.04534485191106796,-0.00017976480012293905,-0.022546863183379173,0.05216486379504204,0.055473312735557556
7020,0.4672646224498749,0.24482859671115875,0.07693371921777725,0.0942009687423706,0.08782612532377243,0.04538609832525253,-0.00020549193141050637,-0.0226275734603405,0.0538657084107399,0.057447873055934906
7040,0.467754065990448,0.2451780140399933,0.0771617665886879,0.09430422633886337,0.08789599686861038,0.04543473571538925,-0.00023507872538175434,-0.022692592814564705,0.05137486383318901,0.055334851145744324
7060,0.46789872646331787,0.24534140527248383,0.07731476426124573,0.0944683700799942,0.08798956125974655,0.04554220661520958,-0.00022515567252412438,-0.022753605619072914,0.05278180167078972,0.05447842925786972
7080,0.4682084619998932,0.24564357101917267,0.07751595228910446,0.09455989301204681,0.08807211369276047,0.04560675099492073,-0.00024302356177940965,-0.022813836112618446,0.05400945991277695,0.0559263750910759
7100,0.46853378415107727,0.24588285386562347,0.07770250737667084,0.09469185769557953,0.08817598223686218,0.045657604932785034,-0.00026764950598590076,-0.022883450612425804,0.05361444875597954,0.05527762696146965
7120,0.46884793043136597,0.24605272710323334,0.07790101319551468,0.0948048010468483,0.08826056122779846,0.04571143165230751,-0.0002904219145420939,-0.022963745519518852,0.053742989897727966,0.055708326399326324
7140,0.46913227438926697,0.24631646275520325,0.07813145965337753,0.09496401250362396,0.08832456916570663,0.045790668576955795,-0.0003289889427833259,-0.023032069206237793,0.05337921902537346,0.05775531381368637
7160,0.4695613980293274,0.24651594460010529,0.07831290364265442,0.09513919055461884,0.08840875327587128,0.045850418508052826,-0.00034119069459848106,-0.023100774735212326,0.0521366149187088,0.055050306022167206
7180,0.4699060022830963,0.2467932403087616,0.07856642454862595,0.09524695575237274,0.08850578218698502,0.04593246057629585,-0.0003876055998262018,-0.02315870299935341,0.052615221589803696,0.05782973766326904
7200,0.4701155424118042,0.24702335894107819,0.07876569032669067,0.0953773632645607,0.08859624713659286,0.045991964638233185,-0.0004082056984771043,-0.023222479969263077,0.0514959879219532,0.05571846291422844
7220,0.47047510743141174,0.24716627597808838,0.078910693526268,0.09555567800998688,0.0886925682425499,0.04607975482940674,-0.0004096324264537543,-0.023281041532754898,0.0517403744161129,0.05467939376831055
7240,0.4709131121635437,0.24736464023590088,0.07905422151088715,0.09562632441520691,0.08879169076681137,0.04613311588764191,-0.00044013126171194017,-0.023342661559581757,0.05031618848443031,0.054998282343149185
7260,0.47128283977508545,0.24749639630317688,0.07925962656736374,0.09576451778411865,0.08886901289224625,0.0461743026971817,-0.00046679898514412344,-0.023419300094246864,0.05153945833444595,0.058025993406772614
7280,0.47149619460105896,0.24773745238780975,0.07945463806390762,0.0959281325340271,0.08895473927259445,0.046225398778915405,-0.0004720430006273091,-0.023484788835048676,0.05030946433544159,0.054129987955093384
7300,0.4716957211494446,0.2479705959558487,0.07965188473463058,0.09599345177412033,0.08901568502187729,0.04628042131662369,-0.0005106556927785277,-0.02355707623064518,0.05162837728857994,0.05660337954759598
7320,0.47216159105300903,0.24824196100234985,0.07985952496528625,0.09607183188199997,0.08911937475204468,0.04633866623044014,-0.0005339389899745584,-0.023629222065210342,0.05347767099738121,0.05515702813863754
7340,0.4723435342311859,0.24838468432426453,0.08003249019384384,0.09621261060237885,0.08921178430318832,0.04640372097492218,-0.0005375118344090879,-0.023696141317486763,0.05183768644928932,0.05354076623916626
7360,0.4727407991886139,0.24860677123069763,0.08018437772989273,0.09629125148057938,0.08927623182535172,0.046466801315546036,-0.0005472174962051213,-0.023768551647663116,0.05127614736557007,0.05758383125066757
7380,0.4729898273944855,0.24880199134349823,0.08039473742246628,0.09645503759384155,0.08936074376106262,0.04651666432619095,-0.0005605184705927968,-0.023830315098166466,0.05190138518810272,0.05595843866467476
7400,0.47332921624183655,0.24896907806396484,0.08058836311101913,0.09660117328166962,0.08943012356758118,0.046576324850320816,-0.0005732031422667205,-0.023885557428002357,0.05176212638616562,0.056026119738817215
7420,0.4737176299095154,0.24919511377811432,0.08069603145122528,0.09674816578626633,0.0895267128944397,0.04664299637079239,-0.0005987588665448129,-0.02395910769701004,0.05163809284567833,0.053541399538517
7440,0.47405681014060974,0.24941129982471466,0.0809280276298523,0.0968744158744812,0.08960667252540588,0.04668169841170311,-0.0006138599710538983,-0.02402481995522976,0.051220547407865524,0.05489308759570122
7460,0.4742659628391266,0.24964214861392975,0.08111921697854996,0.09697755426168442,0.08969968557357788,0.04674600437283516,-0.0006348244496621192,-0.024085719138383865,0.050606682896614075,0.05689708888530731
7480,0.47460994124412537,0.24983865022659302,0.08130337297916412,0.09713515639305115,0.08977853506803513,0.046784862875938416,-0.0006600989727303386,-0.024143587797880173,0.053201284259557724,0.05553119629621506
7500,0.47493666410446167,0.25013571977615356,0.08148957788944244,0.09724751114845276,0.08987415581941605,0.0468505434691906,-0.0006602812209166586,-0.024205699563026428,0.05354074761271477,0.05389154702425003
7520,0.47518154978752136,0.25031718611717224,0.08165283501148224,0.0973728820681572,0.08995372802019119,0.0469265915453434,-0.000694073096383363,-0.024263029918074608,0.051565736532211304,0.055240973830223083
7540,0.4753402769565582,0.25056710839271545,0.08183075487613678,0.0975148156285286,0.09004039317369461,0.04700843617320061,-0.0007035472663119435,-0.024333439767360687,0.0494673065841198,0.05504200607538223
7560,0.4756656289100647,0.25073790550231934,0.08202450722455978,0.09761840105056763,0.09013503044843674,0.04707784205675125,-0.0007092294399626553,-0.02440543659031391,0.050191521644592285,0.05479707568883896
7580,0.4759831130504608,0.2508595585823059,0.08216442167758942,0.09772197157144547,0.09020008146762848,0.047153156250715256,-0.0007270908681675792,-0.024473069235682487,0.05133163556456566,0.05396381765604019
7600,0.47628384828567505,0.2511105537414551,0.0823572650551796,0.09778542816638947,0.09025388956069946,0.04720770940184593,-0.0007513450109399855,-0.024552593007683754,0.05020073056221008,0.05439766123890877
7620,0.47647351026535034,0.25133922696113586,0.08252909779548645,0.0978684350848198,0.09031686931848526,0.047258395701646805,-0.0007800297462381423,-0.024617545306682587,0.051738131791353226,0.05617549270391464
7640,0.4770156741142273,0.25144684314727783,0.08269059658050537,0.09797713905572891,0.09038829803466797,0.047330472618341446,-0.0007808886584825814,-0.02468128688633442,0.055510375648736954,0.056605324149131775
7660,0.4772391617298126,0.25167906284332275,0.08293842524290085,0.09815429151058197,0.0904977023601532,0.04742510989308357,-0.0007760297157801688,-0.024744566529989243,0.04965005815029144,0.0540548674762249
7680,0.47740858793258667,0.2519111633300781,0.08313043415546417,0.09825411438941956,0.09059229493141174,0.047482963651418686,-0.0007922942168079317,-0.024803323671221733,0.04944116622209549,0.054422054439783096
7700,0.47777795791625977,0.2520713210105896,0.08328746259212494,0.09833164513111115,0.0906626358628273,0.04753880202770233,-0.0008060334366746247,-0.024877123534679413,0.05053774267435074,0.05383395776152611
7720,0.4779838025569916,0.25222206115722656,0.08345977216959,0.09838324040174484,0.09071970731019974,0.04759208485484123,-0.0008344244561158121,-0.02494019828736782,0.049937646836042404,0.05328264832496643
7740,0.4783562421798706,0.2524281442165375,0.08358025550842285,0.09848324954509735,0.0908033549785614,0.04765274003148079,-0.0008556125103496015,-0.02500549703836441,0.0514814667403698,0.053048036992549896
7760,0.478464812040329,0.2526059150695801,0.08381930738687515,0.09862620383501053,0.0908873900771141,0.047727491706609726,-0.0008931457414291799,-0.025066690519452095,0.05007128790020943,0.05426444858312607
7780,0.47873514890670776,0.25283995270729065,0.08398869633674622,0.09868146479129791,0.09097851067781448,0.04778119549155235,-0.000902836793102324,-0.02513779327273369,0.05182943865656853,0.053732581436634064
7800,0.4790654182434082,0.25296518206596375,0.08417593687772751,0.09879307448863983,0.09102924168109894,0.04786380007863045,-0.0009237179765477777,-0.02520475909113884,0.052120182663202286,0.056248508393764496
7820,0.47940269112586975,0.25318706035614014,0.08431527763605118,0.0989118441939354,0.09113099426031113,0.047896504402160645,-0.0009536376455798745,-0.025266161188483238,0.052078504115343094,0.05567632243037224
7840,0.47980907559394836,0.25343790650367737,0.08451732248067856,0.0990384966135025,0.09119442850351334,0.047953832894563675,-0.0009678842034190893,-0.025330357253551483,0.050444453954696655,0.053153909742832184
7860,0.48003387451171875,0.25361794233322144,0.08470765501260757,0.09913363307714462,0.09126287698745728,0.04800558462738991,-0.0009711442980915308,-0.025404294952750206,0.05111300200223923,0.05431497097015381
7880,0.48011189699172974,0.2539219856262207,0.08493892848491669,0.09924748539924622,0.09132008254528046,0.04806259647011757,-0.0009866635082289577,-0.02547147125005722,0.051783885806798935,0.05467784032225609
7900,0.48054349422454834,0.25400352478027344,0.08510911464691162,0.09938585013151169,0.09139537811279297,0.04811606928706169,-0.0010233208304271102,-0.025527844205498695,0.05082749202847481,0.05418337136507034
7920,0.4809340536594391,0.2542186975479126,0.08533608913421631,0.09948860108852386,0.09150006622076035,0.04816990718245506,-0.0010477423202246428,-0.025605255737900734,0.05085258185863495,0.05428171530365944
7940,0.48121699690818787,0.25434812903404236,0.0854930654168129,0.09958340227603912,0.09158983081579208,0.04825524240732193,-0.0010491679422557354,-0.025665687397122383,0.05083964020013809,0.0543084442615509
7960,0.4816364049911499,0.25453120470046997,0.08560901880264282,0.09968822449445724,0.09167328476905823,0.04830794036388397,-0.0010693728690966964,-0.025735368952155113,0.05177288502454758,0.054274991154670715
7980,0.4817240238189697,0.25476861000061035,0.08575399965047836,0.09981802105903625,0.09175194054841995,0.048365913331508636,-0.0010779519798234105,-0.025787362828850746,0.0498497411608696,0.053759410977363586
8000,0.4819244146347046,0.2549414038658142,0.0859556794166565,0.09992517530918121,0.09183225780725479,0.04842061176896095,-0.0010793711990118027,-0.02584494650363922,0.051270753145217896,0.05428122356534004
8020,0.4821475148200989,0.25513848662376404,0.08613797277212143,0.10006368905305862,0.0919116660952568,0.048461247235536575,-0.001093001221306622,-0.025903521105647087,0.05158676207065582,0.05305106192827225
8040,0.4824388325214386,0.2553556561470032,0.08632094413042068,0.10015800595283508,0.09199129790067673,0.048511046916246414,-0.0011128559708595276,-0.02596214972436428,0.050393398851156235,0.054420746862888336
8060,0.48279014229774475,0.2555079460144043,0.08649370074272156,0.10029174387454987,0.09204616397619247,0.04855463653802872,-0.0011163429589942098,-0.02602241188287735,0.04940572753548622,0.05361997336149216
8080,0.4832703471183777,0.25570717453956604,0.08667224645614624,0.10036373883485794,0.0921335369348526,0.048612628132104874,-0.0011410409351810813,-0.026080839335918427,0.051427531987428665,0.05296070873737335
8100,0.4834313988685608,0.2558932304382324,0.08686501532793045,0.1004718542098999,0.09224659949541092,0.04867255315184593,-0.001154433935880661,-0.026138294488191605,0.04959115758538246,0.05373144894838333
8120,0.4836502969264984,0.2561240792274475,0.08702262490987778,0.10060132294893265,0.09234819561243057,0.04873643442988396,-0.0011500625405460596,-0.026194225996732712,0.052380792796611786,0.05389656126499176
8140,0.4838329255580902,0.2562445104122162,0.08718950301408768,0.10069778561592102,0.09242885559797287,0.04879625886678696,-0.0011657358845695853,-0.02626214176416397,0.05187521502375603,0.0531856045126915
8160,0.48402896523475647,0.25640588998794556,0.0873628780245781,0.10085228830575943,0.09249763935804367,0.048849813640117645,-0.0011924683349207044,-0.02632313221693039,0.0491856187582016,0.05528901517391205
8180,0.4843367636203766,0.2566271126270294,0.08751939982175827,0.10093960911035538,0.09258195012807846,0.04889540746808052,-0.0012051266385242343,-0.026387833058834076,0.049362342804670334,0.05334663391113281
8200,0.4846883714199066,0.2568782866001129,0.08772135525941849,0.10099375247955322,0.09265463054180145,0.04894712194800377,-0.0012481741141527891,-0.026443539187312126,0.05081253498792648,0.05390165001153946
8220,0.48491913080215454,0.2569645047187805,0.08787360042333603,0.10110489279031754,0.09271282702684402,0.04901154711842537,-0.0012643055524677038,-0.026500385254621506,0.05234649032354355,0.05480407178401947
8240,0.4852161407470703,0.25727373361587524,0.08811919391155243,0.10120724886655807,0.09280365705490112,0.049063388258218765,-0.0012851195642724633,-0.026558009907603264,0.05071668326854706,0.05437375232577324
8260,0.48562145233154297,0.25743263959884644,0.08826503157615662,0.10128243267536163,0.09288173168897629,0.04909868165850639,-0.0013055852614343166,-0.026620149612426758,0.048834674060344696,0.052289605140686035
8280,0.4857380986213684,0.25760066509246826,0.08846169710159302,0.10141812264919281,0.0929645448923111,0.04916509613394737,-0.0013380518648773432,-0.02667793445289135,0.05081689730286598,0.052706051617860794
8300,0.48595723509788513,0.2577086091041565,0.08865633606910706,0.10146686434745789,0.0930323526263237,0.04920295625925064,-0.0013610575115308166,-0.026743756607174873,0.049423251301050186,0.052924275398254395
8320,0.48616430163383484,0.25785577297210693,0.08881726115942001,0.10160470008850098,0.09311221539974213,0.04924333468079567,-0.0013683974975720048,-0.026820138096809387,0.049402859061956406,0.05453536659479141
8340,0.4866742193698883,0.2580081820487976,0.08902699500322342,0.10167230665683746,0.0931338295340538,0.049288831651210785,-0.0014065804425626993,-0.026882026344537735,0.05250512808561325,0.05636530742049217
8360,0.4868662655353546,0.2581560015678406,0.08920148760080338,0.10177799314260483,0.09324916452169418,0.04935089871287346,-0.0014534670626744628,-0.026947565376758575,0.050244394689798355,0.0531001091003418
8380,0.48721492290496826,0.2582921087741852,0.08937329053878784,0.10184936225414276,0.09331636130809784,0.04940669983625412,-0.001461448147892952,-0.027011290192604065,0.04918811097741127,0.05237766355276108
8400,0.48731884360313416,0.25852084159851074,0.08954114466905594,0.10192684084177017,0.09339668601751328,0.04945746809244156,-0.001471326919272542,-0.027065498754382133,0.048206645995378494,0.0529877208173275
8420,0.48761245608329773,0.25873640179634094,0.08970826864242554,0.1019839271903038,0.09344818443059921,0.04950067400932312,-0.001494762720540166,-0.02713206224143505,0.049913614988327026,0.05771084502339363
8440,0.4878179728984833,0.25887322425842285,0.0898963063955307,0.10210103541612625,0.09351670742034912,0.0495365709066391,-0.0014955580700188875,-0.027197042480111122,0.05037468299269676,0.05179637297987938
8460,0.4880603849887848,0.2590433955192566,0.09008433669805527,0.10215047001838684,0.09354612976312637,0.049579326063394547,-0.0015179769834503531,-0.027263889089226723,0.047554537653923035,0.052648045122623444
8480,0.4881371855735779,0.2593061625957489,0.09027379751205444,0.10227018594741821,0.09364192932844162,0.04963825270533562,-0.0015410799533128738,-0.027318613603711128,0.051925286650657654,0.053910307586193085
8500,0.48870018124580383,0.25949808955192566,0.09043461084365845,0.10230635851621628,0.09371647238731384,0.0496823713183403,-0.001566115883179009,-0.027385380119085312,0.04905255138874054,0.0547584593296051
8520,0.48879358172416687,0.25966140627861023,0.09054458886384964,0.10243144631385803,0.09379471838474274,0.049751780927181244,-0.0015836404636502266,-0.027442092075943947,0.048201341181993484,0.05239228904247284
8540,0.48897573351860046,0.2598308324813843,0.09073904156684875,0.10253549367189407,0.0938568040728569,0.049785640090703964,-0.0015876571414992213,-0.027504516765475273,0.04886579513549805,0.052174296230077744
8560,0.48943382501602173,0.25989603996276855,0.09091246128082275,0.10262200236320496,0.09390871226787567,0.049819108098745346,-0.0016148139256983995,-0.02756568230688572,0.050538741052150726,0.05309485271573067
8580,0.4896942377090454,0.2601134479045868,0.09102689474821091,0.10267352312803268,0.093983955681324,0.04986992105841637,-0.00162585882935673,-0.02762570045888424,0.04885253310203552,0.053965773433446884
8600,0.4899466037750244,0.26027509570121765,0.0912543386220932,0.10277305543422699,0.09406508505344391,0.049931883811950684,-0.001637784531340003,-0.027686282992362976,0.05009351670742035,0.052520982921123505
8620,0.4902169108390808,0.2603197693824768,0.09136305004358292,0.10283404588699341,0.09415049105882645,0.04996605962514877,-0.0016404013149440289,-0.02775062434375286,0.049884386360645294,0.05191905051469803
8640,0.49047571420669556,0.2604529857635498,0.0915827676653862,0.1029321476817131,0.09420543909072876,0.05000266060233116,-0.0016698873369023204,-0.02781229466199875,0.05096061900258064,0.051776476204395294
8660,0.4905704855918884,0.26068928837776184,0.09176954627037048,0.10303018242120743,0.09429547190666199,0.05009079724550247,-0.0016926393145695329,-0.02787826769053936,0.04659348353743553,0.05475378781557083
8680,0.49092456698417664,0.26084545254707336,0.09191838651895523,0.10309723764657974,0.09438023716211319,0.050132062286138535,-0.0016943548107519746,-0.02793392352759838,0.04924250766634941,0.055638283491134644
8700,0.49117186665534973,0.2610809803009033,0.09207235276699066,0.10319695621728897,0.09443795680999756,0.05019109323620796,-0.0017076642252504826,-0.027999140322208405,0.04977793246507645,0.054535239934921265
8720,0.4914941191673279,0.261218398809433,0.09221887588500977,0.10327646136283875,0.09447771310806274,0.050231851637363434,-0.0017422580858692527,-0.028062785044312477,0.05110998824238777,0.05539123713970184
8740,0.4917012155056,0.26133671402931213,0.09239201247692108,0.10345552861690521,0.09458256512880325,0.05031048133969307,-0.0017333236755803227,-0.02812519669532776,0.048486243933439255,0.05304133892059326
8760,0.4919866621494293,0.2615262567996979,0.09259379655122757,0.10349227488040924,0.09465446323156357,0.05038891360163689,-0.001729193958453834,-0.028193114325404167,0.04826753959059715,0.05196330323815346
8780,0.4922364354133606,0.26171228289604187,0.09271550923585892,0.10357090085744858,0.09471070766448975,0.05044561251997948,-0.0017431429587304592,-0.02824779786169529,0.046735696494579315,0.052983518689870834
8800,0.49246203899383545,0.26190274953842163,0.0928717628121376,0.10364621877670288,0.09475050121545792,0.050492241978645325,-0.0017533022910356522,-0.028311457484960556,0.049254968762397766,0.05116083100438118
8820,0.4927321672439575,0.26197096705436707,0.09303925186395645,0.10374101996421814,0.09480426460504532,0.050515785813331604,-0.0017891612369567156,-0.028375543653964996,0.049393974244594574,0.05415792390704155
8840,0.4929046928882599,0.2621023654937744,0.09324055165052414,0.103822723031044,0.0948866754770279,0.05058862268924713,-0.0017934440402314067,-0.028434881940484047,0.04934186115860939,0.05286761373281479
8860,0.49321478605270386,0.26236966252326965,0.09339916706085205,0.10385710000991821,0.09493760019540787,0.05061091110110283,-0.0018276075134053826,-0.028496304526925087,0.04898776113986969,0.05255957692861557
8880,0.49344536662101746,0.26241517066955566,0.09358774125576019,0.10398445278406143,0.09503589570522308,0.05066550895571709,-0.0018287405837327242,-0.028553985059261322,0.046884410083293915,0.052585162222385406
8900,0.4935125708580017,0.26261070370674133,0.09381237626075745,0.10406824946403503,0.09508964419364929,0.05070856958627701,-0.0018592535052448511,-0.028615184128284454,0.04805269092321396,0.05334183946251869
8920,0.49366724491119385,0.262780100107193,0.09396051615476608,0.10413886606693268,0.0951593741774559,0.05075868219137192,-0.0018661190988495946,-0.028673555701971054,0.047832537442445755,0.051029473543167114
8940,0.49400851130485535,0.2629960775375366,0.09412214905023575,0.10416340827941895,0.09523660689592361,0.050793301314115524,-0.001912310835905373,-0.028732547536492348,0.05002206563949585,0.05254574492573738
8960,0.494281142950058,0.26316049695014954,0.09430846571922302,0.10432933270931244,0.09529583156108856,0.05086040496826172,-0.001907567260786891,-0.028794988989830017,0.04793386533856392,0.05217990651726723
8980,0.4945257902145386,0.2633235454559326,0.09443686157464981,0.10436263680458069,0.09533851593732834,0.05090382695198059,-0.001938173663802445,-0.028857877478003502,0.04716110602021217,0.05171967297792435
9000,0.4947758615016937,0.2634963095188141,0.09462370723485947,0.1044572964310646,0.09538676589727402,0.05094994232058525,-0.001954438164830208,-0.028923165053129196,0.04844483733177185,0.053249698132276535
9020,0.4949021339416504,0.2636873424053192,0.09480946511030197,0.10457466542720795,0.0954660028219223,0.05101601034402847,-0.001968345372006297,-0.02898119017481804,0.049629755318164825,0.05197082459926605
9040,0.49514180421829224,0.263767808675766,0.09495102614164352,0.10464296489953995,0.095511794090271,0.051074814051389694,-0.001992488745599985,-0.02904106117784977,0.04726124182343483,0.05111653357744217
9060,0.4953657388687134,0.26385557651519775,0.09504184871912003,0.10471833497285843,0.09557678550481796,0.051120415329933167,-0.002017312217503786,-0.02909700572490692,0.04752905294299126,0.05237296223640442
9080,0.4957560896873474,0.2640959918498993,0.09523029625415802,0.1047639399766922,0.09560567140579224,0.05114898085594177,-0.0020365945529192686,-0.02916564792394638,0.0492672324180603,0.05204414576292038
9100,0.4960327744483948,0.26429691910743713,0.09538403153419495,0.10483498126268387,0.09565882384777069,0.05121580511331558,-0.0020665836054831743,-0.029221154749393463,0.0466904379427433,0.0513598807156086
9120,0.49606722593307495,0.2644108533859253,0.09549838304519653,0.1049305722117424,0.0957573801279068,0.051290348172187805,-0.0020740488544106483,-0.029279718175530434,0.04768338054418564,0.05101359635591507
9140,0.496189683675766,0.26453226804733276,0.09569187462329865,0.10500200092792511,0.09578557312488556,0.051304079592227936,-0.002105275634676218,-0.029339537024497986,0.04977191239595413,0.05131319537758827
9160,0.49641433358192444,0.26474782824516296,0.09580937772989273,0.10505824536085129,0.09582922607660294,0.051346130669116974,-0.002121628960594535,-0.02939819172024727,0.047631774097681046,0.05278497189283371
9180,0.496814489364624,0.264860063791275,0.09600560367107391,0.10509499162435532,0.09589245170354843,0.051391102373600006,-0.0021696314215660095,-0.029462754726409912,0.04737819731235504,0.05229528993368149
9200,0.49701017141342163,0.2650367021560669,0.09619757533073425,0.10520248115062714,0.09595530480146408,0.05142859369516373,-0.0021973331458866596,-0.029529839754104614,0.04831268638372421,0.051583580672740936
9220,0.4971592426300049,0.2651616334915161,0.09637542814016342,0.10529783368110657,0.09605637192726135,0.05148840323090553,-0.002211557002738118,-0.02959047444164753,0.04703541472554207,0.051476120948791504
9240,0.49733927845954895,0.2652594745159149,0.09647469967603683,0.10535068064928055,0.09610079228878021,0.051538873463869095,-0.002228586934506893,-0.029645223170518875,0.04859628528356552,0.05200465768575668
9260,0.4977254569530487,0.26537665724754333,0.09664735943078995,0.10539393872022629,0.09614730626344681,0.051586903631687164,-0.002229137346148491,-0.029704781249165535,0.05025579780340195,0.053641580045223236
9280,0.4978209137916565,0.26558220386505127,0.09683296084403992,0.10555186122655869,0.09622468054294586,0.05164119973778725,-0.002229384146630764,-0.029765918850898743,0.049356188625097275,0.051790669560432434
9300,0.49795258045196533,0.26572945713996887,0.09699247777462006,0.10567183792591095,0.09631867706775665,0.051701560616493225,-0.00225191586650908,-0.029818912968039513,0.048674698919057846,0.05100572481751442
9320,0.4984918236732483,0.26582321524620056,0.09706878662109375,0.1057189553976059,0.09640083461999893,0.051753293722867966,-0.0022437211591750383,-0.02988514117896557,0.04762740433216095,0.05297182872891426
9340,0.4986232817173004,0.2659648656845093,0.09729710966348648,0.10575706511735916,0.0964745283126831,0.05182882770895958,-0.002248009666800499,-0.029943009838461876,0.0482938326895237,0.05143857002258301
9360,0.49882036447525024,0.2661009430885315,0.09744108468294144,0.10583410412073135,0.09656304866075516,0.051893021911382675,-0.0022723223082721233,-0.030008438974618912,0.04736941680312157,0.0518898107111454
9380,0.4989740550518036,0.2662622034549713,0.09759050607681274,0.10593897849321365,0.09660612791776657,0.051942143589258194,-0.002285752212628722,-0.03006506897509098,0.04800184816122055,0.05023597180843353
9400,0.49920454621315,0.2663731873035431,0.09770555049180984,0.10600098222494125,0.09667649865150452,0.05197529494762421,-0.0023124173749238253,-0.030124276876449585,0.04717008396983147,0.05155666545033455
9420,0.49940040707588196,0.26650115847587585,0.09782136231660843,0.10606499761343002,0.09669312834739685,0.05199552699923515,-0.0023317846935242414,-0.030192561447620392,0.04649198427796364,0.05223517864942551
9440,0.49962928891181946,0.26668182015419006,0.09796066582202911,0.10613011568784714,0.09676674753427505,0.052032120525836945,-0.0023519692476838827,-0.030260885134339333,0.04788629338145256,0.05092307925224304
9460,0.4999813139438629,0.2667631506919861,0.09812760353088379,0.10617054998874664,0.0968296229839325,0.05207020789384842,-0.0023546910379081964,-0.03031679056584835,0.04725468531250954,0.050753187388181686
9480,0.5000457167625427,0.26691940426826477,0.09828976541757584,0.10623316466808319,0.0968557745218277,0.05210840702056885,-0.0023846819531172514,-0.030374551191926003,0.04704195633530617,0.051454756408929825
9500,0.5001357793807983,0.26703161001205444,0.09845837950706482,0.10634223371744156,0.09693934768438339,0.052152182906866074,-0.0024080821312963963,-0.03043016977608204,0.04777329042553902,0.05076005682349205
9520,0.5004059672355652,0.2672058939933777,0.09860321134328842,0.10637658089399338,0.09697573632001877,0.052179232239723206,-0.002423499710857868,-0.0304886307567358,0.04686272516846657,0.05062979459762573
9540,0.500700056552887,0.26720479130744934,0.09873063862323761,0.10638782382011414,0.09705517441034317,0.05221598967909813,-0.002433384070172906,-0.03055238351225853,0.04855453595519066,0.05030841380357742
9560,0.5009918808937073,0.2674259841442108,0.09891947358846664,0.10645215213298798,0.09709881991147995,0.052243731915950775,-0.002470098901540041,-0.03061099909245968,0.049001116305589676,0.051130104809999466
9580,0.5010102987289429,0.2676457464694977,0.09909985959529877,0.10655897855758667,0.097166046500206,0.05227530375123024,-0.0025056127924472094,-0.030661826953291893,0.048764634877443314,0.050651535391807556
9600,0.5012867450714111,0.2676839232444763,0.09923362731933594,0.10664835572242737,0.09724190831184387,0.052352480590343475,-0.002527017844840884,-0.030715882778167725,0.04875136911869049,0.05197497084736824
9620,0.5015822649002075,0.2678356468677521,0.0994100421667099,0.1067458838224411,0.09727764874696732,0.05240144953131676,-0.0025431972462683916,-0.03077179193496704,0.045935049653053284,0.05208548530936241
9640,0.5018234252929688,0.26802805066108704,0.09955266863107681,0.10684730112552643,0.09729433059692383,0.05246100574731827,-0.002569558098912239,-0.030814683064818382,0.04725204408168793,0.054218679666519165
9660,0.5019369125366211,0.268145889043808,0.09973078221082687,0.10693687200546265,0.09738647937774658,0.05254945158958435,-0.002590237883850932,-0.03087574802339077,0.04752225801348686,0.051466334611177444
9680,0.5021374225616455,0.2682584524154663,0.09987273067235947,0.10696341842412949,0.09743566066026688,0.05259574577212334,-0.00261653121560812,-0.03093966655433178,0.04843785613775253,0.05194264277815819
9700,0.5024434328079224,0.26835760474205017,0.10000918060541153,0.10703331232070923,0.09748352319002151,0.05265039950609207,-0.0026344754733145237,-0.030999230220913887,0.04646914079785347,0.05002526566386223
9720,0.5025328397750854,0.26849013566970825,0.10019947588443756,0.10710965842008591,0.0975436419248581,0.05268993601202965,-0.0026476045604795218,-0.03106188029050827,0.04846727102994919,0.0542193278670311
9740,0.5028344392776489,0.26865655183792114,0.10036022961139679,0.10716518014669418,0.09760338068008423,0.05271890014410019,-0.0026590635534375906,-0.03111925907433033,0.04951697960495949,0.05104073882102966
9760,0.5030257105827332,0.26876121759414673,0.10050763189792633,0.1072220653295517,0.09767282754182816,0.052769020199775696,-0.002659201854839921,-0.031172439455986023,0.047724608331918716,0.05383000522851944
9780,0.5032618045806885,0.26893123984336853,0.10062854737043381,0.10727330297231674,0.09771739691495895,0.05281870812177658,-0.002685187617316842,-0.03122362680733204,0.04804430902004242,0.05150177329778671
9800,0.5034114718437195,0.2691161036491394,0.10080736875534058,0.10732386261224747,0.09773697704076767,0.052838850766420364,-0.0026922260876744986,-0.03128243610262871,0.0467369370162487,0.05033859610557556
9820,0.5036554336547852,0.26926177740097046,0.10095054656267166,0.10736995190382004,0.09777634590864182,0.05288340896368027,-0.0027103868778795004,-0.031335316598415375,0.046326715499162674,0.053817227482795715
9840,0.5039055347442627,0.26936447620391846,0.10112152993679047,0.10745469480752945,0.09781467169523239,0.052945274859666824,-0.002735296729952097,-0.03139438107609749,0.04787369444966316,0.05024728924036026
9860,0.5040565729141235,0.2695741653442383,0.10128859430551529,0.10748004913330078,0.09788597375154495,0.05298102647066116,-0.002749823033809662,-0.031458575278520584,0.049089182168245316,0.051903385668992996
9880,0.5041367411613464,0.26966339349746704,0.1014019325375557,0.10758224874734879,0.09795606136322021,0.05301674082875252,-0.0027827175799757242,-0.03150663524866104,0.04691322147846222,0.05092062056064606
9900,0.5043932795524597,0.269784152507782,0.10153001546859741,0.10764064639806747,0.09801680594682693,0.05305928736925125,-0.002811082173138857,-0.03156382963061333,0.04614506661891937,0.05087680742144585
9920,0.5046823024749756,0.2699643671512604,0.10169371217489243,0.1076648086309433,0.09807068854570389,0.053088847547769547,-0.002825959585607052,-0.03162168338894844,0.048815105110406876,0.05031602829694748
9940,0.5049418210983276,0.2700341045856476,0.1018415167927742,0.10774064064025879,0.09811750799417496,0.05315747112035751,-0.0028188640717417,-0.03168048709630966,0.04757268354296684,0.051414791494607925
9960,0.5050858855247498,0.27017942070961,0.10201552510261536,0.1077982559800148,0.09814673662185669,0.05320274084806442,-0.0028401557356119156,-0.031731829047203064,0.0468406155705452,0.0505296066403389
9980,0.5053000450134277,0.27039483189582825,0.10222438722848892,0.10792089998722076,0.09820812195539474,0.053237419575452805,-0.002854638732969761,-0.03178294003009796,0.04351186752319336,0.05319695174694061
10000,0.5055690407752991,0.27044108510017395,0.10233035683631897,0.10799649357795715,0.09826171398162842,0.05329691991209984,-0.0028770524077117443,-0.03183906897902489,0.04720383509993553,0.0504721961915493
10020,0.5056466460227966,0.27060675621032715,0.1024998351931572,0.1080646738409996,0.09831149876117706,0.05333586782217026,-0.0028970094863325357,-0.031901925802230835,0.04712038114666939,0.05039434880018234
10040,0.5059367418289185,0.27073249220848083,0.10262569040060043,0.10810399800539017,0.09836471825838089,0.05338083580136299,-0.0029223880264908075,-0.03196240961551666,0.04721138998866081,0.05224877595901489
10060,0.5059682726860046,0.27083903551101685,0.10281409323215485,0.10813748836517334,0.09842468798160553,0.053433384746313095,-0.0029481733217835426,-0.03202508017420769,0.04736672341823578,0.051036931574344635
10080,0.5062512159347534,0.27092838287353516,0.1029491275548935,0.10821797698736191,0.09846846759319305,0.0534706711769104,-0.0029814247973263264,-0.03207337483763695,0.04742232337594032,0.05080709978938103
10100,0.5064372420310974,0.27108150720596313,0.10313625633716583,0.1082359328866005,0.0985269695520401,0.05351448431611061,-0.0029868006240576506,-0.03213014453649521,0.046476975083351135,0.05156805366277695
10120,0.5067703723907471,0.2711888551712036,0.10322193801403046,0.10832025110721588,0.09856744855642319,0.053554147481918335,-0.0030147647485136986,-0.032190971076488495,0.04520760476589203,0.05170086771249771
10140,0.5068085789680481,0.2713625133037567,0.10341405123472214,0.10843208432197571,0.09863026440143585,0.0536104291677475,-0.0030430476181209087,-0.032249487936496735,0.0463985837996006,0.0525185763835907
10160,0.5071038007736206,0.2714845538139343,0.10357292741537094,0.10845127701759338,0.09866449236869812,0.053657788783311844,-0.0030747081618756056,-0.0323045589029789,0.0452372245490551,0.050329744815826416
10180,0.5073961019515991,0.27152112126350403,0.1036643385887146,0.10851186513900757,0.09870287030935287,0.05369189754128456,-0.0031026876531541348,-0.03236408531665802,0.04627077654004097,0.05125740170478821
10200,0.5075648427009583,0.27166038751602173,0.10381528735160828,0.10856648534536362,0.09876258671283722,0.053718723356723785,-0.0031243914272636175,-0.032426364719867706,0.045278314501047134,0.04968755319714546
10220,0.5077617168426514,0.27175602316856384,0.10393119603395462,0.10862696170806885,0.09880708158016205,0.05375171825289726,-0.0031394411344081163,-0.03248380497097969,0.046088721603155136,0.04968159273266792
10240,0.5080971717834473,0.27192384004592896,0.10404819995164871,0.10867756605148315,0.09882456809282303,0.053777143359184265,-0.0031726390589028597,-0.032538432627916336,0.0475272610783577,0.05024164915084839
10260,0.508117139339447,0.2720907926559448,0.10422342270612717,0.10878197848796844,0.09888205677270889,0.0538189522922039,-0.003182134125381708,-0.03259647637605667,0.045089241117239,0.05199786275625229
10280,0.508356511592865,0.2721988260746002,0.10434810072183609,0.10880132764577866,0.09890910983085632,0.05385219678282738,-0.0031858847942203283,-0.032656777650117874,0.04694429785013199,0.0519033744931221
10300,0.5086603760719299,0.272356241941452,0.10449273139238358,0.10886727273464203,0.09896060079336166,0.05389042943716049,-0.0032203032169491053,-0.032716065645217896,0.046200357377529144,0.05536426603794098
10320,0.5087988972663879,0.27251020073890686,0.10465805977582932,0.10895869880914688,0.09903860837221146,0.05392920598387718,-0.003228167537599802,-0.03276548162102699,0.046272311359643936,0.053282443434000015
10340,0.5089922547340393,0.27262911200523376,0.10477616637945175,0.10897286981344223,0.09906885772943497,0.05399303510785103,-0.0032333575654774904,-0.032813768833875656,0.04569751024246216,0.05042362958192825
10360,0.509268045425415,0.2728036940097809,0.10494279861450195,0.10906867682933807,0.0991353914141655,0.05403393507003784,-0.0032500349916517735,-0.03286140784621239,0.046316247433423996,0.05270623415708542
10380,0.5092790722846985,0.27293631434440613,0.10510578751564026,0.10914614796638489,0.09916798025369644,0.0540899857878685,-0.003265918232500553,-0.03291797265410423,0.04711660370230675,0.05018892139196396
10400,0.5094955563545227,0.273091584444046,0.10524360835552216,0.1091814711689949,0.09922095388174057,0.054138053208589554,-0.003284992417320609,-0.03297023847699165,0.04631645977497101,0.04990259185433388
10420,0.5097346901893616,0.27316123247146606,0.10534306615591049,0.10924891382455826,0.09928451478481293,0.05418252572417259,-0.003297002986073494,-0.03302142024040222,0.04440931975841522,0.05093040317296982
10440,0.509922206401825,0.2732330858707428,0.10547354817390442,0.1093059703707695,0.09931625425815582,0.05422239005565643,-0.003320896066725254,-0.03307446837425232,0.04690767824649811,0.050416916608810425
10460,0.5101576447486877,0.2734675109386444,0.10565973818302155,0.10933621972799301,0.0993715450167656,0.05426810309290886,-0.00331132928840816,-0.033118609338998795,0.04641448333859444,0.0504535511136055
10480,0.5104233026504517,0.2735736072063446,0.10576730966567993,0.10943581163883209,0.09941941499710083,0.05430575832724571,-0.0033554621040821075,-0.03317279368638992,0.04609457030892372,0.04922909289598465
10500,0.5105421543121338,0.2736971974372864,0.1059061661362648,0.1095113754272461,0.09942099452018738,0.054369840770959854,-0.0033623964991420507,-0.03322698175907135,0.04561188071966171,0.04940756410360336
10520,0.5107648968696594,0.27382782101631165,0.10606841742992401,0.10951903462409973,0.09944833070039749,0.0543891005218029,-0.0034021204337477684,-0.03329462558031082,0.04642822593450546,0.04928071051836014
10540,0.5109382271766663,0.2738957107067108,0.10622463375329971,0.1095883771777153,0.0994945764541626,0.05442862957715988,-0.0034436590503901243,-0.03334297984838486,0.04558364301919937,0.049680449068546295
10560,0.5110348463058472,0.27395349740982056,0.10639937967061996,0.10961662977933884,0.09955029934644699,0.05446292832493782,-0.0034720066469162703,-0.03339990973472595,0.045150574296712875,0.04985394328832626
10580,0.5111604928970337,0.27407458424568176,0.10649760812520981,0.10965195298194885,0.099590964615345,0.05450328812003136,-0.0034853701945394278,-0.033456433564424515,0.046145159751176834,0.05140995234251022
10600,0.5114259123802185,0.2740965485572815,0.10660692304372787,0.10975759476423264,0.09968408942222595,0.054558273404836655,-0.0034939234610646963,-0.03350880369544029,0.044246017932891846,0.048839256167411804
10620,0.5115819573402405,0.2742690145969391,0.1067771166563034,0.10983054339885712,0.09970895200967789,0.054583314806222916,-0.003520484082400799,-0.0335630439221859,0.045434676110744476,0.050730712711811066
10640,0.5117464661598206,0.27434372901916504,0.1069212481379509,0.10989300906658173,0.09976489841938019,0.054633814841508865,-0.003540357807651162,-0.03362225741147995,0.04569439962506294,0.05066250264644623
10660,0.5120328664779663,0.2745087146759033,0.10706591606140137,0.1099478080868721,0.09982191771268845,0.05467135086655617,-0.0035605968441814184,-0.03368872404098511,0.046385519206523895,0.05021822452545166
10680,0.5120710134506226,0.27458611130714417,0.10722053050994873,0.10998211055994034,0.09985846281051636,0.05470840632915497,-0.0035730465315282345,-0.03374914079904556,0.045977234840393066,0.050097256898880005
10700,0.5124050974845886,0.27465954422950745,0.10727914422750473,0.11000976711511612,0.09992153942584991,0.05477138236165047,-0.003598892129957676,-0.03381027281284332,0.04594273492693901,0.05234663933515549
10720,0.5125980973243713,0.27482855319976807,0.10743603855371475,0.11006812006235123,0.09996242821216583,0.054811157286167145,-0.003613485721871257,-0.0338561050593853,0.04557473212480545,0.04979848116636276
10740,0.5127227902412415,0.27490270137786865,0.10757044702768326,0.11014225333929062,0.10004212707281113,0.05487652122974396,-0.0036369841545820236,-0.03390570729970932,0.04471869766712189,0.04992767423391342
10760,0.5128623843193054,0.2750048041343689,0.10773003846406937,0.1101665273308754,0.10008308291435242,0.054920047521591187,-0.0036706398241221905,-0.03396596387028694,0.04678376391530037,0.04979930818080902
10780,0.5130589008331299,0.2751533091068268,0.10784721374511719,0.11022860556840897,0.10015891492366791,0.054942529648542404,-0.0037021583411842585,-0.03401154652237892,0.044464077800512314,0.049590788781642914
10800,0.51324063539505,0.2753141522407532,0.1079883947968483,0.1102704256772995,0.1001984253525734,0.05498015135526657,-0.003718474181368947,-0.034060847014188766,0.046017955988645554,0.05224315822124481
10820,0.5133815407752991,0.27546611428260803,0.10820114612579346,0.11037047952413559,0.1002330407500267,0.05503756180405617,-0.0037298009265214205,-0.03411291912198067,0.04511498659849167,0.051088687032461166
10840,0.5135557055473328,0.27554672956466675,0.10828723758459091,0.11043991148471832,0.10026468336582184,0.055072471499443054,-0.0037365718744695187,-0.03416559845209122,0.04391320049762726,0.050598058849573135
10860,0.5136198997497559,0.2756803333759308,0.10850773751735687,0.11047092825174332,0.10030213743448257,0.05509309470653534,-0.0037552360445261,-0.034225355833768845,0.0446811243891716,0.04995466768741608
10880,0.513809323310852,0.27589619159698486,0.10857967287302017,0.11047548800706863,0.10034427046775818,0.0551142655313015,-0.003788223024457693,-0.034274011850357056,0.043836809694767,0.049637570977211
10900,0.5140637159347534,0.27599385380744934,0.10869968682527542,0.11054160445928574,0.10038091242313385,0.05515622720122337,-0.003808138193562627,-0.034331243485212326,0.045485734939575195,0.04934728145599365
10920,0.514215350151062,0.27613165974617004,0.10884441435337067,0.11059320718050003,0.10038673877716064,0.055177222937345505,-0.0038415889721363783,-0.03438445180654526,0.04644941911101341,0.04864540323615074
10940,0.5143417119979858,0.2762143313884735,0.10896699875593185,0.11065095663070679,0.10045216977596283,0.05521882325410843,-0.0038606098387390375,-0.03443686291575432,0.046387240290641785,0.050699248909950256
10960,0.5147840976715088,0.2763066291809082,0.10905779153108597,0.11069684475660324,0.10051512718200684,0.055263835936784744,-0.00387588026933372,-0.03448405861854553,0.04514950513839722,0.05047192424535751
10980,0.5147719383239746,0.27643391489982605,0.10918078571557999,0.11077617853879929,0.10058200359344482,0.05530407279729843,-0.003895187983289361,-0.03452950343489647,0.04394073784351349,0.05065639317035675
11000,0.5149703621864319,0.2765537202358246,0.109333336353302,0.11081504821777344,0.10062496364116669,0.055348094552755356,-0.003914583940058947,-0.034584369510412216,0.04521983489394188,0.048602305352687836
11020,0.5151307582855225,0.2765900492668152,0.10940400511026382,0.11088012158870697,0.10067624598741531,0.05539405345916748,-0.003920646850019693,-0.03463476523756981,0.04480903223156929,0.04926097393035889
11040,0.515322744846344,0.27670466899871826,0.10952654480934143,0.11093437671661377,0.10071596503257751,0.05542740225791931,-0.003928651101887226,-0.03469187766313553,0.046209849417209625,0.048702631145715714
11060,0.5156261920928955,0.2767833173274994,0.1096576377749443,0.11099415272474289,0.10074041783809662,0.05547769367694855,-0.003965625073760748,-0.03474004566669464,0.04755876585841179,0.048887334764003754
11080,0.5157278180122375,0.27696704864501953,0.10977130383253098,0.11105657368898392,0.10079043358564377,0.055526264011859894,-0.003991854377090931,-0.03479709476232529,0.04446707293391228,0.05132955312728882
11100,0.515910267829895,0.2770830988883972,0.10989069938659668,0.11109410971403122,0.10081135481595993,0.05555061995983124,-0.004003062844276428,-0.03484606370329857,0.045611314475536346,0.049301400780677795
11120,0.5161744952201843,0.2771144211292267,0.10999353229999542,0.111138254404068,0.10085708647966385,0.05559564381837845,-0.004014450591057539,-0.03490259125828743,0.04516715183854103,0.050148412585258484
11140,0.5161951780319214,0.27728766202926636,0.11021146923303604,0.1111719012260437,0.10091054439544678,0.055635757744312286,-0.004038934130221605,-0.03495648503303528,0.04518701881170273,0.05014993995428085
11160,0.5162927508354187,0.2774457037448883,0.11037656664848328,0.11121249943971634,0.1009541004896164,0.055685993283987045,-0.00404840474948287,-0.03500879183411598,0.04551244527101517,0.04947814717888832
11180,0.5166627764701843,0.2774296998977661,0.11043798178434372,0.11124498397111893,0.10101539641618729,0.0557214580476284,-0.004055902361869812,-0.035057418048381805,0.04571864753961563,0.049447350203990936
11200,0.5167880654335022,0.2776353657245636,0.11063361912965775,0.11131028831005096,0.10106389224529266,0.05575474351644516,-0.004062443971633911,-0.03511577099561691,0.04398616403341293,0.0507245808839798
11220,0.5169541835784912,0.2777140438556671,0.11074314266443253,0.11135624349117279,0.10109666734933853,0.05579445883631706,-0.004090671893209219,-0.03516684100031853,0.04526844248175621,0.051029305905103683
11240,0.5172351598739624,0.277800589799881,0.11084036529064178,0.11141512542963028,0.10114786028862,0.05582256242632866,-0.0041005113162100315,-0.03521222621202469,0.04694300889968872,0.049761950969696045
11260,0.5174705982208252,0.2778901159763336,0.11094727367162704,0.11148934811353683,0.10118763148784637,0.055868834257125854,-0.004123823717236519,-0.03525276482105255,0.04576559737324715,0.050760798156261444
11280,0.5175498127937317,0.27804216742515564,0.11107488721609116,0.11148717254400253,0.10123419016599655,0.05590931326150894,-0.004115760792046785,-0.03529497608542442,0.04684038087725639,0.05059755593538284
11300,0.5179246664047241,0.2780906856060028,0.1112598329782486,0.11159736663103104,0.10127457976341248,0.05594483017921448,-0.004124424885958433,-0.03534247726202011,0.04391121119260788,0.05271165817975998
11320,0.5180986523628235,0.27823203802108765,0.11146589368581772,0.11167165637016296,0.10135012865066528,0.055985227227211,-0.004146338906139135,-0.0353827141225338,0.04289046674966812,0.04985976964235306
11340,0.5183060169219971,0.2782577872276306,0.11156358569860458,0.11170361936092377,0.10143011808395386,0.05604737624526024,-0.004138448741286993,-0.03543751314282417,0.04485349729657173,0.04838580638170242
11360,0.5185142159461975,0.27827033400535583,0.1116773933172226,0.1117563247680664,0.10148784518241882,0.0560835637152195,-0.004149642772972584,-0.035496968775987625,0.04535538703203201,0.04789694398641586
11380,0.5186300873756409,0.27844226360321045,0.11180946975946426,0.11175350844860077,0.10150160640478134,0.05609109625220299,-0.004189348313957453,-0.03554650396108627,0.04628937691450119,0.04927017167210579
11400,0.5188536047935486,0.27853384613990784,0.11194083839654922,0.11175532639026642,0.10151718556880951,0.05614461004734039,-0.004203306045383215,-0.03559986129403114,0.04574573040008545,0.04995749145746231
11420,0.5190948843955994,0.27868133783340454,0.1120745912194252,0.11183749884366989,0.10157130658626556,0.05619291216135025,-0.0042172628454864025,-0.035649318248033524,0.04353821650147438,0.049907900393009186
11440,0.519202709197998,0.2788061499595642,0.11223042011260986,0.1118684634566307,0.10159474611282349,0.05622105300426483,-0.004228571429848671,-0.035703521221876144,0.045902498066425323,0.04875902831554413
11460,0.5194934606552124,0.2789510488510132,0.11223181337118149,0.1118551716208458,0.10167622566223145,0.05626363679766655,-0.004249058663845062,-0.03575214371085167,0.04506080970168114,0.051167234778404236
11480,0.5195198059082031,0.27901723980903625,0.11239051073789597,0.11191678047180176,0.10172096639871597,0.05631771683692932,-0.004258632194250822,-0.03580334782600403,0.04518165439367294,0.04963276907801628
11500,0.5196613073348999,0.27910497784614563,0.11255522072315216,0.11204392462968826,0.101796455681324,0.05636834353208542,-0.004262086935341358,-0.03585304319858551,0.04428781196475029,0.048811398446559906
11520,0.5198842883110046,0.27918994426727295,0.11271808296442032,0.11208836734294891,0.10182491689920425,0.05638084188103676,-0.00428368803113699,-0.03590873256325722,0.04449816420674324,0.04900997132062912
11540,0.5200637578964233,0.2792297899723053,0.11287367343902588,0.11206520348787308,0.10183695703744888,0.05640199035406113,-0.004301812499761581,-0.035961490124464035,0.04567877575755119,0.04855392128229141
11560,0.5201976299285889,0.2794061601161957,0.11296942085027695,0.11219590157270432,0.10189195722341537,0.05644569173455238,-0.004314051009714603,-0.03600676357746124,0.04430839791893959,0.04912371188402176
11580,0.5204312801361084,0.27953624725341797,0.11312193423509598,0.1122392788529396,0.10191177576780319,0.05647321790456772,-0.004342944361269474,-0.036059435456991196,0.04222683981060982,0.05060107633471489
11600,0.5205965638160706,0.27962419390678406,0.1132095530629158,0.11227890849113464,0.10196256637573242,0.05652323737740517,-0.004361480008810759,-0.03610934689640999,0.04403811693191528,0.04833611845970154
11620,0.5207362174987793,0.2797015309333801,0.113304503262043,0.11235080659389496,0.10200875252485275,0.05654784291982651,-0.004386898595839739,-0.03615538775920868,0.04343211650848389,0.05032521113753319
11640,0.52096027135849,0.27973031997680664,0.11340370029211044,0.11237528175115585,0.1020650863647461,0.05658241733908653,-0.004405627958476543,-0.03620482608675957,0.04540523141622543,0.04973407834768295
11660,0.5211211442947388,0.2798770070075989,0.11354974657297134,0.11241347342729568,0.10210642218589783,0.05660771578550339,-0.004435851704329252,-0.03625964745879173,0.04397764801979065,0.04943190887570381
11680,0.5211488008499146,0.2800493538379669,0.11366251856088638,0.1125088632106781,0.10213597118854523,0.05664169043302536,-0.0044514792971313,-0.03630673885345459,0.04513128101825714,0.04881264641880989
11700,0.5213838219642639,0.2802467346191406,0.11385481059551239,0.1125548705458641,0.1021704152226448,0.05665338784456253,-0.004483141470700502,-0.036359354853630066,0.0426577553153038,0.04855823889374733
11720,0.5214660167694092,0.2802508771419525,0.11394341289997101,0.11265681684017181,0.10222700238227844,0.05669935792684555,-0.004506084602326155,-0.0364057719707489,0.04657852277159691,0.04950736463069916
11740,0.5217993259429932,0.280272901058197,0.11407342553138733,0.11274752765893936,0.10225281119346619,0.05672288313508034,-0.0045286305248737335,-0.03645695373415947,0.04524980112910271,0.04968167468905449
11760,0.5220492482185364,0.28045204281806946,0.11418110132217407,0.1127956286072731,0.10228310525417328,0.056754011660814285,-0.0045371754094958305,-0.03650150075554848,0.045662593096494675,0.048732027411460876
11780,0.5222052335739136,0.28055715560913086,0.11433975398540497,0.11286785453557968,0.10235456377267838,0.056773386895656586,-0.004549732431769371,-0.036535102874040604,0.04534928500652313,0.0499936006963253
11800,0.5223978161811829,0.28065645694732666,0.11442731320858002,0.11294157058000565,0.10236610472202301,0.056817736476659775,-0.004544795956462622,-0.03657982498407364,0.04478931799530983,0.04962892085313797
11820,0.5225673913955688,0.28078481554985046,0.11458488553762436,0.11295787990093231,0.10241618752479553,0.05685833469033241,-0.004568327218294144,-0.036634661257267,0.04598190635442734,0.049665357917547226
11840,0.5227863192558289,0.2808322608470917,0.11471456289291382,0.11301935464143753,0.10246086865663528,0.05689437687397003,-0.0045886593870818615,-0.036683570593595505,0.043545015156269073,0.04960303753614426
11860,0.5228271484375,0.2809765636920929,0.11483295261859894,0.11301940679550171,0.10249729454517365,0.05691975727677345,-0.004597680177539587,-0.036734770983457565,0.04337766021490097,0.048780858516693115
11880,0.5230311751365662,0.28101566433906555,0.11487157642841339,0.11305976659059525,0.10253573954105377,0.05698233097791672,-0.004620966035872698,-0.036784444004297256,0.04422132298350334,0.050946660339832306
11900,0.5231518149375916,0.28113922476768494,0.11507673561573029,0.11312101036310196,0.1025460734963417,0.05703249201178551,-0.004664869047701359,-0.03683433309197426,0.04183074086904526,0.04870922863483429
11920,0.5232650637626648,0.2812356650829315,0.11518155783414841,0.11319698393344879,0.10261106491088867,0.05707484111189842,-0.00466619897633791,-0.03688780590891838,0.04214489459991455,0.04791084676980972
11940,0.5233850479125977,0.28128939867019653,0.1153416633605957,0.11324752867221832,0.10263454169034958,0.0570889450609684,-0.004695943556725979,-0.03693500533699989,0.04216507077217102,0.0486648790538311
11960,0.5237211585044861,0.28140345215797424,0.11542179435491562,0.11324981600046158,0.10264300554990768,0.057126253843307495,-0.004731463734060526,-0.036977969110012054,0.043328657746315,0.04819471389055252
11980,0.5238655209541321,0.2815123200416565,0.11557979136705399,0.11328520625829697,0.10270003229379654,0.05716024339199066,-0.004758726339787245,-0.03702515736222267,0.043582696467638016,0.0479438416659832
12000,0.5239749550819397,0.2816042900085449,0.11572670191526413,0.11335396766662598,0.10274510830640793,0.05719105526804924,-0.004782931413501501,-0.03707251697778702,0.04383184388279915,0.04887210950255394
12020,0.5240454077720642,0.2816717028617859,0.11577320098876953,0.1134192943572998,0.1027807667851448,0.057235099375247955,-0.004794050008058548,-0.037114113569259644,0.043788567185401917,0.048816438764333725
12040,0.5242724418640137,0.28171926736831665,0.11589421331882477,0.11347582936286926,0.10280928760766983,0.057270295917987823,-0.00482189143076539,-0.03716695308685303,0.045999810099601746,0.04774811118841171
12060,0.5243879556655884,0.28177449107170105,0.11601860821247101,0.11353366822004318,0.10284581035375595,0.057303428649902344,-0.004854913800954819,-0.03721417114138603,0.04388215020298958,0.04949534684419632
12080,0.5244894623756409,0.28184452652931213,0.11608681827783585,0.11356795579195023,0.10287921875715256,0.057357773184776306,-0.004879816900938749,-0.03726813569664955,0.043631602078676224,0.04932112246751785
12100,0.5246293544769287,0.28194937109947205,0.1161833107471466,0.11357353627681732,0.10291165113449097,0.05739773437380791,-0.004901160951703787,-0.03731054440140724,0.042913876473903656,0.04762303829193115
12120,0.5247279405593872,0.282072514295578,0.1162983775138855,0.11358720809221268,0.10292530059814453,0.057417262345552444,-0.004909092094749212,-0.03735882416367531,0.04448140785098076,0.04845816642045975
12140,0.5249637961387634,0.28212523460388184,0.11641563475131989,0.11366254091262817,0.10294649004936218,0.057456087321043015,-0.00493256002664566,-0.03740646317601204,0.04245741292834282,0.04825533926486969
12160,0.5251710414886475,0.28225767612457275,0.11655661463737488,0.11366963386535645,0.10295312851667404,0.057463109493255615,-0.004958244040608406,-0.037462037056684494,0.041475486010313034,0.04850634187459946
12180,0.5253574252128601,0.2823748290538788,0.11662759631872177,0.11372166872024536,0.10297638177871704,0.05749949812889099,-0.004971306771039963,-0.03751002624630928,0.04297208786010742,0.048922717571258545
12200,0.5255339741706848,0.28239214420318604,0.116759292781353,0.11376409977674484,0.10299015790224075,0.057504113763570786,-0.005005386658012867,-0.037559378892183304,0.04398469626903534,0.047400664538145065
12220,0.5256664752960205,0.2825074791908264,0.116877980530262,0.1137794554233551,0.10303320735692978,0.057532936334609985,-0.00501044187694788,-0.037614382803440094,0.04483836889266968,0.052309080958366394
12240,0.5258187651634216,0.2826269268989563,0.11700478196144104,0.11387071013450623,0.10307976603507996,0.05758778750896454,-0.005029848776757717,-0.037661757320165634,0.04323193058371544,0.04760707914829254
12260,0.5260153412818909,0.28276243805885315,0.11709954589605331,0.11395752429962158,0.10314655303955078,0.05761528015136719,-0.005062015727162361,-0.03770073130726814,0.04480317234992981,0.048904407769441605
12280,0.5261693596839905,0.2828216850757599,0.11719317734241486,0.11397192627191544,0.1031530424952507,0.057674042880535126,-0.005084167700260878,-0.0377526618540287,0.0439290851354599,0.049369268119335175
12300,0.5262271761894226,0.28296801447868347,0.11741416156291962,0.1140126958489418,0.10318250954151154,0.05771726369857788,-0.0050843991339206696,-0.03779665753245354,0.04466211050748825,0.049001552164554596
12320,0.5264214277267456,0.28308579325675964,0.11753450334072113,0.11407332867383957,0.10323229432106018,0.0577414445579052,-0.00510009191930294,-0.03784923627972603,0.045906975865364075,0.049661047756671906
12340,0.5265640020370483,0.2831275761127472,0.11764160543680191,0.11411099880933762,0.10328710824251175,0.05779992789030075,-0.005112809594720602,-0.03789299353957176,0.04329274967312813,0.04891002178192139
12360,0.526860237121582,0.28324124217033386,0.11776494234800339,0.11414677649736404,0.10331447422504425,0.05784530192613602,-0.0051270839758217335,-0.03793992102146149,0.04219052940607071,0.04775800183415413
12380,0.5270659923553467,0.28323420882225037,0.11786632239818573,0.11419399827718735,0.10337810963392258,0.05786757543683052,-0.005151357036083937,-0.03797976300120354,0.04398808628320694,0.047497205436229706
12400,0.5270800590515137,0.2833610475063324,0.11798791587352753,0.1142381951212883,0.10339468717575073,0.057895489037036896,-0.005176801234483719,-0.03801804780960083,0.04394526034593582,0.04851318150758743
12420,0.5274630784988403,0.2833947539329529,0.1180638000369072,0.11426915228366852,0.10342098772525787,0.057928021997213364,-0.005201901309192181,-0.03806697204709053,0.04304397478699684,0.04987059161067009
12440,0.5274153351783752,0.28353527188301086,0.11817116290330887,0.11427795141935349,0.10346472263336182,0.05794723704457283,-0.005223804619163275,-0.03810699284076691,0.04212266951799393,0.049187324941158295
12460,0.5277393460273743,0.2836450934410095,0.11831475794315338,0.1142800897359848,0.10350329428911209,0.05798712000250816,-0.005230947397649288,-0.03815412521362305,0.04330960288643837,0.04830231890082359
12480,0.52782142162323,0.2837473154067993,0.11841966211795807,0.11435918509960175,0.10352946817874908,0.057996541261672974,-0.005248309578746557,-0.03821083530783653,0.04490265995264053,0.048089731484651566
12500,0.5279749035835266,0.28378623723983765,0.11860831826925278,0.11442660540342331,0.1035594716668129,0.05803115665912628,-0.005272705107927322,-0.038258470594882965,0.0428561195731163,0.050404809415340424
12520,0.5280935764312744,0.2839233875274658,0.1187281385064125,0.11447563022375107,0.10359515994787216,0.058080095797777176,-0.005282790865749121,-0.038304053246974945,0.04433049261569977,0.04810208082199097
12540,0.5281769037246704,0.2839917242527008,0.11885546892881393,0.11455250531435013,0.10362392663955688,0.0581250824034214,-0.005306997336447239,-0.03835100680589676,0.04256666824221611,0.04729606583714485
12560,0.528140664100647,0.28409096598625183,0.1189875528216362,0.11459498852491379,0.10363873094320297,0.05816884711384773,-0.00532193761318922,-0.0383949838578701,0.04154995083808899,0.04700735956430435
12580,0.5284271240234375,0.2840786576271057,0.11901935935020447,0.11458125710487366,0.10366453975439072,0.05820820853114128,-0.005340283736586571,-0.038441888988018036,0.04223142936825752,0.04864870011806488
12600,0.5286141633987427,0.28420504927635193,0.11914338916540146,0.11461997777223587,0.1036948412656784,0.0582473948597908,-0.00535237742587924,-0.03849241882562637,0.04217866063117981,0.0480203703045845
12620,0.5287285447120667,0.2842547297477722,0.11928196996450424,0.11460908502340317,0.10368924587965012,0.058265965431928635,-0.005372501909732819,-0.03853640332818031,0.04096575453877449,0.04849659278988838
12640,0.5288854837417603,0.28441137075424194,0.11937738209962845,0.11461931467056274,0.1037263572216034,0.05830606818199158,-0.005397880915552378,-0.038585495203733444,0.04289302974939346,0.04959544911980629
12660,0.5290905237197876,0.2845169007778168,0.11949505656957626,0.11467102915048599,0.10377740859985352,0.058340102434158325,-0.00542631559073925,-0.03862680122256279,0.043053556233644485,0.050446443259716034
12680,0.5293759107589722,0.28453269600868225,0.11956170201301575,0.1147066056728363,0.10381241887807846,0.05835767835378647,-0.005447613541036844,-0.0386778824031353,0.04183148220181465,0.04887367784976959
12700,0.5294926762580872,0.2846742272377014,0.11962954699993134,0.1147753968834877,0.10387810319662094,0.05838675796985626,-0.0054545034654438496,-0.038719311356544495,0.04520269110798836,0.04741383343935013
12720,0.5295937061309814,0.28483521938323975,0.11977047473192215,0.11479578912258148,0.10391519963741302,0.05842892825603485,-0.005475741811096668,-0.03876645863056183,0.042008135467767715,0.047795671969652176
12740,0.5297090411186218,0.2848639190196991,0.1198778748512268,0.11483905464410782,0.10394956171512604,0.0584506094455719,-0.005489105358719826,-0.038809411227703094,0.042117416858673096,0.04964311793446541
12760,0.5297895073890686,0.2849849760532379,0.12000168859958649,0.11494773626327515,0.10395442694425583,0.05848214402794838,-0.005520576611161232,-0.038856811821460724,0.043030813336372375,0.04854143410921097
12780,0.5298067927360535,0.28502851724624634,0.12013520300388336,0.11497456580400467,0.10397850722074509,0.058508750051259995,-0.005571566987782717,-0.038908086717128754,0.043273672461509705,0.04888979345560074
12800,0.5300028920173645,0.2851024866104126,0.12024186551570892,0.11499520391225815,0.10401208698749542,0.05853607878088951,-0.005590046290308237,-0.03895772621035576,0.04368279501795769,0.048645518720149994
12820,0.5302413702011108,0.2851506173610687,0.1202717199921608,0.11500503867864609,0.10404381155967712,0.05856747180223465,-0.005606870166957378,-0.03900402411818504,0.04329609125852585,0.04931160435080528
12840,0.5303695797920227,0.2852354943752289,0.12043186277151108,0.11512058973312378,0.10409698635339737,0.05860520899295807,-0.005625921767205,-0.0390445701777935,0.043942175805568695,0.04749936982989311
12860,0.5306809544563293,0.2853001058101654,0.12049220502376556,0.11513613164424896,0.10415488481521606,0.05865522474050522,-0.005648456513881683,-0.03908722475171089,0.04323839768767357,0.04869161918759346
12880,0.5308113098144531,0.28537771105766296,0.12066704034805298,0.11518555134534836,0.1041962131857872,0.05869260057806969,-0.0056585571728646755,-0.03912963345646858,0.04532928019762039,0.04864104837179184
12900,0.5309897065162659,0.2854403257369995,0.12075284123420715,0.11525987088680267,0.10422408580780029,0.0587431825697422,-0.005671091843396425,-0.039170291274785995,0.04427626356482506,0.047447387129068375
12920,0.531184732913971,0.2855254113674164,0.12085141241550446,0.11528512835502625,0.10425637662410736,0.058781929314136505,-0.005707304924726486,-0.039215318858623505,0.04145903140306473,0.04745503515005112
12940,0.5312039256095886,0.2855636179447174,0.12101871520280838,0.11534178256988525,0.10429787635803223,0.05881590023636818,-0.005705796182155609,-0.03925411403179169,0.044271212071180344,0.046785831451416016
12960,0.5313506722450256,0.28561365604400635,0.1210770383477211,0.11531595885753632,0.10433722287416458,0.058843906968832016,-0.005720039363950491,-0.03929661586880684,0.04311295598745346,0.0476161390542984
12980,0.5314784646034241,0.2857532203197479,0.12124723941087723,0.11533789336681366,0.10437524318695068,0.05887504294514656,-0.005742511712014675,-0.039341557770967484,0.04110633209347725,0.04857351630926132
13000,0.5316691398620605,0.2858526110649109,0.12135379761457443,0.11536606401205063,0.10439180582761765,0.058912280946969986,-0.005757841747254133,-0.03939082846045494,0.0428537093102932,0.04820805415511131
13020,0.5318485498428345,0.2859093248844147,0.1214413195848465,0.11542290449142456,0.10444168001413345,0.05894112586975098,-0.0057731326669454575,-0.03943640738725662,0.041359759867191315,0.04906487092375755
13040,0.532004714012146,0.28602150082588196,0.12153319269418716,0.11543051898479462,0.10445822030305862,0.05896933749318123,-0.005809576716274023,-0.03947881609201431,0.04299645498394966,0.04730487987399101
13060,0.5321429371833801,0.28608524799346924,0.12166965007781982,0.11549514532089233,0.10448972135782242,0.05901375785470009,-0.0058295708149671555,-0.03952375799417496,0.0443807989358902,0.0488392598927021
13080,0.5322553515434265,0.2861544191837311,0.12184032052755356,0.11553605645895004,0.10449431836605072,0.059036459773778915,-0.005838508252054453,-0.0395684689283371,0.04209855943918228,0.04691452533006668
13100,0.532496452331543,0.28625011444091797,0.12193530052900314,0.11554401367902756,0.10455132275819778,0.059090644121170044,-0.005864543840289116,-0.039615824818611145,0.042495980858802795,0.04818626120686531
13120,0.5325700044631958,0.2863212525844574,0.12205615639686584,0.11556371301412582,0.10459661483764648,0.059116702526807785,-0.00589028000831604,-0.03965697064995766,0.04222077503800392,0.04770607501268387
13140,0.5327679514884949,0.2863369584083557,0.12214633077383041,0.11561660468578339,0.10465526580810547,0.05914634093642235,-0.005899436306208372,-0.03970253840088844,0.04199390113353729,0.04673407971858978
13160,0.5327323079109192,0.28631484508514404,0.12229955941438675,0.11563536524772644,0.10468573123216629,0.05918266251683235,-0.0059378365986049175,-0.03974311426281929,0.04186641424894333,0.04631820321083069
13180,0.5328345894813538,0.28641775250434875,0.1223721131682396,0.11560908704996109,0.10472501814365387,0.05922451615333557,-0.00596975302323699,-0.039789121598005295,0.04203508049249649,0.04843387380242348
13200,0.5330942869186401,0.2866162359714508,0.1225014477968216,0.11562535911798477,0.10471966862678528,0.059225715696811676,-0.005999520421028137,-0.03983510285615921,0.043225593864917755,0.04741965979337692
13220,0.5331276655197144,0.28669285774230957,0.12261249125003815,0.11568592488765717,0.10474978387355804,0.05926308035850525,-0.006016254890710115,-0.039878010749816895,0.042794786393642426,0.04740710183978081
13240,0.5334076285362244,0.2867847979068756,0.12272211909294128,0.11573858559131622,0.10480201989412308,0.05930072441697121,-0.006052123848348856,-0.039920855313539505,0.04298890009522438,0.05111809819936752
13260,0.533487856388092,0.28674015402793884,0.12275831401348114,0.11573711037635803,0.10483568906784058,0.05934610590338707,-0.006055823527276516,-0.03996839374303818,0.041637253016233444,0.04891110584139824
13280,0.5336494445800781,0.28687214851379395,0.12295445799827576,0.11575788259506226,0.10481338202953339,0.05933719873428345,-0.006078815087676048,-0.040024515241384506,0.041687943041324615,0.047848232090473175
13300,0.5339890718460083,0.2869286835193634,0.1230226457118988,0.11583105474710464,0.10489705204963684,0.059391722083091736,-0.006095438729971647,-0.04007334262132645,0.04221481457352638,0.04748722165822983
13320,0.5339816212654114,0.2870691120624542,0.12317010015249252,0.11592690646648407,0.10492037981748581,0.05940541625022888,-0.006136659067124128,-0.04012235254049301,0.04233366623520851,0.04898148402571678
13340,0.5341715812683105,0.2871617376804352,0.12330126762390137,0.11600951105356216,0.1049707904458046,0.0594538077712059,-0.006138592958450317,-0.040162343531847,0.04187470301985741,0.050571419298648834
13360,0.5343401432037354,0.28722360730171204,0.12338744103908539,0.11602500826120377,0.10501472651958466,0.059490785002708435,-0.006165296770632267,-0.04019865393638611,0.045107401907444,0.04823877289891243
13380,0.5345006585121155,0.28737276792526245,0.12343347072601318,0.1160602867603302,0.10504162311553955,0.05950971320271492,-0.0061774300411343575,-0.04023890197277069,0.04210277646780014,0.04634725674986839
13400,0.5346130132675171,0.2874505817890167,0.12354684621095657,0.1160622239112854,0.10505715757608414,0.05952509120106697,-0.006212098523974419,-0.04027897119522095,0.04099994897842407,0.046316396445035934
13420,0.5347170829772949,0.2875235080718994,0.12362039089202881,0.11610911786556244,0.10509730130434036,0.05954471603035927,-0.006244308780878782,-0.04032183438539505,0.04230901598930359,0.0474536269903183
13440,0.5348166823387146,0.2875267267227173,0.12376512587070465,0.11616499722003937,0.10513272881507874,0.05955708026885986,-0.0062804208137094975,-0.04037134721875191,0.04150892794132233,0.047312814742326736
13460,0.5350319147109985,0.28769612312316895,0.12385913729667664,0.11614113301038742,0.10514404624700546,0.05958356708288193,-0.006312108598649502,-0.040418580174446106,0.045383114367723465,0.04868693649768829
13480,0.5350602865219116,0.2877696454524994,0.12394821643829346,0.11619394272565842,0.10517485439777374,0.05960375443100929,-0.00632220646366477,-0.04046536982059479,0.042535919696092606,0.04778692126274109
13500,0.5352049469947815,0.287822961807251,0.12408033013343811,0.11628074944019318,0.10520465672016144,0.059637248516082764,-0.006338066887110472,-0.04050677269697189,0.04051855579018593,0.04637875780463219
13520,0.5353314280509949,0.2879244387149811,0.12412238121032715,0.1162879541516304,0.10521737486124039,0.05966470390558243,-0.006367397494614124,-0.04054497182369232,0.04230080544948578,0.04794173687696457
13540,0.5354294776916504,0.288045197725296,0.12419741600751877,0.11633314937353134,0.10525187104940414,0.059693820774555206,-0.006384315900504589,-0.04060037434101105,0.04031224548816681,0.04699352756142616
13560,0.535571813583374,0.28804707527160645,0.1242934986948967,0.116380475461483,0.10525888949632645,0.05971793085336685,-0.0063996040262281895,-0.04064500704407692,0.04270285367965698,0.04685378447175026
13580,0.5357038378715515,0.28814297914505005,0.12437501549720764,0.11640919744968414,0.10528833419084549,0.05975111201405525,-0.006411596667021513,-0.04069163650274277,0.041001804172992706,0.04706518352031708
13600,0.535793125629425,0.28823575377464294,0.12444492429494858,0.11641604453325272,0.10529320687055588,0.05975956469774246,-0.00641562370583415,-0.04074274003505707,0.04254896566271782,0.04676607623696327
13620,0.5358508825302124,0.28832128643989563,0.12457834929227829,0.1164197027683258,0.10529213398694992,0.059750910848379135,-0.006422462873160839,-0.04078498110175133,0.04366268962621689,0.04953271150588989
13640,0.5360177159309387,0.28843599557876587,0.12467379868030548,0.11645957082509995,0.10534920543432236,0.05979660153388977,-0.006440842989832163,-0.040822774171829224,0.04161851480603218,0.047480858862400055
13660,0.5361273288726807,0.2884964346885681,0.12474747747182846,0.11649622768163681,0.10536559671163559,0.05982418730854988,-0.00644821859896183,-0.04086867347359657,0.040945086628198624,0.046729676425457
13680,0.5363919734954834,0.288584440946579,0.12480699270963669,0.11651812493801117,0.10539644211530685,0.05987463891506195,-0.006487488280981779,-0.040913887321949005,0.04258444532752037,0.047050848603248596
13700,0.536440372467041,0.28863459825515747,0.12482883036136627,0.11653846502304077,0.1054159551858902,0.05987796559929848,-0.006512981373816729,-0.04096478596329689,0.040897708386182785,0.04630586877465248
13720,0.5365628600120544,0.28868430852890015,0.12499533593654633,0.11658073961734772,0.10543733090162277,0.05988527461886406,-0.006539183668792248,-0.04101095348596573,0.04160322621464729,0.046911656856536865
13740,0.536563515663147,0.28884273767471313,0.12512171268463135,0.11655562371015549,0.10546807944774628,0.05991275608539581,-0.006561468355357647,-0.04106074199080467,0.04271814972162247,0.04804140701889992
13760,0.5368115305900574,0.288877934217453,0.12522314488887787,0.11662520468235016,0.10552022606134415,0.05993746966123581,-0.006573162507265806,-0.041100095957517624,0.042056117206811905,0.047027841210365295
13780,0.5370557308197021,0.288899689912796,0.1253179907798767,0.11664802581071854,0.10554903745651245,0.05994492769241333,-0.006588323507457972,-0.041137997061014175,0.04211443290114403,0.046541087329387665
13800,0.5370715260505676,0.2889222204685211,0.12539802491664886,0.11669286340475082,0.10558459162712097,0.05997466668486595,-0.0066141607239842415,-0.041170429438352585,0.04045634716749191,0.04719235748052597
13820,0.5372377634048462,0.28903502225875854,0.12549856305122375,0.11669425666332245,0.10560864955186844,0.06000868231058121,-0.006627998314797878,-0.0412084236741066,0.04283053055405617,0.04912852123379707
13840,0.5374699234962463,0.28909462690353394,0.1255747675895691,0.11667545139789581,0.10561895370483398,0.06003720685839653,-0.006652527023106813,-0.041251931339502335,0.041663654148578644,0.046883225440979004
13860,0.5374639630317688,0.2892075777053833,0.12575648725032806,0.11679045110940933,0.10564394295215607,0.06005242466926575,-0.006675835233181715,-0.04129534959793091,0.04028753936290741,0.04752841219305992
13880,0.5377647876739502,0.28922444581985474,0.12581096589565277,0.11684063822031021,0.10567476600408554,0.06008842587471008,-0.00669871224090457,-0.04133192077279091,0.041369013488292694,0.04746774211525917
13900,0.5378467440605164,0.28930649161338806,0.12586525082588196,0.11691415309906006,0.10571720451116562,0.060101378709077835,-0.006709026638418436,-0.0413689948618412,0.04132702201604843,0.049170300364494324
13920,0.5379210114479065,0.2894420325756073,0.1259857565164566,0.11689469963312149,0.10572327673435211,0.06011797487735748,-0.0067395712248981,-0.041416674852371216,0.03926289081573486,0.04625878483057022
13940,0.5381410717964172,0.28949999809265137,0.12605254352092743,0.11689373105764389,0.10573699325323105,0.060162000358104706,-0.006787220481783152,-0.04146219417452812,0.0415627658367157,0.04629937559366226
13960,0.5381165146827698,0.28955918550491333,0.12620022892951965,0.11693836748600006,0.10577451437711716,0.06018674001097679,-0.006797416601330042,-0.04149782657623291,0.04110944643616676,0.04840328171849251
13980,0.5382129549980164,0.28970029950141907,0.12632407248020172,0.11694154888391495,0.10579641908407211,0.060214653611183167,-0.00682179257273674,-0.0415412113070488,0.04279698058962822,0.04882354289293289
14000,0.5384631752967834,0.28973084688186646,0.12642161548137665,0.11698850989341736,0.10581580549478531,0.06024730205535889,-0.006834080908447504,-0.041584644466638565,0.04218597337603569,0.04605584964156151
14020,0.5385928750038147,0.2898171544075012,0.1265135109424591,0.11700639128684998,0.10584460198879242,0.06027679145336151,-0.006856602616608143,-0.041631657630205154,0.041107576340436935,0.048412710428237915
14040,0.5386570692062378,0.2899133861064911,0.12660352885723114,0.1170782595872879,0.10587940365076065,0.06033191457390785,-0.006889930460602045,-0.04167771711945534,0.04124122112989426,0.046498801559209824
14060,0.5387165546417236,0.2899708151817322,0.12667056918144226,0.11711400002241135,0.10590330511331558,0.06035400927066803,-0.00689583970233798,-0.04172282665967941,0.04104906693100929,0.04634260758757591
14080,0.5388969779014587,0.2899622619152069,0.1267818808555603,0.1171291247010231,0.10594572126865387,0.060404662042856216,-0.006912218872457743,-0.041761357337236404,0.04139900952577591,0.047366682440042496
14100,0.5391159653663635,0.29009273648262024,0.12690724432468414,0.11719620227813721,0.10597534477710724,0.060459379106760025,-0.006945120636373758,-0.04179557040333748,0.04151516780257225,0.046542905271053314
14120,0.5392878651618958,0.2901831567287445,0.12698964774608612,0.1172066181898117,0.10599806159734726,0.06047717481851578,-0.0069743054918944836,-0.04183991998434067,0.04123125597834587,0.045592114329338074
14140,0.5393490195274353,0.2902109920978546,0.12707556784152985,0.11723235249519348,0.10599058121442795,0.060472771525382996,-0.007001245394349098,-0.04188961163163185,0.04170296713709831,0.04681108146905899
14160,0.5394591093063354,0.2902800440788269,0.12718801200389862,0.11719977110624313,0.10601768642663956,0.06051696091890335,-0.007013727445155382,-0.041930846869945526,0.040332671254873276,0.04663363844156265
14180,0.5394656658172607,0.2903235852718353,0.12728260457515717,0.11724889278411865,0.10600881278514862,0.06051856279373169,-0.0070312367752194405,-0.04197675362229347,0.04174988716840744,0.04765404760837555
14200,0.5397447943687439,0.2903843820095062,0.12733574211597443,0.1172642633318901,0.10605479776859283,0.060570426285266876,-0.007044753525406122,-0.042026542127132416,0.042930614203214645,0.048209305852651596
14220,0.539821982383728,0.29039254784584045,0.12743137776851654,0.11729919165372849,0.10606945306062698,0.060606006532907486,-0.007065044716000557,-0.04207199439406395,0.040540825575590134,0.04824657365679741
14240,0.5399430394172668,0.2904773950576782,0.12750288844108582,0.1173350140452385,0.10610795021057129,0.060630276799201965,-0.007079618517309427,-0.04211993142962456,0.04176489636301994,0.04637382552027702
14260,0.5401551127433777,0.2904742956161499,0.1275961846113205,0.1173793226480484,0.10612212866544724,0.06067223101854324,-0.00710308225825429,-0.04216868802905083,0.041616011410951614,0.048912014812231064
14280,0.5402578115463257,0.290540874004364,0.12768511474132538,0.11736932396888733,0.10613563656806946,0.06068270280957222,-0.007138209883123636,-0.04221224784851074,0.039943575859069824,0.04734855145215988
14300,0.5404775738716125,0.2906314730644226,0.12773582339286804,0.11740007251501083,0.10618782043457031,0.06072705611586571,-0.007153697777539492,-0.0422607958316803,0.04350379481911659,0.048216305673122406
14320,0.5406174063682556,0.29076775908470154,0.12787635624408722,0.11744052916765213,0.10623006522655487,0.060769811272621155,-0.007153770420700312,-0.04230815917253494,0.04388725012540817,0.04788011685013771
14340,0.5406390428543091,0.29089003801345825,0.12794604897499084,0.11744111031293869,0.10624760389328003,0.060778044164180756,-0.007159367669373751,-0.0423591174185276,0.04098343104124069,0.04553597792983055
14360,0.5407207608222961,0.29091721773147583,0.12801475822925568,0.11746405065059662,0.10625473409891129,0.060813505202531815,-0.007180365733802319,-0.04240589216351509,0.04071725532412529,0.04674422740936279
14380,0.5407646894454956,0.29093843698501587,0.12810811400413513,0.11754067242145538,0.10630477964878082,0.06083313003182411,-0.007216522470116615,-0.04244472458958626,0.04161970317363739,0.04783960059285164
14400,0.5410507321357727,0.2910133898258209,0.12818069756031036,0.11754447966814041,0.10632698982954025,0.060858238488435745,-0.0072224875912070274,-0.04248455911874771,0.04195857793092728,0.048567697405815125
14420,0.5412392616271973,0.29102763533592224,0.1283116638660431,0.11759918928146362,0.10636962950229645,0.06088098883628845,-0.007226034998893738,-0.042520396411418915,0.04208596795797348,0.04890654981136322
14440,0.5414015054702759,0.2910933792591095,0.12848860025405884,0.11766897141933441,0.10638894885778427,0.06090884283185005,-0.007231703959405422,-0.04256424680352211,0.041877955198287964,0.04587912559509277
14460,0.541519045829773,0.29112300276756287,0.12852410972118378,0.11767072975635529,0.1064002588391304,0.06094158813357353,-0.00724487891420722,-0.04260057955980301,0.04032593593001366,0.04744521155953407
14480,0.5415161848068237,0.29118284583091736,0.12863029539585114,0.11766009032726288,0.10646583139896393,0.060978785157203674,-0.007250871509313583,-0.04263552278280258,0.03980008885264397,0.04618635028600693
14500,0.5416260361671448,0.29121866822242737,0.12868984043598175,0.11768094450235367,0.10646656155586243,0.06098102033138275,-0.007288510911166668,-0.04267477989196777,0.04409587010741234,0.04599514603614807
14520,0.5416602492332458,0.29141825437545776,0.12884089350700378,0.11768177151679993,0.1064658835530281,0.061030056327581406,-0.007304351311177015,-0.042709339410066605,0.042644549161195755,0.046587806195020676
14540,0.5419111847877502,0.29143160581588745,0.12886770069599152,0.11772813647985458,0.10650324821472168,0.061060357838869095,-0.00732940249145031,-0.042748209089040756,0.047102976590394974,0.049438122659921646
14560,0.5421525835990906,0.29152971506118774,0.1290174275636673,0.11776642501354218,0.10654749721288681,0.06107860431075096,-0.007361043710261583,-0.04278949648141861,0.04017125070095062,0.04784144088625908
14580,0.5422532558441162,0.2915774881839752,0.12911131978034973,0.11780562996864319,0.10657669603824615,0.06112305074930191,-0.007371179293841124,-0.04282782971858978,0.0407845638692379,0.047600992023944855
14600,0.5422871112823486,0.2916683852672577,0.12916423380374908,0.11784441024065018,0.10662415623664856,0.061166442930698395,-0.007384361699223518,-0.04286925122141838,0.040961626917123795,0.04630463942885399
14620,0.5423311591148376,0.29181697964668274,0.12925948202610016,0.11785244196653366,0.10664229840040207,0.061178117990493774,-0.0073827942833304405,-0.04290733113884926,0.04030558839440346,0.046574514359235764
14640,0.54248046875,0.2918141484260559,0.12932224571704865,0.11789146810770035,0.1066417396068573,0.0612037256360054,-0.007402721326798201,-0.04294779896736145,0.04061916843056679,0.04632456973195076
14660,0.5426746010780334,0.2918623983860016,0.12933357059955597,0.11789368093013763,0.10665205866098404,0.061237867921590805,-0.007419741712510586,-0.0429900623857975,0.039914943277835846,0.046147048473358154
14680,0.5427205562591553,0.29194575548171997,0.12946195900440216,0.1179368644952774,0.10668086260557175,0.06127152591943741,-0.007440604269504547,-0.04303102567791939,0.04166065528988838,0.04776652157306671
14700,0.5428597331047058,0.29202577471733093,0.12959495186805725,0.11792349815368652,0.10666271299123764,0.06130082532763481,-0.007457847706973553,-0.043072544038295746,0.04101203382015228,0.04800853133201599
14720,0.543140172958374,0.2920790910720825,0.1296328604221344,0.11795669794082642,0.10672519356012344,0.06134498864412308,-0.007476037368178368,-0.043108996003866196,0.042026642709970474,0.04819437861442566
14740,0.5432568192481995,0.2920793294906616,0.129738911986351,0.1180034875869751,0.1067747250199318,0.061380840837955475,-0.0074907466769218445,-0.043151866644620895,0.04081813991069794,0.046981751918792725
14760,0.5433349609375,0.29221466183662415,0.12986530363559723,0.11801503598690033,0.10680675506591797,0.06138787418603897,-0.0075285728089511395,-0.04318786785006523,0.03897252678871155,0.048518549650907516
14780,0.5434597134590149,0.2922062277793884,0.12996052205562592,0.11799023300409317,0.10682546347379684,0.06140977144241333,-0.007567505352199078,-0.043234288692474365,0.040079958736896515,0.046398453414440155
14800,0.5435837507247925,0.2922227084636688,0.13002119958400726,0.1180100291967392,0.106836698949337,0.06143138185143471,-0.0075806500390172005,-0.043269217014312744,0.04175093397498131,0.046061474829912186
14820,0.5435596108436584,0.2922636866569519,0.13013963401317596,0.11806274950504303,0.10687103122472763,0.06147252768278122,-0.00760082108899951,-0.04330707713961601,0.040899232029914856,0.04618029296398163
14840,0.5436869263648987,0.292296439409256,0.13021859526634216,0.11806447058916092,0.10687296837568283,0.06148305907845497,-0.0076149702072143555,-0.04334743693470955,0.03937188535928726,0.04558199644088745
14860,0.5438124537467957,0.29230475425720215,0.13030360639095306,0.11803610622882843,0.10686682164669037,0.06150909885764122,-0.007649426814168692,-0.043390464037656784,0.040692273527383804,0.04672366753220558
14880,0.5438831448554993,0.2923562228679657,0.1303403526544571,0.11808369308710098,0.1068888008594513,0.061520472168922424,-0.007649834267795086,-0.04342712461948395,0.04037648066878319,0.04690609872341156
14900,0.5440009832382202,0.29235440492630005,0.13039526343345642,0.11810214817523956,0.10691140592098236,0.06152644753456116,-0.0076668583787977695,-0.04347191005945206,0.04005739092826843,0.04528426006436348
14920,0.5440598726272583,0.29245057702064514,0.13051453232765198,0.11806809902191162,0.10691636055707932,0.06154683604836464,-0.007689754944294691,-0.04351654648780823,0.040167391300201416,0.047129008919000626
14940,0.5443431735038757,0.29249078035354614,0.1305491328239441,0.11804866790771484,0.10690927505493164,0.06155889853835106,-0.0077090151607990265,-0.043564289808273315,0.040495943278074265,0.04571346193552017
14960,0.5444085597991943,0.2925989627838135,0.13066746294498444,0.11807334423065186,0.10691622644662857,0.06156739592552185,-0.0077482108026742935,-0.04360179975628853,0.03939307481050491,0.04592170938849449
14980,0.5444130301475525,0.29260581731796265,0.13082590699195862,0.11813681572675705,0.10693874955177307,0.06162150576710701,-0.0077796271070837975,-0.04363042488694191,0.041436441242694855,0.04627097398042679
15000,0.5445287227630615,0.29266390204429626,0.13086237013339996,0.11812827736139297,0.10696053504943848,0.06162433698773384,-0.007801263127475977,-0.04365989565849304,0.039727918803691864,0.04491887241601944
15020,0.5446720719337463,0.2927301824092865,0.13098768889904022,0.11814557760953903,0.10699240118265152,0.06165493652224541,-0.007829059846699238,-0.043704353272914886,0.04122519493103027,0.04783863574266434
15040,0.5446929335594177,0.2928432524204254,0.13108617067337036,0.11817657947540283,0.10698146373033524,0.06166421249508858,-0.007852526381611824,-0.04375286400318146,0.04061463475227356,0.04556818678975105
15060,0.5448294281959534,0.2928817570209503,0.13110801577568054,0.11825815588235855,0.10698778927326202,0.061686817556619644,-0.007857494987547398,-0.04379060119390488,0.040227800607681274,0.0464937761425972
15080,0.544910192489624,0.29297760128974915,0.1311945617198944,0.11829736828804016,0.10702455788850784,0.06169838830828667,-0.007866155356168747,-0.04383022338151932,0.039387769997119904,0.04499445855617523
15100,0.545113742351532,0.293022096157074,0.1312672346830368,0.11830491572618484,0.10702132433652878,0.06169575825333595,-0.00788054894655943,-0.04387053847312927,0.03827345371246338,0.04610280692577362
15120,0.5450742840766907,0.29303526878356934,0.13134022057056427,0.11834745109081268,0.10702154040336609,0.06172238290309906,-0.007901323959231377,-0.043910421431064606,0.03983014076948166,0.046551551669836044
15140,0.545225203037262,0.29312920570373535,0.1314529925584793,0.11837168037891388,0.10703516751527786,0.06175361946225166,-0.007934021763503551,-0.04395367577672005,0.04214904084801674,0.047220051288604736
15160,0.5455674529075623,0.2931748330593109,0.1315067708492279,0.11837223917245865,0.10704171657562256,0.06176939979195595,-0.007968160323798656,-0.04399459809064865,0.04111752286553383,0.04745952785015106
15180,0.5455518364906311,0.2933245599269867,0.1315883845090866,0.1183786392211914,0.10706138610839844,0.06181406229734421,-0.00798564963042736,-0.04404028505086899,0.04007192701101303,0.04599059373140335
15200,0.545767068862915,0.2932855486869812,0.1316499561071396,0.11838933825492859,0.10709230601787567,0.06183704361319542,-0.007992125116288662,-0.044083770364522934,0.04027172178030014,0.04638548940420151
15220,0.5458585023880005,0.29325994849205017,0.131711944937706,0.11840970814228058,0.10713145136833191,0.06184894219040871,-0.008017993532121181,-0.04412020370364189,0.03942319378256798,0.0470217764377594
15240,0.5458388924598694,0.2933073341846466,0.13179324567317963,0.11842358857393265,0.10711837559938431,0.06185534596443176,-0.008039330132305622,-0.04416041076183319,0.04062565043568611,0.04863319173455238
15260,0.5460367202758789,0.2934163808822632,0.13189522922039032,0.11847847700119019,0.1071542426943779,0.061884909868240356,-0.008066611364483833,-0.04419388249516487,0.03914935141801834,0.04691721126437187
15280,0.5460975766181946,0.2934768497943878,0.13198024034500122,0.11854137480258942,0.1071796864271164,0.061941806226968765,-0.008070575073361397,-0.04423195496201515,0.04119476303458214,0.047198764979839325
15300,0.5462142825126648,0.2935126721858978,0.13204994797706604,0.11854808032512665,0.10717841237783432,0.06194976344704628,-0.00810612179338932,-0.044274237006902695,0.040753476321697235,0.047197725623846054
15320,0.5464058518409729,0.29356226325035095,0.1321510523557663,0.11855582892894745,0.10721555352210999,0.06196196377277374,-0.008127122186124325,-0.0443163737654686,0.04151137173175812,0.04647263512015343
15340,0.5464584827423096,0.2935682237148285,0.13223659992218018,0.11861977726221085,0.10724738985300064,0.06198449805378914,-0.008137230761349201,-0.044348325580358505,0.0407337062060833,0.0469219833612442
15360,0.5467236638069153,0.29357483983039856,0.1322648525238037,0.11863214522600174,0.10725311189889908,0.061990946531295776,-0.008156640455126762,-0.0443866066634655,0.038461677730083466,0.046919554471969604
15380,0.546761691570282,0.29369351267814636,0.13235636055469513,0.11863521486520767,0.10728315263986588,0.06203537434339523,-0.008181319572031498,-0.04442497715353966,0.040840111672878265,0.046099260449409485
15400,0.5467566251754761,0.2937719225883484,0.13245321810245514,0.1186770349740982,0.10731174796819687,0.0620725117623806,-0.00820517260581255,-0.04446318745613098,0.0398637093603611,0.047394491732120514
15420,0.5468904376029968,0.2938448488712311,0.13250897824764252,0.11863426864147186,0.10730687528848648,0.06207139045000076,-0.008217076770961285,-0.04450756683945656,0.04120040684938431,0.04626450315117836
15440,0.5469691157341003,0.29393506050109863,0.13260170817375183,0.11861221492290497,0.10730767995119095,0.062110334634780884,-0.008243195712566376,-0.04454964026808739,0.03968581557273865,0.04512229561805725
15460,0.5471369624137878,0.2939521372318268,0.13265632092952728,0.11871671676635742,0.10737478733062744,0.06214187666773796,-0.008259285241365433,-0.04458843171596527,0.04087318480014801,0.046648215502500534
15480,0.547252893447876,0.294050008058548,0.13273482024669647,0.11867424100637436,0.10736127197742462,0.06215963512659073,-0.008259641006588936,-0.04462888836860657,0.04041268303990364,0.04689095541834831
15500,0.5473588705062866,0.2941345274448395,0.13282589614391327,0.11876902729272842,0.10737665742635727,0.06217671185731888,-0.008274772204458714,-0.04467131569981575,0.04123729467391968,0.04609842598438263
15520,0.5474573373794556,0.2942391633987427,0.13292784988880157,0.11872600764036179,0.10739271342754364,0.06218377873301506,-0.008291767910122871,-0.044701848179101944,0.03887108713388443,0.04590918868780136
15540,0.547514796257019,0.29424190521240234,0.13300295174121857,0.1187160536646843,0.10741278529167175,0.062210507690906525,-0.008309622295200825,-0.04474252462387085,0.04006226360797882,0.045522429049015045
15560,0.547671377658844,0.29434478282928467,0.13309593498706818,0.11871328949928284,0.10745109617710114,0.062245436012744904,-0.008328862488269806,-0.044780828058719635,0.04017630219459534,0.0457475520670414
15580,0.5477864146232605,0.2942878007888794,0.13314467668533325,0.11871743947267532,0.10742597281932831,0.06226508319377899,-0.008356544189155102,-0.044814787805080414,0.04147900640964508,0.046188514679670334
15600,0.5479062795639038,0.29435548186302185,0.1332382708787918,0.11881709098815918,0.10748949646949768,0.06228214129805565,-0.00837650429457426,-0.04485383257269859,0.038386765867471695,0.04522942379117012
15620,0.5480411648750305,0.2944037914276123,0.13329215347766876,0.11882566660642624,0.10750450193881989,0.062299832701683044,-0.00840865820646286,-0.04490034282207489,0.03913809359073639,0.04516482725739479
15640,0.5480917096138,0.29451268911361694,0.1333678662776947,0.11878498643636703,0.10749274492263794,0.0623236820101738,-0.008426248095929623,-0.04494062066078186,0.03999367728829384,0.04556464031338692
15660,0.5481351613998413,0.2945845127105713,0.133478045463562,0.11880578100681305,0.10752511024475098,0.06235816702246666,-0.008453840389847755,-0.04497995227575302,0.041261862963438034,0.04724201560020447
15680,0.5483578443527222,0.2946013808250427,0.13356135785579681,0.11879439651966095,0.10753869265317917,0.06239563971757889,-0.00846611987799406,-0.045014530420303345,0.04088529571890831,0.04608631506562233
15700,0.5484625697135925,0.29460224509239197,0.1336224526166916,0.11884558945894241,0.10757023841142654,0.06246248260140419,-0.008480085991322994,-0.04504300281405449,0.03993299975991249,0.04626157879829407
15720,0.5486757755279541,0.29459866881370544,0.13367746770381927,0.1188744455575943,0.10758769512176514,0.06248481571674347,-0.00850597396492958,-0.04508072882890701,0.03886708244681358,0.04663051664829254
15740,0.5485065579414368,0.2947387993335724,0.13374745845794678,0.11893200129270554,0.10758247971534729,0.06251978129148483,-0.008511628955602646,-0.045113738626241684,0.04084884747862816,0.04832150787115097
15760,0.5485948920249939,0.2947349548339844,0.1338103860616684,0.11897701025009155,0.10759876668453217,0.06253155320882797,-0.008537289686501026,-0.045151498168706894,0.04088268801569939,0.04561274126172066
15780,0.5486371517181396,0.294828325510025,0.13397708535194397,0.11904283612966537,0.1076224148273468,0.06252779066562653,-0.008549424819648266,-0.04519348219037056,0.03991639241576195,0.04720498248934746
15800,0.5487492680549622,0.2948673963546753,0.13400457799434662,0.11906982213258743,0.10766482353210449,0.0625961646437645,-0.008557179011404514,-0.04522949084639549,0.03946062549948692,0.0452134944498539
15820,0.54892498254776,0.29485175013542175,0.13400179147720337,0.1190662756562233,0.10768737643957138,0.0626327246427536,-0.008557678200304508,-0.045271314680576324,0.040798336267471313,0.04672924801707268
15840,0.5491390228271484,0.2949887812137604,0.1341027170419693,0.11910088360309601,0.10770122706890106,0.06263992190361023,-0.008582019247114658,-0.04530942812561989,0.03887489065527916,0.0461820513010025
15860,0.5492576360702515,0.2951101064682007,0.13419802486896515,0.1190834492444992,0.1077222153544426,0.06265321373939514,-0.008606482297182083,-0.04534716531634331,0.04108439013361931,0.04567784070968628
15880,0.5493764877319336,0.2951778471469879,0.13431401550769806,0.11917197704315186,0.10773152858018875,0.06266703456640244,-0.0086358692497015,-0.045382291078567505,0.03920554742217064,0.047505803406238556
15900,0.549442708492279,0.2951638996601105,0.13431835174560547,0.11917449533939362,0.10775353014469147,0.06268424540758133,-0.008679806254804134,-0.04541618376970291,0.04231380671262741,0.04562394693493843
15920,0.5496417880058289,0.2951965034008026,0.13438789546489716,0.11918414384126663,0.10776012390851974,0.06268084049224854,-0.008684772998094559,-0.04545427858829498,0.041278328746557236,0.045599330216646194
15940,0.5497220158576965,0.2952997386455536,0.134513258934021,0.1192435771226883,0.10777366906404495,0.06271466612815857,-0.008701398968696594,-0.04548968747258186,0.03833726793527603,0.04538842290639877
15960,0.549838125705719,0.29531028866767883,0.13455268740653992,0.11925341188907623,0.1077762246131897,0.0627342090010643,-0.008723224513232708,-0.04553018882870674,0.038349319249391556,0.04587891697883606
15980,0.5498866438865662,0.2954152822494507,0.1345924735069275,0.11925658583641052,0.10779935121536255,0.06275910884141922,-0.008720802143216133,-0.045567724853754044,0.03916800022125244,0.04719684273004532
16000,0.549892246723175,0.2954636514186859,0.1347714513540268,0.11920220404863358,0.10779920965433121,0.06277558207511902,-0.008745132945477962,-0.045604903250932693,0.03851265832781792,0.04484032839536667
16020,0.5499231815338135,0.295433908700943,0.1348085254430771,0.11924730986356735,0.1078115776181221,0.06280867010354996,-0.008766300976276398,-0.04564174637198448,0.03826402500271797,0.045854754745960236
16040,0.5501089096069336,0.2955430746078491,0.13483962416648865,0.11929348856210709,0.10783922672271729,0.06283720582723618,-0.008789828978478909,-0.04567626118659973,0.040062516927719116,0.047635823488235474
16060,0.5502950549125671,0.29566067457199097,0.13495376706123352,0.11929599940776825,0.10787349939346313,0.06285686790943146,-0.008836289867758751,-0.04570869356393814,0.039146967232227325,0.04561424255371094
16080,0.5504153966903687,0.29564204812049866,0.13503828644752502,0.11930344998836517,0.10790196061134338,0.06287958472967148,-0.008853966370224953,-0.04574919119477272,0.04190034046769142,0.047200821340084076
16100,0.5504672527313232,0.2957098186016083,0.13514307141304016,0.11933368444442749,0.10790809988975525,0.06287621706724167,-0.008891088888049126,-0.04578336700797081,0.03890300169587135,0.0461776964366436
16120,0.5506161451339722,0.2957626283168793,0.13523750007152557,0.11937449127435684,0.10791835933923721,0.06288682669401169,-0.008915104903280735,-0.045824382454156876,0.0396607406437397,0.04548398405313492
16140,0.5506241321563721,0.2958061695098877,0.1352989822626114,0.1193879023194313,0.10792413353919983,0.06293061375617981,-0.008934150449931622,-0.04586312547326088,0.04019813612103462,0.04524451866745949
16160,0.5507657527923584,0.29587113857269287,0.13529370725154877,0.11933723092079163,0.10794906318187714,0.0629485547542572,-0.008975371718406677,-0.04590875282883644,0.03932682052254677,0.04730796068906784
16180,0.5507917404174805,0.29592445492744446,0.1354423612356186,0.11938483268022537,0.10791756957769394,0.06296122819185257,-0.009000464342534542,-0.045945823192596436,0.03804631903767586,0.04574088752269745
16200,0.5509945154190063,0.29598644375801086,0.13549016416072845,0.11942124366760254,0.10795814543962479,0.0629803016781807,-0.009004219435155392,-0.04597754776477814,0.039433300495147705,0.04439176991581917
16220,0.5510980486869812,0.29599443078041077,0.13560883700847626,0.11949224770069122,0.10795712471008301,0.06300199776887894,-0.009041045792400837,-0.04601183906197548,0.03986317664384842,0.04701797664165497
16240,0.5511308312416077,0.29609498381614685,0.13565649092197418,0.11948958784341812,0.10795510560274124,0.06304274499416351,-0.009048898704349995,-0.046053446829319,0.041509538888931274,0.04675333946943283
16260,0.5513566136360168,0.2961885631084442,0.1358383297920227,0.11949778348207474,0.10800391435623169,0.06307346373796463,-0.009066485799849033,-0.04609295353293419,0.03899063542485237,0.04812689870595932
16280,0.5514639616012573,0.2961672842502594,0.13588035106658936,0.11952555924654007,0.10801643133163452,0.0630861148238182,-0.009071475826203823,-0.04613425210118294,0.0403907485306263,0.04801597818732262
16300,0.5515264272689819,0.2961706221103668,0.1359672248363495,0.11961011588573456,0.10804679989814758,0.06310072541236877,-0.009089077822864056,-0.04616697505116463,0.038487985730171204,0.045346178114414215
16320,0.5516939759254456,0.2962915003299713,0.13606016337871552,0.11966440081596375,0.10804776847362518,0.06312284618616104,-0.009111679159104824,-0.04620209336280823,0.03930111974477768,0.04479542747139931
16340,0.5517935156822205,0.29632288217544556,0.1360914260149002,0.11972320079803467,0.10805895179510117,0.06312049925327301,-0.00912176538258791,-0.04623237997293472,0.038993965834379196,0.04527145251631737
16360,0.5519188046455383,0.2963792681694031,0.13620629906654358,0.11970382928848267,0.10803250968456268,0.06313333660364151,-0.009144932962954044,-0.04626708850264549,0.039731867611408234,0.04467126727104187
16380,0.55213463306427,0.29633548855781555,0.13624759018421173,0.11970753222703934,0.10808292031288147,0.06315010786056519,-0.009155414067208767,-0.04630853235721588,0.03779140114784241,0.04571488872170448
16400,0.5521953701972961,0.29640164971351624,0.13636308908462524,0.11973384022712708,0.10808126628398895,0.06317471712827682,-0.009167303331196308,-0.04634741693735123,0.03794371336698532,0.04571819305419922
16420,0.5522462725639343,0.29644080996513367,0.13643430173397064,0.11976075917482376,0.10809755325317383,0.06317589432001114,-0.009222420863807201,-0.04638218879699707,0.03783300146460533,0.04451090097427368
16440,0.5522857904434204,0.2966001629829407,0.13649025559425354,0.11982166767120361,0.1081310585141182,0.06319031119346619,-0.009247684851288795,-0.046416986733675,0.03813965618610382,0.04669317975640297
16460,0.5525577664375305,0.29660770297050476,0.13652192056179047,0.11977705359458923,0.10816686600446701,0.06319298595190048,-0.009267388842999935,-0.04645514488220215,0.03788245469331741,0.04560726508498192
16480,0.5524661540985107,0.29664042592048645,0.1365862935781479,0.11981488019227982,0.10813876241445541,0.0632140263915062,-0.009277168661355972,-0.046491604298353195,0.03816554322838783,0.04505991190671921
16500,0.5525014996528625,0.29665759205818176,0.13669182360172272,0.11984831839799881,0.10816552489995956,0.06323032826185226,-0.009290228597819805,-0.04652015492320061,0.04028864577412605,0.04613383114337921
16520,0.5527232885360718,0.296695351600647,0.13679762184619904,0.11988914757966995,0.10819348692893982,0.06324058771133423,-0.00930643081665039,-0.04654647409915924,0.042887065559625626,0.044904179871082306
16540,0.5527798533439636,0.29677528142929077,0.13683314621448517,0.11987707018852234,0.10821578651666641,0.06327391415834427,-0.009319997392594814,-0.046573422849178314,0.04186500608921051,0.04500683397054672
16560,0.5529768466949463,0.29680800437927246,0.1369103491306305,0.11989498138427734,0.10822819173336029,0.06330164521932602,-0.009347409009933472,-0.04661428928375244,0.03936980664730072,0.04580378532409668
16580,0.5529739260673523,0.2969428300857544,0.1369786411523819,0.11990972608327866,0.10827714949846268,0.06333868205547333,-0.009362283162772655,-0.04665197432041168,0.037958815693855286,0.04521329328417778
16600,0.553052544593811,0.2969919741153717,0.1370048075914383,0.11993720382452011,0.10827929526567459,0.06336171180009842,-0.009363172575831413,-0.04668516293168068,0.038447145372629166,0.044778838753700256
16620,0.5532248020172119,0.29708045721054077,0.1370956301689148,0.11993255466222763,0.1082792654633522,0.06338705122470856,-0.009385759942233562,-0.046720582991838455,0.039768729358911514,0.046386975795030594
16640,0.5533842444419861,0.2971614897251129,0.13717514276504517,0.1200016587972641,0.10833846032619476,0.06339021027088165,-0.009411015547811985,-0.0467500165104866,0.03987088054418564,0.045991599559783936
16660,0.5533677339553833,0.2971592843532562,0.13726186752319336,0.12004978954792023,0.10835843533277512,0.06341277807950974,-0.0094141261652112,-0.046789444983005524,0.03897648677229881,0.044079601764678955
16680,0.5534747838973999,0.29710841178894043,0.1373451203107834,0.12005387991666794,0.10838612169027328,0.06341831386089325,-0.009447820484638214,-0.04681839421391487,0.041319165378808975,0.04417445510625839
16700,0.5536168813705444,0.29719480872154236,0.1373596340417862,0.12006474286317825,0.10838837921619415,0.06343750655651093,-0.009480169042944908,-0.046857502311468124,0.04000413790345192,0.04541946202516556
16720,0.553804337978363,0.2972864806652069,0.13742735981941223,0.12008707225322723,0.10838865488767624,0.06345466524362564,-0.009495062753558159,-0.0468907468020916,0.04111731797456741,0.04699156433343887
16740,0.5537814497947693,0.2972957491874695,0.13752973079681396,0.12012267857789993,0.10841904580593109,0.06347046792507172,-0.009513337165117264,-0.04692694544792175,0.03836655244231224,0.044791534543037415
16760,0.5539637804031372,0.29732444882392883,0.13755132257938385,0.1201121062040329,0.10840927064418793,0.06348288804292679,-0.009527331218123436,-0.046962905675172806,0.03786191716790199,0.044630564749240875
16780,0.5540468096733093,0.297332763671875,0.13765496015548706,0.12011507898569107,0.10841405391693115,0.06348304450511932,-0.00954935047775507,-0.047001469880342484,0.04054517671465874,0.046035733073949814
16800,0.5539786219596863,0.2974245846271515,0.13771718740463257,0.12012181431055069,0.10840767621994019,0.06351073831319809,-0.00958043709397316,-0.04703503102064133,0.03758108615875244,0.04414064437150955
16820,0.5541500449180603,0.2974783480167389,0.13777582347393036,0.12008049339056015,0.10842017084360123,0.06350173056125641,-0.009584547020494938,-0.04706733673810959,0.037462230771780014,0.04470851272344589
16840,0.5541790723800659,0.29747822880744934,0.13781751692295074,0.12007533013820648,0.10840986669063568,0.06351563334465027,-0.009606091305613518,-0.04710330069065094,0.03897090256214142,0.04698075354099274
16860,0.5541986227035522,0.29744231700897217,0.13787631690502167,0.12011265754699707,0.10840895771980286,0.06354305893182755,-0.009622948244214058,-0.04713983088731766,0.03958466276526451,0.04503292590379715
16880,0.5542985796928406,0.2975267469882965,0.13789930939674377,0.12010673433542252,0.10841888189315796,0.06356759369373322,-0.009636323899030685,-0.047174882143735886,0.03826925903558731,0.04541061073541641
16900,0.5542868971824646,0.2975910007953644,0.1379932314157486,0.12017696350812912,0.10839814692735672,0.06356876343488693,-0.009665796533226967,-0.04720721393823624,0.03764238953590393,0.0446804016828537
16920,0.5544030070304871,0.29760849475860596,0.13799992203712463,0.12023273855447769,0.1084074154496193,0.0636029988527298,-0.009670954197645187,-0.047248370945453644,0.03956665098667145,0.04499001055955887
16940,0.5546212196350098,0.2976124584674835,0.13805004954338074,0.12025092542171478,0.10840237885713577,0.06362427026033401,-0.00971332285553217,-0.047291405498981476,0.041055887937545776,0.04478605091571808
16960,0.5547297596931458,0.2976580560207367,0.13819217681884766,0.12029408663511276,0.108442023396492,0.06365662068128586,-0.009724808856844902,-0.0473271869122982,0.038079433143138885,0.045680101960897446
16980,0.5547727942466736,0.2977354824542999,0.13822734355926514,0.1203250139951706,0.1084706112742424,0.06367765367031097,-0.0097507294267416,-0.04735947027802467,0.03778168559074402,0.044992685317993164
17000,0.5548542737960815,0.29780441522598267,0.13825806975364685,0.12030928581953049,0.10847128927707672,0.06368366628885269,-0.009782408364117146,-0.047394923865795135,0.0380244143307209,0.04446770250797272
17020,0.5549340844154358,0.2978566288948059,0.13833393156528473,0.12032890319824219,0.10849583148956299,0.06371195614337921,-0.009803911671042442,-0.04742003232240677,0.0383903905749321,0.046584758907556534
17040,0.5550770163536072,0.2978818416595459,0.13840077817440033,0.12035985291004181,0.10853826999664307,0.0637236014008522,-0.00981310848146677,-0.04745686054229736,0.040215011686086655,0.047474779188632965
17060,0.5551697015762329,0.2978379726409912,0.1383844017982483,0.12032788246870041,0.10852783918380737,0.06372964382171631,-0.00984193105250597,-0.04749222472310066,0.03949311748147011,0.04726899415254593
17080,0.5552499890327454,0.29798758029937744,0.13852374255657196,0.12032921612262726,0.10853949934244156,0.06376244127750397,-0.009864921681582928,-0.0475320890545845,0.038577642291784286,0.0456361398100853
17100,0.5554041862487793,0.2980401813983917,0.13852916657924652,0.12035902589559555,0.10855423659086227,0.06378386914730072,-0.009861931204795837,-0.04757363349199295,0.03818006068468094,0.04584793001413345
17120,0.5554792881011963,0.29807788133621216,0.1386013925075531,0.1203402727842331,0.10854369401931763,0.06378580629825592,-0.009886668063700199,-0.0476129911839962,0.0384659618139267,0.04469529166817665
17140,0.5555281639099121,0.2981222867965698,0.13868065178394318,0.12032435834407806,0.10854294151067734,0.06380725651979446,-0.009933575056493282,-0.04764452576637268,0.038793694227933884,0.04488225653767586
17160,0.5557854175567627,0.2981719374656677,0.1387203484773636,0.12033084034919739,0.1085926815867424,0.06384522467851639,-0.009970088489353657,-0.04767720773816109,0.04140429198741913,0.0446455143392086
17180,0.5557921528816223,0.29819753766059875,0.13882656395435333,0.12033265084028244,0.10857214033603668,0.06385313719511032,-0.009983175434172153,-0.0477181039750576,0.03826802223920822,0.048155903816223145
17200,0.5559117197990417,0.29819703102111816,0.13889481127262115,0.12032870948314667,0.10858321934938431,0.06387671828269958,-0.009992637671530247,-0.0477481372654438,0.040227074176073074,0.04689854383468628
17220,0.5560063123703003,0.29820919036865234,0.1389555186033249,0.12031999230384827,0.10860506445169449,0.06388472020626068,-0.010010995902121067,-0.047786906361579895,0.037432026118040085,0.0456535741686821
17240,0.5560979247093201,0.2983083426952362,0.1391005963087082,0.1203526183962822,0.10864279419183731,0.06392131000757217,-0.010025744326412678,-0.04782291501760483,0.036767229437828064,0.044656820595264435
17260,0.5561785697937012,0.29838109016418457,0.13910076022148132,0.12039677053689957,0.10865214467048645,0.0639447271823883,-0.010046839714050293,-0.04784952476620674,0.03794978931546211,0.0443083718419075
17280,0.5560758709907532,0.2984089255332947,0.13920506834983826,0.12042335420846939,0.10862564295530319,0.06395646929740906,-0.010069219395518303,-0.04788310080766678,0.037461329251527786,0.04440496489405632
17300,0.5563058853149414,0.2984350323677063,0.13924704492092133,0.12042617797851562,0.10865025967359543,0.06396347284317017,-0.010093234479427338,-0.04791633039712906,0.03826666995882988,0.048086993396282196
17320,0.556294858455658,0.29859474301338196,0.13936178386211395,0.1204674243927002,0.10864739865064621,0.06396985054016113,-0.01013529859483242,-0.04794586822390556,0.037931930273771286,0.04876964911818504
17340,0.5564088225364685,0.2985803782939911,0.13940435647964478,0.12049352377653122,0.10865943133831024,0.0640096664428711,-0.010135340504348278,-0.047984544187784195,0.03888773173093796,0.0450405552983284
17360,0.5565965175628662,0.2986105680465698,0.13945971429347992,0.12052979320287704,0.10865838080644608,0.0640396997332573,-0.010149874724447727,-0.04802699759602547,0.037741150707006454,0.044264402240514755
17380,0.5567410588264465,0.29862523078918457,0.13949860632419586,0.12059742957353592,0.10864856094121933,0.06405964493751526,-0.010174241848289967,-0.04805751144886017,0.03721914067864418,0.04612937197089195
17400,0.556718647480011,0.29874497652053833,0.13963456451892853,0.12061525136232376,0.10867933183908463,0.06408949941396713,-0.010192771442234516,-0.048095691949129105,0.038927897810935974,0.044523634016513824
17420,0.5568533539772034,0.298770010471344,0.13970136642456055,0.12061143666505814,0.10870279371738434,0.06410388648509979,-0.010209399275481701,-0.048122700303792953,0.03716694191098213,0.04458325728774071
17440,0.5570406317710876,0.2987580895423889,0.13974663615226746,0.12065809965133667,0.10872562974691391,0.06412969529628754,-0.010224654339253902,-0.04815554991364479,0.03712381795048714,0.04501371830701828
17460,0.5572953224182129,0.2987208664417267,0.1398141235113144,0.1206512600183487,0.10873858630657196,0.06412538141012192,-0.010251427069306374,-0.04818720370531082,0.0373811312019825,0.046456269919872284
17480,0.5573200583457947,0.2988830506801605,0.13983991742134094,0.1206420361995697,0.10875019431114197,0.06414265930652618,-0.010263658128678799,-0.04821409657597542,0.03861324489116669,0.046735912561416626
17500,0.5574264526367188,0.2989184558391571,0.13985659182071686,0.12070459872484207,0.10876144468784332,0.06417369842529297,-0.010290466248989105,-0.048247285187244415,0.03871435672044754,0.044843945652246475
17520,0.5576307773590088,0.29888951778411865,0.13992857933044434,0.12075864523649216,0.10876738280057907,0.0641939789056778,-0.010321049019694328,-0.048278942704200745,0.037638794630765915,0.0445517897605896
17540,0.5576295256614685,0.2988587021827698,0.1400197595357895,0.12079611420631409,0.10878345370292664,0.06422971934080124,-0.010348520241677761,-0.04830971732735634,0.03799673914909363,0.04512287676334381
17560,0.5576808452606201,0.2989000082015991,0.1401178240776062,0.1208018958568573,0.10882280021905899,0.06424957513809204,-0.0103831822052598,-0.048343777656555176,0.03746216744184494,0.04448435455560684
17580,0.5577355623245239,0.2989561855792999,0.1401931345462799,0.12082453072071075,0.10883058607578278,0.06425681710243225,-0.010417875833809376,-0.04836970567703247,0.038681283593177795,0.04528907686471939
17600,0.5578769445419312,0.29892030358314514,0.14021486043930054,0.12076804041862488,0.10882005095481873,0.06427537649869919,-0.010445419698953629,-0.04840356111526489,0.03825237974524498,0.04631573334336281
17620,0.5578944087028503,0.29896214604377747,0.14029137790203094,0.12083104252815247,0.10885605216026306,0.06429445743560791,-0.010459416545927525,-0.04843819513916969,0.03962124139070511,0.045941729098558426
17640,0.5578922629356384,0.2990225553512573,0.14039379358291626,0.12083863466978073,0.10889575630426407,0.0643186867237091,-0.010477671399712563,-0.048471953719854355,0.03910931944847107,0.04460691288113594
17660,0.558058500289917,0.2989571988582611,0.14039570093154907,0.12084595113992691,0.10891666263341904,0.06432251632213593,-0.010486704297363758,-0.04850469157099724,0.03631015121936798,0.0437098890542984
17680,0.5581128597259521,0.2990259826183319,0.14043937623500824,0.12086459249258041,0.10891002416610718,0.06434016674757004,-0.010526685044169426,-0.04854175075888634,0.03902749717235565,0.045885298401117325
17700,0.5582345128059387,0.29902198910713196,0.14053015410900116,0.12088938802480698,0.10895714908838272,0.06435258686542511,-0.010549608618021011,-0.0485738143324852,0.03978138044476509,0.04581676051020622
17720,0.5582907795906067,0.29909902811050415,0.14059092104434967,0.12092095613479614,0.10898005217313766,0.06437534838914871,-0.010544388554990292,-0.048606082797050476,0.038238853216171265,0.04559560865163803
17740,0.5583157539367676,0.2990918457508087,0.14063313603401184,0.12092093378305435,0.10898393392562866,0.0643923431634903,-0.01055243331938982,-0.04864033684134483,0.038335856050252914,0.04419628158211708
17760,0.5584115386009216,0.29916661977767944,0.14068633317947388,0.1209317296743393,0.10894159227609634,0.06439141929149628,-0.010569569654762745,-0.04866442829370499,0.037908896803855896,0.04481632634997368
17780,0.5585905909538269,0.29921096563339233,0.14069919288158417,0.12091082334518433,0.10895587503910065,0.06441023200750351,-0.010584024712443352,-0.04868853837251663,0.039218444377183914,0.04657676815986633
17800,0.558613657951355,0.2992701232433319,0.14089995622634888,0.12095260620117188,0.1089911237359047,0.06445027887821198,-0.010598264634609222,-0.04871385544538498,0.03852950409054756,0.044324398040771484
17820,0.5586656928062439,0.2993437945842743,0.14094622433185577,0.12093643844127655,0.10901337116956711,0.06449072062969208,-0.010610007680952549,-0.048751674592494965,0.039009202271699905,0.04499439150094986
17840,0.5587812066078186,0.29931575059890747,0.14100947976112366,0.12095416337251663,0.10901511460542679,0.06450077146291733,-0.010636377148330212,-0.04878171160817146,0.03788657858967781,0.04378438740968704
17860,0.5588391423225403,0.2993466258049011,0.14105504751205444,0.12099970877170563,0.10904999077320099,0.06452558934688568,-0.010648515075445175,-0.048811111599206924,0.03741242364048958,0.04434221237897873
17880,0.5587550401687622,0.2994064688682556,0.1411527395248413,0.12098428606987,0.10904398560523987,0.06451789289712906,-0.010665942914783955,-0.04883984103798866,0.03680143132805824,0.044070418924093246
17900,0.558899998664856,0.2994900345802307,0.14118708670139313,0.12103451788425446,0.10903940349817276,0.06452251225709915,-0.010699759237468243,-0.0488668791949749,0.0375899001955986,0.045351602137088776
17920,0.5588748455047607,0.2995707094669342,0.1412249207496643,0.12097994983196259,0.10901784896850586,0.06452074646949768,-0.010706855915486813,-0.04889868572354317,0.0365976057946682,0.043931327760219574
17940,0.5589304566383362,0.29963454604148865,0.14132419228553772,0.12101312726736069,0.10905463993549347,0.06455549597740173,-0.010749301873147488,-0.04893440008163452,0.036278191953897476,0.045056771486997604
17960,0.55894935131073,0.29962158203125,0.14133904874324799,0.1210109069943428,0.10906350612640381,0.06456419825553894,-0.010759684257209301,-0.048965081572532654,0.03702325373888016,0.04337455332279205
17980,0.5590041875839233,0.2996228337287903,0.14137068390846252,0.1210085079073906,0.10908856242895126,0.06457582861185074,-0.010760432109236717,-0.04899898171424866,0.03854864835739136,0.047534823417663574
18000,0.5591156482696533,0.29966244101524353,0.14148107171058655,0.12094991654157639,0.1091107502579689,0.06459414213895798,-0.010776654817163944,-0.04903141036629677,0.03707083314657211,0.04497972130775452
18020,0.5591911673545837,0.2996428608894348,0.14151212573051453,0.1209583431482315,0.10912607610225677,0.06462405622005463,-0.010789220221340656,-0.049059972167015076,0.038657046854496,0.04565681517124176
18040,0.5593273639678955,0.2996484637260437,0.1416037678718567,0.12099658697843552,0.10912717878818512,0.06462842226028442,-0.010802146047353745,-0.049099765717983246,0.038499101996421814,0.04416641592979431
18060,0.5594207644462585,0.2997058629989624,0.14161959290504456,0.12098821997642517,0.10914810746908188,0.06463170051574707,-0.010831428691744804,-0.0491330586373806,0.0385972335934639,0.044826723635196686
18080,0.5594695210456848,0.29974985122680664,0.141693115234375,0.12101099640130997,0.10913342982530594,0.06464795768260956,-0.010849399492144585,-0.04916228726506233,0.03814428299665451,0.044223494827747345
18100,0.559537410736084,0.2997820973396301,0.1417543590068817,0.12101370841264725,0.10915261507034302,0.06465400010347366,-0.010870885103940964,-0.04919268190860748,0.041186828166246414,0.0451292023062706
18120,0.5597327351570129,0.29976966977119446,0.1417638510465622,0.12099555134773254,0.1091301292181015,0.06466861814260483,-0.01089075393974781,-0.04922471567988396,0.03862428292632103,0.04395878687500954
18140,0.5598307847976685,0.29985079169273376,0.14188329875469208,0.12104269862174988,0.10913167148828506,0.06469148397445679,-0.010908623225986958,-0.04926006868481636,0.037370361387729645,0.044095300137996674
18160,0.5598815083503723,0.29983654618263245,0.14192642271518707,0.12104182690382004,0.10913050174713135,0.06468936055898666,-0.01094591524451971,-0.04929818585515022,0.03950154408812523,0.04762618988752365
18180,0.5600050687789917,0.2999342083930969,0.1420351266860962,0.12106475979089737,0.1091461256146431,0.06471296399831772,-0.01095674280077219,-0.04932943731546402,0.03755752742290497,0.04525388404726982
18200,0.5600562691688538,0.2999638617038727,0.1421271562576294,0.12104010581970215,0.10915172845125198,0.06474025547504425,-0.010957805439829826,-0.04936633259057999,0.036929935216903687,0.044946394860744476
18220,0.5601769685745239,0.3000231087207794,0.1421707719564438,0.12104720622301102,0.10916456580162048,0.06476185470819473,-0.01097229216247797,-0.04940204322338104,0.03726235404610634,0.04349369555711746
18240,0.560197114944458,0.30000895261764526,0.14218921959400177,0.1211036816239357,0.10918611288070679,0.06477119028568268,-0.010975329205393791,-0.04942774772644043,0.037651147693395615,0.04541300982236862
18260,0.5602827072143555,0.30012908577919006,0.1422932893037796,0.1210755854845047,0.1092013567686081,0.06477896124124527,-0.011009563691914082,-0.04945501685142517,0.03671663627028465,0.04460325837135315
18280,0.5604130029678345,0.30018940567970276,0.14233121275901794,0.12110302597284317,0.10918992012739182,0.06478145718574524,-0.011031567119061947,-0.04949082061648369,0.03756996616721153,0.044577956199645996
18300,0.5604552626609802,0.3001645803451538,0.14236946403980255,0.12112516909837723,0.10924685001373291,0.06481720507144928,-0.011071041226387024,-0.04952475428581238,0.03859619423747063,0.0445258766412735
18320,0.5604479312896729,0.3001879155635834,0.14239084720611572,0.1210915669798851,0.10925599932670593,0.06483696401119232,-0.011081498116254807,-0.049557510763406754,0.038489874452352524,0.04387851804494858
18340,0.5606722235679626,0.3002172112464905,0.14248217642307281,0.1211492270231247,0.10925973206758499,0.06486891955137253,-0.0111013762652874,-0.04958740249276161,0.03824680298566818,0.04377485811710358
18360,0.5607424378395081,0.30025455355644226,0.14246322214603424,0.1211870089173317,0.10926002264022827,0.06488090753555298,-0.011132231913506985,-0.04961288720369339,0.03693418204784393,0.04369386285543442
18380,0.5608065724372864,0.3002531826496124,0.1425161361694336,0.12122288346290588,0.10925953835248947,0.06489859521389008,-0.011149355210363865,-0.04964037612080574,0.03729548305273056,0.0455842986702919
18400,0.560894250869751,0.30030474066734314,0.1425459235906601,0.1212274506688118,0.109282486140728,0.06492846459150314,-0.011159485206007957,-0.04966748133301735,0.03760192170739174,0.0440816730260849
18420,0.56110680103302,0.300253689289093,0.14267122745513916,0.12122565507888794,0.10931402444839478,0.06494180113077164,-0.011179632507264614,-0.049706071615219116,0.035982705652713776,0.0444430336356163
18440,0.5610909461975098,0.3003576397895813,0.14270946383476257,0.12121683359146118,0.1093088909983635,0.06495165824890137,-0.011202801018953323,-0.049740228801965714,0.03908887505531311,0.043441955000162125
18460,0.5610641837120056,0.30037951469421387,0.14281463623046875,0.12127336114645004,0.10928870737552643,0.06496848911046982,-0.011243018321692944,-0.04977209493517876,0.03760455176234245,0.04385347291827202
18480,0.5612819790840149,0.300392746925354,0.14286935329437256,0.12130115926265717,0.10931313782930374,0.06499650329351425,-0.011254537850618362,-0.049805451184511185,0.03721955046057701,0.044136445969343185
18500,0.5614542365074158,0.3004516661167145,0.14298827946186066,0.12134569883346558,0.1093420535326004,0.06501827389001846,-0.01128892507404089,-0.04983719810843468,0.0396091490983963,0.04362310469150543
18520,0.5615383386611938,0.3004765212535858,0.14301440119743347,0.12135166674852371,0.10936689376831055,0.0650147795677185,-0.011327404528856277,-0.04987349361181259,0.03901253640651703,0.04546508193016052
18540,0.5615890622138977,0.30047833919525146,0.14306968450546265,0.12134547531604767,0.10935264080762863,0.06501982361078262,-0.011322667822241783,-0.04991045966744423,0.03548317030072212,0.0448751263320446
18560,0.5617443323135376,0.3004607856273651,0.14306363463401794,0.12135697156190872,0.10937267541885376,0.06502837687730789,-0.01134398952126503,-0.04994254559278488,0.036978188902139664,0.04465697705745697
18580,0.561794102191925,0.30043959617614746,0.14314532279968262,0.12139300256967545,0.10940270125865936,0.0650416910648346,-0.011356259696185589,-0.049975357949733734,0.03694465011358261,0.045558471232652664
18600,0.5616523027420044,0.300615519285202,0.14320358633995056,0.12139392644166946,0.1093992218375206,0.06505636870861053,-0.011362488381564617,-0.05001053214073181,0.03643127158284187,0.044010404497385025
18620,0.5619409084320068,0.3005731403827667,0.14320814609527588,0.12138525396585464,0.10939685255289078,0.06506182998418808,-0.011390759609639645,-0.05004426836967468,0.03710400313138962,0.04415864497423172
18640,0.5618804097175598,0.30068105459213257,0.14328144490718842,0.12140887975692749,0.10937272757291794,0.065073661506176,-0.011412739753723145,-0.05007190257310867,0.03784547373652458,0.04453021287918091
18660,0.5620164275169373,0.300764799118042,0.14334876835346222,0.12136577814817429,0.10936635732650757,0.06507952511310577,-0.011442213319242,-0.05010039731860161,0.035417694598436356,0.04412628710269928
18680,0.5621387958526611,0.30073755979537964,0.14338643848896027,0.12139346450567245,0.1093897596001625,0.0650850459933281,-0.011459537781774998,-0.05012824758887291,0.037477172911167145,0.04338306933641434
18700,0.5622615814208984,0.3006742596626282,0.14334766566753387,0.12138877809047699,0.10940422117710114,0.06510470062494278,-0.01147519238293171,-0.05015907436609268,0.03722243010997772,0.043997976928949356
18720,0.5623924732208252,0.30070456862449646,0.1434359848499298,0.12140906602144241,0.10943692922592163,0.06511882692575455,-0.011491697281599045,-0.050192900002002716,0.037516843527555466,0.045260779559612274
18740,0.5624434351921082,0.30080464482307434,0.14350014925003052,0.12141843140125275,0.10946743190288544,0.06514783948659897,-0.011512390337884426,-0.05022354796528816,0.03812481090426445,0.044525183737277985
18760,0.5624896883964539,0.30089879035949707,0.143595889210701,0.12140876799821854,0.10946086049079895,0.06515833735466003,-0.011533706448972225,-0.05025335028767586,0.03659498319029808,0.04489985108375549
18780,0.5624491572380066,0.3008683919906616,0.14357072114944458,0.1214170902967453,0.10946319252252579,0.0651886910200119,-0.011543252505362034,-0.050289686769247055,0.035005487501621246,0.04439172521233559
18800,0.5625065565109253,0.3009147047996521,0.14365634322166443,0.12143556773662567,0.1094423234462738,0.06519608944654465,-0.011568375863134861,-0.05031822249293327,0.037861187011003494,0.04331955313682556
18820,0.5626351833343506,0.3009234070777893,0.14376360177993774,0.12139704823493958,0.10946540534496307,0.06521552056074142,-0.011583516374230385,-0.05034370347857475,0.03679091855883598,0.044114723801612854
18840,0.5628173351287842,0.30090203881263733,0.14374902844429016,0.12138459086418152,0.10945842415094376,0.06522151082754135,-0.011591997928917408,-0.05036962032318115,0.03735068812966347,0.04578133672475815
18860,0.5629122853279114,0.30103161931037903,0.14387637376785278,0.12142321467399597,0.10944772511720657,0.06523165851831436,-0.011613786220550537,-0.05039328336715698,0.037421371787786484,0.04702279344201088
18880,0.5628492832183838,0.30112940073013306,0.14395469427108765,0.12143413722515106,0.10947874933481216,0.06525897234678268,-0.01160352397710085,-0.0504157654941082,0.03742371127009392,0.04533018171787262
18900,0.5630593299865723,0.301125168800354,0.14399586617946625,0.12143481522798538,0.10950390249490738,0.06527163833379745,-0.01162758283317089,-0.050446998327970505,0.03798482567071915,0.04468078538775444
18920,0.5630720853805542,0.30117669701576233,0.14407511055469513,0.12145831435918808,0.10953298211097717,0.06529737263917923,-0.01164948008954525,-0.05047249421477318,0.03764606639742851,0.04545125737786293
18940,0.5632616877555847,0.3012259006500244,0.14413239061832428,0.1215137168765068,0.10953778028488159,0.06533260643482208,-0.011664429679512978,-0.050505757331848145,0.03790610656142235,0.04628647118806839
18960,0.5634409189224243,0.30119603872299194,0.14421109855175018,0.12153565883636475,0.10956186801195145,0.06535548716783524,-0.011670926585793495,-0.05053582042455673,0.037791214883327484,0.0450158417224884
18980,0.5635948777198792,0.30128124356269836,0.14434024691581726,0.12155509740114212,0.10954342037439346,0.06538773328065872,-0.011669970117509365,-0.05056871473789215,0.036520980298519135,0.045260727405548096
19000,0.5636036396026611,0.30133113265037537,0.14437636733055115,0.12152808159589767,0.10953927785158157,0.0654144361615181,-0.011672614142298698,-0.05059897527098656,0.039116136729717255,0.04373452067375183
19020,0.563653290271759,0.3014126121997833,0.14446963369846344,0.12159039825201035,0.10953596979379654,0.0654292181134224,-0.011694247834384441,-0.050624437630176544,0.03843068704009056,0.045657169073820114
19040,0.56392502784729,0.30135878920555115,0.14448310434818268,0.12164667248725891,0.10954716801643372,0.06546091288328171,-0.011721537448465824,-0.05065254122018814,0.03713848441839218,0.04569825902581215
19060,0.5640321969985962,0.30140000581741333,0.14453110098838806,0.12169327586889267,0.10958726704120636,0.0654764473438263,-0.011721826158463955,-0.05067934840917587,0.03660127893090248,0.04489178583025932
19080,0.563899040222168,0.3014167845249176,0.14459514617919922,0.12168258428573608,0.1096062958240509,0.0654899999499321,-0.011751371435821056,-0.050709810107946396,0.03656371310353279,0.04413476213812828
19100,0.5639714002609253,0.30148571729660034,0.14463286101818085,0.12172284722328186,0.10962137579917908,0.06549181789159775,-0.011785075068473816,-0.0507381297647953,0.035938989371061325,0.044096916913986206
19120,0.5640873908996582,0.30149364471435547,0.14465291798114777,0.12170813977718353,0.1096101850271225,0.06549707800149918,-0.011818859726190567,-0.05076931416988373,0.03647320717573166,0.0452023446559906
19140,0.564186692237854,0.3015763461589813,0.14475420117378235,0.12176748365163803,0.10961345583200455,0.06552994251251221,-0.011851680465042591,-0.05079881474375725,0.03677372634410858,0.0435047447681427
19160,0.5643168091773987,0.3015443980693817,0.14480437338352203,0.12174994498491287,0.10963109135627747,0.0655498132109642,-0.011876769363880157,-0.050831083208322525,0.03917453810572624,0.04401206970214844
19180,0.5643173456192017,0.30158883333206177,0.14494124054908752,0.12174417823553085,0.1096407026052475,0.06556510925292969,-0.011884420178830624,-0.05086275190114975,0.03653112053871155,0.04432280734181404
19200,0.564323902130127,0.30166709423065186,0.14499340951442719,0.12176727503538132,0.1096520721912384,0.0655667781829834,-0.011892007663846016,-0.05089695006608963,0.03816442936658859,0.04347582906484604
19220,0.5643479824066162,0.30177226662635803,0.14502811431884766,0.12176091223955154,0.10963831841945648,0.06557628512382507,-0.011932355351746082,-0.050923679023981094,0.037148017436265945,0.04361102357506752
19240,0.5645273327827454,0.3017462491989136,0.1450583040714264,0.12177538126707077,0.10962378233671188,0.06558766961097717,-0.011946308426558971,-0.05095602571964264,0.03724689409136772,0.04426274448633194
19260,0.5646188259124756,0.30179479718208313,0.14513471722602844,0.12178914248943329,0.10964196920394897,0.06560094654560089,-0.011964671313762665,-0.05098849534988403,0.03788082301616669,0.04445917531847954
19280,0.5647245049476624,0.3018514811992645,0.1452195942401886,0.12180223315954208,0.10965575277805328,0.0656183585524559,-0.011983808130025864,-0.05101592093706131,0.0358978807926178,0.044005509465932846
19300,0.5647261142730713,0.30187875032424927,0.14528173208236694,0.12184689939022064,0.10965140163898468,0.06563333421945572,-0.011981522664427757,-0.05104799196124077,0.03756830841302872,0.04272068664431572
19320,0.5647629499435425,0.3019602298736572,0.1453564614057541,0.12182433158159256,0.10963255912065506,0.06562096625566483,-0.011996881105005741,-0.05107942223548889,0.036760684102773666,0.044908903539180756
19340,0.5648891925811768,0.3019404709339142,0.14535480737686157,0.12186606973409653,0.10966631025075912,0.0656355544924736,-0.012031215243041515,-0.051099855452775955,0.03770904242992401,0.043727580457925797
19360,0.5649921894073486,0.3018740117549896,0.14538761973381042,0.12185279279947281,0.10969729721546173,0.0656433254480362,-0.01206881832331419,-0.051124222576618195,0.03742444887757301,0.046550773084163666
19380,0.5650458931922913,0.30190834403038025,0.14543257653713226,0.12184249609708786,0.10967574268579483,0.06566280126571655,-0.012078069150447845,-0.051148585975170135,0.036184366792440414,0.044066205620765686
19400,0.565005362033844,0.3019203841686249,0.1454729586839676,0.12190929800271988,0.10968794673681259,0.06569527834653854,-0.01209329254925251,-0.05117885395884514,0.03754569590091705,0.044170308858156204
19420,0.5651178359985352,0.3019472658634186,0.14554227888584137,0.1219128966331482,0.1096843034029007,0.06571335345506668,-0.012104074470698833,-0.051209431141614914,0.03847794234752655,0.04589970409870148
19440,0.5653595924377441,0.30187422037124634,0.14556753635406494,0.12191274762153625,0.10969758778810501,0.06573095917701721,-0.01211248803883791,-0.05123693868517876,0.03636319190263748,0.04598597437143326
19460,0.5653077960014343,0.30197611451148987,0.14561383426189423,0.12193163484334946,0.10972918570041656,0.06574513763189316,-0.012106714770197868,-0.05125722661614418,0.037706442177295685,0.045330122113227844
19480,0.5653745532035828,0.30208468437194824,0.1456848829984665,0.12194551527500153,0.10973070561885834,0.06576906144618988,-0.012121308594942093,-0.05128387361764908,0.035230036824941635,0.04341612756252289
19500,0.5654817223548889,0.3021840751171112,0.14568862318992615,0.12193992733955383,0.10974128544330597,0.06577784568071365,-0.01215220894664526,-0.051309261471033096,0.038062967360019684,0.0441301092505455
19520,0.5656348466873169,0.3022248148918152,0.14577491581439972,0.12196919322013855,0.10975263267755508,0.06577470153570175,-0.012171863578259945,-0.051337167620658875,0.038652461022138596,0.045585036277770996
19540,0.5657818913459778,0.3022339642047882,0.1458142250776291,0.12193895131349564,0.10974972695112228,0.06580028682947159,-0.012173284776508808,-0.05136628448963165,0.03678682819008827,0.04325023666024208
19560,0.5657176971435547,0.3023083508014679,0.14585861563682556,0.12198352813720703,0.1097719743847847,0.06580967456102371,-0.012169972993433475,-0.0513991080224514,0.035697001963853836,0.043683409690856934
19580,0.5656816363334656,0.30233100056648254,0.14591287076473236,0.12200543284416199,0.10976642370223999,0.06583015620708466,-0.012189887464046478,-0.05143127217888832,0.03595370054244995,0.045362163335084915
19600,0.5658307671546936,0.30233079195022583,0.14590086042881012,0.12202907353639603,0.10978109389543533,0.0658193975687027,-0.012212641537189484,-0.05145736411213875,0.037402909249067307,0.043952491134405136
19620,0.5659720301628113,0.3023779094219208,0.1460377275943756,0.12205465883016586,0.10980135947465897,0.06582916527986526,-0.012237424962222576,-0.05148506164550781,0.03617337346076965,0.04403234273195267
19640,0.5660701394081116,0.3023800849914551,0.1460145115852356,0.12208934128284454,0.10981711745262146,0.06583743542432785,-0.01225764025002718,-0.051507990807294846,0.03669405356049538,0.04334668442606926
19660,0.5661402344703674,0.30243703722953796,0.14606492221355438,0.122062087059021,0.10985234379768372,0.06585735082626343,-0.012276467867195606,-0.05152931064367294,0.03529287129640579,0.04372674971818924
19680,0.5662058591842651,0.3024276793003082,0.14602020382881165,0.12200213223695755,0.10984810441732407,0.06585179269313812,-0.012299776077270508,-0.05155862867832184,0.037285178899765015,0.04414566233754158
19700,0.5662088990211487,0.3024429976940155,0.14617817103862762,0.12202366441488266,0.10987035185098648,0.06586412340402603,-0.012327930890023708,-0.051588062196969986,0.037148620933294296,0.04738977551460266
19720,0.5663984417915344,0.3025195002555847,0.14623039960861206,0.12205366045236588,0.10989014804363251,0.0658847838640213,-0.01235017366707325,-0.05161966383457184,0.03773605450987816,0.04388843849301338
19740,0.5664608478546143,0.30260834097862244,0.14627306163311005,0.12206428498029709,0.1099030151963234,0.06590457260608673,-0.012360040098428726,-0.051648419350385666,0.035447243601083755,0.04357905685901642
19760,0.5666573643684387,0.30256426334381104,0.14635711908340454,0.12211982905864716,0.10991889983415604,0.06590788066387177,-0.012384425848722458,-0.051669828593730927,0.03814993426203728,0.044068142771720886
19780,0.566757082939148,0.3025590181350708,0.14639021456241608,0.12212670594453812,0.10990533977746964,0.0659191757440567,-0.01241302490234375,-0.05169599875807762,0.035752467811107635,0.0438341423869133
19800,0.5668253302574158,0.3025895953178406,0.14647245407104492,0.12208927422761917,0.10988552123308182,0.06589149683713913,-0.012439897283911705,-0.05172727629542351,0.037754129618406296,0.04318360239267349
19820,0.5669481754302979,0.30265119671821594,0.14656108617782593,0.12214645743370056,0.10991188138723373,0.0659140944480896,-0.012448354624211788,-0.051752518862485886,0.03703605756163597,0.044343333691358566
19840,0.5669475197792053,0.3025762140750885,0.14662320911884308,0.12216128408908844,0.10994035005569458,0.06592825800180435,-0.012455442920327187,-0.051773980259895325,0.03597436845302582,0.04362273961305618
19860,0.5670185685157776,0.30263805389404297,0.14675389230251312,0.12217247486114502,0.10995090007781982,0.06594660133123398,-0.012470974586904049,-0.0517989844083786,0.03838818520307541,0.043100226670503616
19880,0.5671006441116333,0.3026135265827179,0.1467641443014145,0.12220341712236404,0.10994622111320496,0.06595591455698013,-0.012483603321015835,-0.051823899149894714,0.03653202950954437,0.0436846986413002
19900,0.5671229958534241,0.30266228318214417,0.14684166014194489,0.12220754474401474,0.10995438694953918,0.06596171855926514,-0.01248606201261282,-0.05185334384441376,0.03821701928973198,0.0435732826590538
19920,0.5671118497848511,0.30274057388305664,0.14688344299793243,0.12225376814603806,0.10998537391424179,0.06596838682889938,-0.012509800493717194,-0.051885202527046204,0.03615066036581993,0.044193558394908905
19940,0.5671618580818176,0.3026808500289917,0.14695394039154053,0.12226594239473343,0.10998170077800751,0.06599128991365433,-0.012528362683951855,-0.05190814286470413,0.03887729346752167,0.04370753467082977
19960,0.5672410726547241,0.3027103841304779,0.14701718091964722,0.12222273647785187,0.10997947305440903,0.06601478159427643,-0.012544741854071617,-0.051937397569417953,0.03715077042579651,0.04454362764954567
19980,0.5672928094863892,0.3028842508792877,0.14711858332157135,0.12229809165000916,0.10998383164405823,0.06604035943746567,-0.012558503076434135,-0.05196722224354744,0.03751172870397568,0.045027442276477814
20000,0.5674440264701843,0.30289268493652344,0.14713963866233826,0.12232818454504013,0.10998617112636566,0.06604596972465515,-0.012578754685819149,-0.052000489085912704,0.036672815680503845,0.04460037499666214
20020,0.5674892663955688,0.3029699921607971,0.14721940457820892,0.12231173366308212,0.1099855974316597,0.06604732573032379,-0.012594935484230518,-0.052032265812158585,0.036312103271484375,0.043347544968128204
20040,0.5676121711730957,0.30296412110328674,0.14722609519958496,0.12226603925228119,0.10999352484941483,0.06606937944889069,-0.012612833641469479,-0.05206093192100525,0.03637128695845604,0.043255969882011414
20060,0.567603349685669,0.3029407262802124,0.14727476239204407,0.12231744080781937,0.10997923463582993,0.0660824179649353,-0.012635251507163048,-0.0520939975976944,0.03545069694519043,0.044465065002441406
20080,0.5676313042640686,0.30297866463661194,0.14734815061092377,0.12236641347408295,0.10996121913194656,0.06607138365507126,-0.012655161321163177,-0.052125100046396255,0.03819795325398445,0.04552730917930603
20100,0.5677849650382996,0.30299925804138184,0.14740309119224548,0.12236589193344116,0.10996537655591965,0.06607012450695038,-0.012697799131274223,-0.05215807259082794,0.03721995651721954,0.04294072091579437
20120,0.5677880048751831,0.30297979712486267,0.14742955565452576,0.12232832610607147,0.1099821925163269,0.0661090835928917,-0.012707953341305256,-0.0521882139146328,0.03550773113965988,0.04418066516518593
20140,0.567753255367279,0.30300378799438477,0.14749199151992798,0.12231169641017914,0.1099855974316597,0.06612557917833328,-0.012733162380754948,-0.0522138737142086,0.03544340282678604,0.04288790002465248
20160,0.5680082440376282,0.30294886231422424,0.1474979668855667,0.12231574952602386,0.11001891642808914,0.06612669676542282,-0.012739026919007301,-0.05224224179983139,0.037563256919384,0.044142305850982666
20180,0.5678965449333191,0.30300647020339966,0.14755114912986755,0.12229718267917633,0.11000621318817139,0.06612342596054077,-0.012753455899655819,-0.05227368697524071,0.037460170686244965,0.043368641287088394
20200,0.5681321620941162,0.30292120575904846,0.14760860800743103,0.12232621759176254,0.11004345864057541,0.06614579260349274,-0.012765332125127316,-0.052306320518255234,0.03511036932468414,0.04435691237449646
20220,0.5681353807449341,0.303024023771286,0.14770296216011047,0.1223495677113533,0.11004854738712311,0.06615819782018661,-0.0127915870398283,-0.05233568325638771,0.03734410181641579,0.0446423701941967
20240,0.5682793259620667,0.30314481258392334,0.14774776995182037,0.12234888225793839,0.1100485548377037,0.06617278605699539,-0.012814993038773537,-0.05236558988690376,0.03851805999875069,0.04356817156076431
20260,0.5683572888374329,0.3031213879585266,0.1476850062608719,0.12230303138494492,0.11002448201179504,0.0662045031785965,-0.01282244361937046,-0.052394986152648926,0.03750548139214516,0.04666294902563095
20280,0.5685254335403442,0.3031870722770691,0.14778313040733337,0.12231454998254776,0.11003832519054413,0.0662238672375679,-0.01284708920866251,-0.052418213337659836,0.03684034198522568,0.0439273938536644
20300,0.5683895349502563,0.30321866273880005,0.14779050648212433,0.12231603264808655,0.1100277528166771,0.06624453514814377,-0.012844359502196312,-0.05244370549917221,0.03698459267616272,0.04397296905517578
20320,0.56842041015625,0.30326104164123535,0.14788468182086945,0.12234731763601303,0.1100248247385025,0.06625832617282867,-0.012848435901105404,-0.05246921256184578,0.03754965215921402,0.04318009689450264
20340,0.5685188174247742,0.30331459641456604,0.1479092389345169,0.12230940163135529,0.11004416644573212,0.06626733392477036,-0.012871328741312027,-0.05250045657157898,0.036637868732213974,0.04311748594045639
20360,0.5685836672782898,0.3033938705921173,0.147920161485672,0.122269406914711,0.11003313213586807,0.06628484278917313,-0.012889695353806019,-0.05252688750624657,0.037932008504867554,0.044882602989673615
20380,0.5687157511711121,0.3034273087978363,0.14797013998031616,0.12235275655984879,0.1100681945681572,0.06628397852182388,-0.01292412355542183,-0.052546095103025436,0.03692493960261345,0.043041378259658813
20400,0.5687260627746582,0.30343806743621826,0.1479761153459549,0.12237254530191422,0.11005435138940811,0.06627414375543594,-0.012953272089362144,-0.05257613956928253,0.03656754270195961,0.043351538479328156
20420,0.5687212347984314,0.3034147620201111,0.14807017147541046,0.1224125400185585,0.11006119102239609,0.06627199798822403,-0.012986867688596249,-0.0525968112051487,0.0345199815928936,0.043168120086193085
20440,0.5689247250556946,0.30354252457618713,0.14817756414413452,0.12240786105394363,0.11008063703775406,0.06628910452127457,-0.013000103645026684,-0.052625901997089386,0.03659191355109215,0.0454389788210392
20460,0.5690390467643738,0.3035069406032562,0.1482122838497162,0.1224384754896164,0.11012586206197739,0.06630419939756393,-0.013034511357545853,-0.05265592783689499,0.03487512841820717,0.0442056804895401
20480,0.5690988302230835,0.30359572172164917,0.14827129244804382,0.12246136367321014,0.11014185100793839,0.06631318479776382,-0.013072619214653969,-0.052685219794511795,0.037151556462049484,0.04347783327102661
20500,0.5691196322441101,0.3036016821861267,0.14829203486442566,0.12243533134460449,0.11010771244764328,0.0663280263543129,-0.01307899970561266,-0.052711550146341324,0.03680684044957161,0.04513045772910118
20520,0.5692414045333862,0.3036886751651764,0.1483370065689087,0.12248122692108154,0.11014200747013092,0.06634309887886047,-0.013083985075354576,-0.05273629352450371,0.03528955578804016,0.042878054082393646
20540,0.5694058537483215,0.30366402864456177,0.14836661517620087,0.12250189483165741,0.11015310138463974,0.06636625528335571,-0.013093712739646435,-0.05276608094573021,0.036291301250457764,0.045171018689870834
20560,0.5694928765296936,0.3036762475967407,0.14839613437652588,0.12246877700090408,0.11013849824666977,0.06636087596416473,-0.01309015043079853,-0.05279333144426346,0.035803887993097305,0.04306532442569733
20580,0.5695180892944336,0.3036811649799347,0.14844688773155212,0.12247315049171448,0.1100953072309494,0.06636760383844376,-0.013118843547999859,-0.05282316729426384,0.03616130352020264,0.043963294476270676
20600,0.5695352554321289,0.30376380681991577,0.1485404074192047,0.12248304486274719,0.11010877043008804,0.06636927276849747,-0.013133903965353966,-0.05285469815135002,0.03617395460605621,0.04566339775919914
20620,0.5695064663887024,0.3037959933280945,0.14856380224227905,0.12249439209699631,0.1101049929857254,0.06638060510158539,-0.013149085454642773,-0.05288240313529968,0.03691690415143967,0.04324917495250702
20640,0.5696574449539185,0.30369502305984497,0.14863094687461853,0.12254464626312256,0.11013992130756378,0.06639024615287781,-0.013158269226551056,-0.052914101630449295,0.03577294945716858,0.04273715615272522
20660,0.5697252154350281,0.30372846126556396,0.14862635731697083,0.12247608602046967,0.11011097580194473,0.06639105826616287,-0.013169127516448498,-0.05294262617826462,0.036189205944538116,0.04502183943986893
20680,0.5697762370109558,0.3037513792514801,0.14867863059043884,0.1225111186504364,0.11014488339424133,0.06641488522291183,-0.013186976313591003,-0.05297296494245529,0.03550785407423973,0.042444366961717606
20700,0.5697681307792664,0.30380934476852417,0.148735910654068,0.12252922356128693,0.11013224720954895,0.06641604751348495,-0.01320709753781557,-0.05300550535321236,0.03527239337563515,0.043316155672073364
20720,0.5699206590652466,0.30380845069885254,0.14873293042182922,0.1225082278251648,0.11015050858259201,0.0664185881614685,-0.013236033730208874,-0.053028788417577744,0.03565124422311783,0.04249485582113266
20740,0.5698565244674683,0.3038804233074188,0.14881370961666107,0.12255651503801346,0.11014459282159805,0.06642425805330276,-0.013262156397104263,-0.05304842069745064,0.03514482453465462,0.044741854071617126
20760,0.5700469613075256,0.30388742685317993,0.1488167941570282,0.12254199385643005,0.11014524102210999,0.06642474979162216,-0.013278722763061523,-0.05307605117559433,0.03519135341048241,0.04395684599876404
20780,0.570121169090271,0.30390363931655884,0.14890338480472565,0.12256568670272827,0.11015815287828445,0.06642767041921616,-0.013304735533893108,-0.05310023948550224,0.03464098647236824,0.042952097952365875
20800,0.570178210735321,0.30392012000083923,0.14892396330833435,0.12254232913255692,0.1101706251502037,0.06645195186138153,-0.01332780160009861,-0.053125154227018356,0.03445263206958771,0.0430481918156147
20820,0.5702313184738159,0.30393165349960327,0.14890143275260925,0.12261828780174255,0.11020394414663315,0.06645097583532333,-0.013339227996766567,-0.05314565449953079,0.03573102876543999,0.042567383497953415
20840,0.5702627897262573,0.3039064407348633,0.14893631637096405,0.12261712551116943,0.11017681658267975,0.06646259129047394,-0.013358200900256634,-0.053169019520282745,0.03755812346935272,0.045310940593481064
20860,0.5704122185707092,0.3039758801460266,0.14897163212299347,0.12266816943883896,0.11019367724657059,0.06646674871444702,-0.01338091492652893,-0.05319560691714287,0.03617119789123535,0.04307913780212402
20880,0.5705098509788513,0.3039640486240387,0.14903748035430908,0.12264072149991989,0.11018207669258118,0.06648833304643631,-0.013385587371885777,-0.053216587752103806,0.035492781549692154,0.04347660765051842
20900,0.5707115530967712,0.3039620816707611,0.14906293153762817,0.12257057428359985,0.11015664786100388,0.0665014311671257,-0.01340396422892809,-0.05325169488787651,0.03704621642827988,0.042812690138816833
20920,0.5706424713134766,0.30401527881622314,0.14915584027767181,0.12264738231897354,0.11017558723688126,0.06653329730033875,-0.013420662842690945,-0.05327869951725006,0.03613552823662758,0.043961696326732635
20940,0.5706192255020142,0.30406415462493896,0.14921601116657257,0.12263678759336472,0.11018247157335281,0.06655757129192352,-0.013440546579658985,-0.053305648267269135,0.03606756776571274,0.04395854473114014
20960,0.5708733201026917,0.3040483891963959,0.14926449954509735,0.12264299392700195,0.11019842326641083,0.06656019389629364,-0.013468759134411812,-0.05333591252565384,0.03721579536795616,0.04331975802779198
20980,0.5708343982696533,0.3041592240333557,0.14930565655231476,0.12267643958330154,0.11019381135702133,0.06657860428094864,-0.013480409979820251,-0.05336505174636841,0.03570784628391266,0.04294140636920929
21000,0.5708416700363159,0.30411508679389954,0.14928437769412994,0.1226150169968605,0.1101871058344841,0.0666085034608841,-0.013509077951312065,-0.05339338257908821,0.03622209653258324,0.042361069470644
21020,0.5708146691322327,0.30414989590644836,0.14936953783035278,0.12260063737630844,0.11019862443208694,0.06663572788238525,-0.013523939065635204,-0.053423020988702774,0.03820919618010521,0.042692869901657104
21040,0.5708929896354675,0.30412787199020386,0.14938229322433472,0.12262563407421112,0.11020389199256897,0.06665954738855362,-0.013528885319828987,-0.053448934108018875,0.03634059429168701,0.042325034737586975
21060,0.5707788467407227,0.3042362332344055,0.14949023723602295,0.12263677269220352,0.11020316928625107,0.06664668768644333,-0.01353525836020708,-0.05347336456179619,0.03535488247871399,0.04439326748251915
21080,0.5710107088088989,0.3041702210903168,0.14951594173908234,0.12266886234283447,0.11022946238517761,0.06666437536478043,-0.013548948802053928,-0.05350187048316002,0.035915978252887726,0.044296152889728546
21100,0.5710722208023071,0.30421316623687744,0.14959487318992615,0.12266413867473602,0.11022445559501648,0.06666271388530731,-0.013573442585766315,-0.053530871868133545,0.035662081092596054,0.043358393013477325
21120,0.5711116194725037,0.3042214512825012,0.1496613323688507,0.12264546006917953,0.11020543426275253,0.06667286902666092,-0.013594257645308971,-0.053556982427835464,0.03732699900865555,0.04435928538441658
21140,0.5712244510650635,0.3041459918022156,0.1497165709733963,0.12266971915960312,0.11021334677934647,0.06667793542146683,-0.013604598119854927,-0.05358964949846268,0.03546068072319031,0.04358196631073952
21160,0.5712860226631165,0.30430400371551514,0.14972595870494843,0.12268169969320297,0.1102222129702568,0.06668572127819061,-0.013641662895679474,-0.053615495562553406,0.03506532311439514,0.043152399361133575
21180,0.5714309811592102,0.3042641878128052,0.14969809353351593,0.12260038405656815,0.11023928970098495,0.06671220809221268,-0.013673302717506886,-0.05363834276795387,0.03575863316655159,0.04398828372359276
21200,0.5715171098709106,0.3043130040168762,0.1497197300195694,0.12257879227399826,0.11024373024702072,0.06670945137739182,-0.013695839792490005,-0.05366164445877075,0.035193558782339096,0.043078504502773285
21220,0.571503221988678,0.30429333448410034,0.1498040407896042,0.12257745116949081,0.1102556362748146,0.06672825664281845,-0.013703398406505585,-0.053684405982494354,0.035320330411195755,0.04307159036397934
21240,0.5714797973632812,0.3043771982192993,0.14984306693077087,0.12260882556438446,0.11025898903608322,0.06673585623502731,-0.013711517676711082,-0.05371524766087532,0.03448843955993652,0.04492925852537155
21260,0.571502149105072,0.3042786121368408,0.14989472925662994,0.12258612364530563,0.11026186496019363,0.0667516440153122,-0.01373960543423891,-0.05375209078192711,0.03658958896994591,0.043161869049072266
21280,0.5716246366500854,0.3043168783187866,0.14991512894630432,0.1225823387503624,0.11028385907411575,0.06675605475902557,-0.013758255168795586,-0.05377957597374916,0.036974482238292694,0.04277971759438515
21300,0.5716443061828613,0.30435287952423096,0.14993253350257874,0.12261119484901428,0.11027706414461136,0.06676328927278519,-0.013768966309726238,-0.05381331220269203,0.03501274436712265,0.042895346879959106
21320,0.5716865658760071,0.3044280409812927,0.149974063038826,0.12259010225534439,0.11026345193386078,0.06677477806806564,-0.013780051842331886,-0.05383896827697754,0.03634629398584366,0.04289833828806877
21340,0.5717952847480774,0.30441126227378845,0.14995914697647095,0.12261336296796799,0.1102699264883995,0.06677578389644623,-0.01379748247563839,-0.05386617034673691,0.034584999084472656,0.042282380163669586
21360,0.571933925151825,0.3043704926967621,0.14999769628047943,0.12265921384096146,0.11024631559848785,0.06677159667015076,-0.013807964511215687,-0.05389662832021713,0.03660852089524269,0.04270308092236519
21380,0.5718820691108704,0.3044584393501282,0.15004613995552063,0.12271277606487274,0.11025098711252213,0.06679091602563858,-0.013833696022629738,-0.053924281150102615,0.03480114787817001,0.04305347055196762
21400,0.5718920230865479,0.30447813868522644,0.1501288115978241,0.12269917130470276,0.11026231944561005,0.06680744886398315,-0.013857715763151646,-0.053954124450683594,0.03557007387280464,0.043917808681726456
21420,0.5719782710075378,0.3044552803039551,0.15017330646514893,0.12268345057964325,0.11027872562408447,0.06682279706001282,-0.013856608420610428,-0.05397859215736389,0.03660768270492554,0.04235030710697174
21440,0.5720275044441223,0.30451592803001404,0.15024994313716888,0.12271617352962494,0.11031363159418106,0.06683053076267242,-0.013870453462004662,-0.05399949103593826,0.03486286476254463,0.04284396767616272
21460,0.5721351504325867,0.30458158254623413,0.15026427805423737,0.12268006056547165,0.11031357944011688,0.06683174520730972,-0.013894636183977127,-0.05402493476867676,0.03562439978122711,0.04313529655337334
21480,0.5721681118011475,0.304575115442276,0.15022018551826477,0.122701495885849,0.11034457385540009,0.06685046851634979,-0.013902516104280949,-0.054047226905822754,0.035138536244630814,0.04277588799595833
21500,0.5722830295562744,0.3045453727245331,0.15026040375232697,0.12272922694683075,0.11034782230854034,0.06685452163219452,-0.013926380313932896,-0.054075632244348526,0.036109890788793564,0.045491717755794525
21520,0.5723171234130859,0.30455487966537476,0.1503656506538391,0.12271466106176376,0.11034286022186279,0.06685282289981842,-0.013941779732704163,-0.054105114191770554,0.035919222980737686,0.04253581166267395
21540,0.572481095790863,0.30457356572151184,0.15031923353672028,0.12269758433103561,0.11034680902957916,0.0668652206659317,-0.013967940583825111,-0.05413296818733215,0.03484870493412018,0.04306763410568237
21560,0.5724880695343018,0.3045964241027832,0.15039317309856415,0.12275196611881256,0.1103794053196907,0.06687374413013458,-0.013987100683152676,-0.0541524775326252,0.03356244042515755,0.0439467579126358
21580,0.5725374221801758,0.3045230209827423,0.1504621058702469,0.12278509885072708,0.11037468165159225,0.06687629222869873,-0.014011356979608536,-0.054175812751054764,0.03518654778599739,0.045102544128894806
21600,0.5726272463798523,0.30462461709976196,0.15053239464759827,0.12273845076560974,0.11037939041852951,0.06687965989112854,-0.01403706707060337,-0.05420621111989021,0.03525012731552124,0.04495162516832352
21620,0.5726169943809509,0.3047051429748535,0.15060380101203918,0.12276744842529297,0.1103772521018982,0.06688066571950912,-0.014039524830877781,-0.054230861365795135,0.03486737981438637,0.04434899985790253
21640,0.5727371573448181,0.3046512305736542,0.15061910450458527,0.12282563000917435,0.11036205291748047,0.06688973307609558,-0.014056213200092316,-0.054256871342659,0.03479298949241638,0.044850535690784454
21660,0.5728638172149658,0.30460524559020996,0.1506551206111908,0.12283927947282791,0.11036597192287445,0.06690149009227753,-0.014080751687288284,-0.054281722754240036,0.034521859139204025,0.043496500700712204
21680,0.5729334354400635,0.30463939905166626,0.15069326758384705,0.12286515533924103,0.11038019508123398,0.06692099571228027,-0.014094232581555843,-0.05430526286363602,0.03680295869708061,0.04386162757873535
21700,0.5729318261146545,0.3047043979167938,0.15081116557121277,0.12291382998228073,0.11037132889032364,0.06692495197057724,-0.014113293029367924,-0.0543215237557888,0.03598570078611374,0.04427075758576393
21720,0.5730465650558472,0.3047119379043579,0.15089142322540283,0.12294571101665497,0.11036627739667892,0.06694281846284866,-0.014136859215795994,-0.054338887333869934,0.034346871078014374,0.04331783950328827
21740,0.5730834603309631,0.3047778308391571,0.15093208849430084,0.12289656698703766,0.1103832796216011,0.06698787212371826,-0.01415646355599165,-0.05435914546251297,0.03587210550904274,0.043437398970127106
21760,0.5732324123382568,0.30481648445129395,0.15093551576137543,0.12289206683635712,0.11038264632225037,0.06699530780315399,-0.014169098809361458,-0.054382164031267166,0.035207703709602356,0.04245050624012947
21780,0.5732626914978027,0.30493637919425964,0.150960311293602,0.12287300825119019,0.11034948378801346,0.06698179244995117,-0.014197364449501038,-0.05440658703446388,0.034668877720832825,0.044468849897384644
21800,0.5732853412628174,0.304966002702713,0.15108293294906616,0.12287327647209167,0.1103263720870018,0.06699711084365845,-0.01420639455318451,-0.0544283501803875,0.03543638065457344,0.04314388334751129
21820,0.5733885169029236,0.30496492981910706,0.15111319720745087,0.1228744313120842,0.11032971739768982,0.0670115277171135,-0.014220040291547775,-0.054446544498205185,0.0363733172416687,0.04182496294379234
21840,0.5734200477600098,0.3049737513065338,0.15105731785297394,0.12283946573734283,0.11032971739768982,0.06702707707881927,-0.014255520887672901,-0.05446797236800194,0.03618333861231804,0.04445308819413185
21860,0.5735064744949341,0.3049607276916504,0.1510879099369049,0.12287521362304688,0.11035294085741043,0.06703642010688782,-0.014266782440245152,-0.054494138807058334,0.03474268689751625,0.043041884899139404
21880,0.573573648929596,0.3050568103790283,0.1511477380990982,0.12286368757486343,0.1103416383266449,0.06704020500183105,-0.014277025125920773,-0.05452333390712738,0.035634759813547134,0.042574942111968994
21900,0.5736730694770813,0.30507808923721313,0.15114650130271912,0.12288478761911392,0.11033355444669724,0.06705833226442337,-0.014279759488999844,-0.05454849451780319,0.03421875461935997,0.04401091858744621
21920,0.5735717415809631,0.3050968050956726,0.15121884644031525,0.12297146022319794,0.11035556346178055,0.0670536458492279,-0.014321503229439259,-0.054576706141233444,0.034770965576171875,0.042460910975933075
21940,0.5735733509063721,0.3050929307937622,0.1511957347393036,0.1229514330625534,0.1103520542383194,0.06706496328115463,-0.014340436086058617,-0.05459572374820709,0.0375610813498497,0.044494252651929855
21960,0.5737327933311462,0.3051358163356781,0.15127283334732056,0.12299904227256775,0.11036467552185059,0.06708192825317383,-0.014356574043631554,-0.054616622626781464,0.03532617539167404,0.042946718633174896
21980,0.5738396644592285,0.3052214980125427,0.15132835507392883,0.12300729751586914,0.11037160456180573,0.06709225475788116,-0.014377477578818798,-0.05464616417884827,0.035821978002786636,0.044409528374671936
22000,0.5739367604255676,0.30525490641593933,0.1513468325138092,0.12297629565000534,0.11036435514688492,0.06707991659641266,-0.014412027783691883,-0.05467384308576584,0.03566521406173706,0.04416397958993912
22020,0.5740249752998352,0.3052266836166382,0.15138046443462372,0.1230427622795105,0.11039337515830994,0.06711392849683762,-0.014422367326915264,-0.05469875410199165,0.035899508744478226,0.0423697903752327
22040,0.5740194916725159,0.3052158057689667,0.15137311816215515,0.12302643805742264,0.11038669943809509,0.06713338941335678,-0.014435416087508202,-0.05472195893526077,0.0360240712761879,0.044889695942401886
22060,0.5741522312164307,0.30542171001434326,0.15149785578250885,0.12297041714191437,0.11036214977502823,0.06711860746145248,-0.014465837739408016,-0.054749827831983566,0.03783198073506355,0.04414007440209389
22080,0.5742318034172058,0.30534663796424866,0.15155844390392303,0.12301521003246307,0.1103944256901741,0.06714733690023422,-0.014486142434179783,-0.05476783588528633,0.03603559359908104,0.04260367900133133
22100,0.5743529200553894,0.30533915758132935,0.15162326395511627,0.12301473319530487,0.11041636019945145,0.06716009974479675,-0.014489185996353626,-0.054792650043964386,0.03414427489042282,0.04245947301387787
22120,0.5743157863616943,0.3053855895996094,0.1516115963459015,0.12296736985445023,0.1104467436671257,0.067151740193367,-0.01449938677251339,-0.05481758713722229,0.034918513149023056,0.04305611550807953
22140,0.574408769607544,0.3054104447364807,0.15168514847755432,0.12294400483369827,0.11044637858867645,0.06717649102210999,-0.014520252123475075,-0.05484193563461304,0.03522976115345955,0.04286857694387436
22160,0.574375331401825,0.3054756224155426,0.151772603392601,0.12296713143587112,0.11042807251214981,0.06713929027318954,-0.014546612277626991,-0.05487196519970894,0.03409561142325401,0.042802050709724426
22180,0.5743794441223145,0.3055347204208374,0.15180078148841858,0.12296286970376968,0.11040844023227692,0.06713950634002686,-0.01456074882298708,-0.05490139126777649,0.035633835941553116,0.04389181733131409
22200,0.5744827389717102,0.30550071597099304,0.1518162190914154,0.1229773685336113,0.11041974276304245,0.06716246157884598,-0.014566161669790745,-0.05492463707923889,0.035204268991947174,0.04284382238984108
22220,0.5745075345039368,0.305554062128067,0.1519152671098709,0.12300007790327072,0.11044086515903473,0.06716185063123703,-0.014588872902095318,-0.05494851991534233,0.03539679944515228,0.04354533925652504
22240,0.5746204853057861,0.3055700659751892,0.15195511281490326,0.12306822836399078,0.11046527326107025,0.06717207282781601,-0.014605659060180187,-0.05496945232152939,0.0337945893406868,0.04273134469985962
22260,0.5746106505393982,0.3056430518627167,0.15200458467006683,0.12306198477745056,0.11043999344110489,0.06717800348997116,-0.014614492654800415,-0.05498990789055824,0.036730680614709854,0.04244678467512131
22280,0.5748544931411743,0.30557358264923096,0.15204718708992004,0.12308824807405472,0.1104210615158081,0.06715645641088486,-0.014636998996138573,-0.05502111464738846,0.03478135168552399,0.04239131510257721
22300,0.5748155117034912,0.3056371212005615,0.15203392505645752,0.12305806577205658,0.11040375381708145,0.06716889888048172,-0.01465392205864191,-0.05505046620965004,0.03526268154382706,0.04338235780596733
22320,0.5748737454414368,0.30569830536842346,0.15209759771823883,0.12308696657419205,0.11039870977401733,0.06718114018440247,-0.014660365879535675,-0.05507664754986763,0.037139780819416046,0.0435415655374527
22340,0.5749640464782715,0.305669367313385,0.1521957665681839,0.12315742671489716,0.11041627824306488,0.06720471382141113,-0.014674467034637928,-0.05509626120328903,0.0365617536008358,0.04237615317106247
22360,0.5749072432518005,0.30567386746406555,0.1522267460823059,0.1231655478477478,0.11039447784423828,0.06722152233123779,-0.014688270166516304,-0.05511593818664551,0.03466213867068291,0.04341091215610504
22380,0.5751187801361084,0.30573323369026184,0.1522250920534134,0.12314998358488083,0.11040276288986206,0.06721677631139755,-0.014701230451464653,-0.055143870413303375,0.035423874855041504,0.04411260411143303
22400,0.5750811100006104,0.30582740902900696,0.15233099460601807,0.12312022596597672,0.1104051023721695,0.06720853596925735,-0.014731772243976593,-0.0551702119410038,0.03660176321864128,0.04219995439052582
22420,0.5750505924224854,0.3058328330516815,0.15233772993087769,0.12313364446163177,0.11039672046899796,0.06720630079507828,-0.014755540527403355,-0.05519503727555275,0.03475538268685341,0.04364469647407532
22440,0.5751137137413025,0.30583980679512024,0.15235558152198792,0.12311629205942154,0.11036474257707596,0.06720731407403946,-0.014760640449821949,-0.05522112920880318,0.035437632352113724,0.04245171695947647
22460,0.5753031969070435,0.3058699667453766,0.15242278575897217,0.12315832823514938,0.11038286238908768,0.06721050292253494,-0.014762939885258675,-0.055247217416763306,0.034201398491859436,0.04480796307325363
22480,0.5752834677696228,0.30592644214630127,0.15248233079910278,0.12316614389419556,0.11037444323301315,0.0672159418463707,-0.014786274172365665,-0.05526958033442497,0.03372841328382492,0.04542908817529678
22500,0.5753154754638672,0.30589744448661804,0.15253335237503052,0.12323533743619919,0.11038383096456528,0.0672243982553482,-0.014788267202675343,-0.0552920438349247,0.03499497473239899,0.042892541736364365
22520,0.575417697429657,0.30585405230522156,0.152597114443779,0.12326088547706604,0.11036668717861176,0.06721853464841843,-0.01480840053409338,-0.055316098034381866,0.03547561168670654,0.042650751769542694
22540,0.575444221496582,0.3058985769748688,0.1525890827178955,0.123248390853405,0.11036450415849686,0.06722187995910645,-0.014828343875706196,-0.0553383007645607,0.03545362874865532,0.04276534914970398
22560,0.5754072070121765,0.305915892124176,0.15264004468917847,0.1232852041721344,0.11034353822469711,0.06723331660032272,-0.014848885126411915,-0.05535675212740898,0.034185342490673065,0.043303992599248886
22580,0.5755301117897034,0.3059724271297455,0.15270346403121948,0.12326231598854065,0.1103149801492691,0.06724847853183746,-0.014870417304337025,-0.055388014763593674,0.0345599502325058,0.04233613982796669
22600,0.5754706263542175,0.3059970438480377,0.1526954025030136,0.12332995235919952,0.11034906655550003,0.06726840138435364,-0.014877413399517536,-0.05540906637907028,0.034949809312820435,0.04268444702029228
22620,0.575567901134491,0.3059859573841095,0.15273451805114746,0.1233036145567894,0.11036032438278198,0.06727876514196396,-0.014889422804117203,-0.05543570965528488,0.03435895964503288,0.0420285239815712
22640,0.5756035447120667,0.3060351610183716,0.1527596265077591,0.12330709397792816,0.11037039011716843,0.06730480492115021,-0.014900355599820614,-0.0554620698094368,0.03550377115607262,0.042239125818014145
22660,0.5757117867469788,0.3060370087623596,0.15277139842510223,0.12330470979213715,0.110386922955513,0.06732451915740967,-0.01490503828972578,-0.05548634007573128,0.03764583542943001,0.04228036850690842
22680,0.5758362412452698,0.30604568123817444,0.15282569825649261,0.12335266172885895,0.11039503663778305,0.06734217703342438,-0.014933877624571323,-0.05550860986113548,0.03472602367401123,0.04345204308629036
22700,0.5759713649749756,0.3060978949069977,0.1528833657503128,0.12336213886737823,0.11039893329143524,0.06735862046480179,-0.014964635483920574,-0.05553210526704788,0.034054502844810486,0.04216359928250313
22720,0.5760805606842041,0.30612462759017944,0.15292008221149445,0.12329091131687164,0.11040149629116058,0.06734830886125565,-0.014984434470534325,-0.055561281740665436,0.03463129699230194,0.04276024550199509
22740,0.5760568380355835,0.3061907887458801,0.15290604531764984,0.1232619434595108,0.11042298376560211,0.06736139208078384,-0.015008251182734966,-0.05558863654732704,0.035438112914562225,0.042042069137096405
22760,0.5761199593544006,0.30618956685066223,0.15297406911849976,0.12324632704257965,0.11042481660842896,0.06738703697919846,-0.015020602382719517,-0.055616483092308044,0.035341035574674606,0.04463105648756027
22780,0.5762413740158081,0.30624181032180786,0.1530746966600418,0.12331947684288025,0.11046372354030609,0.06740980595350266,-0.015033679082989693,-0.05563468113541603,0.03512305021286011,0.04242411628365517
22800,0.5762585401535034,0.30620312690734863,0.15310657024383545,0.12329470366239548,0.11046571284532547,0.06742143630981445,-0.015056472271680832,-0.05565865337848663,0.0347757525742054,0.04463842511177063
22820,0.5763671398162842,0.3062403202056885,0.1530884951353073,0.12331166863441467,0.11044038832187653,0.0674167275428772,-0.01507805846631527,-0.055684614926576614,0.035105202347040176,0.04304410517215729
22840,0.5763933062553406,0.30620861053466797,0.15314893424510956,0.12332473695278168,0.11044083535671234,0.06743083894252777,-0.015099074691534042,-0.055712275207042694,0.034991975873708725,0.04310261085629463
22860,0.5765419006347656,0.3062680959701538,0.15320152044296265,0.12333457916975021,0.11044725030660629,0.06742126494646072,-0.01511811837553978,-0.05573798343539238,0.03514083847403526,0.04253147542476654
22880,0.5764935612678528,0.3062654137611389,0.1532732993364334,0.12333738803863525,0.1104528084397316,0.06741794943809509,-0.015141017735004425,-0.055761490017175674,0.03597444295883179,0.04291980713605881
22900,0.5765411853790283,0.3062068521976471,0.1532696634531021,0.12334342300891876,0.11042103916406631,0.06739766895771027,-0.015169537626206875,-0.05579106882214546,0.03356456384062767,0.042784132063388824
22920,0.5765752792358398,0.3062869906425476,0.15335522592067719,0.12332837283611298,0.11046763509511948,0.06741371750831604,-0.01516047678887844,-0.05581136420369148,0.03369076922535896,0.04369537904858589
22940,0.5767253637313843,0.3062625527381897,0.15327660739421844,0.12334378808736801,0.11044632643461227,0.06741833686828613,-0.015180837363004684,-0.055835504084825516,0.03362926095724106,0.04302199184894562
22960,0.5767574906349182,0.3063008785247803,0.153330996632576,0.12337417900562286,0.11045420914888382,0.06741029024124146,-0.015193827450275421,-0.05586007609963417,0.035510674118995667,0.044357866048812866
22980,0.5767057538032532,0.30631157755851746,0.15340426564216614,0.12338968366384506,0.11044839769601822,0.06742371618747711,-0.015206917189061642,-0.05588873475790024,0.0337090864777565,0.0416267067193985
23000,0.5767717957496643,0.3063768446445465,0.15347835421562195,0.12339382618665695,0.11046396940946579,0.06742268055677414,-0.015227352268993855,-0.05591884255409241,0.035150304436683655,0.04314699023962021
23020,0.576756477355957,0.30643394589424133,0.15350139141082764,0.1233811154961586,0.11044296622276306,0.06742076575756073,-0.015246650204062462,-0.05594640225172043,0.03518454357981682,0.04229949787259102
23040,0.5768029689788818,0.3064064383506775,0.1535363495349884,0.12338446825742722,0.110446497797966,0.06741628795862198,-0.015259023755788803,-0.05597611144185066,0.03520701825618744,0.041560590267181396
23060,0.576942503452301,0.30647364258766174,0.15362009406089783,0.12335289269685745,0.11044077575206757,0.06741359084844589,-0.015287726186215878,-0.05600282549858093,0.0353434756398201,0.04389597848057747
23080,0.5769167542457581,0.30654802918434143,0.15366984903812408,0.12337297946214676,0.11044599115848541,0.06742596626281738,-0.01530644204467535,-0.05602438002824783,0.033960841596126556,0.04309353604912758
23100,0.5769417881965637,0.3064715564250946,0.15364031493663788,0.12341737002134323,0.11044944077730179,0.06744588166475296,-0.015312287956476212,-0.05604063346982002,0.03353404998779297,0.04200704023241997
23120,0.5769978761672974,0.30653122067451477,0.15367956459522247,0.12340772897005081,0.11042176932096481,0.06745418161153793,-0.015330705791711807,-0.05606047064065933,0.03348776325583458,0.042436279356479645
23140,0.5769587159156799,0.3065674602985382,0.15367646515369415,0.12335705757141113,0.11036793887615204,0.0674322172999382,-0.015341006219387054,-0.05608571320772171,0.034264326095581055,0.04207611456513405
23160,0.577078640460968,0.30663827061653137,0.1537521481513977,0.123360276222229,0.11037265509366989,0.06744898110628128,-0.015351459383964539,-0.05610896646976471,0.03507193177938461,0.04351472482085228
23180,0.5772523880004883,0.3066383898258209,0.15374784171581268,0.12333381921052933,0.11040488630533218,0.06746988743543625,-0.01535980124026537,-0.056135144084692,0.03383025527000427,0.043470121920108795
23200,0.5771478414535522,0.30656757950782776,0.15375229716300964,0.12336071580648422,0.11040487140417099,0.0674709677696228,-0.0153726227581501,-0.05615708976984024,0.033847857266664505,0.04221660643815994
23220,0.5772907137870789,0.3065934181213379,0.15380899608135223,0.12336652725934982,0.11040187627077103,0.06747540086507797,-0.015383067540824413,-0.056172218173742294,0.03478093817830086,0.04276062548160553
23240,0.577301561832428,0.30661147832870483,0.15382274985313416,0.12338384985923767,0.11042559891939163,0.06747877597808838,-0.015393305569887161,-0.05619865283370018,0.03532472625374794,0.0426069013774395
23260,0.5775334239006042,0.3066909909248352,0.15383005142211914,0.12338428199291229,0.11043325066566467,0.06746640056371689,-0.015390117652714252,-0.05622081831097603,0.03478037565946579,0.04337424039840698
23280,0.5775128602981567,0.3067295253276825,0.15398693084716797,0.12339335680007935,0.11042845994234085,0.06748779863119125,-0.01539728045463562,-0.05623718351125717,0.03560476005077362,0.04262153431773186
23300,0.5776092410087585,0.3067364990711212,0.1539583057165146,0.1234268769621849,0.11043517291545868,0.06751113384962082,-0.015409043058753014,-0.05626230686903,0.033450301736593246,0.043222445994615555
23320,0.5777191519737244,0.3067218065261841,0.1539926826953888,0.12343601882457733,0.11042532324790955,0.06753119826316833,-0.015427290461957455,-0.05628224089741707,0.03418489173054695,0.04269372671842575
23340,0.5777173042297363,0.30670449137687683,0.15399296581745148,0.1234179213643074,0.11042708158493042,0.06753049045801163,-0.015436739660799503,-0.0563005656003952,0.03536408394575119,0.042305029928684235
23360,0.5777552723884583,0.3067166209220886,0.1540883183479309,0.1234806552529335,0.11042860895395279,0.06753074377775192,-0.015465802513062954,-0.056326091289520264,0.03449517861008644,0.04335188865661621
23380,0.5778769254684448,0.3067256212234497,0.15411685407161713,0.12346084415912628,0.11041831970214844,0.06752408295869827,-0.015492085367441177,-0.05634674057364464,0.03421842306852341,0.04264713451266289
23400,0.5779678821563721,0.3067373037338257,0.1541604846715927,0.12347929924726486,0.11041935533285141,0.06752964109182358,-0.015496059320867062,-0.05636510252952576,0.037310030311346054,0.04266033694148064
23420,0.5780215263366699,0.30685049295425415,0.1542859673500061,0.1235136091709137,0.11043582856655121,0.06752271950244904,-0.015523608773946762,-0.05639437586069107,0.033934347331523895,0.04294252395629883
23440,0.5782422423362732,0.30684033036231995,0.1542665660381317,0.12348803877830505,0.11045141518115997,0.06752607971429825,-0.015559908002614975,-0.05641724541783333,0.03543990105390549,0.04327548295259476
23460,0.5781193375587463,0.3068673610687256,0.154347226023674,0.12348677963018417,0.11046841740608215,0.0675608441233635,-0.015553932636976242,-0.05643711984157562,0.035244785249233246,0.044707585126161575
23480,0.5782256722450256,0.30675458908081055,0.15432210266590118,0.12351549416780472,0.11044389009475708,0.0675777941942215,-0.015566674061119556,-0.05645132064819336,0.03285456821322441,0.04394349083304405
23500,0.5782446265220642,0.30692821741104126,0.15435969829559326,0.12352429330348969,0.11044513434171677,0.06760581582784653,-0.015590392053127289,-0.05646757036447525,0.03409791737794876,0.04314872622489929
23520,0.5784012675285339,0.30684009194374084,0.15436366200447083,0.12354104220867157,0.11044817417860031,0.06760285049676895,-0.015596066601574421,-0.05649178847670555,0.03323395550251007,0.04304494336247444
23540,0.5783773064613342,0.3068120777606964,0.15439720451831818,0.12355690449476242,0.11046109348535538,0.06760138273239136,-0.015630973502993584,-0.05651398003101349,0.03501950204372406,0.0430229976773262
23560,0.5784525275230408,0.30684730410575867,0.15447063744068146,0.12354512512683868,0.11046390980482101,0.06760820746421814,-0.01564875617623329,-0.056536272168159485,0.034715086221694946,0.042267754673957825
23580,0.5784973502159119,0.30689331889152527,0.15453113615512848,0.12356570363044739,0.11047301441431046,0.06763783097267151,-0.01567198522388935,-0.05656367167830467,0.03465370461344719,0.04258430004119873
23600,0.5784251689910889,0.30689966678619385,0.15457019209861755,0.12355177849531174,0.11046374589204788,0.06763415038585663,-0.015685971826314926,-0.05658471956849098,0.03537104278802872,0.04309588670730591
23620,0.5784980654716492,0.30685749650001526,0.15456853806972504,0.12357398122549057,0.11044793576002121,0.06763800233602524,-0.01569526083767414,-0.05660845339298248,0.03426281735301018,0.04499782621860504
23640,0.5785323977470398,0.30693256855010986,0.15464067459106445,0.12353955954313278,0.11046317964792252,0.06764528155326843,-0.015694238245487213,-0.056638821959495544,0.03295103460550308,0.043397221714258194
23660,0.5785753726959229,0.3069663345813751,0.15469592809677124,0.12353745847940445,0.11046340316534042,0.06764062494039536,-0.01569231040775776,-0.05665765702724457,0.0334894172847271,0.041688475757837296
23680,0.5786414742469788,0.3070257604122162,0.15473684668540955,0.12354212999343872,0.11046014726161957,0.06766204535961151,-0.015707673504948616,-0.056680839508771896,0.03399895504117012,0.04211375489830971
23700,0.5786627531051636,0.3070725202560425,0.15477538108825684,0.12353048473596573,0.11050255596637726,0.06768865883350372,-0.015728982165455818,-0.05670487508177757,0.035214416682720184,0.042046450078487396
23720,0.5787272453308105,0.307116836309433,0.15479013323783875,0.12349160760641098,0.11049586534500122,0.06767991930246353,-0.01573946140706539,-0.056730687618255615,0.034353625029325485,0.04206124320626259
23740,0.5787708163261414,0.30719855427742004,0.15485532581806183,0.12348630279302597,0.11049386113882065,0.06767519563436508,-0.01576448604464531,-0.0567554235458374,0.03365008533000946,0.04123658686876297
23760,0.578781247138977,0.3071608543395996,0.15486274659633636,0.1234714612364769,0.11045791208744049,0.06767440587282181,-0.015783466398715973,-0.05677925422787666,0.03387334942817688,0.042081356048583984
23780,0.5789077877998352,0.3072328269481659,0.15490645170211792,0.1235131174325943,0.11046761274337769,0.06769201159477234,-0.01579621247947216,-0.056800104677677155,0.03352724388241768,0.042566195130348206
23800,0.5790138840675354,0.30726325511932373,0.15488207340240479,0.12349551916122437,0.11046785861253738,0.06771368533372879,-0.015824122354388237,-0.05681552365422249,0.03312244638800621,0.04449894279241562
23820,0.5790090560913086,0.30723172426223755,0.15492351353168488,0.12352113425731659,0.11048433184623718,0.06770652532577515,-0.015843940898776054,-0.056833457201719284,0.0333646722137928,0.04374251514673233
23840,0.5791532397270203,0.3071424663066864,0.1549568474292755,0.12358538806438446,0.11048996448516846,0.06771907955408096,-0.015846526250243187,-0.05685136094689369,0.03535354509949684,0.04205609858036041
23860,0.5790075063705444,0.3072567880153656,0.15502019226551056,0.12356425076723099,0.11047156900167465,0.06772465258836746,-0.015864640474319458,-0.05687431991100311,0.03579128533601761,0.04264408349990845
23880,0.5791947245597839,0.3071673810482025,0.15507087111473083,0.12357428669929504,0.11048747599124908,0.06773559004068375,-0.015881812199950218,-0.05689573287963867,0.03500709682703018,0.04477804899215698
23900,0.5792854428291321,0.3071392774581909,0.1551283448934555,0.1235785186290741,0.11050451546907425,0.06772482395172119,-0.015910707414150238,-0.05691409856081009,0.034731391817331314,0.04456396773457527
23920,0.5792272686958313,0.3072574734687805,0.15511785447597504,0.12351758778095245,0.11050758510828018,0.067753367125988,-0.01591743342578411,-0.05693848431110382,0.035059280693531036,0.042528461664915085
23940,0.5792410373687744,0.3071901202201843,0.15511944890022278,0.12349595874547958,0.1104922890663147,0.06773830950260162,-0.015917645767331123,-0.056968580931425095,0.033526353538036346,0.04513690993189812
23960,0.5793282389640808,0.3071560859680176,0.15516617894172668,0.12352374196052551,0.11052920669317245,0.06777055561542511,-0.015920545905828476,-0.056989263743162155,0.03468833118677139,0.042131152004003525
23980,0.5792641639709473,0.30721718072891235,0.15523768961429596,0.12356670200824738,0.11053051054477692,0.06775414943695068,-0.01592998579144478,-0.057011451572179794,0.033706314861774445,0.04201141744852066
24000,0.5795016288757324,0.3072573244571686,0.15524159371852875,0.12356232851743698,0.11055751889944077,0.06776143610477448,-0.015950752422213554,-0.05702675133943558,0.03387696295976639,0.04326813295483589
24020,0.5795278549194336,0.307344913482666,0.1553002893924713,0.12357862293720245,0.11055029183626175,0.06776086241006851,-0.015957839787006378,-0.057042717933654785,0.03427721560001373,0.04216891527175903
24040,0.5794791579246521,0.3074272572994232,0.1553790420293808,0.12361165136098862,0.11058136820793152,0.06776972115039825,-0.015976682305336,-0.05705851688981056,0.035744134336709976,0.04306182265281677
24060,0.5797611474990845,0.3073444366455078,0.15540428459644318,0.12362653762102127,0.11057194322347641,0.06778545677661896,-0.016004938632249832,-0.05707694590091705,0.034935858100652695,0.04223360866308212
24080,0.5797356963157654,0.30746006965637207,0.15541623532772064,0.1236175075173378,0.11052778363227844,0.06779979169368744,-0.01601499319076538,-0.05710386857390404,0.033660028129816055,0.041557781398296356
24100,0.5797886252403259,0.30741724371910095,0.1554180234670639,0.12357188761234283,0.11052501946687698,0.0678224191069603,-0.01604009047150612,-0.05712452158331871,0.03419942781329155,0.042198024690151215
24120,0.5798954367637634,0.307476282119751,0.15545788407325745,0.12357212603092194,0.1105370819568634,0.0678398460149765,-0.01604877971112728,-0.057147007435560226,0.037830136716365814,0.04172705486416817
24140,0.579878568649292,0.3074989914894104,0.15552964806556702,0.12358313798904419,0.11051049083471298,0.06783317774534225,-0.016073372215032578,-0.05717039853334427,0.034295227378606796,0.04350694268941879
24160,0.5798496007919312,0.3075762391090393,0.15558485686779022,0.12363222986459732,0.1105150505900383,0.0678313747048378,-0.016084939241409302,-0.05719054490327835,0.03648603335022926,0.042485788464546204
24180,0.5800511240959167,0.30753061175346375,0.1555977612733841,0.12360435724258423,0.11051779985427856,0.06783020496368408,-0.01609220914542675,-0.05720860883593559,0.0354459173977375,0.04258511960506439
24200,0.5801626443862915,0.3075662851333618,0.15561442077159882,0.1235518753528595,0.11053834855556488,0.06784429401159286,-0.0161055289208889,-0.05723052844405174,0.03216811642050743,0.04224621132016182
24220,0.5801025032997131,0.30764344334602356,0.15560857951641083,0.12356352806091309,0.11053524166345596,0.06784171611070633,-0.016108427196741104,-0.057252220809459686,0.03498546779155731,0.043630801141262054
24240,0.580260694026947,0.3076300323009491,0.15559126436710358,0.12361153960227966,0.11053096503019333,0.06784510612487793,-0.016122736036777496,-0.05727316439151764,0.03365079313516617,0.04390992969274521
24260,0.5801768898963928,0.30765417218208313,0.15565116703510284,0.12364619225263596,0.11054618656635284,0.06785561889410019,-0.01613452285528183,-0.057297803461551666,0.03517884388566017,0.04479359835386276
24280,0.580224871635437,0.30762046575546265,0.15571708977222443,0.12363429367542267,0.1105361133813858,0.06784841418266296,-0.016149895265698433,-0.05732123553752899,0.03337632864713669,0.04149239882826805
24300,0.5802968144416809,0.30763521790504456,0.1557648628950119,0.1235840916633606,0.11052852123975754,0.06783973425626755,-0.016170894727110863,-0.05733772739768028,0.03410658240318298,0.04114745557308197
24320,0.5802788734436035,0.3076466917991638,0.15579694509506226,0.12357079982757568,0.11048715561628342,0.06784120202064514,-0.01618635281920433,-0.05736054480075836,0.03529876098036766,0.04242148995399475
24340,0.5803266167640686,0.3076731562614441,0.15580397844314575,0.12359132617712021,0.11050727963447571,0.06785567849874496,-0.016188817098736763,-0.0573788620531559,0.03481673821806908,0.04307936131954193
24360,0.5803741216659546,0.3077049255371094,0.1558326780796051,0.123601995408535,0.11053131520748138,0.06783918291330338,-0.016207575798034668,-0.057404741644859314,0.03374925255775452,0.04250483587384224
24380,0.5804545283317566,0.3076968491077423,0.15585187077522278,0.12358197569847107,0.11054878681898117,0.06785456836223602,-0.01622135192155838,-0.05743144825100899,0.03464287891983986,0.04217901453375816
24400,0.5805537700653076,0.30769506096839905,0.15584875643253326,0.12359572947025299,0.11054003238677979,0.06784965842962265,-0.016212590038776398,-0.05746142566204071,0.03409753739833832,0.04146966710686684
24420,0.5804729461669922,0.3077552914619446,0.1558980941772461,0.12356729805469513,0.11054402589797974,0.06785747408866882,-0.016248947009444237,-0.05748587101697922,0.03364337235689163,0.04163113981485367
24440,0.5805299282073975,0.30771341919898987,0.15592645108699799,0.12359203398227692,0.11055973917245865,0.06785060465335846,-0.016272714361548424,-0.05751045048236847,0.033065978437662125,0.0413605272769928
24460,0.5805745720863342,0.3077490031719208,0.15598717331886292,0.12358511239290237,0.11057592183351517,0.06785180419683456,-0.016279928386211395,-0.057534534484148026,0.034442413598299026,0.0416233167052269
24480,0.5805214643478394,0.30773717164993286,0.15603342652320862,0.12359593063592911,0.11055807024240494,0.06786920875310898,-0.01628999412059784,-0.05755593627691269,0.03326182812452316,0.04433115944266319
24500,0.5805284976959229,0.30774298310279846,0.15607057511806488,0.12361043691635132,0.1105436161160469,0.06789613515138626,-0.01629820466041565,-0.05758119001984596,0.03377637639641762,0.04348766431212425
24520,0.5806432366371155,0.3078001141548157,0.15609024465084076,0.12362750619649887,0.11054051667451859,0.06791210919618607,-0.01631748676300049,-0.057600412517786026,0.03488389775156975,0.04502490162849426
24540,0.5807579159736633,0.30780458450317383,0.15613719820976257,0.12358565628528595,0.11050527542829514,0.06791556626558304,-0.016342056915163994,-0.05761988088488579,0.033086515963077545,0.042547229677438736
24560,0.5807024240493774,0.30780288577079773,0.15609952807426453,0.12360677123069763,0.11050856858491898,0.06792709976434708,-0.01636907085776329,-0.05764565244317055,0.03377319499850273,0.04376697167754173
24580,0.5807956457138062,0.3078409731388092,0.15622691810131073,0.12359543889760971,0.1105271503329277,0.06792228668928146,-0.016395878046751022,-0.057669151574373245,0.03340240567922592,0.04774711653590202
24600,0.5808930397033691,0.307870477437973,0.1562362164258957,0.1236376017332077,0.11056443303823471,0.0679309144616127,-0.016426239162683487,-0.057686697691679,0.033370960503816605,0.0421757809817791
24620,0.5809683203697205,0.3079231083393097,0.15630608797073364,0.12361365556716919,0.11054836213588715,0.06792169064283371,-0.016441550105810165,-0.05770192667841911,0.03386468067765236,0.04276285320520401
24640,0.580864429473877,0.3079831898212433,0.15632925927639008,0.12367016822099686,0.1105663925409317,0.067935511469841,-0.016455883160233498,-0.057721685618162155,0.03265836834907532,0.04205937683582306
24660,0.5810399055480957,0.30790019035339355,0.15634742379188538,0.12365096062421799,0.11055269092321396,0.06793387979269028,-0.016478653997182846,-0.05774150416254997,0.034059952944517136,0.0417754165828228
24680,0.5810638666152954,0.3079361617565155,0.15642057359218597,0.12363510578870773,0.11053275316953659,0.06792234629392624,-0.016508134081959724,-0.05776097998023033,0.03459102660417557,0.04447045549750328
24700,0.5812618732452393,0.3079046607017517,0.15644115209579468,0.12359905242919922,0.1105513945221901,0.0679209902882576,-0.01651562936604023,-0.05778941139578819,0.035032968968153,0.04194743186235428
24720,0.5812109708786011,0.30788376927375793,0.15653319656848907,0.12356896698474884,0.11055801808834076,0.06792176514863968,-0.016529494896531105,-0.0578085258603096,0.03573446720838547,0.041834618896245956
24740,0.5812526345252991,0.30794933438301086,0.15657465159893036,0.123603455722332,0.11056395620107651,0.06793437898159027,-0.016554992645978928,-0.05782351642847061,0.0332983061671257,0.04384266585111618
24760,0.5813533067703247,0.30795231461524963,0.15659573674201965,0.12361246347427368,0.1105642020702362,0.0679503083229065,-0.01656412146985531,-0.057838354259729385,0.033771123737096786,0.041840583086013794
24780,0.5814035534858704,0.3079625964164734,0.1566140204668045,0.12361811846494675,0.11057651787996292,0.06796792894601822,-0.016576208174228668,-0.05786536633968353,0.033676810562610626,0.04240252077579498
24800,0.5812996625900269,0.3080316483974457,0.15663622319698334,0.1236681342124939,0.11054645478725433,0.06797806918621063,-0.01658274233341217,-0.05788799375295639,0.03483419120311737,0.04194639250636101
24820,0.5814880132675171,0.3079691529273987,0.15667909383773804,0.12360567599534988,0.11051527410745621,0.06799403578042984,-0.016600286588072777,-0.057916294783353806,0.03412284702062607,0.042997948825359344
24840,0.5816213488578796,0.30801039934158325,0.15671998262405396,0.12360881268978119,0.11053077131509781,0.06798145920038223,-0.01660962961614132,-0.05794103071093559,0.03339560702443123,0.04257142171263695
24860,0.5816001296043396,0.3080455958843231,0.15675605833530426,0.12355585396289825,0.11051055043935776,0.06799870729446411,-0.016626259312033653,-0.05796116217970848,0.03491257503628731,0.04156285151839256
24880,0.5817145109176636,0.3080894947052002,0.15681827068328857,0.12354478985071182,0.11049872636795044,0.06801202893257141,-0.01662835292518139,-0.05798406898975372,0.033239997923374176,0.04200499877333641
24900,0.5817902088165283,0.30814847350120544,0.15686041116714478,0.12358533591032028,0.11049877852201462,0.06802081316709518,-0.016639886423945427,-0.05800886079668999,0.03444568067789078,0.04171638563275337
24920,0.5818983316421509,0.3081769645214081,0.15689989924430847,0.1236494779586792,0.1105116605758667,0.06803729385137558,-0.01665237545967102,-0.05802738294005394,0.033793456852436066,0.04217682033777237
24940,0.5818842053413391,0.3082548975944519,0.15695057809352875,0.12371614575386047,0.11052311956882477,0.06803692877292633,-0.016679411754012108,-0.05804639682173729,0.03341235965490341,0.043588656932115555
24960,0.5818577408790588,0.30812522768974304,0.15687158703804016,0.12372986227273941,0.11054229736328125,0.06805180758237839,-0.01668620854616165,-0.05806545540690422,0.0344858318567276,0.04243895411491394
24980,0.5818710923194885,0.30827128887176514,0.1569122076034546,0.12369491904973984,0.11053691804409027,0.06807667016983032,-0.016704212874174118,-0.05809248983860016,0.034132663160562515,0.04314391314983368
25000,0.5819703340530396,0.30825600028038025,0.15698683261871338,0.12376309186220169,0.11052414774894714,0.06806584447622299,-0.01671091467142105,-0.05811595544219017,0.03375787287950516,0.04151332378387451
25020,0.5818945169448853,0.30833330750465393,0.15702852606773376,0.12376374751329422,0.11050079017877579,0.06806915998458862,-0.016733651980757713,-0.058132354170084,0.033204689621925354,0.042358364909887314
25040,0.5820527076721191,0.3083256483078003,0.1570173054933548,0.1238088458776474,0.11051061749458313,0.06808385252952576,-0.01675993762910366,-0.058154039084911346,0.033002790063619614,0.04143967479467392
25060,0.5821478962898254,0.3082520067691803,0.15698646008968353,0.12376672774553299,0.11050445586442947,0.06806862354278564,-0.016758352518081665,-0.05817831680178642,0.032220546156167984,0.043262116611003876
25080,0.5820664167404175,0.30824267864227295,0.15710514783859253,0.12382804602384567,0.11051135510206223,0.06804697960615158,-0.01677771657705307,-0.0582018718123436,0.036769669502973557,0.0423467680811882
25100,0.5821226239204407,0.30822572112083435,0.15715888142585754,0.12386228144168854,0.11052224040031433,0.06806343793869019,-0.016784142702817917,-0.058231715112924576,0.035007961094379425,0.042834989726543427
25120,0.5823370218276978,0.3082045614719391,0.1571599245071411,0.12388689815998077,0.11051993072032928,0.06806616485118866,-0.016781803220510483,-0.05824945122003555,0.03262420743703842,0.04134764522314072
25140,0.5822715759277344,0.3083590269088745,0.15721499919891357,0.1238647848367691,0.11050888895988464,0.06805302202701569,-0.016812551766633987,-0.058269280940294266,0.03382367268204689,0.043424155563116074
25160,0.582341730594635,0.3083499073982239,0.1573033630847931,0.12386394292116165,0.11052104830741882,0.06805931776762009,-0.016829676926136017,-0.058292679488658905,0.033101487904787064,0.043005891144275665
25180,0.5824626684188843,0.3083857595920563,0.15733225643634796,0.12387615442276001,0.11049681901931763,0.06807159632444382,-0.01685546711087227,-0.058310993015766144,0.0337621308863163,0.04109257459640503
25200,0.5823164582252502,0.30843010544776917,0.15736635029315948,0.12386151403188705,0.11048418283462524,0.0680815652012825,-0.01685488037765026,-0.05833101645112038,0.03515353798866272,0.04173525422811508
25220,0.5824386477470398,0.30836793780326843,0.1573513150215149,0.12382346391677856,0.11048132181167603,0.06809116899967194,-0.016875028610229492,-0.05834882706403732,0.03212263062596321,0.04219387099146843
25240,0.5823882818222046,0.3084390461444855,0.15742380917072296,0.12377303838729858,0.11046344041824341,0.06808563321828842,-0.016891926527023315,-0.05837488919496536,0.035293202847242355,0.0419800765812397
25260,0.5824428796768188,0.30849048495292664,0.15743733942508698,0.12379962205886841,0.11047228425741196,0.0680912584066391,-0.016906099393963814,-0.05839666351675987,0.03296096622943878,0.041429296135902405
25280,0.5824954509735107,0.30845293402671814,0.15743708610534668,0.12377535551786423,0.11045805364847183,0.06806651502847672,-0.016916722059249878,-0.058415982872247696,0.0334678515791893,0.041967108845710754
25300,0.5825556516647339,0.30847829580307007,0.1575295776128769,0.12376834452152252,0.11049574613571167,0.06807523220777512,-0.016931934282183647,-0.05844348669052124,0.03262851759791374,0.04594963788986206
25320,0.582493782043457,0.3085120916366577,0.15762728452682495,0.12375671416521072,0.11044935137033463,0.06805676221847534,-0.016945846378803253,-0.05847075954079628,0.03289119154214859,0.04146439582109451
25340,0.5825904011726379,0.30847182869911194,0.15756899118423462,0.1237451583147049,0.11043007671833038,0.06806456297636032,-0.016965730115771294,-0.058491021394729614,0.03364512696862221,0.04371171072125435
25360,0.5826058387756348,0.30844420194625854,0.1576261818408966,0.12380793690681458,0.11045133322477341,0.06807227432727814,-0.01699107699096203,-0.058512136340141296,0.03279075026512146,0.04509558156132698
25380,0.5828133225440979,0.308483749628067,0.15768404304981232,0.12380196154117584,0.11043562740087509,0.06809843331575394,-0.017009658738970757,-0.05853547900915146,0.03383532911539078,0.04330180212855339
25400,0.5828173160552979,0.3084752559661865,0.1576702743768692,0.12385142594575882,0.11043032258749008,0.06810512393712997,-0.01701865904033184,-0.058554477989673615,0.033549413084983826,0.0414901003241539
25420,0.5829444527626038,0.3084803819656372,0.15769964456558228,0.12383485585451126,0.11044580489397049,0.06810741871595383,-0.01703229732811451,-0.05858080834150314,0.035350389778614044,0.04122311249375343
25440,0.5828187465667725,0.30857184529304504,0.1577369123697281,0.12387257814407349,0.1104477122426033,0.0680985301733017,-0.017036197707057,-0.05861136317253113,0.031861573457717896,0.04259268566966057
25460,0.5828428864479065,0.3085564076900482,0.1577453911304474,0.12384717166423798,0.11043921858072281,0.06809704005718231,-0.01705128699541092,-0.05863654613494873,0.03357025608420372,0.04216068238019943
25480,0.5828490853309631,0.30855587124824524,0.15779335796833038,0.12383189797401428,0.11041758209466934,0.06811674684286118,-0.017078246921300888,-0.05865613371133804,0.032062117010354996,0.042080510407686234
25500,0.5828616619110107,0.30856063961982727,0.15780025720596313,0.12380014359951019,0.1104184165596962,0.06812094151973724,-0.017105257138609886,-0.0586824007332325,0.03349065035581589,0.0417570061981678
25520,0.5828943848609924,0.30857324600219727,0.15780259668827057,0.12379897385835648,0.1103949174284935,0.06812363862991333,-0.01712358556687832,-0.05869964882731438,0.03266974166035652,0.041024256497621536
25540,0.5827432870864868,0.3086155951023102,0.15783792734146118,0.1237938404083252,0.11038940399885178,0.06811997294425964,-0.01715182326734066,-0.05872652679681778,0.03293885663151741,0.04130365327000618
25560,0.5828469395637512,0.3086281418800354,0.1579015552997589,0.12388159334659576,0.11040497571229935,0.06810595840215683,-0.017149778082966805,-0.05874810740351677,0.033952269703149796,0.040945932269096375
25580,0.5828636288642883,0.30862724781036377,0.15786044299602509,0.12381540238857269,0.11036394536495209,0.0680970549583435,-0.017159031704068184,-0.05877017229795456,0.03426259011030197,0.04369305074214935
25600,0.5829795002937317,0.3087069094181061,0.15793763101100922,0.12389279901981354,0.11039373278617859,0.06810475885868073,-0.017155596986413002,-0.05879009887576103,0.03289419785141945,0.0406280942261219
25620,0.5831177830696106,0.30867427587509155,0.1579386442899704,0.12387353181838989,0.11037438362836838,0.06809649616479874,-0.017175456508994102,-0.058806564658880234,0.03261740133166313,0.04209468513727188
25640,0.5830270648002625,0.3086816072463989,0.15795756876468658,0.12384413927793503,0.11034703254699707,0.06809273362159729,-0.017181094735860825,-0.05882442742586136,0.033946648240089417,0.041606638580560684
25660,0.5830336809158325,0.3086591064929962,0.1580195277929306,0.12387992441654205,0.11036606132984161,0.06809358298778534,-0.01717705838382244,-0.0588497668504715,0.03270091116428375,0.04117286577820778
25680,0.5830913782119751,0.30861300230026245,0.1579725444316864,0.12388793379068375,0.11037725955247879,0.06809857487678528,-0.017194192856550217,-0.05887395143508911,0.03523571789264679,0.041632506996393204
25700,0.5831710696220398,0.30863022804260254,0.15801110863685608,0.12390699237585068,0.11038272827863693,0.0681171864271164,-0.017228687182068825,-0.05889494717121124,0.03300093859434128,0.04211130365729332
25720,0.5832017064094543,0.30871307849884033,0.15802344679832458,0.12394420057535172,0.1103835180401802,0.06812337785959244,-0.017239123582839966,-0.05891800299286842,0.032101552933454514,0.04164924472570419
25740,0.5832182765007019,0.30872154235839844,0.1580263376235962,0.12393224984407425,0.11037641018629074,0.06812325119972229,-0.017246147617697716,-0.05894407257437706,0.033002179116010666,0.04051489755511284
25760,0.5832902193069458,0.3086916506290436,0.1580548882484436,0.12393012642860413,0.1103750616312027,0.06811562925577164,-0.017249373719096184,-0.058966901153326035,0.03404683247208595,0.043155744671821594
25780,0.5833895802497864,0.3087548613548279,0.1581283062696457,0.12386980652809143,0.11035727709531784,0.0681091919541359,-0.017276104539632797,-0.0589880533516407,0.03219940885901451,0.041495002806186676
25800,0.5834094285964966,0.30867835879325867,0.15812021493911743,0.12392804771661758,0.11036819219589233,0.06810825318098068,-0.017300013452768326,-0.059007614850997925,0.03307772055268288,0.04325741156935692
25820,0.5834824442863464,0.30876246094703674,0.1582021415233612,0.12393280118703842,0.1103457435965538,0.06809638440608978,-0.017319217324256897,-0.0590309202671051,0.03147776052355766,0.04174401983618736
25840,0.5835503935813904,0.3087008595466614,0.1581616997718811,0.12393926829099655,0.11033903807401657,0.06810473650693893,-0.01732449419796467,-0.05905178561806679,0.03408769518136978,0.04202955961227417
25860,0.5835626721382141,0.3087547719478607,0.15822426974773407,0.12393910437822342,0.11030349135398865,0.068117156624794,-0.017348330467939377,-0.059069860726594925,0.033521492034196854,0.041218481957912445
25880,0.5835710763931274,0.3087998628616333,0.1582435518503189,0.12390994280576706,0.11026593297719955,0.06810719519853592,-0.01737266592681408,-0.05909289792180061,0.032902803272008896,0.04102322831749916
25900,0.5836854577064514,0.30877605080604553,0.15822508931159973,0.1238989606499672,0.11025112122297287,0.06812041997909546,-0.01738544926047325,-0.05911724269390106,0.03505340591073036,0.04186104238033295
25920,0.5836805105209351,0.30881762504577637,0.15828721225261688,0.12390315532684326,0.11024252325296402,0.06813376396894455,-0.01739257387816906,-0.05913233011960983,0.03297789394855499,0.041924796998500824
25940,0.5838065147399902,0.30876612663269043,0.15824882686138153,0.12391265481710434,0.11028013378381729,0.06813695281744003,-0.01742299273610115,-0.05915573984384537,0.0347406305372715,0.04234012961387634
25960,0.5838894844055176,0.3087773323059082,0.1581559181213379,0.12394369393587112,0.11026789247989655,0.06813038885593414,-0.017430288717150688,-0.05917142331600189,0.031827449798583984,0.04104471579194069
25980,0.5838218331336975,0.3088495135307312,0.15823063254356384,0.12394126504659653,0.1102575808763504,0.0681127980351448,-0.017445912584662437,-0.059190984815359116,0.03653150424361229,0.042652811855077744
26000,0.583930492401123,0.308855801820755,0.15828721225261688,0.12389674037694931,0.11025115102529526,0.06811720877885818,-0.01745304837822914,-0.05920984596014023,0.03286157548427582,0.042031947523355484
26020,0.5838529467582703,0.30884063243865967,0.15836608409881592,0.12394735217094421,0.11025115847587585,0.06813564151525497,-0.01746179535984993,-0.059223417192697525,0.03327097371220589,0.041400305926799774
26040,0.583962082862854,0.30883175134658813,0.15840734541416168,0.12391083687543869,0.11026450246572495,0.06813384592533112,-0.01746514067053795,-0.05924784392118454,0.03309613838791847,0.0422457717359066
26060,0.5838788151741028,0.30896759033203125,0.1584698110818863,0.12391620129346848,0.11025876551866531,0.06813763827085495,-0.017493836581707,-0.059265028685331345,0.03312842175364494,0.04200435429811478
26080,0.5840007662773132,0.3089112639427185,0.1584429144859314,0.1239243894815445,0.11024163663387299,0.06815098226070404,-0.01750871166586876,-0.059290122240781784,0.03220921754837036,0.041200436651706696
26100,0.5840311646461487,0.30895817279815674,0.15849409997463226,0.1239224225282669,0.11021009087562561,0.06812933832406998,-0.01751299947500229,-0.05931392312049866,0.032121192663908005,0.04160849004983902
26120,0.5840522646903992,0.30892422795295715,0.1585267335176468,0.12390062212944031,0.11023512482643127,0.06814894825220108,-0.017517246305942535,-0.05933589115738869,0.03306789696216583,0.04191278666257858
26140,0.5840436220169067,0.3089899718761444,0.15852294862270355,0.12384963780641556,0.11023262143135071,0.068148173391819,-0.017534533515572548,-0.05935392901301384,0.03326380252838135,0.0427359938621521
26160,0.5841977000236511,0.30892983078956604,0.15852761268615723,0.1238434687256813,0.11022292822599411,0.06815719604492188,-0.017557071521878242,-0.059374187141656876,0.031982697546482086,0.043224502354860306
26180,0.5840936899185181,0.3089900016784668,0.1585891842842102,0.12381763756275177,0.11016951501369476,0.06815392524003983,-0.01758994534611702,-0.0593988262116909,0.0345085933804512,0.04261959716677666
26200,0.5841010212898254,0.30907702445983887,0.15865886211395264,0.12386149913072586,0.11018417775630951,0.06816042959690094,-0.017604384571313858,-0.05942163243889809,0.03352253884077072,0.04324021935462952
26220,0.5843155384063721,0.30900728702545166,0.15868628025054932,0.12385407090187073,0.11020898073911667,0.06815639138221741,-0.01762070134282112,-0.05944355949759483,0.032578933984041214,0.042997390031814575
26240,0.5843596458435059,0.3090376853942871,0.1586759090423584,0.12387251108884811,0.11019442975521088,0.06815805286169052,-0.017639176920056343,-0.059466663748025894,0.033470965921878815,0.04209718853235245
26260,0.5843896269798279,0.3090240955352783,0.15868201851844788,0.12385188043117523,0.11017628014087677,0.0681646466255188,-0.017649278044700623,-0.05948648601770401,0.032927244901657104,0.041260428726673126
26280,0.5844517946243286,0.3089389503002167,0.15869148075580597,0.1239052414894104,0.1101878359913826,0.06816200911998749,-0.017661266028881073,-0.05950527638196945,0.03236675262451172,0.04072948545217514
26300,0.5844119787216187,0.3090203106403351,0.1586710512638092,0.1238478571176529,0.11015206575393677,0.06814010441303253,-0.017673032358288765,-0.059524308890104294,0.03480938449501991,0.042537473142147064
26320,0.5844048857688904,0.3089839816093445,0.15874049067497253,0.12392746657133102,0.11016814410686493,0.0681474432349205,-0.017673535272479057,-0.05953831225633621,0.032375749200582504,0.0424879752099514
26340,0.5844792127609253,0.30909326672554016,0.1587413102388382,0.12393850088119507,0.11016248166561127,0.06812909990549088,-0.017694246023893356,-0.05955592915415764,0.03178982436656952,0.04191651940345764
26360,0.5846253037452698,0.3091652989387512,0.1587934046983719,0.12397106736898422,0.11014657467603683,0.0681242048740387,-0.017713692039251328,-0.0595766082406044,0.03408176451921463,0.043617069721221924
26380,0.5846127271652222,0.3091909885406494,0.1587991863489151,0.12396154552698135,0.11018607765436172,0.0681467354297638,-0.017725560814142227,-0.05959277227520943,0.032566286623477936,0.04365700110793114
26400,0.5846390724182129,0.3092515170574188,0.1588619500398636,0.12395885586738586,0.11019682139158249,0.06813253462314606,-0.01773771643638611,-0.05961134657263756,0.03339127451181412,0.04273386299610138
26420,0.5847336053848267,0.3092416524887085,0.15888254344463348,0.12396477907896042,0.11018507182598114,0.06814790517091751,-0.017753763124346733,-0.05963194742798805,0.033395614475011826,0.04216773808002472
26440,0.5848585963249207,0.3092201352119446,0.1589139848947525,0.12402275949716568,0.11021749675273895,0.06816501915454865,-0.017765721306204796,-0.05965578183531761,0.03244801610708237,0.04165321961045265
26460,0.5848115682601929,0.30930596590042114,0.15893007814884186,0.12402018904685974,0.11018531769514084,0.06817389279603958,-0.017779337242245674,-0.05967555195093155,0.03176324814558029,0.04160013794898987
26480,0.5848767757415771,0.30927732586860657,0.15892241895198822,0.12408849596977234,0.11020689457654953,0.06819291412830353,-0.01779467985033989,-0.059691060334444046,0.03275985270738602,0.04125073552131653
26500,0.5847996473312378,0.30936458706855774,0.15896296501159668,0.12410008907318115,0.1101914644241333,0.06819041073322296,-0.0178217776119709,-0.059706177562475204,0.03168370947241783,0.04242189601063728
26520,0.584804117679596,0.30936992168426514,0.15895339846611023,0.12409597635269165,0.11017761379480362,0.06819071620702744,-0.017826594412326813,-0.05972427874803543,0.03268846124410629,0.041976965963840485
26540,0.5849923491477966,0.3093184232711792,0.15896278619766235,0.12408279627561569,0.11018504947423935,0.06818300485610962,-0.01783488504588604,-0.059741031378507614,0.03481317311525345,0.04106644168496132
26560,0.5849654078483582,0.3093581795692444,0.1589910238981247,0.12406250834465027,0.11018793284893036,0.06819833070039749,-0.017834657803177834,-0.059759244322776794,0.033527921885252,0.04183834046125412
26580,0.5849355459213257,0.3093961775302887,0.15905648469924927,0.12410136312246323,0.11017844825983047,0.06818837672472,-0.01784098707139492,-0.059777431190013885,0.03338555246591568,0.04196222126483917
26600,0.5850021243095398,0.30936363339424133,0.15905913710594177,0.12403401732444763,0.11015337705612183,0.06819471716880798,-0.017856886610388756,-0.059792984277009964,0.03340935334563255,0.04105715453624725
26620,0.5850385427474976,0.3094114363193512,0.1591215580701828,0.12404480576515198,0.1101619303226471,0.06821201741695404,-0.01786857657134533,-0.059813663363456726,0.03276021406054497,0.042993079870939255
26640,0.5852060317993164,0.3094238042831421,0.15912891924381256,0.12395031750202179,0.11011368781328201,0.06821445375680923,-0.017883507534861565,-0.05983550474047661,0.0336049422621727,0.04129403084516525
26660,0.5852094292640686,0.3094542324542999,0.1592230349779129,0.12398989498615265,0.11014178395271301,0.06823556125164032,-0.017873141914606094,-0.059847500175237656,0.03273271396756172,0.04110194742679596
26680,0.5853106379508972,0.3095409870147705,0.15927667915821075,0.12403052300214767,0.1101599633693695,0.06824296712875366,-0.01789323054254055,-0.05986478179693222,0.033959805965423584,0.04134035483002663
26700,0.5853750705718994,0.3095351755619049,0.1592525690793991,0.12402316182851791,0.1101418286561966,0.06823059916496277,-0.017916079610586166,-0.059886496514081955,0.03407209739089012,0.041666179895401
26720,0.5854470133781433,0.30952703952789307,0.15924642980098724,0.1240314394235611,0.11014502495527267,0.06823211163282394,-0.01794862188398838,-0.059902798384428024,0.03359692543745041,0.04243359714746475
26740,0.5855017304420471,0.30955493450164795,0.15929563343524933,0.12403519451618195,0.11013437807559967,0.06822127848863602,-0.017945190891623497,-0.059923797845840454,0.03318927809596062,0.04193175211548805
26760,0.5854665040969849,0.30955177545547485,0.15939538180828094,0.12408121675252914,0.11016378551721573,0.06822783499956131,-0.017958706244826317,-0.05994018167257309,0.03194202855229378,0.04199327528476715
26780,0.5854687094688416,0.30960214138031006,0.1593611091375351,0.12410163879394531,0.11013197153806686,0.06822040677070618,-0.017981456592679024,-0.05996043235063553,0.03300164267420769,0.04276666417717934
26800,0.585631787776947,0.30960366129875183,0.15934351086616516,0.12416594475507736,0.1101592481136322,0.06821093708276749,-0.01799175888299942,-0.05997993052005768,0.03500773012638092,0.042379993945360184
26820,0.5856389999389648,0.3096097707748413,0.1593227982521057,0.12415987253189087,0.11015258729457855,0.06822313368320465,-0.01801634021103382,-0.060000088065862656,0.03200780600309372,0.04136621206998825
26840,0.5856382846832275,0.3095806837081909,0.159343883395195,0.12412749975919724,0.11014622449874878,0.06824395060539246,-0.01804060861468315,-0.06002412736415863,0.03344305604696274,0.041335709393024445
26860,0.5857661962509155,0.3095666468143463,0.1593550443649292,0.1241123229265213,0.11012568324804306,0.06823649257421494,-0.01806153915822506,-0.06004143878817558,0.032044656574726105,0.04162956029176712
26880,0.5856115221977234,0.30960550904273987,0.15940044820308685,0.1241060420870781,0.11011011153459549,0.06823430210351944,-0.018076734617352486,-0.060061123222112656,0.033566441386938095,0.04177111014723778
26900,0.5856010913848877,0.30966973304748535,0.15941816568374634,0.12409179657697678,0.11012209951877594,0.0682326927781105,-0.018080882728099823,-0.06008150428533554,0.03247663378715515,0.04095706343650818
26920,0.585623562335968,0.3096276521682739,0.15944650769233704,0.12411301583051682,0.11011619865894318,0.06821289658546448,-0.018079016357660294,-0.06010102480649948,0.03326478973031044,0.04095160588622093
26940,0.5857519507408142,0.30965253710746765,0.15947893261909485,0.12412263453006744,0.11012358218431473,0.06825269013643265,-0.018116595223546028,-0.06012289598584175,0.03374375402927399,0.040491051971912384
26960,0.5857769846916199,0.3097299635410309,0.15950824320316315,0.12411302328109741,0.11011087149381638,0.06823355704545975,-0.018129773437976837,-0.06014571338891983,0.03376159816980362,0.04235847294330597
26980,0.585809588432312,0.30973756313323975,0.15950268507003784,0.12411200255155563,0.11011246591806412,0.06825145334005356,-0.0181354321539402,-0.06016122177243233,0.03241480886936188,0.0412372425198555
27000,0.5859360098838806,0.3097826838493347,0.15955829620361328,0.12415427714586258,0.11009735614061356,0.06824766844511032,-0.018156839534640312,-0.06017637625336647,0.0315510518848896,0.04106483981013298
27020,0.5860100388526917,0.3097316026687622,0.1595708131790161,0.12417978793382645,0.11009728163480759,0.06823087483644485,-0.018172454088926315,-0.060191210359334946,0.03252962604165077,0.04108934849500656
27040,0.5860844850540161,0.30970287322998047,0.15956425666809082,0.12416620552539825,0.11005448549985886,0.06822121143341064,-0.018194135278463364,-0.060207549482584,0.0327763631939888,0.04087087884545326
27060,0.5861274600028992,0.30967068672180176,0.15957581996917725,0.12418462336063385,0.1100536435842514,0.06823442876338959,-0.01821528561413288,-0.06023038178682327,0.032651979476213455,0.0424046665430069
27080,0.5861672163009644,0.3096306025981903,0.15963250398635864,0.12418265640735626,0.11003116518259048,0.06824052333831787,-0.018219096586108208,-0.06024927273392677,0.03076953999698162,0.04284821078181267
27100,0.5861780047416687,0.30957555770874023,0.15962715446949005,0.12420478463172913,0.11002865433692932,0.06826002150774002,-0.01821773871779442,-0.060274310410022736,0.033016011118888855,0.04071365296840668
27120,0.5862647294998169,0.3096405267715454,0.15964077413082123,0.12415134906768799,0.11003735661506653,0.06826528161764145,-0.018229033797979355,-0.06030530110001564,0.031658828258514404,0.04104679077863693
27140,0.5862001180648804,0.30966317653656006,0.15968602895736694,0.1241334080696106,0.11001729220151901,0.06824646890163422,-0.01826179027557373,-0.06033610925078392,0.03181946277618408,0.04143422469496727
27160,0.5864223837852478,0.3096461594104767,0.15967552363872528,0.12407506257295609,0.11000695079565048,0.0682484358549118,-0.01826239563524723,-0.06036553904414177,0.0331181138753891,0.043323270976543427
27180,0.5863268375396729,0.30966129899024963,0.15972241759300232,0.12406642735004425,0.109992615878582,0.06824150681495667,-0.018270175904035568,-0.060389697551727295,0.03330389782786369,0.041395656764507294
27200,0.5862905979156494,0.3096444010734558,0.15969614684581757,0.12406168133020401,0.10997683554887772,0.06822147220373154,-0.018289651721715927,-0.06040043756365776,0.03311787545681,0.04177945479750633
27220,0.5863057374954224,0.3097425401210785,0.1597272753715515,0.12410442531108856,0.11000919342041016,0.06823001056909561,-0.018298378214240074,-0.060413017868995667,0.03249407559633255,0.04299726337194443
27240,0.5864347219467163,0.3098200857639313,0.15977893769741058,0.12404418736696243,0.10997302085161209,0.06821314245462418,-0.018323436379432678,-0.06043340265750885,0.03283922001719475,0.042968280613422394
27260,0.5863544940948486,0.30980417132377625,0.1598004400730133,0.12406083196401596,0.10995332151651382,0.0682288184762001,-0.018332872539758682,-0.06045921519398689,0.031825970858335495,0.04167528077960014
27280,0.5864660143852234,0.3098641633987427,0.15982134640216827,0.12401966750621796,0.10991571843624115,0.06822772324085236,-0.018350373953580856,-0.060480762273073196,0.03559396415948868,0.041128650307655334
27300,0.5864608287811279,0.3098399043083191,0.15990009903907776,0.12403670698404312,0.1099282056093216,0.06823400408029556,-0.018357418477535248,-0.06050744280219078,0.03328167647123337,0.04136040434241295
27320,0.5864360928535461,0.30986666679382324,0.15988893806934357,0.12403903156518936,0.10996238142251968,0.06825923919677734,-0.018369516357779503,-0.06052415817975998,0.03300118446350098,0.043336305767297745
27340,0.586683452129364,0.309868723154068,0.1598791927099228,0.12402808666229248,0.1099802628159523,0.06826512515544891,-0.01839286834001541,-0.06054127588868141,0.03162461519241333,0.041100747883319855
27360,0.5867310166358948,0.30988964438438416,0.15989276766777039,0.12404117733240128,0.10998640209436417,0.06823650747537613,-0.018406888470053673,-0.06056007370352745,0.033481381833553314,0.042327359318733215
27380,0.5866950750350952,0.30991131067276,0.15993747115135193,0.12405744940042496,0.10995732992887497,0.06821580976247787,-0.018429135903716087,-0.06057503819465637,0.03235751390457153,0.04167929291725159
27400,0.5867013931274414,0.30990755558013916,0.1599704921245575,0.1240772008895874,0.10994821786880493,0.06820958852767944,-0.01844344474375248,-0.06059501692652702,0.032343581318855286,0.04353713244199753
27420,0.5867001414299011,0.3099629878997803,0.1600034534931183,0.12404432147741318,0.10990434885025024,0.06821101903915405,-0.01845407858490944,-0.0606161504983902,0.03252857178449631,0.04134552553296089
27440,0.5866608619689941,0.3100268244743347,0.1600467711687088,0.12403248250484467,0.10988498479127884,0.06821545213460922,-0.018467610701918602,-0.06064360588788986,0.03297001123428345,0.04233231022953987
27460,0.5868631601333618,0.30999401211738586,0.1600731760263443,0.12405181676149368,0.10988783836364746,0.06822407990694046,-0.01848079264163971,-0.060663189738988876,0.032309211790561676,0.041270263493061066
27480,0.586897075176239,0.309993177652359,0.160160094499588,0.12411464750766754,0.10988494753837585,0.06822766363620758,-0.018492629751563072,-0.06067827716469765,0.0331355445086956,0.0422147735953331
27500,0.5870051980018616,0.3099353611469269,0.16006703674793243,0.1240895539522171,0.10989511013031006,0.0682474821805954,-0.018507134169340134,-0.06070062518119812,0.0320616215467453,0.041440315544605255
27520,0.5871015191078186,0.30993789434432983,0.1600804328918457,0.12403830140829086,0.10988931357860565,0.06825268268585205,-0.018522489815950394,-0.060726653784513474,0.03277452290058136,0.042316995561122894
27540,0.5871500968933105,0.30991873145103455,0.16007673740386963,0.1240471750497818,0.10990292578935623,0.06824822723865509,-0.01852736994624138,-0.06074746325612068,0.032946083694696426,0.04291103035211563
27560,0.5870373249053955,0.31003549695014954,0.16017909348011017,0.12409699708223343,0.10989926755428314,0.06826610863208771,-0.018540823832154274,-0.06076357513666153,0.03408440575003624,0.041692301630973816
27580,0.5871214866638184,0.3100292682647705,0.1601763814687729,0.12406106293201447,0.10987985134124756,0.06825641542673111,-0.01855572685599327,-0.06077808514237404,0.031098663806915283,0.041758082807064056
27600,0.587113082408905,0.3100372552871704,0.16017253696918488,0.12410680204629898,0.1099386066198349,0.06828907132148743,-0.018560418859124184,-0.06079122796654701,0.03601622208952904,0.040726542472839355
27620,0.5869864821434021,0.3100726902484894,0.16020840406417847,0.12411314249038696,0.10986952483654022,0.06828203797340393,-0.018570231273770332,-0.06081000715494156,0.03469612076878548,0.04297766461968422
27640,0.5871529579162598,0.3100966811180115,0.16021184623241425,0.12412784993648529,0.10986723005771637,0.06829625368118286,-0.0185732152312994,-0.060832228511571884,0.032440509647130966,0.0415290892124176
27660,0.5872286558151245,0.3101905286312103,0.16025492548942566,0.12415972352027893,0.10987348109483719,0.06830516457557678,-0.018603172153234482,-0.06084870547056198,0.03238346800208092,0.041983090341091156
27680,0.5872857570648193,0.3101278841495514,0.16022507846355438,0.12417205423116684,0.1099078431725502,0.06831410527229309,-0.018612146377563477,-0.06087097153067589,0.03172049671411514,0.040452681481838226
27700,0.5871959924697876,0.3102155923843384,0.16030363738536835,0.12418264150619507,0.10987989604473114,0.06830574572086334,-0.01863257959485054,-0.06089235469698906,0.03422391414642334,0.04172573983669281
27720,0.5871788859367371,0.31018275022506714,0.16031262278556824,0.12419793009757996,0.10985717177391052,0.06829583644866943,-0.018662182614207268,-0.06090816482901573,0.033084094524383545,0.04118792340159416
27740,0.5872443318367004,0.31016212701797485,0.16027137637138367,0.12416323274374008,0.10986265540122986,0.06829170882701874,-0.018680492416024208,-0.060928650200366974,0.032048098742961884,0.04174008592963219
27760,0.5872577428817749,0.31017062067985535,0.16033579409122467,0.12418532371520996,0.10987524688243866,0.06830204278230667,-0.0186984371393919,-0.060946471989154816,0.031747132539749146,0.04128047823905945
27780,0.5873010754585266,0.3101862967014313,0.1604078710079193,0.1241883784532547,0.10987681150436401,0.06829201430082321,-0.018726937472820282,-0.060964878648519516,0.03342808410525322,0.04160081222653389
27800,0.5873688459396362,0.3101333975791931,0.16046510636806488,0.12425478547811508,0.10988108813762665,0.06827764958143234,-0.018741877749562263,-0.060983285307884216,0.031716592609882355,0.04167185723781586
27820,0.5873797535896301,0.3101746141910553,0.16050054132938385,0.12416160851716995,0.10984588414430618,0.06826543807983398,-0.01876099221408367,-0.0610102117061615,0.031095949932932854,0.04190973937511444
27840,0.5874401330947876,0.3101452589035034,0.1605551838874817,0.12424421310424805,0.10983950644731522,0.06825760006904602,-0.018776532262563705,-0.06102776527404785,0.031953923404216766,0.04085489735007286
27860,0.5875168442726135,0.3101580739021301,0.1605466902256012,0.12421203404664993,0.10981971770524979,0.06824498623609543,-0.018790749832987785,-0.06104619428515434,0.03142792358994484,0.042481619864702225
27880,0.5873975157737732,0.3102034032344818,0.16060177981853485,0.1242155134677887,0.1098179891705513,0.06825697422027588,-0.01881459169089794,-0.0610630102455616,0.03621893376111984,0.040975265204906464
27900,0.5874725580215454,0.3102147579193115,0.16058988869190216,0.12417032569646835,0.10979446023702621,0.06824694573879242,-0.018818452954292297,-0.06108355149626732,0.03142528980970383,0.04143887013196945
27920,0.5874426364898682,0.3102492690086365,0.16062146425247192,0.12418794631958008,0.10980787873268127,0.06825219839811325,-0.018850648775696754,-0.06110066547989845,0.03060171753168106,0.04080827161669731
27940,0.5875478386878967,0.310312420129776,0.1606571078300476,0.12416732311248779,0.10981617867946625,0.06824794411659241,-0.018863916397094727,-0.06111627444624901,0.03233737498521805,0.04376234859228134
27960,0.5877120494842529,0.3104051947593689,0.16070979833602905,0.12417815625667572,0.10982299596071243,0.06827404350042343,-0.018872583284974098,-0.06113862246274948,0.032872699201107025,0.042273249477148056
27980,0.5876852869987488,0.3103691041469574,0.16064494848251343,0.12420298904180527,0.10980873554944992,0.06827864050865173,-0.01888694427907467,-0.06115521490573883,0.03113417886197567,0.04061003774404526
28000,0.5878670811653137,0.3103107810020447,0.16070686280727386,0.12420680373907089,0.10984499007463455,0.06828515976667404,-0.01891670934855938,-0.06117238849401474,0.03175005316734314,0.04097975045442581
28020,0.5878931283950806,0.3103649914264679,0.1607091873884201,0.12415950745344162,0.10984496027231216,0.06827383488416672,-0.01892979070544243,-0.06118914857506752,0.03446841239929199,0.04488015174865723
28040,0.5878541469573975,0.31032824516296387,0.1607608199119568,0.12415433675050735,0.10985394567251205,0.06828660517930984,-0.01892559789121151,-0.06120525673031807,0.03209578990936279,0.04227879270911217
28060,0.5878779292106628,0.310427188873291,0.16084952652454376,0.12416554987430573,0.10985059291124344,0.0683022141456604,-0.0189292524009943,-0.061215851455926895,0.03171958774328232,0.04287545755505562
28080,0.5880160927772522,0.31035131216049194,0.1608811914920807,0.1241532638669014,0.10985159873962402,0.06831273436546326,-0.018919581547379494,-0.061235979199409485,0.0331437774002552,0.04184800386428833
28100,0.5879497528076172,0.3103588819503784,0.16086214780807495,0.12417998164892197,0.10986854881048203,0.06830885261297226,-0.018928343430161476,-0.06125501170754433,0.03223952278494835,0.04085223376750946
28120,0.5880581140518188,0.31047528982162476,0.16086719930171967,0.12418573349714279,0.10986722260713577,0.06831285357475281,-0.018954573199152946,-0.06127576157450676,0.03240546956658363,0.04213309288024902
28140,0.5880572199821472,0.3104632794857025,0.16090166568756104,0.12420009821653366,0.10983198881149292,0.06829166412353516,-0.018987467512488365,-0.061288706958293915,0.031220048666000366,0.04150712862610817
28160,0.5880642533302307,0.31050023436546326,0.16099941730499268,0.1242566630244255,0.10983824729919434,0.06830112636089325,-0.01900451071560383,-0.061307381838560104,0.03219176456332207,0.042214423418045044
28180,0.5880388617515564,0.3106156885623932,0.16101239621639252,0.12427622824907303,0.10980866104364395,0.06829172372817993,-0.01900835521519184,-0.061329152435064316,0.03383330628275871,0.04153510183095932
28200,0.5880944728851318,0.3106062412261963,0.1610010862350464,0.12427883595228195,0.10978498309850693,0.06831492483615875,-0.0190222579985857,-0.06134306639432907,0.03123502805829048,0.041658930480480194
28220,0.5880767703056335,0.3106134235858917,0.16106781363487244,0.1242946907877922,0.10975448787212372,0.06830054521560669,-0.019045932218432426,-0.061360642313957214,0.0336550772190094,0.04081866145133972
28240,0.5881587266921997,0.3106447756290436,0.16111956536769867,0.12432693690061569,0.10977444797754288,0.06829765439033508,-0.019050611183047295,-0.061380866914987564,0.03097870573401451,0.04218427836894989
28260,0.5880700349807739,0.31059083342552185,0.16113726794719696,0.12427879124879837,0.10976050794124603,0.06829378753900528,-0.01906551979482174,-0.06140107661485672,0.03192661702632904,0.04186251014471054
28280,0.5881655812263489,0.31059786677360535,0.16108375787734985,0.12424853444099426,0.10976124554872513,0.06828079372644424,-0.01908586546778679,-0.06142441928386688,0.03292941302061081,0.04129117727279663
28300,0.5882877707481384,0.31060755252838135,0.1611141860485077,0.12422246485948563,0.10973495990037918,0.06827694177627563,-0.019110877066850662,-0.061442915350198746,0.03217282146215439,0.041874952614307404
28320,0.588198721408844,0.3105335533618927,0.161126509308815,0.12423662841320038,0.10977211594581604,0.06828004866838455,-0.019104670733213425,-0.06146719679236412,0.03193275257945061,0.040844447910785675
28340,0.5882304906845093,0.3105359673500061,0.16113083064556122,0.12425314635038376,0.10978099703788757,0.06827803701162338,-0.019123710691928864,-0.061483971774578094,0.03085077740252018,0.04093269258737564
28360,0.5882653594017029,0.31048184633255005,0.16116639971733093,0.1242310032248497,0.10975627601146698,0.0682661384344101,-0.019144639372825623,-0.06150719150900841,0.033114250749349594,0.04158448427915573
28380,0.588440477848053,0.31043899059295654,0.16116002202033997,0.12420760095119476,0.10977565497159958,0.06827320158481598,-0.01913980022072792,-0.06152666360139847,0.032563284039497375,0.043370917439460754
28400,0.5884923934936523,0.31048789620399475,0.16117973625659943,0.12422522902488708,0.1097826287150383,0.0682680755853653,-0.01915026642382145,-0.06154685840010643,0.030787106603384018,0.04158580303192139
28420,0.588630735874176,0.31051093339920044,0.16123151779174805,0.12424787133932114,0.10976332426071167,0.06826090067625046,-0.019163498654961586,-0.061574067920446396,0.03285565227270126,0.04111875593662262
28440,0.5885725617408752,0.31051674485206604,0.16121874749660492,0.12426302582025528,0.10975716263055801,0.06825502216815948,-0.019188815727829933,-0.061597321182489395,0.031997013837099075,0.04231560602784157
28460,0.5885457992553711,0.3105338215827942,0.16124671697616577,0.12421838939189911,0.10973714292049408,0.06824999302625656,-0.019203942269086838,-0.06162211298942566,0.030878517776727676,0.041305769234895706
28480,0.5885792970657349,0.31057050824165344,0.1612362265586853,0.12423475831747055,0.10972306877374649,0.06823432445526123,-0.019223056733608246,-0.061639443039894104,0.031520429998636246,0.041737932711839676
28500,0.5886713862419128,0.31061211228370667,0.16132868826389313,0.12422998994588852,0.10972122102975845,0.06823049485683441,-0.019216548651456833,-0.06165912747383118,0.0333845317363739,0.04230451211333275
28520,0.5886309146881104,0.31068119406700134,0.1613709032535553,0.12428660690784454,0.10974206030368805,0.06821518391370773,-0.019230419769883156,-0.06167983263731003,0.03103548474609852,0.04097912088036537
28540,0.5887002348899841,0.31070467829704285,0.1614236682653427,0.1242518275976181,0.10972018539905548,0.06821172684431076,-0.019241150468587875,-0.061704862862825394,0.033384304493665695,0.040433987975120544
28560,0.5887720584869385,0.31067436933517456,0.16142670810222626,0.12424435466527939,0.10969273000955582,0.06819527596235275,-0.019262393936514854,-0.06172464042901993,0.032373178750276566,0.04202508181333542
28580,0.5889180898666382,0.3105908930301666,0.1613718867301941,0.1242227777838707,0.10970206558704376,0.06819653511047363,-0.019271887838840485,-0.06174130365252495,0.032552264630794525,0.041495129466056824
28600,0.5889748930931091,0.31061282753944397,0.16140398383140564,0.12429118901491165,0.10974544286727905,0.06820520758628845,-0.019277183338999748,-0.061755601316690445,0.030993442982435226,0.041445739567279816
28620,0.5890300273895264,0.3106687366962433,0.1614396572113037,0.12427312135696411,0.10971857607364655,0.06818345189094543,-0.01929224468767643,-0.06177539750933647,0.03149217367172241,0.04153812676668167
28640,0.5889800190925598,0.3106899559497833,0.16152022778987885,0.124300517141819,0.10971296578645706,0.06817217916250229,-0.019306983798742294,-0.061795469373464584,0.03264398127794266,0.04178924858570099
28660,0.589011549949646,0.3107130527496338,0.16158846020698547,0.12428838014602661,0.10968620330095291,0.06815483421087265,-0.019322305917739868,-0.06181380897760391,0.031181683763861656,0.04092226177453995
28680,0.5890893340110779,0.3107345998287201,0.16157440841197968,0.12429281324148178,0.10967780649662018,0.06815974414348602,-0.01933003030717373,-0.061832889914512634,0.03193804621696472,0.04112295061349869
28700,0.5891792178153992,0.3106590807437897,0.16160646080970764,0.12427251040935516,0.10968150198459625,0.06814949214458466,-0.019365448504686356,-0.061849936842918396,0.03314073383808136,0.041323281824588776
28720,0.5891371965408325,0.31075286865234375,0.16170614957809448,0.1242901161313057,0.10965977609157562,0.06813399493694305,-0.019394420087337494,-0.06186487153172493,0.031172623857855797,0.041754789650440216
28740,0.5892402529716492,0.3106814920902252,0.16174736618995667,0.12429846823215485,0.10965969413518906,0.06812751293182373,-0.019397325813770294,-0.061875514686107635,0.033063676208257675,0.041428349912166595
28760,0.5893198251724243,0.31073421239852905,0.1617506444454193,0.12431321293115616,0.10966195166110992,0.06811430305242538,-0.019414542242884636,-0.06188995763659477,0.030988866463303566,0.04251081869006157
28780,0.5892726182937622,0.3107535243034363,0.16177856922149658,0.12427439540624619,0.10964746028184891,0.06811488419771194,-0.019437335431575775,-0.06190825626254082,0.03123464807868004,0.04108000546693802
28800,0.5892320871353149,0.3108007311820984,0.16181804239749908,0.12423421442508698,0.10963604599237442,0.06812597066164017,-0.019438479095697403,-0.061930492520332336,0.03168995678424835,0.041122958064079285
28820,0.5891058444976807,0.3108026385307312,0.16181501746177673,0.1242552176117897,0.1096242368221283,0.06812672317028046,-0.019454240798950195,-0.06194666400551796,0.03305870667099953,0.04053646698594093
28840,0.5892614126205444,0.3108220100402832,0.16185802221298218,0.12423450499773026,0.10965130478143692,0.06811704486608505,-0.019461149349808693,-0.06196917966008186,0.031299956142902374,0.043010909110307693
28860,0.5893059968948364,0.31070131063461304,0.16187044978141785,0.12429625540971756,0.10966116189956665,0.06811071932315826,-0.019482970237731934,-0.06198713928461075,0.03236348181962967,0.04240219295024872
28880,0.5893509984016418,0.31079840660095215,0.16189166903495789,0.1242612674832344,0.10963084548711777,0.06810243427753448,-0.019505372270941734,-0.06200665608048439,0.031947702169418335,0.0423702746629715
28900,0.5895107388496399,0.31076720356941223,0.16195441782474518,0.12425724416971207,0.10966679453849792,0.06812386959791183,-0.019507084041833878,-0.062022484838962555,0.030251065269112587,0.041341572999954224
28920,0.5894399881362915,0.3107588589191437,0.161969393491745,0.12426892668008804,0.10963871330022812,0.06810297071933746,-0.019513502717018127,-0.06203628331422806,0.03198607265949249,0.041018296033144
28940,0.5894681215286255,0.3108034133911133,0.1620112508535385,0.12431316077709198,0.10964461416006088,0.06812185794115067,-0.019525544717907906,-0.06205298751592636,0.03090130165219307,0.04335194453597069
28960,0.5895633101463318,0.31074419617652893,0.16198323667049408,0.1242889016866684,0.10964258760213852,0.06814087182283401,-0.01953345164656639,-0.06206810846924782,0.032547224313020706,0.04147057980298996
28980,0.5895600318908691,0.3107698857784271,0.1619875580072403,0.1243077740073204,0.1096205785870552,0.06813444942235947,-0.019554318860173225,-0.06208372488617897,0.031304746866226196,0.048631954938173294
29000,0.5896224975585938,0.3108418583869934,0.1619982272386551,0.12429603189229965,0.10961269587278366,0.06812311708927155,-0.01955934427678585,-0.06210392713546753,0.03186345845460892,0.04130958020687103
29020,0.5897157788276672,0.31078335642814636,0.16204574704170227,0.12430357187986374,0.10958576202392578,0.06811154633760452,-0.019563456997275352,-0.06212182715535164,0.031366392970085144,0.04192125052213669
29040,0.5896755456924438,0.3108527660369873,0.1620568186044693,0.12432767450809479,0.10959166288375854,0.06812357157468796,-0.01956809312105179,-0.0621391125023365,0.03315297141671181,0.042267993092536926
29060,0.5897643566131592,0.31087011098861694,0.16211634874343872,0.12432226538658142,0.10961005836725235,0.06813792139291763,-0.019577084109187126,-0.062154799699783325,0.031127210706472397,0.04126567393541336
29080,0.589846670627594,0.31092697381973267,0.16213099658489227,0.12430064380168915,0.10957897454500198,0.0681171715259552,-0.019603177905082703,-0.06217380240559578,0.03427504003047943,0.041384294629096985
29100,0.5898017287254333,0.3109382688999176,0.16214555501937866,0.12427619844675064,0.10959253460168839,0.06809601187705994,-0.01961611956357956,-0.06219269335269928,0.032243262976408005,0.041144996881484985
29120,0.5897645354270935,0.3109595477581024,0.16212746500968933,0.12428360432386398,0.1095905527472496,0.06809404492378235,-0.01962106116116047,-0.06220574304461479,0.03033466823399067,0.04097197949886322
29140,0.5896797776222229,0.3110561966896057,0.16222228109836578,0.12429504096508026,0.10959536582231522,0.06808773428201675,-0.019614510238170624,-0.06222762167453766,0.031848326325416565,0.04032539203763008
29160,0.5897468328475952,0.31096699833869934,0.16220559179782867,0.12427501380443573,0.10957807302474976,0.06809450685977936,-0.019616365432739258,-0.062238454818725586,0.03295963630080223,0.0416736975312233
29180,0.5896356701850891,0.31099435687065125,0.16226910054683685,0.1242748573422432,0.10954891890287399,0.06808867305517197,-0.019627807661890984,-0.06226111575961113,0.0327669233083725,0.04147828742861748
29200,0.5896361470222473,0.3109480142593384,0.16227269172668457,0.12422043830156326,0.1095343679189682,0.068069688975811,-0.01964620128273964,-0.06228218227624893,0.03201236203312874,0.04134663939476013
29220,0.5897596478462219,0.3109778165817261,0.16224724054336548,0.12423643469810486,0.10955644398927689,0.06809617578983307,-0.019659290090203285,-0.06230178847908974,0.0321013368666172,0.04059009253978729
29240,0.5898249745368958,0.31102797389030457,0.1622753143310547,0.12419140338897705,0.10952118784189224,0.0680602490901947,-0.01968633569777012,-0.06232428550720215,0.030803769826889038,0.04090146720409393
29260,0.5898284912109375,0.3109845221042633,0.16229259967803955,0.12417948991060257,0.10955119132995605,0.06805384159088135,-0.019698666408658028,-0.062343232333660126,0.032563336193561554,0.041025422513484955
29280,0.589826226234436,0.3109419047832489,0.16230247914791107,0.12415070831775665,0.10953067988157272,0.0680384561419487,-0.01971517503261566,-0.062364764511585236,0.031645920127630234,0.042368002235889435
29300,0.5898669958114624,0.3109455406665802,0.16231979429721832,0.1241488829255104,0.10950999706983566,0.06804106384515762,-0.01972995698451996,-0.06237856671214104,0.03061654046177864,0.04146585613489151
29320,0.5899691581726074,0.3108963370323181,0.1623365730047226,0.1241404265165329,0.10950686037540436,0.06804302334785461,-0.019743282347917557,-0.06239553540945053,0.032771721482276917,0.040472082793712616
29340,0.5899971723556519,0.3109937012195587,0.16233046352863312,0.12413307279348373,0.10950407385826111,0.06806313246488571,-0.01975702866911888,-0.0624120868742466,0.030867496505379677,0.04215579852461815
29360,0.5899792313575745,0.3109418451786041,0.16232575476169586,0.12411408871412277,0.10946150124073029,0.06806885451078415,-0.019763991236686707,-0.06242959573864937,0.03299234062433243,0.04086987301707268
29380,0.5900391936302185,0.31097128987312317,0.16240571439266205,0.12409304082393646,0.1094420775771141,0.06805362552404404,-0.019773369655013084,-0.0624476857483387,0.033588141202926636,0.041127391159534454
29400,0.5900508761405945,0.3109324276447296,0.1624601036310196,0.12411169707775116,0.10944250226020813,0.068058080971241,-0.01977764256298542,-0.06246386095881462,0.03248579427599907,0.041233181953430176
29420,0.5901191234588623,0.3110007047653198,0.16245287656784058,0.12412538379430771,0.10944917798042297,0.06805416196584702,-0.01980382204055786,-0.06248115375638008,0.03074435144662857,0.04090970754623413
29440,0.5901991128921509,0.31105703115463257,0.1624784618616104,0.12409196048974991,0.1094408929347992,0.0680576041340828,-0.019825078547000885,-0.06249847263097763,0.030210858210921288,0.041457466781139374
29460,0.590059757232666,0.31106799840927124,0.16248372197151184,0.12410414963960648,0.10943113267421722,0.06805631518363953,-0.019837630912661552,-0.06252037733793259,0.03123907931149006,0.04115160554647446
29480,0.5901435613632202,0.31106674671173096,0.1625119298696518,0.12415663152933121,0.10944889485836029,0.06805186718702316,-0.01984759233891964,-0.06253723055124283,0.03137119859457016,0.04167450964450836
29500,0.590254008769989,0.3110943138599396,0.1624906212091446,0.12413538247346878,0.10944091528654099,0.06804605573415756,-0.019860845059156418,-0.06255638599395752,0.03218769282102585,0.04293833300471306
29520,0.5903313159942627,0.3110501170158386,0.1625228226184845,0.12419141083955765,0.10943859815597534,0.06804848462343216,-0.019856832921504974,-0.06257082521915436,0.03202925994992256,0.041722334921360016
29540,0.5903782844543457,0.31109419465065,0.1625436395406723,0.12419053912162781,0.10945388674736023,0.06804162263870239,-0.01985955610871315,-0.06259522587060928,0.03355362266302109,0.044163305312395096
29560,0.5905223488807678,0.3111422061920166,0.16262663900852203,0.12419900298118591,0.1094498336315155,0.0680556520819664,-0.01987173780798912,-0.06262032687664032,0.03158167749643326,0.04201064258813858
29580,0.5905627012252808,0.31110680103302,0.16264960169792175,0.12425727397203445,0.1094503402709961,0.06807364523410797,-0.019882358610630035,-0.06263849139213562,0.032282084226608276,0.04277876019477844
29600,0.5906502604484558,0.31118279695510864,0.16264761984348297,0.12423896044492722,0.10942748188972473,0.06809206306934357,-0.019884763285517693,-0.06266245990991592,0.030485447496175766,0.04164627194404602
29620,0.5906200408935547,0.31118956208229065,0.16273489594459534,0.12427986413240433,0.10946851223707199,0.06810030341148376,-0.019895348697900772,-0.06268039345741272,0.03135587275028229,0.041627176105976105
29640,0.5907269716262817,0.31115487217903137,0.1627093404531479,0.1242377832531929,0.10948609560728073,0.06811396032571793,-0.019900552928447723,-0.06269583106040955,0.03050660900771618,0.04046983644366264
29660,0.5905941724777222,0.31118887662887573,0.1627693474292755,0.12422051280736923,0.10945044457912445,0.06811031699180603,-0.019921274855732918,-0.0627138614654541,0.03123609907925129,0.040999703109264374
29680,0.5906612277030945,0.31121137738227844,0.1627751886844635,0.12419651448726654,0.10942776501178741,0.06809724867343903,-0.019933735951781273,-0.062729112803936,0.03155868127942085,0.041351500898599625
29700,0.5905865430831909,0.3112109303474426,0.16284728050231934,0.12416233122348785,0.1093582957983017,0.06808282434940338,-0.019966816529631615,-0.06275057792663574,0.03270686790347099,0.040688350796699524
29720,0.5906910300254822,0.31118541955947876,0.16281668841838837,0.12417290359735489,0.10935427248477936,0.06808044016361237,-0.01997954770922661,-0.06276346743106842,0.031757622957229614,0.040927477180957794
29740,0.5907397866249084,0.311229944229126,0.1628572940826416,0.12410445511341095,0.10932539403438568,0.06807149946689606,-0.019989963620901108,-0.0627780482172966,0.031394001096487045,0.04238824546337128
29760,0.5907643437385559,0.3112669885158539,0.1628255993127823,0.124071404337883,0.10930390655994415,0.06805839389562607,-0.020007608458399773,-0.0628049373626709,0.031760215759277344,0.040567200630903244
29780,0.5907990336418152,0.3113269507884979,0.16289909183979034,0.12406861037015915,0.10930783301591873,0.06805435568094254,-0.020025894045829773,-0.06282873451709747,0.030645493417978287,0.04085657373070717
29800,0.5909407138824463,0.31134650111198425,0.16288860142230988,0.12405037134885788,0.10930537432432175,0.06805818527936935,-0.020023288205266,-0.06285101175308228,0.031209291890263557,0.0404072105884552
29820,0.5909557938575745,0.31134289503097534,0.16281792521476746,0.12406301498413086,0.10929560661315918,0.068085215985775,-0.02002827264368534,-0.0628691166639328,0.031074747443199158,0.04216274619102478
29840,0.5909313559532166,0.31131407618522644,0.16293039917945862,0.12410436570644379,0.10930060595273972,0.0680927187204361,-0.020027466118335724,-0.06288984417915344,0.03292170539498329,0.042969681322574615
29860,0.5910066366195679,0.31138038635253906,0.16296012699604034,0.12408404052257538,0.10927727073431015,0.06805966794490814,-0.02005605399608612,-0.06291021406650543,0.031640637665987015,0.041112031787633896
29880,0.5909075140953064,0.3114202320575714,0.16298267245292664,0.12407197803258896,0.1092851385474205,0.06806142628192902,-0.020063934847712517,-0.06292425841093063,0.03042120859026909,0.04114559665322304
29900,0.5910102128982544,0.31138110160827637,0.16293740272521973,0.12407314777374268,0.10925915837287903,0.06806265562772751,-0.020066406577825546,-0.06293708086013794,0.031269628554582596,0.041989728808403015
29920,0.5910705924034119,0.3113890588283539,0.16299347579479218,0.12405223399400711,0.10926782339811325,0.06806661188602448,-0.020077893510460854,-0.062954843044281,0.032129548490047455,0.04300490766763687
29940,0.591002881526947,0.3114079535007477,0.16303476691246033,0.12401587516069412,0.109250508248806,0.06806713342666626,-0.02008347399532795,-0.06297455728054047,0.032021570950746536,0.040978603065013885
29960,0.5909745693206787,0.3113596439361572,0.16310051083564758,0.12405578047037125,0.10924935340881348,0.06807193160057068,-0.020085904747247696,-0.06298838555812836,0.03186827152967453,0.040981777012348175
29980,0.5910382270812988,0.3114474415779114,0.1631304919719696,0.12405064702033997,0.10925573855638504,0.06808627396821976,-0.020091067999601364,-0.0630081295967102,0.030825316905975342,0.04069513827562332
30000,0.591109037399292,0.3114185929298401,0.1631743162870407,0.12404660135507584,0.10924271494150162,0.06807040423154831,-0.020099923014640808,-0.06302983313798904,0.031145600602030754,0.04059426859021187
