Step,gamma0,gamma1,gamma2,gamma3,gamma4,gamma5,gamma6,gamma7,loss(train),loss(validate)
20,0.0009182044304907322,-9.109426173381507e-05,0.00022894168796483427,0.0004194080538582057,0.0003781527921091765,0.0001240914425579831,-0.00030456719105131924,-1.6650083125568926e-05,0.4655943214893341,0.49684518575668335
40,0.003712486708536744,4.489481943892315e-05,0.0005229692906141281,0.00020194079843349755,0.0028222608380019665,0.0005673657869920135,-0.0006348888855427504,-9.452846279600635e-05,0.4170737564563751,0.4620001018047333
60,0.007642360869795084,0.00038296778802759945,0.0006308355950750411,5.334106390364468e-05,0.005770022515207529,0.0010455390438437462,-0.0007128747529350221,-0.0002354976168135181,0.3705132007598877,0.4413832128047943
80,0.012812004424631596,0.0011151265352964401,0.000663534679915756,-6.295828643487766e-05,0.008870523422956467,0.0014722744235768914,-0.000804905139375478,-0.0004542644019238651,0.340609073638916,0.42414239048957825
100,0.01945624314248562,0.002291617449373007,0.0006369724287651479,-0.00019170694577042013,0.011928892694413662,0.0017784121446311474,-0.0008856827043928206,-0.0006012924131937325,0.315574049949646,0.4097251296043396
120,0.027651825919747353,0.003848739666864276,0.0005116474349051714,-0.0003460135485511273,0.014840332791209221,0.0020790761336684227,-0.0009384929435327649,-0.000717148301191628,0.2993689179420471,0.3980899155139923
140,0.036867011338472366,0.005698077846318483,0.000297890102956444,-0.0005313964793458581,0.017349470406770706,0.002386068692430854,-0.000924856576602906,-0.0008812886662781239,0.27571943402290344,0.3903268575668335
160,0.045791659504175186,0.007780261803418398,0.00014496353105641901,-0.0007419689791277051,0.01919260062277317,0.0027468607295304537,-0.0008477586670778692,-0.001132137724198401,0.25460729002952576,0.386510968208313
180,0.053375594317913055,0.01022562850266695,-6.914200639585033e-05,-0.0010237559909000993,0.02042742818593979,0.0031924881041049957,-0.0008021845715120435,-0.0014212445821613073,0.2330595999956131,0.37813863158226013
200,0.05998871102929115,0.012842882424592972,-0.00024834531359374523,-0.0013129302533343434,0.02134345844388008,0.003568772692233324,-0.0008117751567624509,-0.0016756070544943213,0.22225752472877502,0.3702014088630676
220,0.06591194123029709,0.01543295569717884,-0.00034990007407031953,-0.001560985459946096,0.022126035764813423,0.003869411302730441,-0.0008408697322010994,-0.0018785129068419337,0.20650255680084229,0.3641776442527771
240,0.07132880389690399,0.01804436556994915,-0.00030564371263608336,-0.0017864308319985867,0.02270207367837429,0.004151793662458658,-0.0008965763845480978,-0.0020453997422009706,0.20419947803020477,0.349717378616333
260,0.07647977024316788,0.020677480846643448,-0.00021613811259157956,-0.00197376380674541,0.023202214390039444,0.004416163079440594,-0.0009551056427881122,-0.002202344126999378,0.18537379801273346,0.3421153128147125
280,0.08129336684942245,0.023279868066310883,-6.855982792330906e-05,-0.002169213490560651,0.023565541952848434,0.004591205157339573,-0.0010202128905802965,-0.002362129744142294,0.18001896142959595,0.331855833530426
300,0.08631350845098495,0.026009567081928253,0.0001560858654556796,-0.0023012564051896334,0.02401922084391117,0.004777409601956606,-0.001075691427104175,-0.002527839271351695,0.18109188973903656,0.308057576417923
320,0.09147686511278152,0.028742264956235886,0.0003854564274661243,-0.0024074180983006954,0.02457507885992527,0.004993242211639881,-0.0011348397238180041,-0.00266841659322381,0.1725371778011322,0.2992972135543823
340,0.09603428095579147,0.031330008059740067,0.0005807486595585942,-0.002536332467570901,0.0249539352953434,0.0051766554825007915,-0.0012007808545604348,-0.0028113413136452436,0.1639045625925064,0.28358590602874756
360,0.1007353886961937,0.03401569277048111,0.000794470775872469,-0.0025907964445650578,0.025374555960297585,0.005317183677107096,-0.001283288816921413,-0.0029422591906040907,0.16189438104629517,0.2730613052845001
380,0.10534542053937912,0.03666410222649574,0.0009759350796230137,-0.0025601577945053577,0.02577679045498371,0.0054703643545508385,-0.0013537853956222534,-0.0030653933063149452,0.16379258036613464,0.25938692688941956
400,0.10952577739953995,0.039205506443977356,0.0012105131754651666,-0.0025482987985014915,0.026152821257710457,0.005621227901428938,-0.001438737497664988,-0.003189180279150605,0.15060245990753174,0.2283526510000229
420,0.11349502950906754,0.04157610237598419,0.0013789654476568103,-0.0024795513600111008,0.026514703407883644,0.00575425336137414,-0.001538247219286859,-0.0033266739919781685,0.1537962555885315,0.21546463668346405
440,0.11737766861915588,0.044018056243658066,0.0016050678677856922,-0.00235654111020267,0.026875415816903114,0.00587845453992486,-0.0016281168209388852,-0.0034526996314525604,0.14682869613170624,0.21100002527236938
460,0.1210266575217247,0.0462750680744648,0.0018221026984974742,-0.002221312839537859,0.027239950373768806,0.0060041253454983234,-0.0017254063859581947,-0.0035727815702557564,0.1424381285905838,0.18978095054626465
480,0.12444714456796646,0.0483861118555069,0.001989771146327257,-0.0020720057655125856,0.027579260990023613,0.006147789303213358,-0.0018267888808622956,-0.003703628433868289,0.14544199407100677,0.16794094443321228
500,0.1278679221868515,0.050613246858119965,0.0021653722506016493,-0.0018788959132507443,0.027936797589063644,0.0062759509310126305,-0.0019241010304540396,-0.003824549727141857,0.13562962412834167,0.16823425889015198
520,0.13132646679878235,0.052693672478199005,0.0023673505056649446,-0.0016836731228977442,0.02831130102276802,0.006421780213713646,-0.0020161576103419065,-0.00393155962228775,0.1359100490808487,0.16061639785766602
540,0.1346399188041687,0.05474521964788437,0.0025523051153868437,-0.0014509855536743999,0.028623852878808975,0.006576248910278082,-0.0021095245610922575,-0.00403183326125145,0.13170747458934784,0.14941000938415527
560,0.13755442202091217,0.05665922537446022,0.002757654059678316,-0.0012750689638778567,0.028933322057127953,0.006704519968479872,-0.0022105013485997915,-0.004150823224335909,0.14137087762355804,0.15797530114650726
580,0.1405029147863388,0.05862409621477127,0.002962051425129175,-0.0010709423804655671,0.029243379831314087,0.006817302200943232,-0.002327659633010626,-0.004256526939570904,0.1270601749420166,0.14132338762283325
600,0.1434098184108734,0.06058807298541069,0.003212954616174102,-0.0008496874943375587,0.029537640511989594,0.006921257823705673,-0.002430099295452237,-0.004363370593637228,0.12457152456045151,0.14547283947467804
620,0.1462954878807068,0.062379591166973114,0.0034529538825154305,-0.0006660242797806859,0.02986740879714489,0.007039044052362442,-0.0025502806529402733,-0.004467019345611334,0.12326054275035858,0.13826924562454224
640,0.14863231778144836,0.06410447508096695,0.003661335911601782,-0.00045845378190279007,0.0301169753074646,0.007139851339161396,-0.0026467996649444103,-0.004573958460241556,0.1223384365439415,0.13276085257530212
660,0.15086670219898224,0.06574124097824097,0.0038483969401568174,-0.00028789424686692655,0.03029966726899147,0.007216073106974363,-0.002732125110924244,-0.004675856325775385,0.12093091756105423,0.13628001511096954
680,0.1533074676990509,0.06738647073507309,0.00409143278375268,-9.798089740797877e-05,0.03052663803100586,0.00730966916307807,-0.0028297165408730507,-0.0047918641939759254,0.1230611801147461,0.1356765627861023
700,0.15570557117462158,0.06907209008932114,0.004253896418958902,8.652128599351272e-05,0.030818412080407143,0.007448690012097359,-0.002923385240137577,-0.004893108736723661,0.12092462182044983,0.12562458217144012
720,0.15780964493751526,0.07059171795845032,0.0044646612368524075,0.0003010943182744086,0.031053947284817696,0.00757634686306119,-0.0030380922835320234,-0.004992216359823942,0.11917603015899658,0.1252836138010025
740,0.15961532294750214,0.07205422222614288,0.004646346904337406,0.00046407501213252544,0.03125448152422905,0.007707298267632723,-0.0031326166354119778,-0.005103896372020245,0.1250375360250473,0.13333694636821747
760,0.16186968982219696,0.07355993986129761,0.004865384194999933,0.0006089623202569783,0.03143346682190895,0.007874395698308945,-0.003225963795557618,-0.0052129426039755344,0.12289624661207199,0.12400373816490173
780,0.16388742625713348,0.07502488791942596,0.005112542305141687,0.0008039759704843163,0.03169357776641846,0.008028062991797924,-0.0033111635129898787,-0.005311225540935993,0.11631659418344498,0.12497485429048538
800,0.16565865278244019,0.07637542486190796,0.005303691141307354,0.000979759031906724,0.031916543841362,0.008158083073794842,-0.0033879426773637533,-0.005415550898760557,0.11387185007333755,0.12195327132940292
820,0.16745546460151672,0.07770168036222458,0.005510859191417694,0.0011300953337922692,0.032129865139722824,0.008321968838572502,-0.0034720671828836203,-0.005530088674277067,0.116475909948349,0.11894088983535767
840,0.1692485362291336,0.07905250042676926,0.005753197707235813,0.0012921480229124427,0.032356154173612595,0.008452831767499447,-0.003560650860890746,-0.00563857750967145,0.1125297024846077,0.12045765668153763
860,0.17080211639404297,0.08026548475027084,0.005968152545392513,0.0014850114239379764,0.03255051001906395,0.008594118990004063,-0.0036350709851831198,-0.005738498643040657,0.11254088580608368,0.11569183319807053
880,0.17222635447978973,0.08151823282241821,0.006151803303509951,0.0016586222918704152,0.03272420912981033,0.008729007095098495,-0.003704711329191923,-0.00583850359544158,0.11332559585571289,0.11248144507408142
900,0.17369487881660461,0.08263631910085678,0.006364661734551191,0.0017922625411301851,0.0329018197953701,0.008884397335350513,-0.0037903443444520235,-0.005961541552096605,0.11413685232400894,0.11420799046754837
920,0.1755046844482422,0.08381102234125137,0.006583163980394602,0.0019687798339873552,0.033160023391246796,0.009028502739965916,-0.00385359488427639,-0.006061684340238571,0.11061440408229828,0.11062413454055786
940,0.17704647779464722,0.08487572520971298,0.006746412720531225,0.002157774055376649,0.03337222337722778,0.009180545806884766,-0.003913789056241512,-0.006169615313410759,0.11183788627386093,0.11407294869422913
960,0.17836953699588776,0.08594310283660889,0.006967543158680201,0.0023164048325270414,0.03358228877186775,0.009326739236712456,-0.003970411140471697,-0.006284664385020733,0.11006204038858414,0.1081775650382042
980,0.17957228422164917,0.08693985641002655,0.007172534242272377,0.0024359540548175573,0.03376167267560959,0.009476968087255955,-0.004020070657134056,-0.006392349489033222,0.11428697407245636,0.11469036340713501
1000,0.18086141347885132,0.08801718056201935,0.007368018850684166,0.002601848216727376,0.03393784537911415,0.009634534828364849,-0.004075408913195133,-0.006500831339508295,0.10443925112485886,0.11073195189237595
1020,0.18201811611652374,0.0890730544924736,0.007569878827780485,0.002732083899900317,0.034115154296159744,0.009792785160243511,-0.0041658710688352585,-0.006609044969081879,0.10222361981868744,0.10974614322185516
1040,0.18316325545310974,0.09000511467456818,0.00769758177921176,0.002881215652450919,0.03427020087838173,0.009933977387845516,-0.004218194633722305,-0.006722283083945513,0.11523448675870895,0.10720980167388916
1060,0.1846579760313034,0.09112879633903503,0.00789579562842846,0.003006658749654889,0.03443605825304985,0.010061431676149368,-0.0042659817263484,-0.006831747014075518,0.10591166466474533,0.10732171684503555
1080,0.1859237104654312,0.0921093225479126,0.008101317100226879,0.0031254845671355724,0.03465200215578079,0.010213910602033138,-0.004313571844249964,-0.006953187752515078,0.10486958920955658,0.10794463008642197
1100,0.18706129491329193,0.09289483726024628,0.008242909796535969,0.003322140546515584,0.03482608124613762,0.010365241207182407,-0.004354665521532297,-0.007069342769682407,0.10326745361089706,0.10451939702033997
1120,0.18784171342849731,0.09367496520280838,0.008403063751757145,0.0034322363790124655,0.035001836717128754,0.010505505837500095,-0.004401454236358404,-0.007193522062152624,0.10495049506425858,0.10228685289621353
1140,0.18880555033683777,0.0945078656077385,0.008551142178475857,0.0035101305693387985,0.03517203778028488,0.010649641044437885,-0.004455542657524347,-0.007316754199564457,0.10296657681465149,0.10272964090108871
1160,0.1897083967924118,0.09524127840995789,0.00873132050037384,0.003648211248219013,0.03531063348054886,0.01080240122973919,-0.004502299707382917,-0.0074312989600002766,0.10313591361045837,0.10539758205413818
1180,0.19060470163822174,0.09606004506349564,0.008927509188652039,0.0037427034694701433,0.03547699376940727,0.010955664329230785,-0.0045519545674324036,-0.007541310973465443,0.1009368821978569,0.10367123782634735
1200,0.19131577014923096,0.09672600775957108,0.009096582420170307,0.0038058331701904535,0.03563651815056801,0.011088325642049313,-0.004592201206833124,-0.007656210567802191,0.10472456365823746,0.09965993463993073
1220,0.19222396612167358,0.0974651426076889,0.009269428439438343,0.003921592608094215,0.03581029176712036,0.011242670938372612,-0.004625128582119942,-0.007775267586112022,0.10376079380512238,0.10877062380313873
1240,0.1932724565267563,0.09831920266151428,0.0094650499522686,0.004034972749650478,0.03601119667291641,0.011381762102246284,-0.004657723009586334,-0.007895567454397678,0.1009412556886673,0.10158944129943848
1260,0.1940784603357315,0.09904160350561142,0.009651263244450092,0.004158830735832453,0.03619588166475296,0.011522323824465275,-0.004683193285018206,-0.008013075217604637,0.0988820269703865,0.10668402910232544
1280,0.19501228630542755,0.09972991794347763,0.009888787753880024,0.004302669782191515,0.03639553114771843,0.011709081009030342,-0.004704270977526903,-0.008122324012219906,0.09962264448404312,0.10053271055221558
1300,0.19573715329170227,0.10048327594995499,0.010076235979795456,0.004402764141559601,0.03654545545578003,0.011874147690832615,-0.004733492620289326,-0.00824841670691967,0.0986013188958168,0.10214482992887497
1320,0.19662481546401978,0.10113994777202606,0.010244540870189667,0.004499668721109629,0.036730073392391205,0.012028533034026623,-0.004763508681207895,-0.008361815474927425,0.09764888137578964,0.09857097268104553
1340,0.19757184386253357,0.1018950417637825,0.010465764440596104,0.00461233127862215,0.036937419325113297,0.012189148925244808,-0.004811698570847511,-0.00847580935806036,0.10226045548915863,0.10179503262042999
1360,0.19841641187667847,0.10258752107620239,0.010697152465581894,0.004779051523655653,0.037141431123018265,0.012359059415757656,-0.0048690191470086575,-0.008596241474151611,0.10226991027593613,0.10072166472673416
1380,0.19926142692565918,0.10332372039556503,0.010905550792813301,0.004901615437120199,0.03732552006840706,0.012515714392066002,-0.00491627911105752,-0.008709041401743889,0.098277248442173,0.10538628697395325
1400,0.19999627768993378,0.10388122498989105,0.011125567369163036,0.00505876773968339,0.03752942010760307,0.012679585255682468,-0.004947520326822996,-0.008815002627670765,0.09708914160728455,0.1014571562409401
1420,0.2006092071533203,0.10442618280649185,0.011328884400427341,0.005212397780269384,0.037687141448259354,0.012825106270611286,-0.004982480313628912,-0.008926120586693287,0.09536810964345932,0.10591428726911545
1440,0.20132580399513245,0.10506103932857513,0.011562207713723183,0.005296359304338694,0.03790242597460747,0.01297877449542284,-0.005008306819945574,-0.009027124382555485,0.09685162454843521,0.09822963178157806
1460,0.2021493762731552,0.1055988147854805,0.011781587265431881,0.0053776940330863,0.03807612508535385,0.01308993436396122,-0.00502477353438735,-0.009140233509242535,0.09915895015001297,0.09780015796422958
1480,0.2027844935655594,0.10617756098508835,0.01197721716016531,0.005464326124638319,0.03825164958834648,0.013216114602982998,-0.005046919919550419,-0.009244176559150219,0.09663745760917664,0.0950990542769432
1500,0.2032780796289444,0.1067391186952591,0.012173902243375778,0.005544708576053381,0.03844162076711655,0.013368012383580208,-0.0050774686969816685,-0.00934821180999279,0.09475623071193695,0.09579858183860779
1520,0.20396758615970612,0.10726985335350037,0.01235605776309967,0.005622236058115959,0.03861935809254646,0.01351883728057146,-0.005115509498864412,-0.009465818293392658,0.09655438363552094,0.09515955299139023
1540,0.20463697612285614,0.10775764286518097,0.012549127452075481,0.00576011324301362,0.038800016045570374,0.013670608401298523,-0.005163401365280151,-0.009564753621816635,0.0958022028207779,0.09405763447284698
1560,0.205033540725708,0.1082938015460968,0.01275854092091322,0.0058303773403167725,0.03896082192659378,0.013818655163049698,-0.005191495642066002,-0.009667729958891869,0.0938788503408432,0.09300419688224792
1580,0.20561331510543823,0.1087903156876564,0.012984232045710087,0.005851467605680227,0.039096295833587646,0.01395510509610176,-0.005225833039730787,-0.009779849089682102,0.09741245955228806,0.09267322719097137
1600,0.20595788955688477,0.10931257158517838,0.013178310357034206,0.0059858765453100204,0.039261866360902786,0.014098385348916054,-0.005249893292784691,-0.009886829182505608,0.09169263392686844,0.09806093573570251
1620,0.20660455524921417,0.10977698117494583,0.0133523466065526,0.006076049990952015,0.03945336863398552,0.014239056035876274,-0.005268063861876726,-0.009990572929382324,0.09186281263828278,0.09311459213495255
1640,0.20721650123596191,0.11028549820184708,0.013578553684055805,0.006162573117762804,0.03962058201432228,0.014388145878911018,-0.005311858840286732,-0.010089421644806862,0.09541521221399307,0.09565724432468414
1660,0.20809751749038696,0.11082430183887482,0.013754388317465782,0.006236791145056486,0.03979945555329323,0.014549938961863518,-0.005381843075156212,-0.010194867849349976,0.0927618145942688,0.0994514673948288
1680,0.20862437784671783,0.111324742436409,0.013996665365993977,0.006334673147648573,0.03998810425400734,0.014708203263580799,-0.005437276791781187,-0.010298652574419975,0.09079083800315857,0.09081552177667618
1700,0.2089308351278305,0.11177888512611389,0.014177133329212666,0.006404895801097155,0.04013669118285179,0.014827053062617779,-0.0054708742536604404,-0.010402555577456951,0.0915757566690445,0.09109584242105484
1720,0.20933668315410614,0.11221501976251602,0.014374751597642899,0.006482268217951059,0.04027898237109184,0.014976211823523045,-0.005489167291671038,-0.010508242063224316,0.08849669247865677,0.09534056484699249
1740,0.20990793406963348,0.11260873824357986,0.014556539244949818,0.00653410330414772,0.04047504812479019,0.015138604678213596,-0.005529848393052816,-0.010609939694404602,0.09507472813129425,0.09707082808017731
1760,0.21063898503780365,0.11307844519615173,0.014793586917221546,0.006663880776613951,0.040679968893527985,0.015270897187292576,-0.005591927096247673,-0.010710625909268856,0.08915691077709198,0.09442964941263199
1780,0.21110191941261292,0.1134982481598854,0.014987638220191002,0.006782450247555971,0.04086258262395859,0.015431595966219902,-0.005616920068860054,-0.010803467594087124,0.09578584879636765,0.09273083508014679
1800,0.21173270046710968,0.11404016613960266,0.015270032919943333,0.006870649289339781,0.04105238988995552,0.015615967102348804,-0.005645320285111666,-0.01089088898152113,0.09654935449361801,0.0905362144112587
1820,0.21230915188789368,0.11444059014320374,0.015573377721011639,0.006941511295735836,0.04126935824751854,0.01581059768795967,-0.005652723368257284,-0.01098705641925335,0.09299926459789276,0.09349194169044495
1840,0.21287153661251068,0.11486389487981796,0.015813807025551796,0.007052865345031023,0.04146955907344818,0.01596538908779621,-0.005673894193023443,-0.011083653196692467,0.08920430392026901,0.09507369995117188
1860,0.21339185535907745,0.11522945761680603,0.016040360555052757,0.007130987476557493,0.04165446013212204,0.016125256195664406,-0.005708074662834406,-0.01119024958461523,0.08602689206600189,0.08846879750490189
1880,0.2135305255651474,0.1155276745557785,0.016228556632995605,0.007207213435322046,0.041812095791101456,0.016270780935883522,-0.005739299580454826,-0.011280146427452564,0.0871177464723587,0.09297628700733185
1900,0.21406671404838562,0.1159171611070633,0.01645124889910221,0.007257070858031511,0.04199369251728058,0.016423609107732773,-0.005775925237685442,-0.011368390172719955,0.08941105753183365,0.08915580809116364
1920,0.21418648958206177,0.11614616960287094,0.016610464081168175,0.00735110929235816,0.04216298833489418,0.01657799445092678,-0.005807365290820599,-0.011454474180936813,0.08783916383981705,0.08760127425193787
1940,0.21461623907089233,0.11650320142507553,0.016803821548819542,0.007421026472002268,0.04234141483902931,0.016741037368774414,-0.005848861765116453,-0.011547311209142208,0.08826181292533875,0.09198693186044693
1960,0.21507371962070465,0.1168457567691803,0.017037885263562202,0.00748763233423233,0.042524516582489014,0.016860924661159515,-0.005859985947608948,-0.011639155447483063,0.08699943870306015,0.08853207528591156
1980,0.21533642709255219,0.11714468896389008,0.017247818410396576,0.007529731374233961,0.04270978271961212,0.017013518139719963,-0.005896254908293486,-0.011735610663890839,0.09341900050640106,0.090980164706707
2000,0.21589644253253937,0.11756659299135208,0.017502186819911003,0.0075973994098603725,0.042896728962659836,0.017162689939141273,-0.00595089141279459,-0.011831123381853104,0.09157690405845642,0.089603953063488
2020,0.21617376804351807,0.11795922368764877,0.017758743837475777,0.0077086943201720715,0.043051108717918396,0.017314966768026352,-0.005987636279314756,-0.011923159472644329,0.08685331791639328,0.0887627899646759
2040,0.21649831533432007,0.11828438937664032,0.018015559762716293,0.007753812707960606,0.043215714395046234,0.017438985407352448,-0.006040520966053009,-0.012005905620753765,0.0927828997373581,0.08814743906259537
2060,0.21674466133117676,0.11856535077095032,0.01824239455163479,0.0077932351268827915,0.04338274523615837,0.017581578344106674,-0.006096647586673498,-0.012108144350349903,0.08842539042234421,0.08909633755683899
2080,0.21692585945129395,0.11880776286125183,0.018414737656712532,0.007863296195864677,0.04353673756122589,0.017724785953760147,-0.006129217334091663,-0.012203449383378029,0.0876520574092865,0.0858093649148941
2100,0.21720561385154724,0.11910417675971985,0.01864750310778618,0.007919054478406906,0.04369138181209564,0.017874756827950478,-0.006196506321430206,-0.012299994006752968,0.0886700302362442,0.08569223433732986
2120,0.21755702793598175,0.11930547654628754,0.018833721056580544,0.008015148341655731,0.04383719339966774,0.017990367487072945,-0.006257053464651108,-0.012378023937344551,0.08966655284166336,0.09306938201189041
2140,0.21811464428901672,0.11968013644218445,0.019097289070487022,0.008112089708447456,0.04406282305717468,0.018167633563280106,-0.006318908184766769,-0.012470674701035023,0.08613771945238113,0.09067203849554062
2160,0.21847502887248993,0.11993207037448883,0.019344227388501167,0.008188272826373577,0.044250085949897766,0.01830587163567543,-0.006334193516522646,-0.01255946047604084,0.08595705777406693,0.08744849264621735
2180,0.21863000094890594,0.12019660323858261,0.019583167508244514,0.00830087997019291,0.04442136362195015,0.018470091745257378,-0.006377844605594873,-0.0126393623650074,0.08650284260511398,0.08619502931833267
2200,0.2189769744873047,0.1205187663435936,0.019822383299469948,0.008360127918422222,0.04460711032152176,0.0186013150960207,-0.006413732189685106,-0.01271598506718874,0.08757267892360687,0.08803185820579529
2220,0.2193329781293869,0.12074202299118042,0.020041855052113533,0.008440183475613594,0.04482458904385567,0.018759453669190407,-0.006432985886931419,-0.012781656347215176,0.08701435476541519,0.08956465125083923
2240,0.219578355550766,0.12095538526773453,0.02026974782347679,0.008569230325520039,0.04498280957341194,0.018909836187958717,-0.0064529720693826675,-0.012872550636529922,0.0823945477604866,0.08677941560745239
2260,0.2196032553911209,0.121217742562294,0.020515745505690575,0.008597079664468765,0.045097433030605316,0.019028490409255028,-0.006509794387966394,-0.012965750880539417,0.0800737738609314,0.08586938679218292
2280,0.21979184448719025,0.12134893983602524,0.020742548629641533,0.008674738928675652,0.04524944722652435,0.019175080582499504,-0.006558143068104982,-0.013046154752373695,0.08588655292987823,0.08741478621959686
2300,0.2200026661157608,0.12157967686653137,0.02096312865614891,0.008746806532144547,0.045406192541122437,0.019313091412186623,-0.006587709300220013,-0.013128770515322685,0.08770990371704102,0.08514720946550369
2320,0.22023726999759674,0.12187249958515167,0.02119418978691101,0.008799020200967789,0.045550115406513214,0.019434599205851555,-0.006634903140366077,-0.013204608112573624,0.08636654913425446,0.08719790726900101
2340,0.22048039734363556,0.12201350182294846,0.021411269903182983,0.008864929899573326,0.045739784836769104,0.01957499422132969,-0.006673268973827362,-0.013281427323818207,0.08231221139431,0.08545264601707458
2360,0.22055396437644958,0.1221957802772522,0.02159612625837326,0.008921697735786438,0.045906782150268555,0.019712453708052635,-0.006721091456711292,-0.013360574841499329,0.08475963771343231,0.08502355962991714
2380,0.2206907868385315,0.12239846587181091,0.021861551329493523,0.009029723703861237,0.04608811065554619,0.019797639921307564,-0.006786680314689875,-0.01342816837131977,0.08342073857784271,0.08494836837053299
2400,0.2208545207977295,0.12254306674003601,0.022103287279605865,0.009074158035218716,0.046243298798799515,0.01994704268872738,-0.006842189934104681,-0.013498871587216854,0.08251733332872391,0.08415025472640991
2420,0.2208719402551651,0.12267646193504333,0.022349225357174873,0.009102432988584042,0.046392787247896194,0.02006893791258335,-0.006915651727467775,-0.013587872497737408,0.08313490450382233,0.08391134440898895
2440,0.22105659544467926,0.12295027822256088,0.02258044108748436,0.00917116180062294,0.046551644802093506,0.02018030919134617,-0.006978297606110573,-0.013673936948180199,0.08888643980026245,0.0850728452205658
2460,0.22143003344535828,0.12306269258260727,0.02278398722410202,0.009261074475944042,0.04673447087407112,0.0203482024371624,-0.007031163200736046,-0.013748498633503914,0.08476843684911728,0.08378946036100388
2480,0.2214992493391037,0.1232961118221283,0.023029634729027748,0.00936077069491148,0.046852536499500275,0.020486056804656982,-0.007080663926899433,-0.013836034573614597,0.08016910403966904,0.08326873928308487
2500,0.2216203510761261,0.12340634316205978,0.023235386237502098,0.00939079187810421,0.04698025807738304,0.02057868242263794,-0.007145395036786795,-0.013921287842094898,0.08226747810840607,0.08676166087388992
2520,0.22168076038360596,0.12358339875936508,0.023481672629714012,0.00946112722158432,0.04713261127471924,0.02070971392095089,-0.007199195679277182,-0.014010637067258358,0.08244688808917999,0.0834370106458664
2540,0.2217629998922348,0.12368191033601761,0.023606672883033752,0.009476092644035816,0.04730025678873062,0.02084391750395298,-0.0072657400742173195,-0.014096100814640522,0.08440151065587997,0.08360452950000763
2560,0.2219085544347763,0.12389958649873734,0.023826584219932556,0.009535310789942741,0.04745418578386307,0.02096114493906498,-0.007319912314414978,-0.014177100732922554,0.08301922678947449,0.08373286575078964
2580,0.22218848764896393,0.12405083328485489,0.024030258879065514,0.009595364332199097,0.04762831702828407,0.02110217697918415,-0.0074054463766515255,-0.014247997663915157,0.08428250998258591,0.0843595415353775
2600,0.22234505414962769,0.12420197576284409,0.02427496388554573,0.009709509089589119,0.047846924513578415,0.021246258169412613,-0.007442467380315065,-0.014329790137708187,0.08515597879886627,0.08276791870594025
2620,0.22257578372955322,0.12432943284511566,0.02443549782037735,0.009742232970893383,0.04802335053682327,0.0213798675686121,-0.007515770383179188,-0.014409815892577171,0.08200029283761978,0.08377349376678467
2640,0.2226904332637787,0.12443549931049347,0.024656055495142937,0.009820572100579739,0.04817148670554161,0.021486535668373108,-0.007566505577415228,-0.01449805311858654,0.08072233200073242,0.08267351984977722
2660,0.22281186282634735,0.12446986883878708,0.024856362491846085,0.00982184149324894,0.048328034579753876,0.021590443328022957,-0.00762479892000556,-0.014577058143913746,0.0808986946940422,0.08340837061405182
2680,0.22272774577140808,0.12456678599119186,0.025075657293200493,0.009884322993457317,0.04847223311662674,0.021712124347686768,-0.007694824133068323,-0.014668907038867474,0.08241859823465347,0.08745517581701279
2700,0.2228638380765915,0.12465404719114304,0.025326404720544815,0.009936017915606499,0.048637326806783676,0.021820079535245895,-0.0077604977414011955,-0.014750868082046509,0.08250923454761505,0.08242333680391312
2720,0.22311268746852875,0.12478814274072647,0.025612136349081993,0.010006037540733814,0.048807114362716675,0.021935565397143364,-0.007842017337679863,-0.014834526926279068,0.08214728534221649,0.08547841012477875
2740,0.2232910692691803,0.12494140863418579,0.025844361633062363,0.010116803459823132,0.04897288233041763,0.022033313289284706,-0.007872706279158592,-0.014920293353497982,0.07981060445308685,0.08118312805891037
2760,0.22332051396369934,0.1250685155391693,0.026125334203243256,0.010178713127970695,0.04912949725985527,0.02215910330414772,-0.00792497955262661,-0.015005681663751602,0.07955443859100342,0.08208876848220825
2780,0.22331297397613525,0.12520700693130493,0.026354903355240822,0.010218371637165546,0.0492645688354969,0.022275744006037712,-0.007975350134074688,-0.015085697174072266,0.0837225466966629,0.08227143436670303
2800,0.2233656793832779,0.1252680867910385,0.026568351313471794,0.010297631844878197,0.04937661066651344,0.022379666566848755,-0.008003219962120056,-0.015171443112194538,0.08385113626718521,0.08413013815879822
2820,0.22359105944633484,0.12543371319770813,0.02680140919983387,0.010400927625596523,0.0495360903441906,0.022520719096064568,-0.008074266836047173,-0.015245153568685055,0.08032413572072983,0.08284604549407959
2840,0.2236420214176178,0.1255047619342804,0.02702319249510765,0.010480307042598724,0.04968228563666344,0.022620193660259247,-0.008151599206030369,-0.01531807892024517,0.08141754567623138,0.0812324583530426
2860,0.22371356189250946,0.12562590837478638,0.027223173528909683,0.010537164285779,0.04982869699597359,0.02270926721394062,-0.008224431425333023,-0.015390531159937382,0.08074438571929932,0.08204419910907745
2880,0.2237875610589981,0.1256590336561203,0.027381040155887604,0.010606520809233189,0.04997425898909569,0.02283330447971821,-0.00829525850713253,-0.01547405868768692,0.08088753372430801,0.08052287250757217
2900,0.2237502932548523,0.12573234736919403,0.027610599994659424,0.01065822597593069,0.050101496279239655,0.022948235273361206,-0.008344628848135471,-0.015555883757770061,0.07925400137901306,0.08291395008563995
2920,0.22386381030082703,0.1258290559053421,0.027802152559161186,0.010693101212382317,0.0502190999686718,0.023014049977064133,-0.00842601340264082,-0.01563861407339573,0.08063735067844391,0.07932796329259872
2940,0.2238423079252243,0.12591946125030518,0.028013214468955994,0.010763261467218399,0.05034453794360161,0.023130862042307854,-0.00850408710539341,-0.015707960352301598,0.08259369432926178,0.0804470106959343
2960,0.22372202575206757,0.12594926357269287,0.028198331594467163,0.010795547626912594,0.05051536485552788,0.023222332820296288,-0.008572583086788654,-0.01578224077820778,0.08265820890665054,0.08775917440652847
2980,0.22422073781490326,0.12624898552894592,0.02850870043039322,0.010807162150740623,0.050666939467191696,0.023340139538049698,-0.008631383068859577,-0.015856077894568443,0.08157579600811005,0.08579021692276001
3000,0.22421064972877502,0.12628795206546783,0.02871539071202278,0.010936209000647068,0.05084368959069252,0.023466411978006363,-0.008684763684868813,-0.01593848690390587,0.0786375179886818,0.0794956311583519
3020,0.2242690920829773,0.12630417943000793,0.028864027932286263,0.01101628690958023,0.0510103702545166,0.02355635166168213,-0.008761515840888023,-0.016025692224502563,0.08185324817895889,0.08047372102737427
3040,0.22448009252548218,0.12639355659484863,0.029095333069562912,0.01109506469219923,0.05117238312959671,0.023659303784370422,-0.008822494186460972,-0.016109241172671318,0.08183345198631287,0.07998638600111008
3060,0.22457341849803925,0.1264643371105194,0.029387570917606354,0.01121014729142189,0.05130470544099808,0.023776883259415627,-0.008893197402358055,-0.01617797464132309,0.07859195023775101,0.0841345340013504
3080,0.2247280478477478,0.1265508383512497,0.029641583561897278,0.011236373335123062,0.05143628269433975,0.023861145600676537,-0.008950227871537209,-0.016265301033854485,0.08116981387138367,0.07938818633556366
3100,0.22471879422664642,0.12660236656665802,0.029849255457520485,0.011293631047010422,0.05162404477596283,0.023964548483490944,-0.008983614854514599,-0.016347527503967285,0.07986756414175034,0.07889395952224731
3120,0.22472821176052094,0.12662087380886078,0.03003176487982273,0.011350015178322792,0.0517873577773571,0.02407623454928398,-0.009017781354486942,-0.01642473042011261,0.07693810015916824,0.07935433089733124
3140,0.22475968301296234,0.12666699290275574,0.030200375244021416,0.011392842046916485,0.05194777250289917,0.024145137518644333,-0.009087084792554379,-0.01650909334421158,0.0803137719631195,0.0779380351305008
3160,0.22491325438022614,0.126776784658432,0.03045826405286789,0.011479523964226246,0.05212864652276039,0.024232374504208565,-0.00912678986787796,-0.016596652567386627,0.07735417038202286,0.08426675945520401
3180,0.22495050728321075,0.12685343623161316,0.030664006248116493,0.011510076932609081,0.05229250714182854,0.024290360510349274,-0.009195979684591293,-0.016676126047968864,0.07752669602632523,0.07839113473892212
3200,0.22481107711791992,0.12679879367351532,0.030904589220881462,0.011587473563849926,0.05245793238282204,0.024388788267970085,-0.009265386499464512,-0.016749955713748932,0.07832983881235123,0.07912776619195938
3220,0.22478197515010834,0.12685108184814453,0.03109939768910408,0.011642840690910816,0.05254775658249855,0.024446751922369003,-0.00933893397450447,-0.016830889508128166,0.07660696655511856,0.08067751675844193
3240,0.22485996782779694,0.12688305974006653,0.03135301172733307,0.011632898822426796,0.05271780490875244,0.02451692707836628,-0.009404280222952366,-0.016916567459702492,0.07965751737356186,0.07831119000911713
3260,0.22479288280010223,0.12690426409244537,0.031528111547231674,0.011667050421237946,0.052878741174936295,0.024588951840996742,-0.00949269812554121,-0.017003020271658897,0.07533368468284607,0.07931448519229889
3280,0.22480429708957672,0.12697024643421173,0.031697388738393784,0.01176883839070797,0.05302426964044571,0.02464996464550495,-0.009551643393933773,-0.017083292827010155,0.07737769186496735,0.07812708616256714
3300,0.2247672826051712,0.12704108655452728,0.03192923963069916,0.011830308474600315,0.053163956850767136,0.024740353226661682,-0.009646059945225716,-0.017165033146739006,0.08188342303037643,0.07886216789484024
3320,0.2248886674642563,0.12709873914718628,0.032159097492694855,0.011885329149663448,0.05330313742160797,0.024820493534207344,-0.009709622710943222,-0.01723826304078102,0.07676961272954941,0.07931166142225266
3340,0.2249087542295456,0.1271127611398697,0.03233003243803978,0.011963609606027603,0.053423263132572174,0.024905283004045486,-0.009761489927768707,-0.017314495518803596,0.07901566475629807,0.07756713032722473
3360,0.2248528003692627,0.1270907074213028,0.032521579414606094,0.012055781669914722,0.053568873554468155,0.02500692754983902,-0.009817042388021946,-0.017390558496117592,0.07757753878831863,0.08400280773639679
3380,0.22482237219810486,0.12719690799713135,0.03275732696056366,0.012144181877374649,0.053702764213085175,0.025083603337407112,-0.009868435561656952,-0.017462242394685745,0.077390655875206,0.07749886065721512
3400,0.22470660507678986,0.12722620368003845,0.032974060624837875,0.012212155386805534,0.053820084780454636,0.025193875655531883,-0.009935340844094753,-0.01753075420856476,0.07658573985099792,0.07655027508735657
3420,0.22466103732585907,0.12720392644405365,0.033161461353302,0.012212158180773258,0.05393175780773163,0.02523566596210003,-0.010041197761893272,-0.017610743641853333,0.075774647295475,0.07812334597110748
3440,0.22455565631389618,0.1272074282169342,0.0333578959107399,0.012316733598709106,0.05410447716712952,0.025342123582959175,-0.010131237097084522,-0.017685718834400177,0.07437693327665329,0.0768701508641243
3460,0.22451351583003998,0.12729573249816895,0.03357791528105736,0.01234786119312048,0.05422334745526314,0.025396592915058136,-0.010214291512966156,-0.017755262553691864,0.07481225579977036,0.07651360332965851
3480,0.2244027853012085,0.12727099657058716,0.03379013016819954,0.012419587932527065,0.05433306470513344,0.025480393320322037,-0.010307070799171925,-0.017830949276685715,0.07508409768342972,0.07936635613441467
3500,0.22448468208312988,0.12734796106815338,0.034062132239341736,0.012498392723500729,0.05442811921238899,0.025549057871103287,-0.010393663309514523,-0.01790117658674717,0.0769660547375679,0.0779557004570961
3520,0.2244482934474945,0.12734661996364594,0.03428194299340248,0.012555476278066635,0.05453651398420334,0.025622883811593056,-0.01047645602375269,-0.01798010803759098,0.07749505341053009,0.07645338773727417
3540,0.22452279925346375,0.12731000781059265,0.034461475908756256,0.012612858787178993,0.054710619151592255,0.025674112141132355,-0.010555585846304893,-0.01805790886282921,0.07690640538930893,0.08047804236412048
3560,0.2245035022497177,0.12733837962150574,0.03466396406292915,0.0126549256965518,0.05485715717077255,0.025738906115293503,-0.01064365915954113,-0.0181357953697443,0.07550864666700363,0.07770266383886337
3580,0.22439342737197876,0.12737873196601868,0.03487624600529671,0.012698733247816563,0.05497433990240097,0.02578037977218628,-0.010699712671339512,-0.018217241391539574,0.07714332640171051,0.08285677433013916
3600,0.22440196573734283,0.1274542510509491,0.03506160154938698,0.012755976989865303,0.05511141195893288,0.025873124599456787,-0.010784653015434742,-0.01829254999756813,0.07816069573163986,0.08023835718631744
3620,0.2244126945734024,0.1274978369474411,0.0353042408823967,0.012833683751523495,0.05526519566774368,0.025949496775865555,-0.010862413793802261,-0.018364766612648964,0.07654788345098495,0.08198734372854233
3640,0.22437618672847748,0.1275312304496765,0.035535700619220734,0.012881806120276451,0.05540161579847336,0.026028882712125778,-0.010922199115157127,-0.01844008080661297,0.07890324294567108,0.07633862644433975
3660,0.2243657261133194,0.12754970788955688,0.03577230125665665,0.01297333836555481,0.05552448332309723,0.026105651631951332,-0.010995062068104744,-0.018529411405324936,0.07471735030412674,0.0749259889125824
3680,0.22431305050849915,0.12753820419311523,0.03592800348997116,0.012989762239158154,0.05564844235777855,0.026131536811590195,-0.011080603115260601,-0.018615463748574257,0.07350663840770721,0.08001168072223663
3700,0.22443711757659912,0.12756620347499847,0.036198657006025314,0.013059589080512524,0.05581558868288994,0.026235980913043022,-0.011151120997965336,-0.01869247853755951,0.08088676631450653,0.0776960700750351
3720,0.2245371788740158,0.12762029469013214,0.03642541170120239,0.013086464256048203,0.05601462349295616,0.02629080042243004,-0.011203390546143055,-0.01876305416226387,0.07534898072481155,0.07635883241891861
3740,0.22452937066555023,0.12760722637176514,0.03660712391138077,0.013117899186909199,0.05615270137786865,0.026351504027843475,-0.011282703839242458,-0.01883941888809204,0.0733921080827713,0.07568569481372833
3760,0.22434592247009277,0.12752985954284668,0.03676585480570793,0.013123702257871628,0.056244511157274246,0.026405056938529015,-0.011347336694598198,-0.01892390288412571,0.07546800374984741,0.07797026634216309
3780,0.2242521047592163,0.1275356560945511,0.03700058162212372,0.013237074948847294,0.05637725442647934,0.02649081125855446,-0.011422935873270035,-0.018993720412254333,0.07355324923992157,0.0755479633808136
3800,0.22414754331111908,0.12744800746440887,0.03719114139676094,0.013259202241897583,0.056522514671087265,0.02652578055858612,-0.011487643234431744,-0.01906738430261612,0.07782901078462601,0.08181288838386536
3820,0.22419442236423492,0.12742215394973755,0.037356480956077576,0.013339743949472904,0.05665593594312668,0.02661277912557125,-0.011547312140464783,-0.019142312929034233,0.07229776680469513,0.0832165777683258
3840,0.2242858111858368,0.12738366425037384,0.03753524646162987,0.013376234099268913,0.056811992079019547,0.026682114228606224,-0.011604866944253445,-0.019223565235733986,0.07362455874681473,0.07462301105260849
3860,0.22402353584766388,0.12730641663074493,0.037694428116083145,0.01345530990511179,0.05693748965859413,0.026744643226265907,-0.011668947525322437,-0.01931019313633442,0.0731428787112236,0.07434971630573273
3880,0.22379116714000702,0.12727545201778412,0.037877216935157776,0.013466664589941502,0.057023197412490845,0.026804527267813683,-0.011742093600332737,-0.019403668120503426,0.07441683113574982,0.07859407365322113
3900,0.2238900363445282,0.1273105889558792,0.03820943832397461,0.013528320007026196,0.05718153342604637,0.02686256542801857,-0.011808906681835651,-0.019479773938655853,0.07446487993001938,0.07772288471460342
3920,0.22382020950317383,0.12738405168056488,0.03842274099588394,0.013535847887396812,0.057279329746961594,0.026888620108366013,-0.011896304786205292,-0.019553588703274727,0.07491347193717957,0.07495056092739105
3940,0.22369638085365295,0.1273469477891922,0.038611091673374176,0.013608045876026154,0.057427193969488144,0.02696716971695423,-0.011975359171628952,-0.019625825807452202,0.07747501134872437,0.07491752505302429
3960,0.22366061806678772,0.12729039788246155,0.0387810617685318,0.013674318790435791,0.057554662227630615,0.02700108103454113,-0.0120503269135952,-0.019703570753335953,0.0787631943821907,0.07793724536895752
3980,0.2238491028547287,0.12730857729911804,0.03902763873338699,0.013756608590483665,0.05771894007921219,0.027093742042779922,-0.012143381871283054,-0.019783250987529755,0.07454509288072586,0.0783127173781395
4000,0.22378654778003693,0.12730783224105835,0.03920242562890053,0.013818013481795788,0.05785869434475899,0.027170922607183456,-0.01219470426440239,-0.019864803180098534,0.07233461737632751,0.07522343099117279
4020,0.22376269102096558,0.12727057933807373,0.039426397532224655,0.013885298743844032,0.05798903480172157,0.0272224023938179,-0.012281050905585289,-0.019938718527555466,0.07353253662586212,0.07518933713436127
4040,0.22372812032699585,0.12725433707237244,0.03957949951291084,0.013890542089939117,0.058126144111156464,0.027279792353510857,-0.012389399111270905,-0.020020855590701103,0.076381154358387,0.07587027549743652
4060,0.22373169660568237,0.12724371254444122,0.03982503339648247,0.013980046845972538,0.05827977508306503,0.027359357103705406,-0.01244417019188404,-0.020107204094529152,0.07291937619447708,0.07559026777744293
4080,0.22377867996692657,0.1272694617509842,0.04003974050283432,0.014063118025660515,0.058416806161403656,0.02743563801050186,-0.0125450249761343,-0.020179782062768936,0.07376878708600998,0.07993584871292114
4100,0.22372886538505554,0.12725718319416046,0.040182068943977356,0.014127204194664955,0.05855869874358177,0.02751474641263485,-0.012610668316483498,-0.020253891125321388,0.07352998852729797,0.07548509538173676
4120,0.22352410852909088,0.12723612785339355,0.04034533351659775,0.01415697205811739,0.05864027515053749,0.02756611630320549,-0.012645996175706387,-0.020328348502516747,0.07214083522558212,0.07528200000524521
4140,0.22328345477581024,0.12715955078601837,0.04052087292075157,0.014217270538210869,0.0587429516017437,0.027587788179516792,-0.012765543535351753,-0.020398445427417755,0.07349073886871338,0.07856975495815277
4160,0.22336021065711975,0.12723463773727417,0.04073067381978035,0.014293566346168518,0.05887322500348091,0.027625443413853645,-0.012854601256549358,-0.020472325384616852,0.07643917948007584,0.07728277146816254
4180,0.22318458557128906,0.12719932198524475,0.04091745615005493,0.014339909888803959,0.05900121480226517,0.027684492990374565,-0.012893185950815678,-0.020549610257148743,0.07242434471845627,0.07371168583631516
4200,0.22311082482337952,0.12717339396476746,0.04109601303935051,0.014440475963056087,0.05916493013501167,0.027723347768187523,-0.012954833917319775,-0.020626233890652657,0.07794909924268723,0.0743674784898758
4220,0.2231292426586151,0.1271904855966568,0.04132205620408058,0.014537126757204533,0.05929727107286453,0.027786018326878548,-0.013010387308895588,-0.020703131332993507,0.07225437462329865,0.07524799555540085
4240,0.22310754656791687,0.12719671428203583,0.04149220511317253,0.01461480651050806,0.05940379202365875,0.027801020070910454,-0.01309687364846468,-0.020798049867153168,0.07264391332864761,0.07320450991392136
4260,0.22296032309532166,0.1271572858095169,0.04163184016942978,0.014600749127566814,0.05952095612883568,0.02783966436982155,-0.01316817570477724,-0.020881710574030876,0.07482761144638062,0.07424431294202805
4280,0.22283786535263062,0.12708526849746704,0.04176456108689308,0.014704018831253052,0.05964904651045799,0.02786484733223915,-0.01324604731053114,-0.020956946536898613,0.07162512838840485,0.07634025812149048
4300,0.22274039685726166,0.12709149718284607,0.04199746251106262,0.01471834909170866,0.05973193421959877,0.02791452966630459,-0.01334420870989561,-0.0210267286747694,0.0706971287727356,0.07508181035518646
4320,0.22270961105823517,0.12702785432338715,0.04218720644712448,0.014827115461230278,0.05987091735005379,0.02794674225151539,-0.01342884823679924,-0.021099470555782318,0.07354952394962311,0.0738285630941391
4340,0.2225981205701828,0.12701751291751862,0.04243333637714386,0.014880265109241009,0.05998772382736206,0.027993395924568176,-0.013514143414795399,-0.021175967529416084,0.06914398819208145,0.07526585459709167
4360,0.22246666252613068,0.12695859372615814,0.04259822890162468,0.014908119104802608,0.06010870635509491,0.028022941201925278,-0.013592672534286976,-0.02124323509633541,0.0722290575504303,0.07586849480867386
4380,0.22258388996124268,0.12703508138656616,0.042847082018852234,0.015005174092948437,0.06021340191364288,0.02803652547299862,-0.013664882630109787,-0.021339086815714836,0.07044980674982071,0.07838813960552216
4400,0.22246313095092773,0.12704458832740784,0.043011460453271866,0.014992913231253624,0.060328979045152664,0.028057461604475975,-0.013738282024860382,-0.021424569189548492,0.06981051713228226,0.07654163986444473
4420,0.22247138619422913,0.12700021266937256,0.04321799799799919,0.015058176591992378,0.06046941131353378,0.028125686571002007,-0.01381768099963665,-0.021483639255166054,0.07689952105283737,0.07661274820566177
4440,0.22241340577602386,0.12698549032211304,0.04339119419455528,0.015133348293602467,0.06057513877749443,0.028138235211372375,-0.013937564566731453,-0.02156979590654373,0.07019536942243576,0.07448897510766983
4460,0.22231541574001312,0.12689225375652313,0.04351349547505379,0.015168381854891777,0.060673147439956665,0.028185654431581497,-0.014023448340594769,-0.02164466679096222,0.07329928874969482,0.07399138808250427
4480,0.222309410572052,0.12689842283725739,0.04376230761408806,0.015220222994685173,0.06080550327897072,0.0282023586332798,-0.01408561784774065,-0.021733678877353668,0.07579066604375839,0.07327478379011154
4500,0.22211113572120667,0.12679144740104675,0.043879419565200806,0.015289121307432652,0.06095284968614578,0.028259947896003723,-0.014155388809740543,-0.021822456270456314,0.07332447916269302,0.07346852123737335
4520,0.22185975313186646,0.12675254046916962,0.044079095125198364,0.015348474495112896,0.06107306852936745,0.02824326977133751,-0.014247315935790539,-0.021901246160268784,0.07119195908308029,0.07682248950004578
4540,0.22180701792240143,0.12671338021755219,0.044224683195352554,0.015416758134961128,0.06118109077215195,0.028271308168768883,-0.01429673470556736,-0.02197824791073799,0.07119469344615936,0.07277347147464752
4560,0.22157038748264313,0.12662853300571442,0.044397443532943726,0.01546140480786562,0.061232827603816986,0.028293974697589874,-0.014423642307519913,-0.02205558493733406,0.07029194384813309,0.07314540445804596
4580,0.22143447399139404,0.12667201459407806,0.04461386799812317,0.015534516423940659,0.06129967048764229,0.028306303545832634,-0.01452094316482544,-0.022129954770207405,0.07122687995433807,0.07317359745502472
4600,0.2213560938835144,0.12660138309001923,0.04477445408701897,0.015581955201923847,0.06141045689582825,0.028319600969552994,-0.014597637578845024,-0.022201282903552055,0.06882856786251068,0.0727095901966095
4620,0.22122202813625336,0.12650281190872192,0.044878654181957245,0.015597181394696236,0.061518892645835876,0.028345104306936264,-0.014665443450212479,-0.022279653698205948,0.07003102451562881,0.07149385660886765
4640,0.2211511880159378,0.12639406323432922,0.04504338279366493,0.015615908429026604,0.06160224229097366,0.028373321518301964,-0.014752572402358055,-0.022358352318406105,0.07137170433998108,0.07254905253648758
4660,0.22099553048610687,0.1263950765132904,0.045260582119226456,0.015641720965504646,0.06171563267707825,0.028377952054142952,-0.01485657598823309,-0.022442637011408806,0.07117702066898346,0.0750187486410141
4680,0.22092798352241516,0.12640851736068726,0.04547899588942528,0.015721125528216362,0.06183866411447525,0.02837381511926651,-0.014946660958230495,-0.022516269236803055,0.07330458611249924,0.07224605977535248
4700,0.22083121538162231,0.12638559937477112,0.045618750154972076,0.01578626222908497,0.0619858056306839,0.02841949835419655,-0.01504799909889698,-0.022586949169635773,0.07177356630563736,0.07343217730522156
4720,0.22088125348091125,0.12636056542396545,0.045828722417354584,0.015838515013456345,0.06209374964237213,0.028428494930267334,-0.015178239904344082,-0.022659040987491608,0.07090185582637787,0.0786181166768074
4740,0.22087818384170532,0.12636101245880127,0.04596570506691933,0.01591419242322445,0.062203120440244675,0.028485381975769997,-0.015238656662404537,-0.02273433469235897,0.07103592157363892,0.07381157577037811
4760,0.2207612693309784,0.12633831799030304,0.04612142592668533,0.015992073342204094,0.06230241060256958,0.028501365333795547,-0.015306568704545498,-0.02280428633093834,0.0709536001086235,0.07262247800827026
4780,0.22078853845596313,0.1262904405593872,0.04625765234231949,0.016057666391134262,0.062446385622024536,0.028538702055811882,-0.015379665419459343,-0.022873226553201675,0.06699615716934204,0.07101002335548401
4800,0.2206328809261322,0.12626029551029205,0.04643022269010544,0.016102248802781105,0.06253426522016525,0.02855321764945984,-0.015470236539840698,-0.02294723503291607,0.0719618946313858,0.07198947668075562
4820,0.22053194046020508,0.1262505203485489,0.0466020368039608,0.01615435816347599,0.06261313706636429,0.02857949770987034,-0.015575701370835304,-0.02302759885787964,0.07148105651140213,0.07226620614528656
4840,0.22041663527488708,0.1262720227241516,0.046802811324596405,0.01620725356042385,0.062716044485569,0.028572315350174904,-0.015695059671998024,-0.023104878142476082,0.06972916424274445,0.07176219671964645
4860,0.22020138800144196,0.12627103924751282,0.04694558307528496,0.01622917875647545,0.06277580559253693,0.028580842539668083,-0.01580778695642948,-0.023180829361081123,0.06886179000139236,0.07294080406427383
4880,0.22014711797237396,0.12621915340423584,0.04710898548364639,0.016284065321087837,0.0628984197974205,0.028613893315196037,-0.0158553346991539,-0.023253804072737694,0.07042890787124634,0.07178831100463867
4900,0.22010914981365204,0.1262601763010025,0.04731214419007301,0.016327690333127975,0.06297949701547623,0.02862011454999447,-0.015929056331515312,-0.023320304229855537,0.06948866695165634,0.07112652063369751
4920,0.22005431354045868,0.12629705667495728,0.047422971576452255,0.01633644849061966,0.06306158751249313,0.028675626963377,-0.015994930639863014,-0.023393822833895683,0.06852573156356812,0.07170557975769043
4940,0.21983838081359863,0.12617450952529907,0.04759988933801651,0.016422178596258163,0.0631537064909935,0.028677519410848618,-0.016092196106910706,-0.023471059277653694,0.07090828567743301,0.07165165990591049
4960,0.21977324783802032,0.1261066049337387,0.04772825911641121,0.016500378027558327,0.06324765086174011,0.028663063421845436,-0.016175253316760063,-0.023542214184999466,0.06985172629356384,0.0722937062382698
4980,0.2197185605764389,0.12611123919487,0.04792939871549606,0.016525477170944214,0.06334669888019562,0.028659207746386528,-0.016263877972960472,-0.023612387478351593,0.07047417014837265,0.07297763228416443
5000,0.21970169246196747,0.12606780230998993,0.04813190549612045,0.016577862203121185,0.0635000467300415,0.028669055551290512,-0.01628679223358631,-0.02369352988898754,0.0726005882024765,0.07068487256765366
5020,0.21966926753520966,0.12605640292167664,0.04831951484084129,0.016620617359876633,0.06361565738916397,0.02870488539338112,-0.016362125054001808,-0.02376067265868187,0.07040204107761383,0.07461130619049072
5040,0.21958300471305847,0.12598007917404175,0.04844769462943077,0.01670346036553383,0.06375156342983246,0.02873663790524006,-0.016437489539384842,-0.023834094405174255,0.07147862762212753,0.0746130645275116
5060,0.21963991224765778,0.12596797943115234,0.048633139580488205,0.016683153808116913,0.06389477849006653,0.028748732060194016,-0.016542138531804085,-0.023900436237454414,0.06962411850690842,0.0721937045454979
5080,0.21954485774040222,0.12593834102153778,0.04869774356484413,0.01675557717680931,0.06402141600847244,0.028813401237130165,-0.016604159027338028,-0.02396414615213871,0.069672591984272,0.07239053398370743
5100,0.21942177414894104,0.12592719495296478,0.04888037219643593,0.01680506393313408,0.06412407010793686,0.02881711721420288,-0.016690414398908615,-0.024033719673752785,0.06863612681627274,0.0715397298336029
5120,0.21929360926151276,0.12583428621292114,0.049005281180143356,0.016833389177918434,0.06417274475097656,0.028796564787626266,-0.016810161992907524,-0.024105748161673546,0.06704641878604889,0.07193645089864731
5140,0.21903808414936066,0.12579815089702606,0.04918060079216957,0.01690286584198475,0.0642518624663353,0.02879655919969082,-0.016888128593564034,-0.024173228070139885,0.06991563737392426,0.07122654467821121
5160,0.21896958351135254,0.12580278515815735,0.049341220408678055,0.016941815614700317,0.06435184180736542,0.028845153748989105,-0.016959408298134804,-0.02424531802535057,0.06852148473262787,0.07221642881631851
5180,0.21877765655517578,0.12573868036270142,0.049493301659822464,0.016928717494010925,0.06443221122026443,0.028834985569119453,-0.01706417091190815,-0.024311747401952744,0.06722267717123032,0.07158728688955307
5200,0.2186775952577591,0.1256517767906189,0.049659181386232376,0.01697731949388981,0.06456276774406433,0.02887270413339138,-0.01718473993241787,-0.02438754215836525,0.06846491992473602,0.07137531042098999
5220,0.21850727498531342,0.12553642690181732,0.04979148134589195,0.017021119594573975,0.06464874744415283,0.028882181271910667,-0.01727946661412716,-0.024467162787914276,0.06963548064231873,0.07299360632896423
5240,0.21841607987880707,0.1255866289138794,0.04993646964430809,0.01704111136496067,0.0647515207529068,0.02886904962360859,-0.0173695906996727,-0.024544483050704002,0.06981755048036575,0.07281558215618134
5260,0.21822158992290497,0.12554168701171875,0.050091467797756195,0.017094017937779427,0.06484024226665497,0.02887784317135811,-0.01745368167757988,-0.024626806378364563,0.06783690303564072,0.06929752230644226
5280,0.2181258499622345,0.12542256712913513,0.0501619391143322,0.017097214236855507,0.0649389699101448,0.028864968568086624,-0.017559191212058067,-0.024709291756153107,0.07406690716743469,0.07108434289693832
5300,0.21818041801452637,0.12538234889507294,0.050358835607767105,0.01715020462870598,0.06504476070404053,0.02890816517174244,-0.017664805054664612,-0.02478509210050106,0.07057438790798187,0.07060743868350983
5320,0.21813926100730896,0.1253286451101303,0.05049890652298927,0.017238199710845947,0.06516533344984055,0.028925353661179543,-0.01771053858101368,-0.024857880547642708,0.06996388733386993,0.07295393198728561
5340,0.2178470939397812,0.12526826560497284,0.05063876509666443,0.017293138429522514,0.06527389585971832,0.02893412485718727,-0.017801232635974884,-0.024932565167546272,0.06895390897989273,0.07069479674100876
5360,0.21777373552322388,0.12512671947479248,0.05077757313847542,0.01734130084514618,0.06540057808160782,0.028974492102861404,-0.01789630576968193,-0.025003788992762566,0.06996448338031769,0.07063344866037369
5380,0.21787670254707336,0.12498483061790466,0.0509171187877655,0.017360767349600792,0.06551560759544373,0.029003819450736046,-0.018004165962338448,-0.0250689797103405,0.0744834914803505,0.07140602171421051
5400,0.2178303450345993,0.12509959936141968,0.05109619349241257,0.017436785623431206,0.06563721597194672,0.029011905193328857,-0.01804138720035553,-0.025130752474069595,0.06620492041110992,0.07699336111545563
5420,0.21776385605335236,0.1250266581773758,0.05124152824282646,0.017529334872961044,0.06574799865484238,0.029030941426753998,-0.018095945939421654,-0.025209126994013786,0.06781474500894547,0.07057450711727142
5440,0.2174401879310608,0.12497913837432861,0.05143480747938156,0.01758854277431965,0.06584479659795761,0.029063010588288307,-0.01816120371222496,-0.025280022993683815,0.06701233237981796,0.0758717879652977
5460,0.21744853258132935,0.12496975809335709,0.05158606916666031,0.017594965174794197,0.06592737883329391,0.029041700065135956,-0.01825425960123539,-0.02535606548190117,0.0695447102189064,0.07499153167009354
5480,0.21753160655498505,0.12496497482061386,0.05174708366394043,0.017634261399507523,0.06605418771505356,0.029078498482704163,-0.018309663981199265,-0.025434693321585655,0.06937297433614731,0.07172417640686035
5500,0.217380091547966,0.12487504631280899,0.05192844569683075,0.01766621321439743,0.06611917167901993,0.029083073139190674,-0.018392208963632584,-0.02551344223320484,0.06616798788309097,0.0701371282339096
5520,0.21716776490211487,0.12483096867799759,0.052109524607658386,0.017741020768880844,0.06623854488134384,0.02909304015338421,-0.018480267375707626,-0.02558596059679985,0.0690172016620636,0.06966151297092438
5540,0.21703262627124786,0.12473279982805252,0.05224883183836937,0.017824139446020126,0.06631302833557129,0.029137050732970238,-0.018577225506305695,-0.02564946375787258,0.06725212186574936,0.06981618702411652
5560,0.21684132516384125,0.12464550882577896,0.05243629962205887,0.017855167388916016,0.06633932143449783,0.029158610850572586,-0.018680302426218987,-0.025716200470924377,0.06794972717761993,0.07076924294233322
5580,0.2168155014514923,0.12458326667547226,0.052521947771310806,0.01785511150956154,0.06639749556779861,0.029091516509652138,-0.018767954781651497,-0.025788811966776848,0.07046295702457428,0.06946755200624466
5600,0.2167719602584839,0.12447632104158401,0.05266059190034866,0.017925430089235306,0.06649493426084518,0.029073214158415794,-0.018855087459087372,-0.025861414149403572,0.06882423907518387,0.06969121843576431
5620,0.21669705212116241,0.12447559088468552,0.05284624174237251,0.01801181212067604,0.06658592075109482,0.02909686230123043,-0.018956515938043594,-0.025938913226127625,0.06691639870405197,0.06995374709367752
5640,0.2165256142616272,0.12444621324539185,0.05294814705848694,0.01802002266049385,0.06666643172502518,0.029061583802103996,-0.01902945153415203,-0.026009444147348404,0.06982743740081787,0.07000094652175903
5660,0.2163158655166626,0.12444713711738586,0.05311515927314758,0.018052758648991585,0.06673847138881683,0.029064444825053215,-0.019142385572195053,-0.02608015574514866,0.06819438934326172,0.0689348354935646
5680,0.21629180014133453,0.12437866628170013,0.053258009254932404,0.018089914694428444,0.06685424596071243,0.02906680293381214,-0.019195225089788437,-0.026153022423386574,0.06673292815685272,0.07316692173480988
5700,0.21612781286239624,0.12437833100557327,0.05339518561959267,0.018112769350409508,0.06689968705177307,0.029032187536358833,-0.01926804892718792,-0.026221735402941704,0.06854855269193649,0.07219954580068588
5720,0.21607835590839386,0.12420827150344849,0.05347391217947006,0.018109280616044998,0.06696440279483795,0.02901357412338257,-0.01933661848306656,-0.026297299191355705,0.06746303290128708,0.06962521374225616
5740,0.21592046320438385,0.12410756945610046,0.05358396843075752,0.0180926825851202,0.06699752807617188,0.02898615226149559,-0.019440311938524246,-0.02635701559484005,0.06849837303161621,0.06998167186975479
5760,0.21582864224910736,0.12399949878454208,0.05370904877781868,0.01813434064388275,0.06706514954566956,0.028974084183573723,-0.01951928809285164,-0.026425352320075035,0.06605153530836105,0.06908440589904785
5780,0.21576939523220062,0.12394213676452637,0.05382167175412178,0.01815548911690712,0.06710944324731827,0.028969278559088707,-0.01961689069867134,-0.026502352207899094,0.06830880790948868,0.06906138360500336
5800,0.21551282703876495,0.12379444390535355,0.05396730825304985,0.018242446705698967,0.06719136983156204,0.02897879295051098,-0.019713010638952255,-0.026576146483421326,0.06969672441482544,0.06867701560258865
5820,0.21540921926498413,0.12385294586420059,0.05411854758858681,0.018284237012267113,0.06726213544607162,0.02899106778204441,-0.019822847098112106,-0.026648005470633507,0.06574580073356628,0.07512480765581131
5840,0.2153279036283493,0.12374240905046463,0.05421769618988037,0.018351048231124878,0.06732770055532455,0.02900046296417713,-0.019894912838935852,-0.02671242319047451,0.06633677333593369,0.06797708570957184
5860,0.21513256430625916,0.12365826964378357,0.05428335443139076,0.01839076727628708,0.06734205037355423,0.028926635161042213,-0.019964145496487617,-0.026784900575876236,0.0680377334356308,0.07010648399591446
5880,0.21499542891979218,0.12353609502315521,0.05444284528493881,0.018480313941836357,0.0674387514591217,0.02891416847705841,-0.0200491975992918,-0.02685593254864216,0.0681496113538742,0.07014862447977066
5900,0.21477031707763672,0.12345056235790253,0.054529257118701935,0.01862477697432041,0.06747095286846161,0.028927482664585114,-0.020160038024187088,-0.026920994743704796,0.06842685490846634,0.0705384612083435
5920,0.21466493606567383,0.12339543551206589,0.054676417261362076,0.01870659738779068,0.067555271089077,0.028934737667441368,-0.02025626227259636,-0.026995379477739334,0.0661553293466568,0.07004247605800629
5940,0.21462281048297882,0.12340052425861359,0.05484680458903313,0.018760278820991516,0.06765520572662354,0.02895287796854973,-0.02034665271639824,-0.027066873386502266,0.06815508008003235,0.06814272701740265
5960,0.21446493268013,0.12338974326848984,0.05494032800197601,0.01879608817398548,0.0677267536520958,0.028964323922991753,-0.020446231588721275,-0.02713981829583645,0.06738989800214767,0.07024131715297699
5980,0.21435488760471344,0.1233464926481247,0.05502823367714882,0.018778663128614426,0.06776679307222366,0.028945613652467728,-0.020551908761262894,-0.027212705463171005,0.06815806031227112,0.06763361394405365
6000,0.214192733168602,0.12320991605520248,0.055102720856666565,0.018849534913897514,0.06780721247196198,0.028903832659125328,-0.02066163159906864,-0.02728748880326748,0.06595727801322937,0.0697140023112297
6020,0.21409429609775543,0.12323388457298279,0.05519181489944458,0.018892912194132805,0.0678887739777565,0.028902754187583923,-0.02074962854385376,-0.027362404391169548,0.0676056370139122,0.06756710261106491
6040,0.214004784822464,0.12311998009681702,0.05531556159257889,0.018961729481816292,0.06794515252113342,0.028871336951851845,-0.020847532898187637,-0.02742193266749382,0.06822270154953003,0.06970591843128204
6060,0.2137901484966278,0.12307480722665787,0.05545088276267052,0.019017472863197327,0.06797719746828079,0.028878964483737946,-0.020925698801875114,-0.02748837321996689,0.06439746171236038,0.06929131597280502
6080,0.21358679234981537,0.12302146106958389,0.05555948242545128,0.01911763660609722,0.06799811869859695,0.028836533427238464,-0.02103377692401409,-0.027558498084545135,0.06662657111883163,0.06940825283527374
6100,0.21349844336509705,0.12293825298547745,0.0556553415954113,0.019153190776705742,0.0680885836482048,0.02884414605796337,-0.021138031035661697,-0.02762622758746147,0.06590132415294647,0.06797515600919724
6120,0.21332603693008423,0.12286125868558884,0.05580461025238037,0.01916525512933731,0.068121038377285,0.02882017381489277,-0.021212032064795494,-0.02770265005528927,0.067005954682827,0.06816843152046204
6140,0.21328790485858917,0.12288845330476761,0.055994801223278046,0.019160091876983643,0.06814045459032059,0.02878282405436039,-0.021303711459040642,-0.027769507840275764,0.06515132635831833,0.06760518252849579
6160,0.21313154697418213,0.12276259809732437,0.056066155433654785,0.019186465069651604,0.06819098442792892,0.02874879725277424,-0.02138415537774563,-0.02784392237663269,0.0677669495344162,0.07002238184213638
6180,0.2129843533039093,0.12268140912055969,0.056182608008384705,0.01929204724729061,0.06825153529644012,0.028736498206853867,-0.02148544229567051,-0.02790481597185135,0.06790417432785034,0.06948814541101456
6200,0.2130938619375229,0.1225988119840622,0.056295186281204224,0.019323864951729774,0.0682942122220993,0.028753453865647316,-0.02156604453921318,-0.027978260070085526,0.06827037036418915,0.06876341998577118
6220,0.2128644734621048,0.12250733375549316,0.056394532322883606,0.019468100741505623,0.06837492436170578,0.028761858120560646,-0.02163088321685791,-0.02804110012948513,0.06636747717857361,0.06796665489673615
6240,0.21272456645965576,0.12240234017372131,0.056455764919519424,0.019464299082756042,0.06846121698617935,0.028764355927705765,-0.021709175780415535,-0.028104407712817192,0.06561987102031708,0.06705764681100845
6260,0.21264393627643585,0.12235900014638901,0.05658756569027901,0.01951718144118786,0.06851769983768463,0.028756912797689438,-0.02180553786456585,-0.028171787038445473,0.06710662692785263,0.06905120611190796
6280,0.2125232219696045,0.12226005643606186,0.05671742931008339,0.019580496475100517,0.06855389475822449,0.028730688616633415,-0.021882956847548485,-0.028241487219929695,0.0673246756196022,0.06696519255638123
6300,0.21235373616218567,0.1222214624285698,0.056855637580156326,0.019610311836004257,0.06856983155012131,0.028702961280941963,-0.021977078169584274,-0.028320975601673126,0.06670110672712326,0.06841182708740234
6320,0.21228915452957153,0.12214841693639755,0.05698719993233681,0.01965915411710739,0.06859404593706131,0.028675198554992676,-0.02206980623304844,-0.028388461098074913,0.06691699475049973,0.0686488002538681
6340,0.21229466795921326,0.12210703641176224,0.05710475519299507,0.01971450075507164,0.06865188479423523,0.02863481640815735,-0.02216409146785736,-0.028442952781915665,0.06505907326936722,0.07478592544794083
6360,0.21244926750659943,0.12209702283143997,0.05727655068039894,0.019795140251517296,0.0687728002667427,0.028661848977208138,-0.022241687402129173,-0.028499823063611984,0.06798727065324783,0.07019976526498795
6380,0.21239396929740906,0.12199407815933228,0.05733991041779518,0.01982494443655014,0.0688617080450058,0.028666360303759575,-0.022308627143502235,-0.028559470549225807,0.06725633889436722,0.0675944834947586
6400,0.2122460901737213,0.1218971461057663,0.05744734779000282,0.019903458654880524,0.06893498450517654,0.028662024065852165,-0.02236390858888626,-0.02862238511443138,0.06793805956840515,0.074189193546772
6420,0.21225018799304962,0.12186722457408905,0.05751945823431015,0.019934704527258873,0.0690244808793068,0.02864973619580269,-0.02243313007056713,-0.028693877160549164,0.06439483910799026,0.06820207834243774
6440,0.21213741600513458,0.12166255712509155,0.05760663002729416,0.02000567503273487,0.06907249242067337,0.028659638017416,-0.022460248321294785,-0.028760647401213646,0.06568723171949387,0.06852410733699799
6460,0.2121037244796753,0.12163179367780685,0.05771145597100258,0.020037202164530754,0.06913571804761887,0.028595104813575745,-0.0225527286529541,-0.028821740299463272,0.06607627868652344,0.0700310543179512
6480,0.21205222606658936,0.121597059071064,0.05781541019678116,0.020114000886678696,0.06921856105327606,0.028607387095689774,-0.022603997960686684,-0.028877783566713333,0.06709430366754532,0.06722615659236908
6500,0.21190312504768372,0.12158836424350739,0.05798356980085373,0.020192157477140427,0.06929398328065872,0.028606323525309563,-0.02268402837216854,-0.028935536742210388,0.06308506429195404,0.06918468326330185
6520,0.21178235113620758,0.12152068316936493,0.05809178948402405,0.02023792453110218,0.06934871524572372,0.02857489325106144,-0.02274741604924202,-0.029001889750361443,0.06520596146583557,0.06726474314928055
6540,0.21174493432044983,0.12141487747430801,0.05814044177532196,0.020274585112929344,0.06940343230962753,0.028548793867230415,-0.022827401757240295,-0.02906874753534794,0.06666265428066254,0.06883274763822556
6560,0.21162624657154083,0.12135560065507889,0.05821928754448891,0.020317401736974716,0.06947605311870575,0.028560103848576546,-0.022878408432006836,-0.02913275919854641,0.06510142236948013,0.06674179434776306
6580,0.21139337122440338,0.12127471715211868,0.05835191160440445,0.020382529124617577,0.06951912492513657,0.02852768637239933,-0.022983377799391747,-0.029206397011876106,0.06497836858034134,0.06705282628536224
6600,0.21122664213180542,0.12124025821685791,0.05841027945280075,0.020362313836812973,0.06957273185253143,0.028518743813037872,-0.023084357380867004,-0.02928374521434307,0.06537126004695892,0.06646543741226196
6620,0.21114744246006012,0.1211332157254219,0.058532919734716415,0.020387668162584305,0.06962404400110245,0.02849195897579193,-0.023180631920695305,-0.029349809512495995,0.06439533084630966,0.06753689050674438
6640,0.21096277236938477,0.12107880413532257,0.05861290544271469,0.020448213443160057,0.06968659907579422,0.028487278148531914,-0.02325988933444023,-0.029415449127554893,0.06344472616910934,0.06747496128082275
6660,0.21076153218746185,0.1209757849574089,0.05870785564184189,0.020452583208680153,0.06971748918294907,0.028461411595344543,-0.023322544991970062,-0.029488399624824524,0.06794427335262299,0.06929237395524979
6680,0.21075285971164703,0.1209043562412262,0.058774206787347794,0.02047068625688553,0.06977526098489761,0.028430404141545296,-0.023385584354400635,-0.029560700058937073,0.06562887132167816,0.06728243827819824
6700,0.21070174872875214,0.12078559398651123,0.05880559980869293,0.02053462713956833,0.06984791159629822,0.028400933369994164,-0.023474140092730522,-0.02962912991642952,0.06690337508916855,0.07123500853776932
6720,0.21066544950008392,0.1207205280661583,0.05895029008388519,0.02057226002216339,0.06996798515319824,0.0283807460218668,-0.023548077791929245,-0.029694106429815292,0.0659838318824768,0.06770676374435425
6740,0.2105536311864853,0.12067627161741257,0.05901016667485237,0.020619777962565422,0.07002544403076172,0.028357049450278282,-0.02364877611398697,-0.029759734869003296,0.06335712969303131,0.0685918927192688
6760,0.21027503907680511,0.12062287330627441,0.059133294969797134,0.020693616941571236,0.07008468359708786,0.028352510184049606,-0.023733388632535934,-0.02981993742287159,0.06673898547887802,0.07188810408115387
6780,0.21031959354877472,0.12049226462841034,0.05928187072277069,0.020735839381814003,0.07014603912830353,0.02835381031036377,-0.023848561570048332,-0.029889529570937157,0.06510575860738754,0.06807209551334381
6800,0.21022482216358185,0.12044122815132141,0.059390466660261154,0.020789658650755882,0.07017745077610016,0.028347020968794823,-0.023924753069877625,-0.029952039942145348,0.06707977503538132,0.06787510216236115
6820,0.2100307047367096,0.12035438418388367,0.059508245438337326,0.0209028422832489,0.07025937736034393,0.02832801453769207,-0.023974062874913216,-0.030004924163222313,0.06405112147331238,0.0690108984708786
6840,0.20995879173278809,0.12025592476129532,0.05962822958827019,0.020933212712407112,0.07032479345798492,0.02830122597515583,-0.024048466235399246,-0.030067913234233856,0.06465347856283188,0.06724217534065247
6860,0.20969268679618835,0.12020992487668991,0.05971136689186096,0.020967992022633553,0.0703766867518425,0.028282662853598595,-0.024127500131726265,-0.030123252421617508,0.06391314417123795,0.06778616458177567
6880,0.2095738798379898,0.12007904797792435,0.05978317931294441,0.021025486290454865,0.07040707767009735,0.028217770159244537,-0.024226387962698936,-0.030188659206032753,0.06492350995540619,0.06840480864048004
6900,0.20936894416809082,0.1200501099228859,0.05990264564752579,0.021114107221364975,0.07044656574726105,0.028166813775897026,-0.024301232770085335,-0.03025178425014019,0.06248797848820686,0.06715802848339081
6920,0.20933306217193604,0.11994363367557526,0.060062021017074585,0.02110220678150654,0.07047077268362045,0.02813202328979969,-0.02439424954354763,-0.03031732514500618,0.06437915563583374,0.06674559414386749
6940,0.20925456285476685,0.11990098655223846,0.06009407341480255,0.02111533097922802,0.07052848488092422,0.028080839663743973,-0.024480819702148438,-0.030387742444872856,0.0658799484372139,0.07280229032039642
6960,0.20926818251609802,0.11986133456230164,0.06024375930428505,0.021195992827415466,0.07061277329921722,0.02805776707828045,-0.024574412032961845,-0.030463069677352905,0.06529378890991211,0.07344403862953186
6980,0.2092607319355011,0.11980345845222473,0.06037081778049469,0.021248016506433487,0.07067704945802689,0.02805502340197563,-0.024684090167284012,-0.030537404119968414,0.06866062432527542,0.07068893313407898
7000,0.20919692516326904,0.11972626298666,0.06055203452706337,0.021339239552617073,0.07070543617010117,0.02804197557270527,-0.024738389998674393,-0.0306000467389822,0.06542559713125229,0.06623801589012146
7020,0.2091280221939087,0.11963600665330887,0.06059885025024414,0.02135978266596794,0.07076284289360046,0.028016241267323494,-0.024791475385427475,-0.030662864446640015,0.06590906530618668,0.06828238070011139
7040,0.2089725136756897,0.1196088194847107,0.06074393913149834,0.02144884690642357,0.07080908119678497,0.027989741414785385,-0.02487459033727646,-0.03072424978017807,0.06294114142656326,0.06575753539800644
7060,0.20881670713424683,0.11953489482402802,0.06076861545443535,0.02150764875113964,0.070832759141922,0.02796657383441925,-0.02495194785296917,-0.030790459364652634,0.06486410647630692,0.06684514880180359
7080,0.208718940615654,0.11954987794160843,0.06086177006363869,0.021570149809122086,0.07083738595247269,0.027904443442821503,-0.025048909708857536,-0.03085479512810707,0.06611431390047073,0.06762589514255524
7100,0.2085951864719391,0.11941511929035187,0.06086873263120651,0.021646032109856606,0.07093419879674911,0.027890004217624664,-0.025128642097115517,-0.030917707830667496,0.06379954516887665,0.06555858254432678
7120,0.20849168300628662,0.11931932717561722,0.06095303222537041,0.021640272811055183,0.07097376883029938,0.02786349505186081,-0.025215134024620056,-0.030987469479441643,0.06690963357686996,0.0655880868434906
7140,0.20844759047031403,0.11923994868993759,0.06104724109172821,0.021703995764255524,0.0710105299949646,0.027885133400559425,-0.02530880644917488,-0.031061742454767227,0.06294413655996323,0.07500570267438889
7160,0.20846275985240936,0.11920388787984848,0.0611749105155468,0.021738700568675995,0.07105308771133423,0.027853719890117645,-0.025390125811100006,-0.031124170869588852,0.06573991477489471,0.06719066947698593
7180,0.20838330686092377,0.11921796947717667,0.061346475034952164,0.02180570177733898,0.0711246207356453,0.027828853577375412,-0.02543400414288044,-0.031186312437057495,0.06258843094110489,0.0704401284456253
7200,0.20838555693626404,0.11914544552564621,0.06135960668325424,0.021797211840748787,0.07121436297893524,0.027798067778348923,-0.025512229651212692,-0.031245257705450058,0.06397906690835953,0.06847777962684631
7220,0.2082342952489853,0.1190190315246582,0.061426568776369095,0.02188081480562687,0.07128366827964783,0.027806080877780914,-0.025584233924746513,-0.03130241110920906,0.06461144983768463,0.06672505289316177
7240,0.2081230729818344,0.11895366758108139,0.061478763818740845,0.021891042590141296,0.0713668242096901,0.027754472568631172,-0.025637827813625336,-0.03135763108730316,0.06274309754371643,0.06680475920438766
7260,0.208124577999115,0.11879230290651321,0.061615511775016785,0.021942606195807457,0.0714019164443016,0.027749601751565933,-0.025702184066176414,-0.0314224436879158,0.0650026723742485,0.06818608939647675
7280,0.2079351395368576,0.11867556720972061,0.06169334799051285,0.02202777750790119,0.07140301913022995,0.02774973213672638,-0.025786666199564934,-0.03148074075579643,0.06441153585910797,0.06611348688602448
7300,0.20779190957546234,0.11864778399467468,0.06174992769956589,0.02208658494055271,0.07138729840517044,0.027711955830454826,-0.02588471956551075,-0.03155136480927467,0.06335821002721786,0.06636299937963486
7320,0.2076934278011322,0.11864881217479706,0.06183813884854317,0.02208906225860119,0.07141922414302826,0.027702677994966507,-0.025984428822994232,-0.03161643445491791,0.06468870490789413,0.06509676575660706
7340,0.20767037570476532,0.11859682947397232,0.061876874417066574,0.022120727226138115,0.0714423805475235,0.027700038626790047,-0.026051627472043037,-0.03168804198503494,0.06377137452363968,0.0659080296754837
7360,0.20764394104480743,0.1184876561164856,0.06199708208441734,0.0221906378865242,0.07150058448314667,0.027655892074108124,-0.02616620622575283,-0.03176680579781532,0.06560961157083511,0.06777548789978027
7380,0.20759479701519012,0.1184270903468132,0.06200413033366203,0.02222149819135666,0.0715537890791893,0.027626587077975273,-0.026230333372950554,-0.031839072704315186,0.06446171551942825,0.066806361079216
7400,0.20750373601913452,0.11827371269464493,0.062061429023742676,0.022239981219172478,0.07163478434085846,0.027630439028143883,-0.02628677897155285,-0.03189985081553459,0.06325910240411758,0.06550994515419006
7420,0.2072935551404953,0.11824799329042435,0.06211233139038086,0.022265832871198654,0.07167727500200272,0.027587922289967537,-0.026371877640485764,-0.03195701166987419,0.06295857578516006,0.0669320747256279
7440,0.20714788138866425,0.11821731179952621,0.062253188341856,0.022359231486916542,0.07167300581932068,0.027510834857821465,-0.02645236812531948,-0.03202655911445618,0.06419980525970459,0.06534815579652786
7460,0.20706766843795776,0.11822028458118439,0.062347203493118286,0.022376596927642822,0.07167435437440872,0.027458565309643745,-0.02657030150294304,-0.032091062515974045,0.06409505009651184,0.06734710931777954
7480,0.20709992945194244,0.11820843815803528,0.06244921311736107,0.02243625372648239,0.0717371478676796,0.0274093896150589,-0.02665041945874691,-0.03216597065329552,0.06409759074449539,0.06622841954231262
7500,0.20680654048919678,0.11815720796585083,0.062492139637470245,0.022476570680737495,0.07180233299732208,0.027379825711250305,-0.026734190061688423,-0.0322309285402298,0.06539879739284515,0.0645914301276207
7520,0.2065979540348053,0.11811676621437073,0.06259005516767502,0.022553054615855217,0.07184123992919922,0.02735496684908867,-0.026785772293806076,-0.03230226784944534,0.06428752839565277,0.06711161136627197
7540,0.20658868551254272,0.11802598088979721,0.06260834634304047,0.022613361477851868,0.07184340804815292,0.02731933444738388,-0.026864267885684967,-0.0323663167655468,0.06010987237095833,0.06495590507984161
7560,0.20648865401744843,0.11791626363992691,0.0625852420926094,0.022652452811598778,0.07186359912157059,0.027298951521515846,-0.026937361806631088,-0.032428160309791565,0.0626348927617073,0.06519704312086105
7580,0.20626766979694366,0.11785205453634262,0.06266454607248306,0.02270481549203396,0.0718640685081482,0.027246523648500443,-0.02701382339000702,-0.03249498829245567,0.06375828385353088,0.06555532664060593
7600,0.2062600702047348,0.11778668314218521,0.06271275132894516,0.022745681926608086,0.07185234129428864,0.027200384065508842,-0.02711915597319603,-0.032566849142313004,0.06250008940696716,0.06620997190475464
7620,0.20605170726776123,0.11778030544519424,0.06286036223173141,0.022817255929112434,0.07188363373279572,0.0271617379039526,-0.02716483175754547,-0.03262988105416298,0.0649997815489769,0.0681091696023941
7640,0.20601366460323334,0.11770231276750565,0.06285682320594788,0.02282600849866867,0.07194484770298004,0.027138710021972656,-0.027228089049458504,-0.032684326171875,0.06547052413225174,0.06515046209096909
7660,0.20593519508838654,0.1176413744688034,0.06295116990804672,0.022856513038277626,0.0720217302441597,0.027139943093061447,-0.027314534410834312,-0.032738104462623596,0.06215623766183853,0.0694035217165947
7680,0.20591898262500763,0.11754114925861359,0.06308399885892868,0.022883979603648186,0.07209426164627075,0.027108700945973396,-0.027375072240829468,-0.032803282141685486,0.06183059513568878,0.06676691770553589
7700,0.20582684874534607,0.11747106164693832,0.0631863921880722,0.022913429886102676,0.07216931134462357,0.027072317898273468,-0.027409791946411133,-0.032863639295101166,0.06427332758903503,0.06537210941314697
7720,0.20572976768016815,0.11738739907741547,0.06326160579919815,0.022915035486221313,0.07216627150774002,0.02703339047729969,-0.027503302320837975,-0.03293432295322418,0.062476035207509995,0.06514176726341248
7740,0.20556126534938812,0.11730436980724335,0.06326569616794586,0.022901032119989395,0.0721895694732666,0.027013186365365982,-0.0275648795068264,-0.03299925476312637,0.06223643198609352,0.06464499980211258
7760,0.2054850161075592,0.11717434227466583,0.06330842524766922,0.02294556051492691,0.07218848913908005,0.02699299156665802,-0.02763083204627037,-0.03305411711335182,0.06394515931606293,0.06819120794534683
7780,0.20540370047092438,0.11708106100559235,0.06345585733652115,0.022996164858341217,0.07224539667367935,0.026964303106069565,-0.027730148285627365,-0.033117812126874924,0.06252967566251755,0.06433657556772232
7800,0.20530007779598236,0.11700107157230377,0.06354833394289017,0.022962264716625214,0.07225753366947174,0.02688736468553543,-0.027784038335084915,-0.03318047150969505,0.06260949373245239,0.06520622223615646
7820,0.2052667737007141,0.11692682653665543,0.0635746493935585,0.022980358451604843,0.07226810604333878,0.026838179677724838,-0.027883537113666534,-0.0332462415099144,0.0640481486916542,0.06560453027486801
7840,0.20509785413742065,0.1168738603591919,0.06371375918388367,0.023047320544719696,0.0723041296005249,0.02677125856280327,-0.027970800176262856,-0.03330640122294426,0.061763737350702286,0.0661752000451088
7860,0.20479662716388702,0.11674422770738602,0.06375882029533386,0.023105643689632416,0.07235124707221985,0.02671845443546772,-0.0280087199062109,-0.033358484506607056,0.06242953613400459,0.06583055853843689
7880,0.2047121524810791,0.11675751209259033,0.06383748352527618,0.023116067051887512,0.07231509685516357,0.02666999213397503,-0.028096353635191917,-0.03342483937740326,0.061487164348363876,0.06746124476194382
7900,0.20468026399612427,0.11666761338710785,0.06389578431844711,0.023162782192230225,0.07231021672487259,0.026633156463503838,-0.028170250356197357,-0.03349719196557999,0.06168617680668831,0.06626507639884949
7920,0.20451220870018005,0.11662032455205917,0.063980832695961,0.023217281326651573,0.07234958559274673,0.026590600609779358,-0.028225092217326164,-0.03356589004397392,0.06334010511636734,0.06577421724796295
7940,0.2043563574552536,0.11652536690235138,0.06403469294309616,0.02327134646475315,0.07236812263727188,0.02656133845448494,-0.02829461731016636,-0.033633552491664886,0.061793141067028046,0.06604863703250885
7960,0.2043021321296692,0.11640714108943939,0.0640631914138794,0.02336113713681698,0.07241915911436081,0.02650916762650013,-0.028375321999192238,-0.033688828349113464,0.06513704359531403,0.06473974883556366
7980,0.20426441729068756,0.11631342023611069,0.06414370983839035,0.023418450728058815,0.0724187046289444,0.026459472253918648,-0.028474103659391403,-0.03375237435102463,0.06182815134525299,0.06814369559288025
8000,0.20420341193675995,0.11627061665058136,0.06427008658647537,0.02342149429023266,0.07244380563497543,0.026388859376311302,-0.02855304256081581,-0.033806074410676956,0.06340905278921127,0.06544861942529678
8020,0.2039710134267807,0.11611573398113251,0.06436093151569366,0.023466892540454865,0.0724821612238884,0.026364095509052277,-0.028617385774850845,-0.03386245667934418,0.06218549981713295,0.06454642117023468
8040,0.20386500656604767,0.11604008823633194,0.06441184878349304,0.02348688431084156,0.07252547144889832,0.026304125785827637,-0.02871774695813656,-0.033936500549316406,0.06216809153556824,0.06534804403781891
8060,0.20379726588726044,0.11595719307661057,0.06443388015031815,0.02354883775115013,0.0725935623049736,0.026268498972058296,-0.028793562203645706,-0.03399433195590973,0.061156511306762695,0.06556400656700134
8080,0.20375601947307587,0.11585628986358643,0.06458722054958344,0.02354312315583229,0.07259894162416458,0.026237420737743378,-0.028863664716482162,-0.034043584018945694,0.0626169890165329,0.06854185461997986
8100,0.20364771783351898,0.1157846748828888,0.06462248414754868,0.023605702444911003,0.07260910421609879,0.026194656267762184,-0.028926759958267212,-0.034103602170944214,0.06265191733837128,0.06811219453811646
8120,0.20368246734142303,0.11575458943843842,0.06468287110328674,0.023661166429519653,0.07266072928905487,0.026172107085585594,-0.02897939272224903,-0.034163784235715866,0.06311298161745071,0.0645180270075798
8140,0.2035655975341797,0.1156558245420456,0.06474313139915466,0.023730497807264328,0.07275054603815079,0.02612747997045517,-0.029033785685896873,-0.03422266244888306,0.06461270153522491,0.06502430886030197
8160,0.2035401165485382,0.11558222770690918,0.06480973213911057,0.02374151721596718,0.07278590649366379,0.026091929525136948,-0.029114829376339912,-0.03428465873003006,0.06070422753691673,0.06557435542345047
8180,0.20337048172950745,0.11555293947458267,0.06486020237207413,0.023756347596645355,0.0728202760219574,0.02601652964949608,-0.029220061376690865,-0.03434992954134941,0.06156134232878685,0.06534624099731445
8200,0.20332719385623932,0.11550228297710419,0.06499404460191727,0.02383245714008808,0.07286124676465988,0.025987200438976288,-0.029303977265954018,-0.03440440818667412,0.0633431151509285,0.06560496985912323
8220,0.20315416157245636,0.11540830135345459,0.06503721326589584,0.023802509531378746,0.07288998365402222,0.025916600599884987,-0.029396777972579002,-0.03445572406053543,0.06256195902824402,0.06717552244663239
8240,0.20296773314476013,0.11528488993644714,0.06512612849473953,0.023834358900785446,0.07295891642570496,0.02587793953716755,-0.0294500645250082,-0.03451267257332802,0.06263113766908646,0.06604648381471634
8260,0.20294129848480225,0.11523134261369705,0.06515591591596603,0.02389475703239441,0.07299073040485382,0.025818008929491043,-0.029538506641983986,-0.03458389639854431,0.061212506145238876,0.06382732093334198
8280,0.20279070734977722,0.11516450345516205,0.06516262143850327,0.023929040879011154,0.07302386313676834,0.025809578597545624,-0.029626935720443726,-0.034647002816200256,0.06251034885644913,0.06441706418991089
8300,0.20265045762062073,0.11514164507389069,0.06521791964769363,0.02397160977125168,0.07297997921705246,0.025743015110492706,-0.029692912474274635,-0.03470742329955101,0.06039518117904663,0.0634419396519661
8320,0.20254895091056824,0.11511864513158798,0.06529256701469421,0.024042710661888123,0.07298314571380615,0.025723347440361977,-0.02980595827102661,-0.034768834710121155,0.060933295637369156,0.0654834732413292
8340,0.2023930698633194,0.11508730053901672,0.06538042426109314,0.024071114137768745,0.07297258824110031,0.025680270045995712,-0.029899533838033676,-0.03483521565794945,0.06492170691490173,0.06545176357030869
8360,0.2022673487663269,0.11495501548051834,0.06539902091026306,0.024104801937937737,0.07299946248531342,0.025618012994527817,-0.02997082658112049,-0.034903500229120255,0.06259170919656754,0.06415384262800217
8380,0.20211783051490784,0.11491359025239944,0.06550344079732895,0.024093782529234886,0.07298310101032257,0.025596851482987404,-0.030049433931708336,-0.03496447950601578,0.061273254454135895,0.06486614048480988
8400,0.20196925103664398,0.11489119380712509,0.06567183881998062,0.024141471832990646,0.07299232482910156,0.0255353394895792,-0.030101509764790535,-0.03502910956740379,0.059545718133449554,0.06388462334871292
8420,0.20194128155708313,0.11479908972978592,0.06573436409235,0.02411635033786297,0.07297856360673904,0.025476016104221344,-0.030171995982527733,-0.035099390894174576,0.06096019223332405,0.06484236568212509
8440,0.20180156826972961,0.11471632868051529,0.06577630341053009,0.024226736277341843,0.07301796227693558,0.02548362873494625,-0.030230937525629997,-0.03515830636024475,0.06147259473800659,0.06583429872989655
8460,0.2015925943851471,0.11466044187545776,0.0658450722694397,0.02424713596701622,0.07302770018577576,0.025451747700572014,-0.030285637825727463,-0.035228002816438675,0.05868664011359215,0.06307971477508545
8480,0.20141920447349548,0.11455975472927094,0.06596939265727997,0.024260247126221657,0.07302823662757874,0.025398243218660355,-0.030371319502592087,-0.03528948500752449,0.0640348270535469,0.0647982507944107
8500,0.2013947069644928,0.1145261824131012,0.06603715568780899,0.024296443909406662,0.07305227965116501,0.025364341214299202,-0.030466215685009956,-0.03534294292330742,0.06309326738119125,0.06579620391130447
8520,0.20127242803573608,0.11449121683835983,0.06612192094326019,0.02431025169789791,0.07308603078126907,0.025327304378151894,-0.030547156929969788,-0.03539338335394859,0.06161133944988251,0.06515726447105408
8540,0.20117105543613434,0.11440067738294601,0.06614962220191956,0.02437991462647915,0.0731431320309639,0.025297287851572037,-0.03062116727232933,-0.035455264151096344,0.06384452432394028,0.06632475554943085
8560,0.20127853751182556,0.11433751881122589,0.06628865748643875,0.024405907839536667,0.07316894829273224,0.025272099301218987,-0.030698712915182114,-0.03552479296922684,0.06215522065758705,0.06422217935323715
8580,0.20121771097183228,0.11427756398916245,0.06633263826370239,0.02448127605021,0.07320943474769592,0.025235194712877274,-0.030733348801732063,-0.03558065742254257,0.0608285628259182,0.06536828726530075
8600,0.20106537640094757,0.11420180648565292,0.06634768098592758,0.024477461352944374,0.07320462912321091,0.02516058087348938,-0.030795108526945114,-0.03563812002539635,0.061871275305747986,0.06661755591630936
8620,0.2009618729352951,0.11413753777742386,0.06636607646942139,0.02451438456773758,0.0732126235961914,0.02510007470846176,-0.030870676040649414,-0.03569624200463295,0.06238427758216858,0.06491388380527496
8640,0.20083554089069366,0.11405761539936066,0.06647667288780212,0.024495871737599373,0.07324805110692978,0.025065649300813675,-0.03093803860247135,-0.035743944346904755,0.06398998200893402,0.06662419438362122
8660,0.20076334476470947,0.11405415832996368,0.06652235984802246,0.02452770620584488,0.07333559542894363,0.025088584050536156,-0.03100014664232731,-0.035798102617263794,0.059188321232795715,0.06411254405975342
8680,0.20064282417297363,0.1139160618185997,0.06658880412578583,0.024595925584435463,0.07335984706878662,0.025035664439201355,-0.031053662300109863,-0.035849135369062424,0.06251104921102524,0.06588105857372284
8700,0.20057165622711182,0.11382661014795303,0.06668008863925934,0.024625131860375404,0.07337204366922379,0.024991709738969803,-0.031118232756853104,-0.03590603545308113,0.06289578974246979,0.06835261732339859
8720,0.20060107111930847,0.11374238133430481,0.06667520105838776,0.0246904119849205,0.0733795017004013,0.024959547445178032,-0.031206052750349045,-0.035966213792562485,0.06062331795692444,0.07071176916360855
8740,0.20075955986976624,0.11365653574466705,0.06675536185503006,0.02470746450126171,0.07347781211137772,0.024903899058699608,-0.0312405563890934,-0.036018915474414825,0.061947405338287354,0.06381809711456299
8760,0.2006414234638214,0.11354456841945648,0.06676807999610901,0.024740761145949364,0.07353532314300537,0.024861754849553108,-0.031262196600437164,-0.03607959672808647,0.0597216822206974,0.06422396749258041
8780,0.20056673884391785,0.11352036893367767,0.06678136438131332,0.024768691509962082,0.07354367524385452,0.024803167209029198,-0.03134951367974281,-0.036134518682956696,0.05926711484789848,0.06277849525213242
8800,0.20040026307106018,0.11344248056411743,0.06681021302938461,0.024759138002991676,0.07353921234607697,0.024752285331487656,-0.03143330663442612,-0.036188237369060516,0.060476724058389664,0.06269214302301407
8820,0.20032279193401337,0.11337776482105255,0.06676069647073746,0.02479049190878868,0.07356856018304825,0.024679791182279587,-0.031493980437517166,-0.03624564781785011,0.06046810373663902,0.06713828444480896
8840,0.2001958042383194,0.11326893419027328,0.06678842008113861,0.02488219365477562,0.07362440973520279,0.024655090644955635,-0.031545381993055344,-0.03629820793867111,0.061606477946043015,0.06339036673307419
8860,0.1999591886997223,0.11321456730365753,0.06684745848178864,0.0249429102987051,0.07361773401498795,0.024626240134239197,-0.03159886598587036,-0.03636213764548302,0.060899365693330765,0.06510532647371292
8880,0.1998739391565323,0.11302952468395233,0.06683897227048874,0.024960696697235107,0.07362822443246841,0.02457311563193798,-0.03167950361967087,-0.03642181307077408,0.058441855013370514,0.06349729746580124
8900,0.19976802170276642,0.11295630037784576,0.06688816845417023,0.025008516386151314,0.07364096492528915,0.02453644759953022,-0.031725410372018814,-0.03647637367248535,0.0599670335650444,0.06324882805347443
8920,0.19959145784378052,0.1129641979932785,0.0669550895690918,0.025035126134753227,0.07363267242908478,0.0244621429592371,-0.031795937567949295,-0.03653958812355995,0.05925915390253067,0.0629296749830246
8940,0.199562668800354,0.11289110034704208,0.06700606644153595,0.02508675679564476,0.0736343115568161,0.02437707781791687,-0.031869739294052124,-0.03659631311893463,0.06109483912587166,0.06463348120450974
8960,0.19948214292526245,0.11282933503389359,0.06706035882234573,0.0251882653683424,0.07365451753139496,0.02434636652469635,-0.03193707764148712,-0.036645207554101944,0.06172054633498192,0.06373456865549088
8980,0.19933946430683136,0.11268825083971024,0.06712878495454788,0.025207629427313805,0.0736297145485878,0.024282019585371017,-0.03200389817357063,-0.0367044173181057,0.05814998969435692,0.06278625130653381
9000,0.19910570979118347,0.11263956874608994,0.06714969128370285,0.025242973119020462,0.07361961901187897,0.024238932877779007,-0.03208152949810028,-0.03675677627325058,0.06238816678524017,0.06418157368898392
9020,0.19892142713069916,0.11251290887594223,0.06721283495426178,0.02528437413275242,0.07361496984958649,0.02417515404522419,-0.03212131932377815,-0.03681137412786484,0.060902178287506104,0.06282151490449905
9040,0.19884011149406433,0.1123962476849556,0.06730964779853821,0.025303585454821587,0.07362499833106995,0.02413526549935341,-0.03221311420202255,-0.036863088607788086,0.05990918353199959,0.06447689235210419
9060,0.19863075017929077,0.11235146969556808,0.06733474135398865,0.025310389697551727,0.07357954978942871,0.024042563512921333,-0.03230370208621025,-0.03692170977592468,0.058376047760248184,0.06312690675258636
9080,0.1985051929950714,0.11227165907621384,0.06745979189872742,0.025361089035868645,0.07357800751924515,0.024008015170693398,-0.03239109739661217,-0.036979205906391144,0.06087212264537811,0.06321880221366882
9100,0.198359876871109,0.11218185722827911,0.06751937419176102,0.025387965142726898,0.07359723746776581,0.02396335080265999,-0.03246074169874191,-0.03704294562339783,0.05859203636646271,0.06269996613264084
9120,0.19823528826236725,0.11211015284061432,0.06750798970460892,0.02544024959206581,0.07355780154466629,0.02393113076686859,-0.032541271299123764,-0.03710755705833435,0.06004510074853897,0.06231372430920601
9140,0.198125958442688,0.11196475476026535,0.06751915067434311,0.02544357068836689,0.07351842522621155,0.02386970818042755,-0.032599180936813354,-0.03717756271362305,0.06030866876244545,0.06405173987150192
9160,0.19800463318824768,0.11197452247142792,0.06763743609189987,0.02551543526351452,0.07355763018131256,0.023761792108416557,-0.032674793154001236,-0.037238895893096924,0.061100490391254425,0.0635111853480339
9180,0.19805419445037842,0.11183871328830719,0.06769616901874542,0.025516396388411522,0.07354321330785751,0.0237274132668972,-0.03273793309926987,-0.03728894889354706,0.05911935120820999,0.06427950412034988
9200,0.19799669086933136,0.11185846477746964,0.06771866232156754,0.025508224964141846,0.07356057316064835,0.023670479655265808,-0.03280535712838173,-0.037346553057432175,0.06112133339047432,0.06344021111726761
9220,0.19790931046009064,0.11168514937162399,0.06768545508384705,0.02554233744740486,0.07357460260391235,0.02364913374185562,-0.03285258635878563,-0.03740851953625679,0.05917630344629288,0.06418845802545547
9240,0.19777926802635193,0.11166861653327942,0.06772694736719131,0.025622636079788208,0.07355394959449768,0.023616213351488113,-0.03293223679065704,-0.03746240213513374,0.06120583415031433,0.06421269476413727
9260,0.197706401348114,0.11157834529876709,0.06773438304662704,0.025616751983761787,0.07355672121047974,0.02359132096171379,-0.03299965336918831,-0.037527550011873245,0.06356492638587952,0.0645374283194542
9280,0.1976136714220047,0.1115126684308052,0.06775371730327606,0.025704925879836082,0.07353664189577103,0.023518774658441544,-0.033061590045690536,-0.03758922964334488,0.06181173771619797,0.06304493546485901
9300,0.19741246104240417,0.1114305779337883,0.06780161708593369,0.025678172707557678,0.07353539019823074,0.023468831554055214,-0.03313257545232773,-0.03764864802360535,0.06028852239251137,0.06442508101463318
9320,0.19723498821258545,0.11128339171409607,0.0678274855017662,0.02570558339357376,0.07356849312782288,0.023436732590198517,-0.03320969268679619,-0.03770554065704346,0.05890689417719841,0.06448930501937866
9340,0.1973113715648651,0.11127258092164993,0.06791243702173233,0.025723207741975784,0.07357150316238403,0.02341180108487606,-0.03324969857931137,-0.037761226296424866,0.06155812367796898,0.06366866827011108
9360,0.1972193866968155,0.11123696714639664,0.0679704025387764,0.025725863873958588,0.0736011192202568,0.02336695045232773,-0.033358242362737656,-0.03782542049884796,0.05854138731956482,0.06288811564445496
9380,0.19699709117412567,0.11107012629508972,0.06794597953557968,0.025789722800254822,0.0736146941781044,0.02332780510187149,-0.03344566375017166,-0.03788725286722183,0.05965525284409523,0.06352569162845612
9400,0.19679713249206543,0.11101245880126953,0.06796354800462723,0.025840511545538902,0.07359378784894943,0.023267824202775955,-0.03354201465845108,-0.037940140813589096,0.05946151539683342,0.06434930115938187
9420,0.19658125936985016,0.11097408831119537,0.06802913546562195,0.025824900716543198,0.07357076555490494,0.023171288892626762,-0.033584754914045334,-0.03800085932016373,0.05760214477777481,0.06423166394233704
9440,0.19655044376850128,0.11080431193113327,0.06802202761173248,0.02588386833667755,0.07358597964048386,0.02313079498708248,-0.033653683960437775,-0.03805107995867729,0.0593106709420681,0.06391314417123795
9460,0.19648750126361847,0.11068662256002426,0.06807243078947067,0.025915155187249184,0.07361356914043427,0.023096982389688492,-0.033731915056705475,-0.038106776773929596,0.05965667963027954,0.06233672797679901
9480,0.19634227454662323,0.11051049083471298,0.06809282302856445,0.02591473050415516,0.07355120033025742,0.02302292175590992,-0.03379422426223755,-0.03817372769117355,0.058009643107652664,0.0638761892914772
9500,0.1961754560470581,0.11045489460229874,0.06809437274932861,0.025961751118302345,0.07357068359851837,0.02304256521165371,-0.033861421048641205,-0.03823189437389374,0.060727767646312714,0.06251050531864166
9520,0.19606640934944153,0.11042992770671844,0.06816742569208145,0.025976207107305527,0.07355045527219772,0.022982431575655937,-0.033951714634895325,-0.038289811462163925,0.05917997285723686,0.06314842402935028
9540,0.19604939222335815,0.11031902581453323,0.06812068819999695,0.025960702449083328,0.07356587797403336,0.022912252694368362,-0.03400256112217903,-0.038356609642505646,0.06371383368968964,0.06246029958128929
9560,0.19600267708301544,0.1102273017168045,0.06816443800926208,0.02602846547961235,0.07358113676309586,0.02284202352166176,-0.034065477550029755,-0.0384114645421505,0.05902223661541939,0.06302924454212189
9580,0.1958172768354416,0.11011450737714767,0.06819150596857071,0.026098644360899925,0.07361745089292526,0.02281142957508564,-0.034121960401535034,-0.03847270458936691,0.059442538768053055,0.0649203360080719
9600,0.19591976702213287,0.11003018915653229,0.06827965378761292,0.026216743513941765,0.0736454576253891,0.022780289873480797,-0.03422601893544197,-0.038518644869327545,0.05955376848578453,0.06469705700874329
9620,0.1958996206521988,0.10996267199516296,0.06834466755390167,0.026285169646143913,0.07367344945669174,0.022707844153046608,-0.03426402434706688,-0.03857836872339249,0.05697489529848099,0.062580406665802
9640,0.19590426981449127,0.10988160222768784,0.06833513081073761,0.026303894817829132,0.07366450130939484,0.022653566673398018,-0.03438834100961685,-0.03863394260406494,0.058926891535520554,0.06749939173460007
9660,0.19575732946395874,0.10982342064380646,0.06833407282829285,0.02638258971273899,0.07368946075439453,0.02262951247394085,-0.03441029042005539,-0.038694560527801514,0.06059675291180611,0.0623101107776165
9680,0.19559761881828308,0.10969064384698868,0.06837970018386841,0.026361187919974327,0.07366915792226791,0.02256811037659645,-0.03443634882569313,-0.03875700384378433,0.06003236770629883,0.06336173415184021
9700,0.1955174058675766,0.10965950042009354,0.06833992153406143,0.026355214416980743,0.07367075979709625,0.02250666171312332,-0.03451375290751457,-0.038813576102256775,0.057558972388505936,0.06251135468482971
9720,0.19542045891284943,0.10955607891082764,0.06836151331663132,0.026397572830319405,0.07369363307952881,0.022456351667642593,-0.03459303826093674,-0.03887432813644409,0.061339471489191055,0.06291646510362625
9740,0.19533509016036987,0.10944674164056778,0.06833422183990479,0.02638859674334526,0.07367879897356033,0.02240193448960781,-0.03463364765048027,-0.038929279893636703,0.062425192445516586,0.06267453730106354
9760,0.19524791836738586,0.1093551516532898,0.06832539290189743,0.026374761015176773,0.07366273552179337,0.022314613685011864,-0.03468608111143112,-0.03899209201335907,0.060349270701408386,0.06463271379470825
9780,0.19520999491214752,0.10928342491388321,0.0683823749423027,0.026397399604320526,0.07366836816072464,0.02229464240372181,-0.03473510965704918,-0.0390564426779747,0.0589996799826622,0.06367456167936325
9800,0.19514751434326172,0.10918788611888885,0.06843029707670212,0.026399947702884674,0.07368915528059006,0.02224595472216606,-0.03480878844857216,-0.039116423577070236,0.06022099032998085,0.06270794570446014
9820,0.19514234364032745,0.10918702185153961,0.06852548569440842,0.026476508006453514,0.07369520515203476,0.022199315950274467,-0.034853991121053696,-0.039176370948553085,0.0605323351919651,0.06529941409826279
9840,0.19509737193584442,0.10913290828466415,0.06857121735811234,0.026583630591630936,0.07367537915706635,0.02214444987475872,-0.03490476310253143,-0.03923064470291138,0.05891340225934982,0.06316754966974258
9860,0.1950053572654724,0.10910985618829727,0.06863447278738022,0.02658924087882042,0.0736997053027153,0.022099602967500687,-0.03495879843831062,-0.039274852722883224,0.06298615783452988,0.06287109851837158
9880,0.1948220133781433,0.10907215625047684,0.06865167617797852,0.02661827579140663,0.07372143119573593,0.022044263780117035,-0.03500284627079964,-0.039327070116996765,0.059401486068964005,0.0614553838968277
9900,0.19481053948402405,0.10892508178949356,0.06865913420915604,0.026624003425240517,0.07369536906480789,0.022000320255756378,-0.035058531910181046,-0.039368923753499985,0.05982000380754471,0.06375513225793839
9920,0.19464869797229767,0.10891454666852951,0.06869731098413467,0.026682427152991295,0.07368741929531097,0.02193279378116131,-0.03511994332075119,-0.03942149877548218,0.060867730528116226,0.06243868172168732
9940,0.19452236592769623,0.10878331959247589,0.06868692487478256,0.026727182790637016,0.07371995598077774,0.021898940205574036,-0.035164207220077515,-0.03949403390288353,0.05967524275183678,0.06377364695072174
9960,0.1944371461868286,0.10878098011016846,0.06876478344202042,0.02679007686674595,0.07372398674488068,0.021844493225216866,-0.035262640565633774,-0.039548855274915695,0.05823289602994919,0.06319229304790497
9980,0.194357231259346,0.10871294140815735,0.06886402517557144,0.026808466762304306,0.07375270128250122,0.021795066073536873,-0.03532283008098602,-0.03959764540195465,0.05521588400006294,0.06262248754501343
10000,0.19423703849315643,0.10864029824733734,0.06883998215198517,0.026861010119318962,0.07374454289674759,0.021780433133244514,-0.03540084883570671,-0.039649248123168945,0.05966654792428017,0.062261439859867096
10020,0.19416312873363495,0.10856480151414871,0.06888308376073837,0.026911260560154915,0.07373365759849548,0.021701721474528313,-0.03544292971491814,-0.03971203789114952,0.05891098082065582,0.06226015090942383
10040,0.19405144453048706,0.10849418491125107,0.06888412684202194,0.026908470317721367,0.0737154558300972,0.021606680005788803,-0.03552418574690819,-0.039766475558280945,0.058939408510923386,0.0642206072807312
10060,0.19377821683883667,0.10846732556819916,0.068943090736866,0.026919696480035782,0.07367710769176483,0.021525660529732704,-0.03556070849299431,-0.039814528077840805,0.05958694592118263,0.06248718500137329
10080,0.19365672767162323,0.10842826217412949,0.06894642859697342,0.026961790397763252,0.07361234724521637,0.021468356251716614,-0.03564458712935448,-0.03986465930938721,0.05985837057232857,0.06452856957912445
10100,0.19354847073554993,0.108451709151268,0.06903674453496933,0.02702130377292633,0.07357650995254517,0.0214082058519125,-0.035705357789993286,-0.039915017783641815,0.05856112763285637,0.06263362616300583
10120,0.1934419870376587,0.10842759162187576,0.06907474994659424,0.0270722433924675,0.07356968522071838,0.021360816434025764,-0.035781268030405045,-0.0399642251431942,0.056922685354948044,0.06505739688873291
10140,0.19338683784008026,0.10831858962774277,0.0690789595246315,0.027133585885167122,0.0735774114727974,0.021307293325662613,-0.03584228456020355,-0.040014706552028656,0.05940414220094681,0.06392215192317963
10160,0.19341546297073364,0.108301542699337,0.06903467327356339,0.027097275480628014,0.07359426468610764,0.021276066079735756,-0.03585859760642052,-0.04006838798522949,0.05780479684472084,0.06414821743965149
10180,0.1932937353849411,0.10812152922153473,0.0689777284860611,0.027137139812111855,0.07362926006317139,0.021235058084130287,-0.03588039055466652,-0.04011208191514015,0.05995478481054306,0.06223993003368378
10200,0.19316671788692474,0.10808470100164413,0.06901422888040543,0.027213437482714653,0.07366029173135757,0.021208694204688072,-0.03595052659511566,-0.04017125070095062,0.05693110451102257,0.06228756904602051
10220,0.19300442934036255,0.10803437232971191,0.06903394311666489,0.027261892333626747,0.07363072037696838,0.021164188161492348,-0.03600774332880974,-0.040226925164461136,0.05779813602566719,0.062035683542490005
10240,0.19295763969421387,0.10798032581806183,0.06905114650726318,0.02729778178036213,0.07355955243110657,0.021116696298122406,-0.03609026223421097,-0.04027077928185463,0.057500626891851425,0.0626491978764534
10260,0.19275258481502533,0.10798921436071396,0.06912696361541748,0.02729855477809906,0.07351528108119965,0.02109137363731861,-0.03619810938835144,-0.040325503796339035,0.05743915215134621,0.06599374115467072
10280,0.19278256595134735,0.10786707699298859,0.06912072747945786,0.027268625795841217,0.07350048422813416,0.02106493152678013,-0.03623434901237488,-0.04038270562887192,0.05931459367275238,0.06590689718723297
10300,0.19276568293571472,0.10783124715089798,0.0691380724310875,0.027298854663968086,0.07351323962211609,0.02098762057721615,-0.03629058972001076,-0.040452100336551666,0.05761108547449112,0.06403086334466934
10320,0.19269075989723206,0.10776343196630478,0.06909774988889694,0.027340419590473175,0.07354149222373962,0.02090100757777691,-0.03635474666953087,-0.04050412401556969,0.060266926884651184,0.06265712529420853
10340,0.19254250824451447,0.10772055387496948,0.06907961517572403,0.027376336976885796,0.07356895506381989,0.020818576216697693,-0.036378733813762665,-0.040558330714702606,0.057657673954963684,0.06225072592496872
10360,0.1925155073404312,0.1077253520488739,0.06913234293460846,0.027426987886428833,0.07355212420225143,0.020763296633958817,-0.03645443543791771,-0.04060462489724159,0.05826818197965622,0.06127801910042763
10380,0.1923682689666748,0.10757685452699661,0.06911104172468185,0.027453329414129257,0.07354269921779633,0.020726146176457405,-0.036488357931375504,-0.04065423458814621,0.05923473462462425,0.06366050243377686
10400,0.19237546622753143,0.10743793845176697,0.06909749656915665,0.027450669556856155,0.07354606688022614,0.020691856741905212,-0.03656274080276489,-0.04071044921875,0.060469210147857666,0.06202203780412674
10420,0.19221878051757812,0.1073346957564354,0.06908740848302841,0.02744150534272194,0.07349123805761337,0.020627010613679886,-0.03662734851241112,-0.040767405182123184,0.05680927261710167,0.0633377730846405
10440,0.19198757410049438,0.10729720443487167,0.06911292672157288,0.027483312413096428,0.07346786558628082,0.020589811727404594,-0.036676567047834396,-0.04080865904688835,0.05895146355032921,0.06257782131433487
10460,0.19188232719898224,0.10723311454057693,0.06915348768234253,0.02755141444504261,0.07351945340633392,0.02056513912975788,-0.0367080457508564,-0.04084981605410576,0.05784831568598747,0.062347739934921265
10480,0.19177401065826416,0.10714243352413177,0.06910645961761475,0.02754061669111252,0.07346009463071823,0.02048104628920555,-0.03674597665667534,-0.040899138897657394,0.05796804279088974,0.06152356415987015
10500,0.1915716975927353,0.10700640827417374,0.06908424943685532,0.02757367119193077,0.07348228245973587,0.0204508937895298,-0.03681771829724312,-0.04095212742686272,0.05801055580377579,0.06154448166489601
10520,0.1914726048707962,0.10698116570711136,0.06907884776592255,0.02761734649538994,0.07348527759313583,0.02037201263010502,-0.03690202161669731,-0.04099832475185394,0.05827200412750244,0.06248261034488678
10540,0.19145144522190094,0.10691787302494049,0.06913859397172928,0.02763224206864834,0.07348354160785675,0.020333750173449516,-0.03697260096669197,-0.041056130081415176,0.05635567754507065,0.06244844198226929
10560,0.19122914969921112,0.10681957751512527,0.06910454481840134,0.027608323842287064,0.07347211241722107,0.020294390618801117,-0.03705363720655441,-0.04110785573720932,0.056377533823251724,0.061477016657590866
10580,0.19114534556865692,0.10670556128025055,0.06910118460655212,0.027628492563962936,0.0734565407037735,0.020248819142580032,-0.03712448477745056,-0.04116029292345047,0.05898556485772133,0.06270541250705719
10600,0.19104622304439545,0.10658566653728485,0.06911216676235199,0.027643444016575813,0.073441281914711,0.02020498365163803,-0.037163686007261276,-0.04121189936995506,0.05677524209022522,0.06092122569680214
10620,0.1909528523683548,0.10654725879430771,0.06909449398517609,0.027654554694890976,0.07339846342802048,0.02012125961482525,-0.03724992647767067,-0.04126885533332825,0.05777749791741371,0.06251545995473862
10640,0.19092141091823578,0.10646781325340271,0.06905660033226013,0.027684329077601433,0.07334516197443008,0.02010500244796276,-0.037308622151613235,-0.04132548347115517,0.05799579992890358,0.06349922716617584
10660,0.19079534709453583,0.10646232962608337,0.06909274309873581,0.027800951153039932,0.07339205592870712,0.020074814558029175,-0.037367526441812515,-0.0413849763572216,0.05888694152235985,0.06254892796278
10680,0.1907346397638321,0.10634618252515793,0.06916587054729462,0.027806520462036133,0.07335332036018372,0.02001863904297352,-0.03743479773402214,-0.04144333675503731,0.0577751100063324,0.06208490580320358
10700,0.19061028957366943,0.1061997041106224,0.06908570230007172,0.027770906686782837,0.07336308062076569,0.019975006580352783,-0.03749493882060051,-0.04149924963712692,0.057453703135252,0.061081867665052414
10720,0.19048766791820526,0.10607081651687622,0.06915313005447388,0.027891580015420914,0.07336068898439407,0.019942501559853554,-0.037593625485897064,-0.04154513403773308,0.05843241512775421,0.06207464262843132
10740,0.19041790068149567,0.10596107691526413,0.0691627711057663,0.02794456295669079,0.07333776354789734,0.019856885075569153,-0.037640586495399475,-0.041595373302698135,0.05686520040035248,0.06219470128417015
10760,0.1904521882534027,0.10587402433156967,0.06915119290351868,0.027916209772229195,0.07328943908214569,0.019777532666921616,-0.03769209235906601,-0.04164794087409973,0.060462258756160736,0.06168253347277641
10780,0.1903742551803589,0.10586679726839066,0.06926111876964569,0.02797624096274376,0.07333578914403915,0.0196999441832304,-0.037713970988988876,-0.041697170585393906,0.05637205019593239,0.06182021275162697
10800,0.1902744323015213,0.10572243481874466,0.06928960233926773,0.027994008734822273,0.07334527373313904,0.019627787172794342,-0.03777497261762619,-0.04174591228365898,0.05666901543736458,0.061954986304044724
10820,0.19022256135940552,0.10567651689052582,0.06928146630525589,0.028046732768416405,0.07337618619203568,0.019565638154745102,-0.03782361000776291,-0.041800469160079956,0.05654546245932579,0.06258133798837662
10840,0.19005347788333893,0.10555475950241089,0.06931500136852264,0.028054650872945786,0.07334081083536148,0.019488472491502762,-0.037877194583415985,-0.04184751212596893,0.056962642818689346,0.06176704168319702
10860,0.18997222185134888,0.10554924607276917,0.06933131814002991,0.0280766561627388,0.07327107340097427,0.01942618004977703,-0.037965916097164154,-0.0418921522796154,0.05795177072286606,0.06197991594672203
10880,0.18988928198814392,0.10538744181394577,0.06929954141378403,0.028063952922821045,0.07320232689380646,0.01937149092555046,-0.0380295105278492,-0.041930947452783585,0.05671887472271919,0.06168099492788315
10900,0.18971414864063263,0.10532505810260773,0.06932874768972397,0.028054816648364067,0.07316219061613083,0.01930181495845318,-0.03810698539018631,-0.04197695478796959,0.05690201744437218,0.061139825731515884
10920,0.1896006017923355,0.10521458089351654,0.06932855397462845,0.02805553562939167,0.07314426451921463,0.019234567880630493,-0.038165971636772156,-0.04202074185013771,0.05705556645989418,0.0604141466319561
10940,0.18947240710258484,0.10515584796667099,0.06932900846004486,0.02803630381822586,0.0731465145945549,0.019165730103850365,-0.038198959082365036,-0.04207094758749008,0.05923829972743988,0.06264279782772064
10960,0.18955005705356598,0.10506530851125717,0.0693068653345108,0.028007907792925835,0.07312265038490295,0.019099827855825424,-0.03824015334248543,-0.04211536422371864,0.05835340544581413,0.0630643367767334
10980,0.18947283923625946,0.10501930117607117,0.06934235244989395,0.02808200940489769,0.07313093543052673,0.01900741457939148,-0.038280002772808075,-0.042164210230112076,0.05640620365738869,0.06106823682785034
11000,0.18932649493217468,0.10494593530893326,0.06935106962919235,0.028106940910220146,0.0731559619307518,0.018972454592585564,-0.038326364010572433,-0.04222625121474266,0.05766066163778305,0.06258083879947662
11020,0.1892724633216858,0.10488434880971909,0.0693942978978157,0.02816597744822502,0.0731976181268692,0.01892143487930298,-0.038390710949897766,-0.042284928262233734,0.05876358225941658,0.06202353537082672
11040,0.18911661207675934,0.10484286397695541,0.06939100474119186,0.028145479038357735,0.07315292209386826,0.018896067515015602,-0.03844394534826279,-0.04233903810381889,0.058237671852111816,0.06098293885588646
11060,0.18911679089069366,0.10478298366069794,0.0693403035402298,0.028183812275528908,0.07315777987241745,0.018877247348427773,-0.03853755071759224,-0.0423894077539444,0.062283750623464584,0.062148552387952805
11080,0.18913044035434723,0.10475458949804306,0.06939312070608139,0.0281533133238554,0.07318414002656937,0.018854500725865364,-0.03857648745179176,-0.04244007542729378,0.05811319872736931,0.06435232609510422
11100,0.18903133273124695,0.10467047244310379,0.06945081800222397,0.028165627270936966,0.07319445163011551,0.01879793405532837,-0.0386185459792614,-0.04248977079987526,0.05930929258465767,0.061370573937892914
11120,0.18901203572750092,0.1046186164021492,0.0695023238658905,0.028151290491223335,0.07319266349077225,0.01877497136592865,-0.03867219015955925,-0.04254439100623131,0.0581650510430336,0.06297890841960907
11140,0.18905003368854523,0.10456430912017822,0.0695251077413559,0.02817435935139656,0.0731782540678978,0.01873578503727913,-0.038713254034519196,-0.04258927330374718,0.05673987418413162,0.06252852082252502
11160,0.188900426030159,0.10449306666851044,0.06949272006750107,0.028192613273859024,0.07315993309020996,0.018638450652360916,-0.03875383734703064,-0.042645618319511414,0.058092083781957626,0.061591483652591705
11180,0.18881551921367645,0.10444141179323196,0.06950537860393524,0.028133489191532135,0.07315252721309662,0.018594978377223015,-0.03881080076098442,-0.0426923930644989,0.05847708508372307,0.06233702600002289
11200,0.1888110488653183,0.1043880432844162,0.0695243626832962,0.028173495084047318,0.0731738805770874,0.018532181158661842,-0.038845837116241455,-0.04274403303861618,0.05553574115037918,0.06087019667029381
11220,0.18873901665210724,0.10426255315542221,0.06953561305999756,0.02815842442214489,0.07317863404750824,0.01849912293255329,-0.0388454869389534,-0.04278890788555145,0.05752415582537651,0.06259326636791229
11240,0.18874764442443848,0.10417940467596054,0.06952507793903351,0.02818387560546398,0.07314452528953552,0.018425799906253815,-0.038880638778209686,-0.042826779186725616,0.06028047204017639,0.0633048415184021
11260,0.18874041736125946,0.10416924208402634,0.0696328654885292,0.02825039066374302,0.0731494203209877,0.018358904868364334,-0.03895234316587448,-0.04287160187959671,0.05986497923731804,0.06311261653900146
11280,0.188627228140831,0.10412938892841339,0.06953605264425278,0.028173288330435753,0.07316046953201294,0.0182998888194561,-0.03899336978793144,-0.042918186634778976,0.05949920788407326,0.0607534684240818
11300,0.18866758048534393,0.10411423444747925,0.06951852887868881,0.028220558539032936,0.07314232736825943,0.018282026052474976,-0.03901490569114685,-0.042969781905412674,0.057290758937597275,0.06253011524677277
11320,0.1886839121580124,0.10404890030622482,0.06962311267852783,0.028325645253062248,0.0731821358203888,0.018234077841043472,-0.03908311575651169,-0.04302001744508743,0.05684781074523926,0.06316352635622025
11340,0.18861684203147888,0.1039283499121666,0.06958764046430588,0.028357407078146935,0.07320042699575424,0.018170738592743874,-0.039126381278038025,-0.04306498542428017,0.056918010115623474,0.060378797352313995
11360,0.18845941126346588,0.10383892059326172,0.06960593163967133,0.028359686955809593,0.07320048660039902,0.01814260520040989,-0.03916458785533905,-0.04311303049325943,0.05819271504878998,0.060148708522319794
11380,0.18827974796295166,0.10378687083721161,0.06961507350206375,0.028403203934431076,0.07315883040428162,0.01806742697954178,-0.03925974667072296,-0.04315780848264694,0.05821199342608452,0.06125643104314804
11400,0.1881844699382782,0.10368518531322479,0.0696195736527443,0.028391603380441666,0.07310771197080612,0.01798137277364731,-0.039318330585956573,-0.04320686310529709,0.05688290670514107,0.06253907829523087
11420,0.1881207525730133,0.10360821336507797,0.06959129869937897,0.028409555554389954,0.07309941202402115,0.017953980714082718,-0.03940846771001816,-0.043250780552625656,0.05670437589287758,0.061457566916942596
11440,0.1882130205631256,0.1035873293876648,0.06970514357089996,0.028459446504712105,0.07310838997364044,0.017872851341962814,-0.039443034678697586,-0.04329856485128403,0.05933825299143791,0.0627870261669159
11460,0.18818041682243347,0.10350552946329117,0.06966159492731094,0.028455452993512154,0.07312469184398651,0.017789222300052643,-0.039521217346191406,-0.043351732194423676,0.05674988031387329,0.0641523152589798
11480,0.18794329464435577,0.10337657481431961,0.0696650892496109,0.028474051505327225,0.07315261662006378,0.01773948222398758,-0.03955450654029846,-0.043401822447776794,0.057033564895391464,0.0617639422416687
11500,0.18779854476451874,0.10330469906330109,0.06968183815479279,0.02842898666858673,0.07310816645622253,0.01766264997422695,-0.03960804641246796,-0.043451372534036636,0.05676855891942978,0.0610436350107193
11520,0.1877446323633194,0.1032186821103096,0.06968247145414352,0.02846384420990944,0.07311458140611649,0.017606085166335106,-0.039646267890930176,-0.04349086433649063,0.05617068335413933,0.06213085353374481
11540,0.1876850128173828,0.10317330807447433,0.06964971125125885,0.028489209711551666,0.07311423122882843,0.017526015639305115,-0.03970419242978096,-0.04353519529104233,0.057095546275377274,0.060475051403045654
11560,0.18751876056194305,0.10309930145740509,0.06961464881896973,0.028497612103819847,0.07307667285203934,0.017460927367210388,-0.0397704653441906,-0.04358784109354019,0.05865137279033661,0.06061940640211105
11580,0.18748758733272552,0.10304246842861176,0.06964077800512314,0.028552567586302757,0.07305463403463364,0.01741321198642254,-0.03981167823076248,-0.04363064840435982,0.05504324659705162,0.061917081475257874
11600,0.187383234500885,0.10301024466753006,0.06960497051477432,0.028540337458252907,0.07304567843675613,0.01734178699553013,-0.03985713794827461,-0.043684735894203186,0.056358348578214645,0.06052934005856514
11620,0.18723753094673157,0.10289836674928665,0.06959129869937897,0.028566507622599602,0.07304421067237854,0.01727941259741783,-0.0399337075650692,-0.0437275730073452,0.054277241230010986,0.06236233562231064
11640,0.18718375265598297,0.10280967503786087,0.06957081705331802,0.0285708736628294,0.07300065457820892,0.017217572778463364,-0.03998837247490883,-0.04377415031194687,0.057588472962379456,0.0645785704255104
11660,0.1871793419122696,0.10277192294597626,0.06956368684768677,0.028616908937692642,0.07298015058040619,0.017148060724139214,-0.04006142169237137,-0.04382488131523132,0.05734703317284584,0.06238448619842529
11680,0.18705548346042633,0.10266561806201935,0.0696260929107666,0.028671255335211754,0.07298735529184341,0.017069725319743156,-0.040092356503009796,-0.04387492686510086,0.05762743577361107,0.06183898448944092
11700,0.18697938323020935,0.10263781994581223,0.06964714825153351,0.028745168820023537,0.07301563769578934,0.017062216997146606,-0.040154989808797836,-0.04392214119434357,0.05472974479198456,0.0607556588947773
11720,0.18680340051651,0.1025688573718071,0.06960099190473557,0.028752729296684265,0.0729726180434227,0.016995981335639954,-0.04022156447172165,-0.043971072882413864,0.05725614354014397,0.06094352900981903
11740,0.1867331713438034,0.10249250382184982,0.06960703432559967,0.028769541531801224,0.0729122906923294,0.0169492419809103,-0.040277861058712006,-0.044017307460308075,0.05826364457607269,0.0635581687092781
11760,0.18661247193813324,0.1024056077003479,0.06959962099790573,0.028726520016789436,0.07286523282527924,0.016866786405444145,-0.04031362757086754,-0.0440671443939209,0.057794239372015,0.06090131029486656
11780,0.1865364909172058,0.10230216383934021,0.06956835091114044,0.02874872088432312,0.0728406012058258,0.016850637272000313,-0.04036220908164978,-0.04411463066935539,0.05643305554986,0.06260344386100769
11800,0.18650303781032562,0.10230463743209839,0.06958799809217453,0.028802020475268364,0.07285324484109879,0.016813647001981735,-0.04042188823223114,-0.04416161775588989,0.057222552597522736,0.06292743235826492
11820,0.18646317720413208,0.10225493460893631,0.06956802308559418,0.028857287019491196,0.0728394091129303,0.016761476173996925,-0.040465984493494034,-0.044205859303474426,0.05754251405596733,0.0654250979423523
11840,0.1863904893398285,0.1022007167339325,0.06952403485774994,0.028903327882289886,0.07283860445022583,0.016727883368730545,-0.04053127020597458,-0.04425130784511566,0.056594811379909515,0.06056729704141617
11860,0.18625248968601227,0.10216066986322403,0.06953323632478714,0.028855115175247192,0.07281385362148285,0.01667175069451332,-0.040594495832920074,-0.04429173842072487,0.05561349168419838,0.061611685901880264
11880,0.18608899414539337,0.10203525424003601,0.06947778910398483,0.02886361815035343,0.07279429584741592,0.0165882408618927,-0.04064216464757919,-0.044335704296827316,0.05755394697189331,0.06118769198656082
11900,0.1859574168920517,0.10197403281927109,0.06962385773658752,0.028894735500216484,0.07276774197816849,0.016532940790057182,-0.04068468138575554,-0.044383227825164795,0.0546250194311142,0.059824228286743164
11920,0.1858309954404831,0.10182362794876099,0.06956733018159866,0.028941569849848747,0.0727272480726242,0.01649516262114048,-0.04075611010193825,-0.04442740976810455,0.054400719702243805,0.061151985079050064
11940,0.18572178483009338,0.10181266814470291,0.06960324198007584,0.028945541009306908,0.0727018192410469,0.016451098024845123,-0.04080089181661606,-0.044473692774772644,0.055931128561496735,0.061783161014318466
11960,0.1857205629348755,0.10173142701387405,0.0696055218577385,0.028930174186825752,0.0726747065782547,0.016426898539066315,-0.04083937406539917,-0.04451087862253189,0.05544336512684822,0.061844900250434875
11980,0.1856849491596222,0.10170677304267883,0.06963826715946198,0.028938835486769676,0.07269104570150375,0.016361987218260765,-0.04088154062628746,-0.04455320164561272,0.05635111406445503,0.06058646738529205
12000,0.18559527397155762,0.10171978175640106,0.06968092918395996,0.028964800760149956,0.0727008655667305,0.016300147399306297,-0.04091816395521164,-0.04459284991025925,0.056556567549705505,0.06092056632041931
12020,0.18551896512508392,0.10168442875146866,0.06967412680387497,0.028984708711504936,0.07266731560230255,0.016251159831881523,-0.040928032249212265,-0.04463691636919975,0.05536170303821564,0.06355443596839905
12040,0.18551327288150787,0.10152442008256912,0.06962093710899353,0.02900506928563118,0.07270907610654831,0.01618828810751438,-0.040958840399980545,-0.04467698186635971,0.06060777232050896,0.06032995879650116
12060,0.18551824986934662,0.10142923146486282,0.0695962980389595,0.029069315642118454,0.07271650433540344,0.01613694615662098,-0.04099135100841522,-0.04471448063850403,0.05717066302895546,0.062074143439531326
12080,0.18542435765266418,0.10140888392925262,0.06956493109464645,0.02911222167313099,0.07270942628383636,0.016073936596512794,-0.0410010926425457,-0.044762976467609406,0.0549825020134449,0.0600677989423275
12100,0.18531328439712524,0.10132148861885071,0.06951208412647247,0.02912793681025505,0.07268153876066208,0.01602223701775074,-0.04105363413691521,-0.04480404779314995,0.055769506841897964,0.06034771353006363
12120,0.18518029153347015,0.1012640967965126,0.06947354227304459,0.029120706021785736,0.07268859446048737,0.015919188037514687,-0.04110803082585335,-0.044854775071144104,0.059041403234004974,0.06043232977390289
12140,0.1851135492324829,0.10119464248418808,0.06942161917686462,0.02919231913983822,0.07267788797616959,0.015878107398748398,-0.04119852930307388,-0.044902823865413666,0.05568048357963562,0.06202026456594467
12160,0.18507014214992523,0.10107973963022232,0.06947013735771179,0.029221106320619583,0.07267504930496216,0.015831993892788887,-0.041251011192798615,-0.04495292529463768,0.05421449616551399,0.061178263276815414
12180,0.18496482074260712,0.10103141516447067,0.0694696381688118,0.029245497658848763,0.07267943769693375,0.015736499801278114,-0.04127008095383644,-0.044987842440605164,0.05514439195394516,0.06080637499690056
12200,0.18487226963043213,0.1010059043765068,0.06943201273679733,0.029268259182572365,0.07266328483819962,0.01569330133497715,-0.04131389781832695,-0.04503537714481354,0.05649981275200844,0.05986445024609566
12220,0.18479755520820618,0.10085742175579071,0.06947890669107437,0.02927219495177269,0.07259505987167358,0.015652256086468697,-0.04137478396296501,-0.04508250579237938,0.05952118709683418,0.06056114286184311
12240,0.18467797338962555,0.1008492112159729,0.06958682835102081,0.029295824468135834,0.07254761457443237,0.015615248121321201,-0.041441742330789566,-0.045129984617233276,0.0551803857088089,0.059279125183820724
12260,0.18446294963359833,0.10076052695512772,0.06955157965421677,0.02927117981016636,0.07245013862848282,0.015497284941375256,-0.04150894284248352,-0.04517702758312225,0.05636396259069443,0.06000135838985443
12280,0.18438896536827087,0.10065796226263046,0.06955991685390472,0.02927769534289837,0.0724363625049591,0.015460606664419174,-0.0415567010641098,-0.045229073613882065,0.05611014366149902,0.06137209013104439
12300,0.18417759239673615,0.10054877400398254,0.06955185532569885,0.02932635322213173,0.07238923758268356,0.015414929948747158,-0.04159337654709816,-0.04527987167239189,0.0584106482565403,0.06110376492142677
12320,0.1841495782136917,0.1005730926990509,0.06954541057348251,0.029297981411218643,0.07235472649335861,0.015345082618296146,-0.04163805767893791,-0.045333132147789,0.05931383743882179,0.060924120247364044
12340,0.18408697843551636,0.1004866287112236,0.06957035511732101,0.02930646389722824,0.0723576471209526,0.015290201641619205,-0.04166558384895325,-0.045379236340522766,0.05571034550666809,0.06058620661497116
12360,0.18415088951587677,0.10043220967054367,0.06962984800338745,0.02925162762403488,0.07230206578969955,0.015205582603812218,-0.041692327708005905,-0.045427870005369186,0.054994355887174606,0.059818245470523834
12380,0.18414168059825897,0.10033411532640457,0.06965730339288712,0.02920921891927719,0.07232850044965744,0.015160740353167057,-0.041755858808755875,-0.045473940670490265,0.056241415441036224,0.06134585291147232
12400,0.1839812994003296,0.10021356493234634,0.06971804052591324,0.02925102226436138,0.07228930294513702,0.015096024610102177,-0.041795287281274796,-0.045521847903728485,0.056534748524427414,0.06134573742747307
12420,0.18389755487442017,0.10011010617017746,0.0696716159582138,0.02924085035920143,0.07225886732339859,0.015041898936033249,-0.04185749590396881,-0.045576635748147964,0.05467597767710686,0.06102723255753517
12440,0.18372444808483124,0.10009042173624039,0.06962943822145462,0.029311802238225937,0.07225039601325989,0.014985065907239914,-0.04189654439687729,-0.04562780261039734,0.054806437343358994,0.06002083048224449
12460,0.18366122245788574,0.1000538319349289,0.0696057602763176,0.029335148632526398,0.07225275784730911,0.014945116825401783,-0.04192245751619339,-0.045667864382267,0.0571017861366272,0.06019171327352524
12480,0.18354414403438568,0.09993375837802887,0.06962039321660995,0.02929089218378067,0.07220475375652313,0.014869369566440582,-0.04197024554014206,-0.04571312665939331,0.057357270270586014,0.05970778688788414
12500,0.18334057927131653,0.09979548305273056,0.06961218267679214,0.029381336644291878,0.07215597480535507,0.014850648120045662,-0.042028892785310745,-0.04576270282268524,0.05529148876667023,0.06048346310853958
12520,0.1832972913980484,0.0997600257396698,0.06957995891571045,0.02933979593217373,0.07208022475242615,0.014818004332482815,-0.04208322614431381,-0.04580279812216759,0.05758693069219589,0.05961541831493378
12540,0.18324045836925507,0.09970629960298538,0.06955603510141373,0.02936907485127449,0.07204023748636246,0.0147812245413661,-0.04212239384651184,-0.045848336070775986,0.05570781230926514,0.059666622430086136
12560,0.18312042951583862,0.09973207116127014,0.06956423819065094,0.02940579690039158,0.07203417271375656,0.014744813553988934,-0.042161013931035995,-0.0458892397582531,0.053854141384363174,0.05905801057815552
12580,0.18293680250644684,0.09958649426698685,0.06953433156013489,0.02941257506608963,0.07200338691473007,0.014639957807958126,-0.04220373556017876,-0.04592821002006531,0.05498366802930832,0.062071286141872406
12600,0.1828172504901886,0.09955489635467529,0.06956278532743454,0.029479606077075005,0.07196533679962158,0.014574899338185787,-0.04223908111453056,-0.04597532004117966,0.054402388632297516,0.059390999376773834
12620,0.18279865384101868,0.09947130084037781,0.06949294358491898,0.02946462295949459,0.07191576063632965,0.014439872466027737,-0.042281314730644226,-0.04602343961596489,0.053297076374292374,0.05951029062271118
12640,0.18256373703479767,0.09935293346643448,0.06953974068164825,0.0294734388589859,0.07188687473535538,0.014390740543603897,-0.04231618344783783,-0.0460696779191494,0.05661184713244438,0.06078992038965225
12660,0.18256846070289612,0.09924304485321045,0.06946580111980438,0.029495608061552048,0.07187633961439133,0.014349792152643204,-0.042389191687107086,-0.046117424964904785,0.05528312176465988,0.05978973209857941
12680,0.18237024545669556,0.09912264347076416,0.06946295499801636,0.029521333053708076,0.07186958938837051,0.014303786680102348,-0.04245389625430107,-0.04615845903754234,0.05436455458402634,0.06118929386138916
12700,0.18228130042552948,0.09900401532649994,0.06943680346012115,0.02950703725218773,0.07184608280658722,0.014220279641449451,-0.04250330850481987,-0.046195171773433685,0.05714358016848564,0.0636177584528923
12720,0.18221265077590942,0.09895233064889908,0.06948431581258774,0.02955576218664646,0.07182633876800537,0.014152541756629944,-0.04256197065114975,-0.04624953866004944,0.056226201355457306,0.05941320210695267
12740,0.18219491839408875,0.09896308183670044,0.069486603140831,0.029571786522865295,0.07184532284736633,0.014076624996960163,-0.04259641095995903,-0.04629669710993767,0.054841116070747375,0.06135796010494232
12760,0.1821039766073227,0.09896383434534073,0.06951054185628891,0.029591109603643417,0.07181241363286972,0.01402635034173727,-0.04268423095345497,-0.04634449630975723,0.05562877655029297,0.060495682060718536
12780,0.18206056952476501,0.0988297089934349,0.06948662549257278,0.029593726620078087,0.07178764790296555,0.013964701443910599,-0.04270250350236893,-0.04638994112610817,0.05638692528009415,0.061092521995306015
12800,0.1820790022611618,0.09873821586370468,0.06942522525787354,0.029581109061837196,0.0718073770403862,0.013926500454545021,-0.04275508224964142,-0.04643462225794792,0.059424158185720444,0.05938729643821716
12820,0.1819830983877182,0.09875320643186569,0.06940726190805435,0.02955586276948452,0.07180166244506836,0.013889980502426624,-0.04279676824808121,-0.04647219553589821,0.05653175339102745,0.06202297657728195
12840,0.18183842301368713,0.09870373457670212,0.06939847767353058,0.029634840786457062,0.07176288217306137,0.013813553377985954,-0.04286033287644386,-0.04650803655385971,0.054518505930900574,0.060408156365156174
12860,0.18175071477890015,0.09859694540500641,0.06941965222358704,0.02959263138473034,0.07178489863872528,0.01375699881464243,-0.04292533919215202,-0.04654979333281517,0.05581299960613251,0.061130695044994354
12880,0.18166819214820862,0.09852883219718933,0.06944330781698227,0.029631605371832848,0.07173964381217957,0.013678623363375664,-0.04298929125070572,-0.04658619314432144,0.05791742727160454,0.060193054378032684
12900,0.18165284395217896,0.09841038286685944,0.06944794207811356,0.02969508059322834,0.07169380784034729,0.013639053329825401,-0.04305252060294151,-0.04662776738405228,0.057556964457035065,0.05989522114396095
12920,0.18157485127449036,0.09831614047288895,0.06944931298494339,0.029653966426849365,0.07168317586183548,0.013621101155877113,-0.04308725893497467,-0.0466681569814682,0.054052259773015976,0.06139524653553963
12940,0.1815035194158554,0.09820382297039032,0.06937255710363388,0.029648542404174805,0.0716574490070343,0.013563986867666245,-0.043162502348423004,-0.04670409858226776,0.05441322177648544,0.05958981066942215
12960,0.18138360977172852,0.09806370735168457,0.06930787861347198,0.029686903581023216,0.0716438964009285,0.013492901809513569,-0.043228887021541595,-0.04674571380019188,0.055034536868333817,0.05902215093374252
12980,0.18118159472942352,0.0979543924331665,0.06930245459079742,0.029672371223568916,0.07162386924028397,0.013441542163491249,-0.04329357668757439,-0.04678596556186676,0.05329392850399017,0.06005246564745903
13000,0.1812078058719635,0.09789255261421204,0.06930216401815414,0.02962704561650753,0.07157262414693832,0.013371339067816734,-0.04334689676761627,-0.046830397099256516,0.054448723793029785,0.06096034497022629
13020,0.18119484186172485,0.09782165288925171,0.06932870298624039,0.02966969460248947,0.07155667245388031,0.013360756449401379,-0.0434153750538826,-0.04687284678220749,0.05491206794977188,0.05934767425060272
13040,0.18129463493824005,0.09779136627912521,0.06928758323192596,0.029667410999536514,0.07158020883798599,0.013354545459151268,-0.0434454046189785,-0.04691314324736595,0.05550698935985565,0.062116581946611404
13060,0.18120552599430084,0.09763474762439728,0.0693119689822197,0.029756221920251846,0.07159760594367981,0.013334253802895546,-0.04345636069774628,-0.04695361107587814,0.05608311668038368,0.06677340716123581
13080,0.1812000870704651,0.09766063094139099,0.06941322237253189,0.029835904017090797,0.071601502597332,0.013257194310426712,-0.04350193217396736,-0.04699832201004028,0.05494225397706032,0.05982404202222824
13100,0.18126744031906128,0.09757900983095169,0.06941793113946915,0.029800869524478912,0.0715928003191948,0.013212857767939568,-0.04350368678569794,-0.04703095927834511,0.05470939725637436,0.06144362688064575
13120,0.1811278760433197,0.09756159782409668,0.06937894225120544,0.02981133572757244,0.07155785709619522,0.013170454651117325,-0.0435219369828701,-0.047073788940906525,0.05536098778247833,0.060220833867788315
13140,0.18108831346035004,0.09747865796089172,0.0693553239107132,0.02977214939892292,0.07153036445379257,0.01312923338264227,-0.04359756410121918,-0.047115493565797806,0.054746683686971664,0.06042179837822914
13160,0.18095794320106506,0.09744744002819061,0.0694572851061821,0.029787572100758553,0.07151450961828232,0.01305348426103592,-0.043614812195301056,-0.047154754400253296,0.05400737375020981,0.060131557285785675
13180,0.1808277815580368,0.09735925495624542,0.06945006549358368,0.02973545715212822,0.0714314728975296,0.013005364686250687,-0.043670348823070526,-0.047199178487062454,0.05441204085946083,0.060055047273635864
13200,0.18073080480098724,0.09732647240161896,0.0695405974984169,0.029816126450896263,0.07141374796628952,0.012944094836711884,-0.04373651742935181,-0.04724666476249695,0.05522506311535835,0.05851415544748306
13220,0.18066120147705078,0.09725279361009598,0.06944966316223145,0.029774487018585205,0.07137779146432877,0.012900563888251781,-0.04376935213804245,-0.04728655889630318,0.05526824668049812,0.05984339490532875
13240,0.18067234754562378,0.09714602679014206,0.06938795745372772,0.02976035326719284,0.07135438919067383,0.01284715160727501,-0.04382654279470444,-0.04733181744813919,0.05551140755414963,0.0627157911658287
13260,0.18057353794574738,0.09702517837285995,0.06937913596630096,0.029725318774580956,0.07136067003011703,0.012775362469255924,-0.04386353865265846,-0.04737609252333641,0.05450931936502457,0.060154989361763
13280,0.18037275969982147,0.09696584939956665,0.06941165775060654,0.02972140721976757,0.07129479944705963,0.01268922071903944,-0.043921876698732376,-0.04741456359624863,0.054523538798093796,0.061036303639411926
13300,0.18041878938674927,0.09692835807800293,0.06948360800743103,0.02966337651014328,0.07129728049039841,0.012634393759071827,-0.04399890452623367,-0.047457173466682434,0.05554094910621643,0.06097448617219925
13320,0.18034698069095612,0.09687025099992752,0.06945807486772537,0.029695089906454086,0.0712861493229866,0.012593998573720455,-0.044023074209690094,-0.0474986806511879,0.055384889245033264,0.05936369299888611
13340,0.1803942322731018,0.09674151986837387,0.06945561617612839,0.029733233153820038,0.07125170528888702,0.012540442869067192,-0.04406053572893143,-0.047541096806526184,0.05798908323049545,0.06031603738665581
13360,0.18028131127357483,0.09679581224918365,0.06948841363191605,0.02971707656979561,0.07121291756629944,0.012492737732827663,-0.04411645233631134,-0.04758356139063835,0.05618353560566902,0.059326283633708954
13380,0.1800643801689148,0.09664484858512878,0.06949765980243683,0.0297355018556118,0.07116499543190002,0.012483036145567894,-0.04417860135436058,-0.04761911556124687,0.05413277447223663,0.05852170288562775
13400,0.17999638617038727,0.09654620289802551,0.06941462308168411,0.029711565002799034,0.07111607491970062,0.012397478334605694,-0.044239163398742676,-0.047654956579208374,0.05369846522808075,0.05921657383441925
13420,0.17988494038581848,0.09647422283887863,0.06940969079732895,0.029739171266555786,0.07107938826084137,0.012322444468736649,-0.044301047921180725,-0.047697197645902634,0.05362389609217644,0.05901055037975311
13440,0.17974714934825897,0.09639953821897507,0.06933621317148209,0.02972438372671604,0.07104862481355667,0.01226635742932558,-0.04436955973505974,-0.04774042218923569,0.05467372015118599,0.059054646641016006
13460,0.17970451712608337,0.09629915654659271,0.06938657909631729,0.029764235019683838,0.07104694843292236,0.012208029627799988,-0.044419754296541214,-0.047785837203264236,0.05674256384372711,0.060906168073415756
13480,0.1797018200159073,0.09631490707397461,0.06937699019908905,0.02977067232131958,0.07104111462831497,0.0121350372210145,-0.04444492235779762,-0.04782816767692566,0.053374312818050385,0.06223580986261368
13500,0.17947204411029816,0.09625829756259918,0.06937860697507858,0.02976061776280403,0.07102786749601364,0.012090954929590225,-0.044498834758996964,-0.04786441847681999,0.052990350872278214,0.059352874755859375
13520,0.1793557107448578,0.0961969867348671,0.0693901926279068,0.029784422367811203,0.07102660089731216,0.012010877951979637,-0.04454256221652031,-0.047903940081596375,0.05421826243400574,0.05996819958090782
13540,0.1792563945055008,0.0961279645562172,0.06937188655138016,0.02978390082716942,0.07096213847398758,0.011940748430788517,-0.04462991654872894,-0.04794378578662872,0.05343697592616081,0.06068859249353409
13560,0.17915232479572296,0.09611144661903381,0.06942163407802582,0.029787400737404823,0.07090821117162704,0.011879329569637775,-0.04468293860554695,-0.047990832477808,0.055022869259119034,0.059451594948768616
13580,0.17899680137634277,0.09605686366558075,0.0693950206041336,0.029829705134034157,0.07089009881019592,0.011825578287243843,-0.04475588724017143,-0.04802554100751877,0.05587048456072807,0.05915525555610657
13600,0.17884328961372375,0.09600935876369476,0.06935568898916245,0.02978070080280304,0.07081186771392822,0.011766742914915085,-0.04476822540163994,-0.04807068035006523,0.05291410908102989,0.05887458473443985
13620,0.1787785440683365,0.09588035196065903,0.06943519413471222,0.029842520132660866,0.070782370865345,0.011718161404132843,-0.044832512736320496,-0.04811492934823036,0.05659667029976845,0.05932578444480896
13640,0.17866984009742737,0.09581062942743301,0.06942689418792725,0.02983984909951687,0.0707421749830246,0.011638671159744263,-0.044867824763059616,-0.048162899911403656,0.0535312183201313,0.06125582009553909
13660,0.17865857481956482,0.09573163837194443,0.06936533749103546,0.029838141053915024,0.07070992887020111,0.01157447975128889,-0.04490919038653374,-0.048199206590652466,0.054575365036726,0.06188059598207474
13680,0.1787479668855667,0.09566513448953629,0.0694270059466362,0.02984887920320034,0.07066135108470917,0.011497611179947853,-0.044954799115657806,-0.0482352189719677,0.05596008896827698,0.06095930561423302
13700,0.17860469222068787,0.09557375311851501,0.06939864158630371,0.029862456023693085,0.07066426426172256,0.011438526213169098,-0.04499182105064392,-0.04827865585684776,0.052585382014513016,0.05959080904722214
13720,0.17858856916427612,0.09545133262872696,0.06941097229719162,0.029825394973158836,0.07069960981607437,0.011396375484764576,-0.04505990818142891,-0.048320505768060684,0.05362433195114136,0.060321807861328125
13740,0.1783813089132309,0.09543249756097794,0.06942322850227356,0.029846293851733208,0.07068294286727905,0.011308841407299042,-0.04508114233613014,-0.04836168885231018,0.053015176206827164,0.060024719685316086
13760,0.17838047444820404,0.09526900947093964,0.06946860998868942,0.029850468039512634,0.07066433876752853,0.01120489090681076,-0.04512688145041466,-0.0484100840985775,0.05442731827497482,0.059530407190322876
13780,0.1783435046672821,0.09520206600427628,0.06944195926189423,0.029850546270608902,0.07058072090148926,0.011101651936769485,-0.04516560584306717,-0.04845632612705231,0.05487590283155441,0.05998186394572258
13800,0.17818954586982727,0.09516400843858719,0.0694061666727066,0.02980937622487545,0.07053390890359879,0.011083245277404785,-0.04519706219434738,-0.0485016368329525,0.05254850164055824,0.059262312948703766
13820,0.1781085580587387,0.09506846219301224,0.06938940286636353,0.029873687773942947,0.07050541043281555,0.01102015096694231,-0.04524305835366249,-0.048540133982896805,0.05600109323859215,0.05942590534687042
13840,0.1780553013086319,0.09499920159578323,0.06937643885612488,0.029856177046895027,0.07042280584573746,0.010907627642154694,-0.0452975332736969,-0.04858305677771568,0.05513669177889824,0.059518735855817795
13860,0.17794986069202423,0.0949556976556778,0.0693817213177681,0.029922837391495705,0.07040811330080032,0.010910882614552975,-0.04529795050621033,-0.04862010478973389,0.05232376977801323,0.05963022634387016
13880,0.17792190611362457,0.09488440304994583,0.06928686052560806,0.02989966794848442,0.07034920901060104,0.010842732153832912,-0.045344337821006775,-0.04865872859954834,0.053970493376255035,0.05912353843450546
13900,0.1777670532464981,0.0948556661605835,0.06930825859308243,0.029959261417388916,0.07029207795858383,0.010813634842634201,-0.04539642110466957,-0.04870479181408882,0.052755206823349,0.05909975618124008
13920,0.1775730550289154,0.09486249834299088,0.06924506276845932,0.029968570917844772,0.07018716633319855,0.0106975007802248,-0.04545515403151512,-0.04874918982386589,0.05066097527742386,0.05819006264209747
13940,0.1774248331785202,0.09476427733898163,0.06916322559118271,0.02995462529361248,0.07013531774282455,0.010664492845535278,-0.045502178370952606,-0.04878447204828262,0.05300623178482056,0.05823485925793648
13960,0.17728383839130402,0.0945482850074768,0.0691799446940422,0.02999384142458439,0.07014066725969315,0.010643074288964272,-0.04553772881627083,-0.04882397875189781,0.054313573986291885,0.060695309191942215
13980,0.17716623842716217,0.09452453255653381,0.06912863254547119,0.02998596802353859,0.07009163498878479,0.01055480819195509,-0.04554618149995804,-0.0488678514957428,0.05512445420026779,0.058821409940719604
14000,0.17707222700119019,0.09451074153184891,0.06916167587041855,0.029938146471977234,0.07005777209997177,0.01048339158296585,-0.045612964779138565,-0.048910561949014664,0.05541367456316948,0.06043615564703941
14020,0.17705897986888885,0.09444873034954071,0.06912612169981003,0.02987845614552498,0.07002928853034973,0.010419991798698902,-0.045627374202013016,-0.04895372688770294,0.053383853286504745,0.059657830744981766
14040,0.17704954743385315,0.09444072842597961,0.06915504485368729,0.029967572540044785,0.0700509250164032,0.010365864261984825,-0.04566947743296623,-0.04899366572499275,0.05346564203500748,0.06118479743599892
14060,0.17687276005744934,0.09436804056167603,0.06915495544672012,0.029859865084290504,0.07002430409193039,0.01028516422957182,-0.04569466784596443,-0.04904283583164215,0.054281845688819885,0.05835622176527977
14080,0.1767948716878891,0.09432701021432877,0.06914550811052322,0.02979678474366665,0.07003146409988403,0.010236975736916065,-0.04572762921452522,-0.04908382147550583,0.05449938401579857,0.05919341370463371
14100,0.17677125334739685,0.09424002468585968,0.06908970326185226,0.02983943745493889,0.070059634745121,0.010183647274971008,-0.04576564207673073,-0.04911801964044571,0.055320367217063904,0.05841951072216034
14120,0.1765841394662857,0.09412255883216858,0.06908834725618362,0.029899924993515015,0.07002565264701843,0.010161181911826134,-0.04581616818904877,-0.049152832478284836,0.05355539917945862,0.05956234410405159
14140,0.17649616301059723,0.09409964084625244,0.06901571154594421,0.029866736382246017,0.06998169422149658,0.01008541602641344,-0.04586042836308479,-0.04918789863586426,0.05357477068901062,0.059287674725055695
14160,0.17643769085407257,0.09394055604934692,0.0690193623304367,0.0298833716660738,0.06995933502912521,0.010029612109065056,-0.04588770866394043,-0.04923278093338013,0.05327136442065239,0.058756183832883835
14180,0.17632682621479034,0.09387312829494476,0.0690249651670456,0.029855025932192802,0.0698857381939888,0.009926984086632729,-0.04595110937952995,-0.0492732860147953,0.05419859662652016,0.05877549946308136
14200,0.17617926001548767,0.09384941309690475,0.06902189552783966,0.029876431450247765,0.06981901079416275,0.009830699302256107,-0.046012766659259796,-0.049317631870508194,0.05603082850575447,0.06034574657678604
14220,0.17615869641304016,0.09375181049108505,0.06902477145195007,0.029880806803703308,0.06974682211875916,0.009775853715837002,-0.046052537858486176,-0.04935542121529579,0.05333657190203667,0.060750704258680344
14240,0.17610406875610352,0.09363885968923569,0.06896723806858063,0.02986777015030384,0.06968048214912415,0.009721372276544571,-0.04611310735344887,-0.0493970662355423,0.053965844213962555,0.062069445848464966
14260,0.17607545852661133,0.09354934841394424,0.06895111501216888,0.029842283576726913,0.06966762244701385,0.009678020142018795,-0.046182308346033096,-0.04943398758769035,0.05645904690027237,0.05957808345556259
14280,0.17608602344989777,0.09354770183563232,0.0689556673169136,0.02982212044298649,0.0696764662861824,0.00965093169361353,-0.046213626861572266,-0.04947555810213089,0.053210239857435226,0.06078106537461281
14300,0.1759902685880661,0.09340159595012665,0.06890582293272018,0.029836826026439667,0.06968359649181366,0.009617144241929054,-0.04625583067536354,-0.04951447248458862,0.05307381600141525,0.059336282312870026
14320,0.17601972818374634,0.09338381886482239,0.06890273094177246,0.029841259121894836,0.06963767856359482,0.009545673616230488,-0.04629210755228996,-0.049561284482479095,0.05657818913459778,0.05841723084449768
14340,0.17575272917747498,0.09332536906003952,0.06890415400266647,0.02984452247619629,0.06960075348615646,0.009463622234761715,-0.04634661599993706,-0.049600791186094284,0.05367239564657211,0.057389527559280396
14360,0.17569689452648163,0.09322677552700043,0.06888358294963837,0.029826898127794266,0.0695434957742691,0.009411157108843327,-0.04636131599545479,-0.04964182525873184,0.05265229567885399,0.058998871594667435
14380,0.17566360533237457,0.093149334192276,0.06886647641658783,0.029848236590623856,0.06951719522476196,0.009339585900306702,-0.04641298949718475,-0.049686405807733536,0.054219767451286316,0.0599491260945797
14400,0.17565828561782837,0.09310556203126907,0.06880033761262894,0.02982690930366516,0.06943847239017487,0.009259434416890144,-0.046439848840236664,-0.049726590514183044,0.053412552922964096,0.06121983379125595
14420,0.17573553323745728,0.09310518950223923,0.06883078813552856,0.029849858954548836,0.06947216391563416,0.009240702725946903,-0.04643040895462036,-0.04976847022771835,0.05489201098680496,0.06019000709056854
14440,0.17562605440616608,0.09303159266710281,0.06888102740049362,0.02983023039996624,0.06945875287055969,0.009162211790680885,-0.0464877150952816,-0.04981536045670509,0.05480542406439781,0.059536341577768326
14460,0.17558227479457855,0.09298725426197052,0.06888052076101303,0.029919644817709923,0.06945446878671646,0.009112000465393066,-0.04649439454078674,-0.04985007271170616,0.05084170401096344,0.05861927568912506
14480,0.17538084089756012,0.09285913407802582,0.06883084774017334,0.029916759580373764,0.06940238922834396,0.009022881276905537,-0.04654594510793686,-0.04988140985369682,0.05207083374261856,0.059571344405412674
14500,0.1753629893064499,0.0928301215171814,0.06885253638029099,0.0299242977052927,0.06937523931264877,0.00894289743155241,-0.04660327360033989,-0.049918822944164276,0.05788702145218849,0.05959673970937729
14520,0.17531965672969818,0.09276095032691956,0.06888508051633835,0.02993675135076046,0.06935366988182068,0.008895632810890675,-0.04661744832992554,-0.04995480924844742,0.05509617552161217,0.060267552733421326
14540,0.1752602756023407,0.09267748892307281,0.0689801499247551,0.030016213655471802,0.0693490132689476,0.008889478631317616,-0.04665661230683327,-0.04999391362071037,0.06102505698800087,0.06027965247631073
14560,0.1752697080373764,0.09269414842128754,0.06904719024896622,0.03004455752670765,0.06936907768249512,0.008879479952156544,-0.04664645716547966,-0.05003492906689644,0.053067293018102646,0.05971416085958481
14580,0.17530110478401184,0.09259431064128876,0.06897598505020142,0.030030427500605583,0.06932065635919571,0.008837522007524967,-0.04666859284043312,-0.05007055774331093,0.05268416181206703,0.059761691838502884
14600,0.1751849502325058,0.09253468364477158,0.06899634003639221,0.03004426136612892,0.06933417916297913,0.008764424361288548,-0.04670856520533562,-0.050117041915655136,0.05323568359017372,0.05877966433763504
14620,0.17506268620491028,0.09245046973228455,0.06902876496315002,0.030064987018704414,0.06927339732646942,0.008674048818647861,-0.04675282537937164,-0.05014831945300102,0.05346701294183731,0.06018669530749321
14640,0.17494629323482513,0.092373326420784,0.0689457356929779,0.030024804174900055,0.06924065947532654,0.008629359304904938,-0.04677581787109375,-0.05018400400876999,0.05326998978853226,0.05924646556377411
14660,0.17495085299015045,0.09226765483617783,0.06896974891424179,0.02995830588042736,0.06919244676828384,0.008573516272008419,-0.04682113602757454,-0.05022212490439415,0.053595781326293945,0.059018783271312714
14680,0.17476072907447815,0.09228268265724182,0.06900966912508011,0.030015427619218826,0.06917531043291092,0.008496571332216263,-0.046872783452272415,-0.05026071146130562,0.05628228932619095,0.06073169782757759
14700,0.17477135360240936,0.09227390587329865,0.06905575841665268,0.029968323186039925,0.06915906071662903,0.008435623720288277,-0.04686921462416649,-0.050294179469347,0.05381689593195915,0.05862665921449661
14720,0.17465737462043762,0.09215153753757477,0.06901302933692932,0.03000093251466751,0.06919798254966736,0.008396957069635391,-0.04688415676355362,-0.05032534524798393,0.055488478392362595,0.05978319048881531
14740,0.17476175725460052,0.09201827645301819,0.06900480389595032,0.030054360628128052,0.06917189806699753,0.00833526998758316,-0.046929311007261276,-0.050361692905426025,0.052378762513399124,0.05936338007450104
14760,0.17468351125717163,0.09192899614572525,0.06897591799497604,0.03004572167992592,0.06915538012981415,0.008289888501167297,-0.04697606712579727,-0.050390489399433136,0.0516781248152256,0.06011410802602768
14780,0.17456528544425964,0.0918862521648407,0.06894730776548386,0.03005862608551979,0.0690847709774971,0.008189464919269085,-0.04702772945165634,-0.05042373761534691,0.0530862919986248,0.058871351182460785
14800,0.17443813383579254,0.09190892428159714,0.0689348578453064,0.030051613226532936,0.06908952444791794,0.008129432797431946,-0.04705793410539627,-0.05046100541949272,0.05379325523972511,0.05867498740553856
14820,0.17434518039226532,0.091769739985466,0.0688854232430458,0.030072025954723358,0.06901829689741135,0.008050519041717052,-0.047122154384851456,-0.05050015449523926,0.054007235914468765,0.057308927178382874
14840,0.17424426972866058,0.09171032160520554,0.06891434639692307,0.030069982632994652,0.06900487095117569,0.007969369180500507,-0.047173723578453064,-0.05053209140896797,0.05304061248898506,0.05974290519952774
14860,0.17427535355091095,0.09167874604463577,0.06886512041091919,0.030067939311265945,0.06897241622209549,0.007939410395920277,-0.047237224876880646,-0.050572771579027176,0.05355193838477135,0.0586949922144413
14880,0.17410463094711304,0.09162247180938721,0.06881249696016312,0.03016268089413643,0.06894898414611816,0.007901809178292751,-0.04724099859595299,-0.050616465508937836,0.052857741713523865,0.05814805626869202
14900,0.17393642663955688,0.09156513214111328,0.06880270689725876,0.030085748061537743,0.06890270859003067,0.007789505645632744,-0.04728905111551285,-0.050658825784921646,0.05367520824074745,0.056945204734802246
14920,0.17383398115634918,0.09156597405672073,0.06876610219478607,0.030078118667006493,0.0688372552394867,0.007710210047662258,-0.04733163118362427,-0.050700895488262177,0.05293160676956177,0.05849212408065796
14940,0.17373761534690857,0.09152761846780777,0.06878989934921265,0.03008635900914669,0.06876374036073685,0.007616705726832151,-0.04737754166126251,-0.05074252933263779,0.052931010723114014,0.05964000150561333
14960,0.17361696064472198,0.09140590578317642,0.0687442347407341,0.0301209669560194,0.06870073080062866,0.007585035637021065,-0.04738815128803253,-0.050776831805706024,0.0510791540145874,0.0573444738984108
14980,0.17338179051876068,0.09140656888484955,0.06877079606056213,0.030194858089089394,0.06868328899145126,0.007551353890448809,-0.047431621700525284,-0.050813786685466766,0.053027283400297165,0.057862281799316406
15000,0.17320449650287628,0.09129589051008224,0.0686948299407959,0.030181685462594032,0.06861185282468796,0.007492608390748501,-0.047513511031866074,-0.05085168033838272,0.05114445835351944,0.0574338436126709
15020,0.17316117882728577,0.09118597954511642,0.06858029961585999,0.030091408640146255,0.06855659186840057,0.007406454533338547,-0.0475710853934288,-0.0508943609893322,0.05416126176714897,0.059839632362127304
15040,0.17316411435604095,0.09110260754823685,0.0686083659529686,0.030077019706368446,0.06857955455780029,0.007353374734520912,-0.04759810492396355,-0.05093405768275261,0.053564902395009995,0.06135818734765053
15060,0.1730993688106537,0.09103772044181824,0.06855551898479462,0.03007553145289421,0.06853874772787094,0.0073133353143930435,-0.04762699455022812,-0.05097304284572601,0.05286192521452904,0.05906277149915695
15080,0.17299805581569672,0.09102233499288559,0.06858718395233154,0.030104145407676697,0.06850703805685043,0.007246161345392466,-0.04768886789679527,-0.05101017281413078,0.05254914239048958,0.05788136273622513
15100,0.17283546924591064,0.09099169075489044,0.06853289902210236,0.03004973754286766,0.06850340217351913,0.007187461946159601,-0.047716543078422546,-0.05104994773864746,0.04949505627155304,0.05910416692495346
15120,0.17265450954437256,0.09090439230203629,0.06852514296770096,0.030039239674806595,0.06846880912780762,0.00713253254070878,-0.047786589711904526,-0.051095202565193176,0.051416099071502686,0.058713722974061966
15140,0.1725429892539978,0.09081071615219116,0.06846289336681366,0.030070839449763298,0.0683794766664505,0.00708853080868721,-0.047834668308496475,-0.05113554000854492,0.05409612879157066,0.05848769471049309
15160,0.17250360548496246,0.09084001928567886,0.0683838278055191,0.030115468427538872,0.0683467909693718,0.00706802774220705,-0.04787536337971687,-0.051172900944948196,0.05327741801738739,0.05864369124174118
15180,0.17244809865951538,0.09082640707492828,0.0683804526925087,0.030102290213108063,0.06835047155618668,0.007021543104201555,-0.047906067222356796,-0.051214274019002914,0.0526709221303463,0.05709746107459068
15200,0.17243078351020813,0.09073508530855179,0.06838975101709366,0.03012223355472088,0.0682973712682724,0.006938260048627853,-0.047956373542547226,-0.05125828832387924,0.05348533019423485,0.05897122994065285
15220,0.17241622507572174,0.09061072021722794,0.06838955730199814,0.030099118128418922,0.06824607402086258,0.006868208292871714,-0.04801308736205101,-0.0512876957654953,0.05229033902287483,0.059143319725990295
15240,0.1722806990146637,0.09055294841527939,0.06834214925765991,0.030141182243824005,0.06821979582309723,0.006859039422124624,-0.04803606867790222,-0.0513223335146904,0.05317980423569679,0.05958480387926102
15260,0.17204847931861877,0.0904780700802803,0.06833625584840775,0.030160242691636086,0.06818844377994537,0.006794081535190344,-0.048070959746837616,-0.05134843662381172,0.05276238173246384,0.059254951775074005
15280,0.17203505337238312,0.09041425585746765,0.06835409253835678,0.030187569558620453,0.06816355884075165,0.006708431523293257,-0.04811311885714531,-0.05137969180941582,0.05415606498718262,0.05935550108551979
15300,0.17199461162090302,0.09037023782730103,0.0683668851852417,0.030210837721824646,0.06808266788721085,0.0066490788012743,-0.048174839466810226,-0.051416151225566864,0.05281073972582817,0.05995425209403038
15320,0.17191578447818756,0.09023010730743408,0.06838299334049225,0.030168965458869934,0.06800314784049988,0.00654139369726181,-0.04821886122226715,-0.051452137529850006,0.05386921018362045,0.05741344392299652
15340,0.17175501585006714,0.090202197432518,0.06841442734003067,0.0301657747477293,0.06797183305025101,0.006464924197643995,-0.048241179436445236,-0.05147947743535042,0.05325467139482498,0.057870447635650635
15360,0.17168141901493073,0.0901426300406456,0.06832939386367798,0.03014516457915306,0.06793338060379028,0.006401070859283209,-0.04825776442885399,-0.05151795595884323,0.05142777040600777,0.05824534222483635
15380,0.17164263129234314,0.09006451070308685,0.06837766617536545,0.03016071952879429,0.06784580647945404,0.006315221544355154,-0.04831327125430107,-0.05156322941184044,0.053547315299510956,0.05892808735370636
15400,0.17150314152240753,0.09004488587379456,0.06832294911146164,0.03021310828626156,0.06782647222280502,0.00629791896790266,-0.048335276544094086,-0.051600269973278046,0.05362076684832573,0.058619700372219086
15420,0.17140869796276093,0.08998226374387741,0.06825675815343857,0.03017401322722435,0.0677979439496994,0.006201143842190504,-0.04837387427687645,-0.05164382606744766,0.051504526287317276,0.05695464089512825
15440,0.17133817076683044,0.08989255130290985,0.06820826977491379,0.030118118971586227,0.06776263564825058,0.00614233547821641,-0.04841582849621773,-0.051679112017154694,0.053070370107889175,0.05751223489642143
15460,0.17132072150707245,0.08978348970413208,0.06815667450428009,0.030079910531640053,0.06775698065757751,0.006100325379520655,-0.0484749861061573,-0.051717791706323624,0.0546937957406044,0.06072750687599182
15480,0.17133155465126038,0.0898553654551506,0.06819500774145126,0.03006128966808319,0.06772419810295105,0.006054774858057499,-0.04848207160830498,-0.05175749957561493,0.05323806032538414,0.05880720540881157
15500,0.17136874794960022,0.08981248736381531,0.06818391382694244,0.030074477195739746,0.06773615628480911,0.005980877671390772,-0.048522863537073135,-0.05180412903428078,0.054418399930000305,0.05769208073616028
15520,0.17142900824546814,0.0896856039762497,0.06812964379787445,0.030079709365963936,0.06773830205202103,0.005943210329860449,-0.048571500927209854,-0.051837142556905746,0.05201681703329086,0.058038707822561264
15540,0.1712689846754074,0.08960128575563431,0.06815028190612793,0.030140532180666924,0.06770557165145874,0.005872984882444143,-0.04863083362579346,-0.051871947944164276,0.05293717235326767,0.05895550549030304
15560,0.171192467212677,0.08947230875492096,0.0681840032339096,0.030132155865430832,0.06764505803585052,0.005805961322039366,-0.04867080599069595,-0.051907505840063095,0.05296053737401962,0.05832285434007645
15580,0.17109690606594086,0.08938925713300705,0.06804845482110977,0.030114050954580307,0.06756719946861267,0.005726902280002832,-0.04868616536259651,-0.0519367940723896,0.05264945328235626,0.058110740035772324
15600,0.17096494138240814,0.08930713683366776,0.0680161565542221,0.030073771253228188,0.06752615422010422,0.005635196343064308,-0.04872894659638405,-0.05197043716907501,0.05156269669532776,0.05767863243818283
15620,0.17083555459976196,0.08927254378795624,0.06801505386829376,0.030017241835594177,0.06746593117713928,0.005534454248845577,-0.0487692765891552,-0.05200861394405365,0.05139344185590744,0.058155134320259094
15640,0.17075219750404358,0.08918679505586624,0.06799016147851944,0.030035732313990593,0.06739988923072815,0.005502322223037481,-0.04883774742484093,-0.052048295736312866,0.05155577510595322,0.05811791494488716
15660,0.17066502571105957,0.08914842456579208,0.06793931126594543,0.03002149984240532,0.06737226247787476,0.005398382432758808,-0.04888744652271271,-0.05208582431077957,0.05215948820114136,0.05844218283891678
15680,0.17067329585552216,0.08905456215143204,0.06790868192911148,0.030017882585525513,0.0673186331987381,0.005339101422578096,-0.048928093165159225,-0.052116382867097855,0.05411447584629059,0.062041498720645905
15700,0.17059718072414398,0.08903578668832779,0.06789961457252502,0.030077636241912842,0.06727918237447739,0.0052936081774532795,-0.048928603529930115,-0.052141353487968445,0.05465121567249298,0.05854993313550949
15720,0.17053979635238647,0.08896226435899734,0.06797543168067932,0.030058102682232857,0.0672493427991867,0.005278436932712793,-0.048949066549539566,-0.052171558141708374,0.05262210965156555,0.0588037483394146
15740,0.17048192024230957,0.08895643055438995,0.06800980120897293,0.030036654323339462,0.06726588308811188,0.005254467483609915,-0.04897978901863098,-0.05220681056380272,0.05378831923007965,0.05824136734008789
15760,0.1703798919916153,0.0889383852481842,0.06798706203699112,0.030025623738765717,0.06724295020103455,0.005233698524534702,-0.04900786280632019,-0.052237313240766525,0.0524272620677948,0.06027333810925484
15780,0.17037048935890198,0.08891552686691284,0.06801173090934753,0.030020929872989655,0.06723717600107193,0.0051983133889734745,-0.0490269772708416,-0.05227785184979439,0.05159621313214302,0.05968181788921356
15800,0.17022407054901123,0.0888851135969162,0.06798785924911499,0.03005085326731205,0.06721232831478119,0.005161872133612633,-0.04903062433004379,-0.05232285335659981,0.051429133862257004,0.05869387090206146
15820,0.17017289996147156,0.08873174339532852,0.06793054938316345,0.029984625056385994,0.06717832386493683,0.005095525179058313,-0.049065522849559784,-0.05235834792256355,0.05233059078454971,0.057473957538604736
15840,0.17004896700382233,0.08868616074323654,0.06793808192014694,0.03001761995255947,0.0671132430434227,0.005047173704952002,-0.04913666844367981,-0.052395835518836975,0.051969949156045914,0.057339854538440704
15860,0.17004789412021637,0.08855362981557846,0.06787073612213135,0.030012479051947594,0.06705794483423233,0.004998557269573212,-0.049173660576343536,-0.05243462324142456,0.05406463146209717,0.05774517357349396
15880,0.17009809613227844,0.08845248073339462,0.0677984356880188,0.029948117211461067,0.06700409948825836,0.004917432554066181,-0.0491950698196888,-0.052472278475761414,0.053071826696395874,0.05831364542245865
15900,0.17004753649234772,0.08837880194187164,0.06777196377515793,0.02999131567776203,0.06696271896362305,0.004873085301369429,-0.049204811453819275,-0.052502866834402084,0.053306061774492264,0.05886121839284897
15920,0.16990253329277039,0.08834560960531235,0.06778789311647415,0.02998317964375019,0.06689244508743286,0.004775491077452898,-0.049269262701272964,-0.052538782358169556,0.053536318242549896,0.05796850845217705
15940,0.16976647078990936,0.08832083642482758,0.0678800418972969,0.029967086389660835,0.0668826475739479,0.004700255114585161,-0.049310047179460526,-0.05257158726453781,0.050252072513103485,0.05755266547203064
15960,0.16957004368305206,0.08828530460596085,0.06781193614006042,0.029945947229862213,0.06684707850217819,0.004638069309294224,-0.049341849982738495,-0.052607495337724686,0.05195876583456993,0.059659942984580994
15980,0.16952714323997498,0.08820601552724838,0.06774589419364929,0.02987644076347351,0.0668417289853096,0.0045892586931586266,-0.04935766011476517,-0.0526505671441555,0.04984321817755699,0.06293053925037384
16000,0.16955071687698364,0.08810688555240631,0.06777163594961166,0.029957573860883713,0.06686742603778839,0.0045541017316281796,-0.04938255250453949,-0.05268623307347298,0.05077320337295532,0.05716630071401596
16020,0.16952452063560486,0.08800504356622696,0.06777171790599823,0.029930192977190018,0.06681304425001144,0.00446153711527586,-0.049397144466638565,-0.05272342637181282,0.05115746334195137,0.058066148310899734
16040,0.16948044300079346,0.08796094357967377,0.06774366647005081,0.029882414266467094,0.0667693093419075,0.004358028061687946,-0.049432165920734406,-0.05275586247444153,0.052960313856601715,0.057585395872592926
16060,0.16942839324474335,0.08789867162704468,0.06770671904087067,0.029888557270169258,0.06676413118839264,0.004302519373595715,-0.049516234546899796,-0.05279306322336197,0.051540080457925797,0.05802549794316292
16080,0.16935619711875916,0.08782395720481873,0.0676596611738205,0.029880110174417496,0.06674293428659439,0.004228357691317797,-0.04954554885625839,-0.05282195284962654,0.055412426590919495,0.05941453576087952
16100,0.16915681958198547,0.08778123557567596,0.06766039878129959,0.029823288321495056,0.06668082624673843,0.004163897596299648,-0.04960864409804344,-0.05286188796162605,0.05185124650597572,0.05742337554693222
16120,0.16901035606861115,0.08769579976797104,0.06765041500329971,0.02984735555946827,0.06659598648548126,0.004087959881871939,-0.04963055998086929,-0.052893780171871185,0.054295893758535385,0.058724891394376755
16140,0.16889023780822754,0.08769593387842178,0.06764207780361176,0.029833318665623665,0.06656859815120697,0.004082141909748316,-0.04963379725813866,-0.05293069779872894,0.05221904069185257,0.05764826759696007
16160,0.16884848475456238,0.08758719265460968,0.06754463911056519,0.029832839965820312,0.06652630865573883,0.004038527607917786,-0.04965289309620857,-0.052957918494939804,0.05253228917717934,0.05897428095340729
16180,0.1687266230583191,0.08759504556655884,0.06761686503887177,0.029851965606212616,0.06647562235593796,0.0039431871846318245,-0.04970330744981766,-0.052981723099946976,0.05036855861544609,0.05910826101899147
16200,0.16856466233730316,0.08753609657287598,0.06759698688983917,0.029862867668271065,0.06645076721906662,0.003875570371747017,-0.049738265573978424,-0.053018152713775635,0.054289232939481735,0.05791682004928589
16220,0.16851727664470673,0.08745995908975601,0.06757384538650513,0.029886869713664055,0.06644287705421448,0.003827407956123352,-0.04979933798313141,-0.05305042862892151,0.054032836109399796,0.058193597942590714
16240,0.1684763878583908,0.0874052494764328,0.06755414605140686,0.029864691197872162,0.06643134355545044,0.0037938046734780073,-0.049839939922094345,-0.05308709666132927,0.054049890488386154,0.05810582637786865
16260,0.16847273707389832,0.0873437374830246,0.06760487705469131,0.029835974797606468,0.06640655547380447,0.0037103593349456787,-0.04987353831529617,-0.05312130227684975,0.0534478984773159,0.060079120099544525
16280,0.16841574013233185,0.0872606560587883,0.06753236055374146,0.029850753024220467,0.06639308482408524,0.003669017693027854,-0.04988613352179527,-0.053155165165662766,0.052200883626937866,0.060387711971998215
16300,0.16832664608955383,0.08720001578330994,0.06756090372800827,0.029855655506253242,0.06634064018726349,0.0036291303113102913,-0.0499633364379406,-0.0531868115067482,0.050845783203840256,0.05733254551887512
16320,0.16825516521930695,0.08721806108951569,0.06757023930549622,0.029844092205166817,0.06630159914493561,0.003549379063770175,-0.049984000623226166,-0.05321464687585831,0.05223624035716057,0.0578702837228775
16340,0.16820348799228668,0.08707878738641739,0.06749133765697479,0.02984401024878025,0.06623101234436035,0.0034539506305009127,-0.050063684582710266,-0.05324399471282959,0.05190706625580788,0.057831041514873505
16360,0.16818369925022125,0.08702699840068817,0.0674467608332634,0.029795542359352112,0.06621096283197403,0.0034267341252416372,-0.0501118078827858,-0.05327589809894562,0.0523950457572937,0.057641223073005676
16380,0.16812482476234436,0.0869177058339119,0.0674687922000885,0.029850851744413376,0.06621981412172318,0.003375428495928645,-0.050192248076200485,-0.05331052094697952,0.050959620624780655,0.05737265571951866
16400,0.16818013787269592,0.08692708611488342,0.06743241846561432,0.029830534011125565,0.06616432219743729,0.0033051418140530586,-0.050169870257377625,-0.053346674889326096,0.05073627084493637,0.05757811293005943
16420,0.16810555756092072,0.08685890585184097,0.06728717684745789,0.029790332540869713,0.06615722924470901,0.003260108409449458,-0.05024978518486023,-0.05339096486568451,0.05019587278366089,0.05749080330133438
16440,0.16801990568637848,0.08687186241149902,0.06730382144451141,0.02984251268208027,0.06614035367965698,0.0032612455543130636,-0.05030936002731323,-0.053421445190906525,0.051594965159893036,0.05964212119579315
16460,0.1679748296737671,0.086771160364151,0.06721080094575882,0.02980555221438408,0.0661061555147171,0.0032192524522542953,-0.05035760998725891,-0.05345448479056358,0.05115748196840286,0.05813084915280342
16480,0.16792696714401245,0.08676951378583908,0.06717374920845032,0.029858162626624107,0.06604524701833725,0.0031730462796986103,-0.050402041524648666,-0.053488146513700485,0.050779033452272415,0.058093562722206116
16500,0.1677437126636505,0.08671540766954422,0.06718974560499191,0.02982284687459469,0.06602177023887634,0.003108277218416333,-0.05045807734131813,-0.05352200195193291,0.052995748817920685,0.05799064412713051
16520,0.167763352394104,0.08668115735054016,0.06719500571489334,0.029830722138285637,0.0660068690776825,0.0030670028645545244,-0.050500765442848206,-0.05355533957481384,0.05536854267120361,0.057683199644088745
16540,0.167800173163414,0.08665332943201065,0.06721053272485733,0.02980377897620201,0.06605521589517593,0.0030787440482527018,-0.05050964653491974,-0.05358502268791199,0.05501261353492737,0.05983628332614899
16560,0.16769711673259735,0.08656847476959229,0.06723104417324066,0.02975785918533802,0.06604894995689392,0.003005975391715765,-0.05055607855319977,-0.053617753088474274,0.051989924162626266,0.058760859072208405
16580,0.16766923666000366,0.0865250751376152,0.06719429790973663,0.029732396826148033,0.06598789989948273,0.002910488983616233,-0.05059582367539406,-0.05365779623389244,0.05177611857652664,0.05830685421824455
16600,0.16765862703323364,0.08649945259094238,0.06711907684803009,0.029767656698822975,0.06601442396640778,0.002871715696528554,-0.050633590668439865,-0.05369461700320244,0.05121771991252899,0.05958639457821846
16620,0.16751670837402344,0.08646369725465775,0.06711769849061966,0.029747720807790756,0.06594250351190567,0.0028136330656707287,-0.050676360726356506,-0.0537291057407856,0.05297520011663437,0.057133011519908905
16640,0.16736175119876862,0.08639614284038544,0.06714210659265518,0.029758870601654053,0.06597153842449188,0.0027872503269463778,-0.05066974461078644,-0.053760871291160583,0.05210212618112564,0.05874006077647209
16660,0.16730405390262604,0.08632350713014603,0.06716890633106232,0.029742533341050148,0.06592288613319397,0.002767502097412944,-0.05068858340382576,-0.05379727482795715,0.05140739306807518,0.0578949861228466
16680,0.16717909276485443,0.08619711548089981,0.06718320399522781,0.0297404695302248,0.06584355235099792,0.00271414453163743,-0.050714097917079926,-0.053829375654459,0.05374844744801521,0.0577894002199173
16700,0.1670708954334259,0.08610330522060394,0.0670909732580185,0.02973894774913788,0.06578153371810913,0.002668661531060934,-0.0507371611893177,-0.05386512354016304,0.051553186029195786,0.05718236789107323
16720,0.16708998382091522,0.08604784309864044,0.06709372252225876,0.029726482927799225,0.06570690125226974,0.0025516028981655836,-0.05076183006167412,-0.05389317870140076,0.053476911038160324,0.05906391143798828
16740,0.1669219732284546,0.08600364625453949,0.0671338215470314,0.029709096997976303,0.06570407748222351,0.002496866974979639,-0.0507805310189724,-0.053921062499284744,0.05071889981627464,0.05682788044214249
16760,0.1668274998664856,0.08595619350671768,0.06706841289997101,0.029716024175286293,0.06567032635211945,0.0024653319269418716,-0.05084439367055893,-0.053955599665641785,0.050094202160835266,0.057858195155858994
16780,0.16673977673053741,0.08582036197185516,0.06709422171115875,0.029672540724277496,0.06559128314256668,0.002389600733295083,-0.050885628908872604,-0.053993936628103256,0.05203733965754509,0.05848841369152069
16800,0.1665544956922531,0.0858137458562851,0.06706587970256805,0.029696738347411156,0.06553009152412415,0.002359505509957671,-0.05093731731176376,-0.05403498187661171,0.051005665212869644,0.05742509290575981
16820,0.1664988249540329,0.08573032170534134,0.06705647706985474,0.029660405591130257,0.06545601040124893,0.002261070068925619,-0.05099938437342644,-0.05406680330634117,0.05055291950702667,0.057911571115255356
16840,0.1664162427186966,0.08571449667215347,0.06702690571546555,0.029691971838474274,0.06539922207593918,0.002185060875490308,-0.05100994184613228,-0.054097652435302734,0.05188484489917755,0.0590452179312706
16860,0.1663484275341034,0.08559078723192215,0.06699912995100021,0.029736127704381943,0.06540759652853012,0.0021751297172158957,-0.05102008208632469,-0.05413348972797394,0.05178698152303696,0.05862923711538315
16880,0.16612331569194794,0.08554373681545258,0.06699571013450623,0.029717374593019485,0.065358467400074,0.002100632293149829,-0.051081590354442596,-0.05416610836982727,0.05047916620969772,0.0570317804813385
16900,0.16600936651229858,0.08553339540958405,0.06694123148918152,0.0297272689640522,0.06530272960662842,0.0020562789868563414,-0.05111793428659439,-0.05419987440109253,0.04909660667181015,0.05634190887212753
16920,0.16580800712108612,0.08544447273015976,0.0668739452958107,0.029694683849811554,0.06526359915733337,0.0019847985822707415,-0.05115823075175285,-0.05423637107014656,0.0512051098048687,0.05815804749727249
16940,0.16578780114650726,0.08536116778850555,0.06679883599281311,0.029633622616529465,0.06520164012908936,0.0019645565189421177,-0.05118941143155098,-0.05427253618836403,0.0510442890226841,0.05704911798238754
16960,0.16563045978546143,0.08536563813686371,0.06685323268175125,0.029669109731912613,0.06513175368309021,0.0018683226080611348,-0.051234904676675797,-0.05430800840258598,0.050870515406131744,0.057398971170186996
16980,0.1655423939228058,0.08516766130924225,0.06681206822395325,0.02967051975429058,0.06506699323654175,0.0018104988848790526,-0.05126224085688591,-0.05433307960629463,0.050883401185274124,0.05743812769651413
17000,0.16542933881282806,0.08504746109247208,0.06666883826255798,0.0296282097697258,0.0650080069899559,0.0017891667084768414,-0.05128548666834831,-0.05436144396662712,0.05026444420218468,0.056694116443395615
17020,0.16533009707927704,0.08499450981616974,0.06670111417770386,0.029613714665174484,0.06497591733932495,0.0016698638210073113,-0.05134611949324608,-0.054396454244852066,0.051064591854810715,0.05956233665347099
17040,0.1652051955461502,0.08491146564483643,0.06664258241653442,0.0296122208237648,0.06496591866016388,0.0016412013210356236,-0.051395390182733536,-0.05442618206143379,0.05321682244539261,0.061509862542152405
17060,0.16511228680610657,0.08476784825325012,0.06664977967739105,0.029582155868411064,0.06490276753902435,0.0015478086424991488,-0.05142303183674812,-0.05446677282452583,0.05109257623553276,0.05870208516716957
17080,0.165104478597641,0.08471467345952988,0.06665315479040146,0.029584821313619614,0.06488006561994553,0.0014777269680052996,-0.0514204166829586,-0.05450015515089035,0.05212874710559845,0.05772433429956436
17100,0.16499635577201843,0.0846359133720398,0.06656815856695175,0.029600851237773895,0.06488566100597382,0.0014009926235303283,-0.051454681903123856,-0.05452890321612358,0.0510530024766922,0.057951778173446655
17120,0.16491881012916565,0.0846087709069252,0.06654751300811768,0.029606129974126816,0.06480809301137924,0.0012985627399757504,-0.05153670907020569,-0.054560162127017975,0.05143611878156662,0.05649276822805405
17140,0.16478410363197327,0.08456278592348099,0.06649704277515411,0.029606465250253677,0.06478074938058853,0.0012582925846800208,-0.05159368738532066,-0.054593704640865326,0.05108364298939705,0.05759545415639877
17160,0.16460952162742615,0.0845499262213707,0.06647928804159164,0.02963779866695404,0.06473219394683838,0.0011854000622406602,-0.051661811769008636,-0.05462747439742088,0.05459087714552879,0.05773588642477989
17180,0.16454753279685974,0.0844210535287857,0.06645307689905167,0.029666036367416382,0.06465640664100647,0.0011217277497053146,-0.0516928993165493,-0.054664164781570435,0.05156194791197777,0.06337030231952667
17200,0.164586141705513,0.08436986804008484,0.06650397181510925,0.02965213544666767,0.06462672352790833,0.00109714618884027,-0.051761478185653687,-0.05470316857099533,0.05374012887477875,0.058671705424785614
17220,0.16452987492084503,0.08434171974658966,0.06646545231342316,0.029644062742590904,0.06457944214344025,0.0010117689380422235,-0.051772113889455795,-0.05474024638533592,0.04970846325159073,0.05733844265341759
17240,0.1644272655248642,0.0842859074473381,0.06648045033216476,0.029594847932457924,0.06453938037157059,0.0009519399027340114,-0.05181054025888443,-0.05478300526738167,0.050393588840961456,0.05656030774116516
17260,0.16422371566295624,0.08425380289554596,0.06643650680780411,0.029609644785523415,0.06457974761724472,0.0008995266980491579,-0.05186212435364723,-0.05481618270277977,0.050247080624103546,0.05801679193973541
17280,0.1641516536474228,0.08423378318548203,0.06637308746576309,0.029593344777822495,0.06450892984867096,0.0008340073400177062,-0.051901157945394516,-0.054844602942466736,0.04967743903398514,0.0573209710419178
17300,0.16402138769626617,0.084177166223526,0.06628567725419998,0.029557276517152786,0.06442858278751373,0.0007701112190261483,-0.05193068087100983,-0.05487075448036194,0.04998902976512909,0.06102335453033447
17320,0.16400139033794403,0.08410904556512833,0.06631877273321152,0.029568186029791832,0.06444070488214493,0.000742999545764178,-0.05193314328789711,-0.054901767522096634,0.04968423768877983,0.06112218648195267
17340,0.1639392226934433,0.0840807631611824,0.06624143570661545,0.029593802988529205,0.06444048881530762,0.0007098360802046955,-0.05193152278661728,-0.054926857352256775,0.05106179788708687,0.05759037286043167
17360,0.1639210432767868,0.08400483429431915,0.06623569130897522,0.029592271894216537,0.06432841718196869,0.0006352243945002556,-0.05197590962052345,-0.054965145885944366,0.05024917796254158,0.05771734565496445
17380,0.16397589445114136,0.08386582136154175,0.06623943895101547,0.029567193239927292,0.06429746747016907,0.0006294782506301999,-0.0519988015294075,-0.05500006675720215,0.04986405372619629,0.05725563317537308
17400,0.16391168534755707,0.08382738381624222,0.06618363410234451,0.029527509585022926,0.06427562981843948,0.0006002091686241329,-0.05201759934425354,-0.055039141327142715,0.05091909319162369,0.05666551738977432
17420,0.16385863721370697,0.08387010544538498,0.06622859835624695,0.029538994655013084,0.06425503641366959,0.0005708875833079219,-0.052053727209568024,-0.05507197231054306,0.04875976964831352,0.05690188333392143
17440,0.16388501226902008,0.08381887525320053,0.06619737297296524,0.029538219794631004,0.06424274295568466,0.0005079203401692212,-0.05208970233798027,-0.05510185286402702,0.0503338985145092,0.05751046910881996
17460,0.16384877264499664,0.08374924212694168,0.06613001972436905,0.02947155572474003,0.06424150615930557,0.0004440896736923605,-0.052107322961091995,-0.055137667804956436,0.050616901367902756,0.0571877621114254
17480,0.16363374888896942,0.08372444659471512,0.06605996191501617,0.02951037324965,0.06413733959197998,0.00038001727079972625,-0.05215176194906235,-0.05517132952809334,0.05220852792263031,0.06064723804593086
17500,0.16366583108901978,0.08373565226793289,0.06608384102582932,0.029509270563721657,0.06413768976926804,0.0003302252443972975,-0.05220566689968109,-0.05519801378250122,0.05274899676442146,0.05759177356958389
17520,0.16371533274650574,0.08362511545419693,0.06614860147237778,0.029485555365681648,0.06411751359701157,0.00031473906710743904,-0.052228718996047974,-0.05523150786757469,0.05030849575996399,0.05722961574792862
17540,0.16372929513454437,0.08356285095214844,0.06618071347475052,0.02949654683470726,0.06413564085960388,0.0002681139449123293,-0.05226736143231392,-0.055269330739974976,0.05121305584907532,0.05635667219758034
17560,0.1636410355567932,0.08351199328899384,0.06618036329746246,0.029353773221373558,0.06409990787506104,0.00016625155694782734,-0.052295245230197906,-0.055303409695625305,0.0490429624915123,0.05697879195213318
17580,0.16346782445907593,0.08344895392656326,0.06613010168075562,0.029391881078481674,0.06408536434173584,0.00010156596545130014,-0.0523281991481781,-0.055328354239463806,0.05209776386618614,0.057156890630722046
17600,0.1634422391653061,0.08332985639572144,0.0660351812839508,0.029367543756961823,0.06403075903654099,5.713535938411951e-05,-0.0523698516190052,-0.05535618215799332,0.05064903199672699,0.0580274723470211
17620,0.16331933438777924,0.08328215032815933,0.06601232290267944,0.02939276583492756,0.06400066614151001,1.7522688722237945e-05,-0.05243223160505295,-0.05538478121161461,0.05237741395831108,0.05892709270119667
17640,0.16319061815738678,0.08330144733190536,0.06613843888044357,0.029358601197600365,0.06395988166332245,-7.861555059207603e-05,-0.05246555060148239,-0.055413614958524704,0.051506105810403824,0.060193225741386414
17660,0.1631748229265213,0.08323242515325546,0.06601861119270325,0.029315747320652008,0.06394116580486298,-0.00013516827311832458,-0.05248618870973587,-0.05544760078191757,0.04908205568790436,0.05685199424624443
17680,0.163197323679924,0.0831986665725708,0.06593694537878036,0.02932903729379177,0.06392233818769455,-0.0001720809523249045,-0.05251877382397652,-0.05548327788710594,0.053862765431404114,0.05949278920888901
17700,0.16315864026546478,0.08318406343460083,0.0659642219543457,0.0293405894190073,0.06393541395664215,-0.0001786000357242301,-0.05257970467209816,-0.05550741031765938,0.053183265030384064,0.05774708837270737
17720,0.16313880681991577,0.08315356075763702,0.06600786745548248,0.029341936111450195,0.0639236643910408,-0.00023701910686213523,-0.05264873430132866,-0.05554051324725151,0.05030844360589981,0.05729936808347702
17740,0.16307498514652252,0.08309813588857651,0.06593897193670273,0.02932475134730339,0.06377606838941574,-0.0003187803959008306,-0.052693650126457214,-0.05558297783136368,0.05039440467953682,0.058128513395786285
17760,0.16300691664218903,0.08304379880428314,0.0660119578242302,0.02938070334494114,0.06370725482702255,-0.00035209403722546995,-0.05272173136472702,-0.05561342462897301,0.05014578625559807,0.05633341521024704
17780,0.16301311552524567,0.08290348947048187,0.06597674638032913,0.029415998607873917,0.06364548951387405,-0.00037404269096441567,-0.05275484919548035,-0.05564514547586441,0.051220908761024475,0.06126498430967331
17800,0.1629224568605423,0.08282891660928726,0.06592120230197906,0.029339827597141266,0.0636039599776268,-0.0004591077449731529,-0.05280030146241188,-0.055682357400655746,0.050682105123996735,0.057322822511196136
17820,0.16275107860565186,0.08274082839488983,0.06593787670135498,0.029335081577301025,0.06356693059206009,-0.00048161184531636536,-0.05285431817173958,-0.0557144433259964,0.05081585422158241,0.0584191158413887
17840,0.16258308291435242,0.0827486664056778,0.06587506085634232,0.02935233898460865,0.06349378824234009,-0.0005491317133419216,-0.0529061034321785,-0.05575240030884743,0.049018494784832,0.05873224511742592
17860,0.16253705322742462,0.0827205702662468,0.06579746305942535,0.02932971902191639,0.06348646432161331,-0.0006134694558568299,-0.05291900411248207,-0.055793847888708115,0.05135367065668106,0.057463306933641434
17880,0.16233612596988678,0.08267481625080109,0.06584060192108154,0.02934190444648266,0.06346467137336731,-0.0006365005392581224,-0.0529632605612278,-0.05582767352461815,0.0497552789747715,0.05608544498682022
17900,0.16226032376289368,0.08263944089412689,0.06582334637641907,0.029349997639656067,0.06341088563203812,-0.0006810346967540681,-0.05300759896636009,-0.0558619350194931,0.05089297145605087,0.05708751082420349
17920,0.16226430237293243,0.08257381618022919,0.06574825942516327,0.029284687712788582,0.06340174376964569,-0.0007616824586875737,-0.05304557830095291,-0.05589408054947853,0.049647197127342224,0.056610383093357086
17940,0.16212722659111023,0.08252785354852676,0.06578462570905685,0.029262922704219818,0.06339568644762039,-0.0008116823737509549,-0.05310158431529999,-0.0559261329472065,0.04870730638504028,0.05703457444906235
17960,0.16204044222831726,0.08250634372234344,0.06574678421020508,0.02916179783642292,0.06331304460763931,-0.000904985994566232,-0.05315888673067093,-0.05595790967345238,0.049318358302116394,0.05656025558710098
17980,0.16194650530815125,0.08245769888162613,0.06577816605567932,0.0291671771556139,0.06328391283750534,-0.0009563272469677031,-0.053218189626932144,-0.05599461868405342,0.05130517855286598,0.05851847305893898
18000,0.16191519796848297,0.08235710859298706,0.06574147194623947,0.029088657349348068,0.0632719099521637,-0.001039020367898047,-0.05323661118745804,-0.05602829158306122,0.05121908709406853,0.05776931717991829
18020,0.1618741750717163,0.08230585604906082,0.06568959355354309,0.029069075360894203,0.0632074624300003,-0.0011281643528491259,-0.05325499176979065,-0.056060053408145905,0.049774374812841415,0.05857492610812187
18040,0.16175241768360138,0.08232337236404419,0.06573239713907242,0.029085304588079453,0.06319037079811096,-0.0012092114193364978,-0.053297027945518494,-0.05608921870589256,0.05029116943478584,0.05737346410751343
18060,0.1616222858428955,0.08226212114095688,0.0656851977109909,0.029034525156021118,0.06317058950662613,-0.001255788141861558,-0.05333501845598221,-0.05612495541572571,0.05015755072236061,0.056419678032398224
18080,0.16155675053596497,0.08220980316400528,0.06562379002571106,0.02900385484099388,0.06315778940916061,-0.001297950861044228,-0.053370531648397446,-0.05615048110485077,0.05106454715132713,0.057296767830848694
18100,0.1614445000886917,0.0821475014090538,0.06554077565670013,0.0289915818721056,0.06313855201005936,-0.0013425643555819988,-0.05336981266736984,-0.056181665509939194,0.05270470678806305,0.05727219954133034
18120,0.16142728924751282,0.08207635581493378,0.0654759407043457,0.02905184216797352,0.06313753128051758,-0.0013957425253465772,-0.053415849804878235,-0.056208811700344086,0.05077694356441498,0.05811358243227005
18140,0.1613055169582367,0.08209845423698425,0.06549371778964996,0.029110223054885864,0.06310956925153732,-0.0014815041795372963,-0.053477294743061066,-0.056235238909721375,0.050709400326013565,0.0568656288087368
18160,0.16129742562770844,0.08208169788122177,0.06547798961400986,0.029068341478705406,0.06304328888654709,-0.0015721911331638694,-0.05351528897881508,-0.05626482889056206,0.05051524564623833,0.05965748429298401
18180,0.16136910021305084,0.08207956701517105,0.06548156589269638,0.029003489762544632,0.06303104013204575,-0.00165480503346771,-0.053547319024801254,-0.056294411420822144,0.04816946014761925,0.05677637830376625
18200,0.16131748259067535,0.08203405141830444,0.06544801592826843,0.028986787423491478,0.06297259032726288,-0.0017313662683591247,-0.053567107766866684,-0.05633125081658363,0.049071915447711945,0.056532762944698334
18220,0.16122055053710938,0.08193150162696838,0.06540600955486298,0.02894917130470276,0.06292533874511719,-0.0017934715142473578,-0.0536118783056736,-0.05636308342218399,0.0496259480714798,0.057234425097703934
18240,0.1611018031835556,0.08194635808467865,0.0654178336262703,0.028989998623728752,0.06288331001996994,-0.001854871166869998,-0.053662605583667755,-0.05638984218239784,0.05060948058962822,0.058602459728717804
18260,0.16103306412696838,0.08186904340982437,0.06542174518108368,0.028958216309547424,0.0628509595990181,-0.0018439351115375757,-0.05368730425834656,-0.05641384795308113,0.048794377595186234,0.05658935382962227
18280,0.160928413271904,0.08178804814815521,0.06536170840263367,0.02888628840446472,0.06276904791593552,-0.0019076013704761863,-0.05372519791126251,-0.0564388707280159,0.04935556277632713,0.05651438981294632
18300,0.16089215874671936,0.08164532482624054,0.0652744248509407,0.02887037955224514,0.06275623291730881,-0.0019406132632866502,-0.053775254637002945,-0.05646028742194176,0.050524476915597916,0.05669237673282623
18320,0.1607370674610138,0.0816594585776329,0.06530607491731644,0.028879212215542793,0.06269894540309906,-0.002009479096159339,-0.053825702518224716,-0.056488968431949615,0.05178556591272354,0.05558964982628822
18340,0.16071712970733643,0.08162569999694824,0.06530187278985977,0.02888832986354828,0.06267580389976501,-0.0020187965128570795,-0.05386544391512871,-0.0565183199942112,0.04979332908987999,0.057337332516908646
18360,0.1605875939130783,0.08148167282342911,0.06524918973445892,0.028899846598505974,0.06262613832950592,-0.002032173564657569,-0.0539063885807991,-0.05654388293623924,0.0500623919069767,0.0575031042098999
18380,0.1605689823627472,0.08142884820699692,0.06510759890079498,0.028964925557374954,0.06256610155105591,-0.0020730288233608007,-0.05390091612935066,-0.056564874947071075,0.05186861753463745,0.056902721524238586
18400,0.16054534912109375,0.08139228820800781,0.06507816910743713,0.02895107865333557,0.0625811442732811,-0.0021035594400018454,-0.05394411459565163,-0.05659223347902298,0.050422701984643936,0.05680049955844879
18420,0.16049247980117798,0.0813552588224411,0.06499990075826645,0.028868677094578743,0.06253867596387863,-0.0021522031165659428,-0.05400814861059189,-0.05662545934319496,0.04878009483218193,0.05716180056333542
18440,0.16034959256649017,0.08131498098373413,0.06502414494752884,0.028890328481793404,0.06251852959394455,-0.0021873698569834232,-0.05402710288763046,-0.05665354058146477,0.05184977129101753,0.05809611454606056
18460,0.16030588746070862,0.08125648647546768,0.06502476334571838,0.02890830487012863,0.06242964789271355,-0.002245385432615876,-0.05407169088721275,-0.05668313801288605,0.04891834408044815,0.05618177726864815
18480,0.16028694808483124,0.08124526590108871,0.0649607852101326,0.02893521822988987,0.06239337474107742,-0.0022663280833512545,-0.054127808660268784,-0.05670318007469177,0.05094515532255173,0.056974656879901886
18500,0.16020861268043518,0.08124732971191406,0.06496833264827728,0.028909610584378242,0.06230006739497185,-0.0023562717251479626,-0.05415830388665199,-0.05673115700483322,0.05144597217440605,0.056696657091379166
18520,0.16014423966407776,0.08125954121351242,0.06501041352748871,0.02892284467816353,0.06225486472249031,-0.0023988625034689903,-0.05418621748685837,-0.05676312744617462,0.05198141559958458,0.061855249106884
18540,0.16011632978916168,0.0811631977558136,0.06496202200651169,0.02888159640133381,0.062271151691675186,-0.0024427983444184065,-0.054199520498514175,-0.056798674166202545,0.04802093654870987,0.056912612169981
18560,0.159983828663826,0.08115275204181671,0.06499259173870087,0.028934437781572342,0.062210820615291595,-0.002476692898198962,-0.05422421917319298,-0.05682599917054176,0.0496673621237278,0.05809509754180908
18580,0.15996341407299042,0.08104007691144943,0.06492330878973007,0.028923481702804565,0.06222166866064072,-0.002478717127814889,-0.05426401272416115,-0.056855637580156326,0.04944588616490364,0.0617859773337841
18600,0.159944087266922,0.08093703538179398,0.06488139182329178,0.02895437553524971,0.06223301216959953,-0.002503430936485529,-0.05427443981170654,-0.05688193440437317,0.050144094973802567,0.05763573572039604
18620,0.15995773673057556,0.08086155354976654,0.06491044908761978,0.028966065496206284,0.06217838451266289,-0.002587568713352084,-0.0543060339987278,-0.05691348761320114,0.04955507069826126,0.05633185803890228
18640,0.15990543365478516,0.08081622421741486,0.06489185988903046,0.028980577364563942,0.06209355220198631,-0.0026612207293510437,-0.054341014474630356,-0.056947141885757446,0.049812622368335724,0.05681310594081879
18660,0.15979930758476257,0.08090721815824509,0.06487705558538437,0.02893945202231407,0.06204931437969208,-0.0027232232969254255,-0.054379165172576904,-0.056981656700372696,0.04675568267703056,0.05644100531935692
18680,0.15964235365390778,0.08079829812049866,0.06483259797096252,0.028952190652489662,0.061995673924684525,-0.00278947944752872,-0.0544002503156662,-0.05701008066534996,0.04972526431083679,0.056723702698946
18700,0.15962037444114685,0.08065717667341232,0.06475836783647537,0.028937051072716713,0.06201368197798729,-0.0028213486075401306,-0.05442631244659424,-0.057039279490709305,0.049181193113327026,0.05669126659631729
18720,0.15956619381904602,0.08059322834014893,0.06467718631029129,0.028897568583488464,0.06194278970360756,-0.002880418673157692,-0.054484833031892776,-0.057070646435022354,0.05057840049266815,0.05672274902462959
18740,0.15943250060081482,0.08050069957971573,0.06463393568992615,0.028867725282907486,0.06187207251787186,-0.002924184547737241,-0.05451790243387222,-0.057111602276563644,0.04984957352280617,0.05676144361495972
18760,0.15936332941055298,0.08048377186059952,0.0646573007106781,0.028836725279688835,0.06179461255669594,-0.003019638592377305,-0.05456022545695305,-0.05714693292975426,0.04939289391040802,0.05730152875185013
18780,0.15922318398952484,0.08042624592781067,0.0645902082324028,0.02883297950029373,0.061769504100084305,-0.003067596349865198,-0.054624542593955994,-0.05717908591032028,0.048573292791843414,0.05621635541319847
18800,0.1590585708618164,0.08034198731184006,0.06460084021091461,0.028855735436081886,0.061705879867076874,-0.003126338589936495,-0.054670486599206924,-0.05721369385719299,0.05155091732740402,0.05548873171210289
18820,0.15897995233535767,0.08025883138179779,0.06457629799842834,0.028881633654236794,0.06167064607143402,-0.003163121407851577,-0.05471407622098923,-0.05725262314081192,0.049304164946079254,0.05569295585155487
18840,0.15883426368236542,0.08025377243757248,0.06453332304954529,0.02883652225136757,0.06163185089826584,-0.003236918244510889,-0.05477047711610794,-0.05729074031114578,0.04899949952960014,0.05825153365731239
18860,0.15873801708221436,0.08016450703144073,0.06455790251493454,0.02881673537194729,0.06159311905503273,-0.003288466017693281,-0.05477135628461838,-0.05732584372162819,0.048719972372055054,0.05767308175563812
18880,0.1585851013660431,0.08008477091789246,0.06448428332805634,0.028841041028499603,0.06151376664638519,-0.003324124263599515,-0.054793477058410645,-0.057360582053661346,0.050475794821977615,0.05843691527843475
18900,0.1585070788860321,0.08004314452409744,0.0644703134894371,0.028812825679779053,0.061512481421232224,-0.003372938372194767,-0.054839424788951874,-0.05739213153719902,0.04971988871693611,0.056076645851135254
18920,0.1584601253271103,0.08001428097486496,0.06446471810340881,0.02886728011071682,0.061442725360393524,-0.0034225236158818007,-0.05488680303096771,-0.05742604658007622,0.05038463696837425,0.058883629739284515
18940,0.15850108861923218,0.07992105185985565,0.06448136270046234,0.028854381293058395,0.06145070120692253,-0.0034435049165040255,-0.05490405485033989,-0.057455550879240036,0.050414301455020905,0.05784837156534195
18960,0.1584584265947342,0.07992632687091827,0.064486064016819,0.02877386286854744,0.06144241243600845,-0.0035222028382122517,-0.0549456886947155,-0.05748716741800308,0.050209298729896545,0.05635170638561249
18980,0.15838369727134705,0.07990226149559021,0.06443227827548981,0.028794854879379272,0.06143435463309288,-0.0035450567957013845,-0.05495037883520126,-0.05751065909862518,0.049575142562389374,0.05723465606570244
19000,0.15840786695480347,0.07985943555831909,0.06446623802185059,0.028770605102181435,0.0614517517387867,-0.0035832521971315145,-0.054956354200839996,-0.05753772705793381,0.05171479657292366,0.056389253586530685
19020,0.15836216509342194,0.0797816663980484,0.06441932171583176,0.028766663745045662,0.06140471622347832,-0.003645929740741849,-0.054981913417577744,-0.05756093189120293,0.050410326570272446,0.058334074914455414
19040,0.15837308764457703,0.07976868003606796,0.06440765410661697,0.02875211089849472,0.06135886162519455,-0.0036961932200938463,-0.05504082888364792,-0.05759083107113838,0.049216754734516144,0.056895188987255096
19060,0.15837864577770233,0.07974518835544586,0.06446807831525803,0.02877294085919857,0.061342958360910416,-0.0037021685857325792,-0.0550679974257946,-0.05762474983930588,0.050023410469293594,0.057491403073072433
19080,0.15833091735839844,0.07968870550394058,0.0643978863954544,0.02874629758298397,0.061298344284296036,-0.0037579676136374474,-0.055063504725694656,-0.057657867670059204,0.04833519831299782,0.055990591645240784
19100,0.1581716239452362,0.0795903205871582,0.06431842595338821,0.028804440051317215,0.06123978644609451,-0.0037781554274260998,-0.055099163204431534,-0.05768950656056404,0.04830775037407875,0.05645494908094406
19120,0.15809880197048187,0.0796312615275383,0.06436190754175186,0.028773197904229164,0.06121969223022461,-0.0038659325800836086,-0.055179450660943985,-0.05772389471530914,0.05033351480960846,0.057114675641059875
19140,0.1580614447593689,0.07962256669998169,0.0642608180642128,0.028738660737872124,0.06117251142859459,-0.00393174821510911,-0.055224496871232986,-0.057759057730436325,0.0499349981546402,0.05577126890420914
19160,0.15801337361335754,0.07959125936031342,0.06429830938577652,0.028771480545401573,0.061130739748477936,-0.0039819288067519665,-0.05527338758111,-0.05778931453824043,0.05288394168019295,0.05604987218976021
19180,0.15795636177062988,0.0794338583946228,0.06427468359470367,0.02876308187842369,0.06112808361649513,-0.003992517478764057,-0.05531690642237663,-0.05781747028231621,0.04995133355259895,0.05866088718175888
19200,0.15792998671531677,0.07942984253168106,0.06424824893474579,0.028807280585169792,0.061062466353178024,-0.004033262841403484,-0.05536319315433502,-0.05784457176923752,0.05197787657380104,0.05715300887823105
19220,0.1578189730644226,0.0794111117720604,0.06423123180866241,0.028788607567548752,0.06099575757980347,-0.004113378934562206,-0.05539954453706741,-0.057870663702487946,0.049349360167980194,0.05652462691068649
19240,0.1577671766281128,0.07934937626123428,0.06416043639183044,0.028822358697652817,0.06098107621073723,-0.004153741989284754,-0.05544266104698181,-0.05790315195918083,0.05088666453957558,0.05719093978404999
19260,0.15773507952690125,0.07923416793346405,0.06399630010128021,0.02883652038872242,0.0608951598405838,-0.004207113292068243,-0.05549011752009392,-0.05793280154466629,0.05064891278743744,0.057351719588041306
19280,0.15776853263378143,0.07916177809238434,0.06404130160808563,0.02881649136543274,0.0608808659017086,-0.004245891235768795,-0.05553717911243439,-0.05796574428677559,0.047938521951436996,0.056027088314294815
19300,0.15766990184783936,0.07910129427909851,0.06398402899503708,0.028823010623455048,0.06084933504462242,-0.004260719753801823,-0.055548906326293945,-0.05799412727355957,0.04966835677623749,0.05622342601418495
19320,0.15760213136672974,0.0791587233543396,0.06398646533489227,0.02880328707396984,0.06075744330883026,-0.004297319799661636,-0.05559462308883667,-0.058019936084747314,0.050695206969976425,0.056617219001054764
19340,0.15744340419769287,0.07901038974523544,0.06396488845348358,0.028787963092327118,0.06072286516427994,-0.004356998950242996,-0.05561846122145653,-0.058050431311130524,0.050148848444223404,0.05556893348693848
19360,0.15742023289203644,0.07902994751930237,0.06396159529685974,0.02880246751010418,0.06072667986154556,-0.004417233634740114,-0.05564698949456215,-0.05807872116565704,0.05009888485074043,0.0569620244204998
19380,0.15734627842903137,0.0789433941245079,0.06396909803152084,0.0287389624863863,0.060665030032396317,-0.004511113744229078,-0.05568627640604973,-0.05811133608222008,0.04924143850803375,0.05686723440885544
19400,0.15726833045482635,0.07891020178794861,0.06391787528991699,0.028713617473840714,0.06061930954456329,-0.004539682064205408,-0.05573216453194618,-0.05813971161842346,0.04951329156756401,0.0565507747232914
19420,0.15717707574367523,0.07887876033782959,0.06382258236408234,0.028771735727787018,0.06056694686412811,-0.004613430239260197,-0.05575781315565109,-0.05816800892353058,0.050387684255838394,0.05851011723279953
19440,0.15719175338745117,0.07878410816192627,0.06377547979354858,0.028706710785627365,0.060574211180210114,-0.0046983989886939526,-0.055752694606781006,-0.05819220840930939,0.05106835067272186,0.05765664577484131
19460,0.15704725682735443,0.07872211933135986,0.06388889998197556,0.028737012296915054,0.06055222451686859,-0.004727205261588097,-0.05577890947461128,-0.05821703374385834,0.050325360149145126,0.05598403140902519
19480,0.1569998562335968,0.07863856106996536,0.06381233781576157,0.028707649558782578,0.06049815192818642,-0.004777797032147646,-0.055799633264541626,-0.05824483931064606,0.04717174172401428,0.05581943690776825
19500,0.1569799780845642,0.07860276103019714,0.06383460015058517,0.028634434565901756,0.06043859198689461,-0.004811876453459263,-0.05585107207298279,-0.05826791003346443,0.05095778778195381,0.05705874413251877
19520,0.1568906307220459,0.07853523641824722,0.06382716447114944,0.02867664396762848,0.06045939028263092,-0.0048072789795696735,-0.05586688593029976,-0.05829252302646637,0.050853125751018524,0.057947829365730286
19540,0.15675929188728333,0.07850836962461472,0.06380841135978699,0.028619522228837013,0.06038648262619972,-0.004879604559391737,-0.05591944605112076,-0.058322079479694366,0.049504976719617844,0.05723098665475845
19560,0.15669791400432587,0.07845214009284973,0.0638057291507721,0.028614727780222893,0.060361023992300034,-0.004947670269757509,-0.055952344089746475,-0.058351680636405945,0.049053460359573364,0.056654125452041626
19580,0.15656134486198425,0.07832776010036469,0.06381228566169739,0.02861379273235798,0.06033141538500786,-0.00500903744250536,-0.05599743872880936,-0.058384865522384644,0.049953583627939224,0.05701586976647377
19600,0.1565398871898651,0.07833566516637802,0.06374409049749374,0.02861214615404606,0.060309331864118576,-0.00506610469892621,-0.0560322068631649,-0.05841587111353874,0.05032224580645561,0.055916763842105865
19620,0.15656882524490356,0.0783206969499588,0.06364568322896957,0.02861052192747593,0.06026637181639671,-0.005150770302861929,-0.05607195943593979,-0.058447837829589844,0.049092814326286316,0.05567385256290436
19640,0.15650859475135803,0.07834701985120773,0.06361773610115051,0.02866787277162075,0.06020458787679672,-0.0052178059704601765,-0.05610661953687668,-0.058478523045778275,0.04965949431061745,0.05878675729036331
19660,0.15650634467601776,0.07831135392189026,0.06364841759204865,0.028651004657149315,0.06022016331553459,-0.005251732654869556,-0.056118037551641464,-0.058512814342975616,0.04822269082069397,0.05650118738412857
19680,0.1564152091741562,0.07825669646263123,0.0637054443359375,0.02853439748287201,0.06015899404883385,-0.005320348311215639,-0.056154925376176834,-0.05854467302560806,0.04982880502939224,0.05555150657892227
19700,0.15637604892253876,0.07812254875898361,0.06372381746768951,0.028490491211414337,0.06012465059757233,-0.005402948707342148,-0.05617612600326538,-0.058575503528118134,0.04945509135723114,0.05882260948419571
19720,0.15636053681373596,0.07808978110551834,0.06362532079219818,0.028467798605561256,0.06004251912236214,-0.005448569543659687,-0.0562431626021862,-0.05860884487628937,0.05020929500460625,0.057038214057683945
19740,0.15630556643009186,0.07808488607406616,0.0636219009757042,0.028508732095360756,0.0600651279091835,-0.0054875994101166725,-0.05628211423754692,-0.058638282120227814,0.04774239659309387,0.05613294988870621
19760,0.15618236362934113,0.07802660763263702,0.06357619911432266,0.0285200048238039,0.05999958515167236,-0.005552403163164854,-0.056344736367464066,-0.058667030185461044,0.05088680610060692,0.05571296811103821
19780,0.1560496836900711,0.07799969613552094,0.06353546679019928,0.028566885739564896,0.059952955693006516,-0.005633607506752014,-0.0563761442899704,-0.05870131403207779,0.04889737814664841,0.058226101100444794
19800,0.1560642421245575,0.07792013883590698,0.06355935335159302,0.028512626886367798,0.059933681041002274,-0.0057284110225737095,-0.05642073601484299,-0.05872803553938866,0.04962703585624695,0.05551271513104439
19820,0.1559126079082489,0.07793916016817093,0.06356946378946304,0.028519397601485252,0.05983959510922432,-0.005812362767755985,-0.056425970047712326,-0.058753758668899536,0.05133780837059021,0.056253138929605484
19840,0.15595853328704834,0.07787787169218063,0.06358072906732559,0.02849121205508709,0.05984485149383545,-0.005818706005811691,-0.05643928796052933,-0.058781784027814865,0.0479264073073864,0.05736495181918144
19860,0.1558445394039154,0.07781918346881866,0.06353501230478287,0.028516152873635292,0.059808410704135895,-0.005849444307386875,-0.056439824402332306,-0.058804385364055634,0.05249478667974472,0.05533670634031296
19880,0.15576165914535522,0.07774771749973297,0.06354158371686935,0.028534023091197014,0.05982808768749237,-0.005926740355789661,-0.05645759031176567,-0.05883694067597389,0.04870644956827164,0.055343806743621826
19900,0.15565621852874756,0.07776205986738205,0.06351679563522339,0.02851416915655136,0.059761397540569305,-0.005995842628180981,-0.056486476212739944,-0.05886732041835785,0.05071054399013519,0.058452069759368896
19920,0.15567190945148468,0.07775139063596725,0.06347555667161942,0.02853206731379032,0.05972576141357422,-0.006050253752619028,-0.05650224909186363,-0.05890009552240372,0.049210239201784134,0.05666618049144745
19940,0.15571828186511993,0.07758575677871704,0.06339763104915619,0.028540555387735367,0.05966142192482948,-0.006140056066215038,-0.05653194338083267,-0.05892675742506981,0.051785096526145935,0.0570731982588768
19960,0.15565791726112366,0.07751037925481796,0.06337674707174301,0.02848992496728897,0.05965754762291908,-0.006195014342665672,-0.05652216076850891,-0.058951523154973984,0.05018340423703194,0.05744427442550659
19980,0.15550701320171356,0.07741142809391022,0.06340129673480988,0.028500592336058617,0.05965777486562729,-0.006183381658047438,-0.056571271270513535,-0.058976948261260986,0.05007999762892723,0.05692711099982262
20000,0.1554415374994278,0.077318474650383,0.06336294859647751,0.028526857495307922,0.05963284894824028,-0.006260562222450972,-0.0565783753991127,-0.059007491916418076,0.04957138001918793,0.05606207996606827
20020,0.1554061323404312,0.07728748768568039,0.0632719099521637,0.028531286865472794,0.0595974363386631,-0.0063209752552211285,-0.05660662427544594,-0.059034544974565506,0.04907201603055,0.05540618300437927
20040,0.1552174687385559,0.0772056058049202,0.06327678263187408,0.028557108715176582,0.05956260859966278,-0.00639627268537879,-0.05663986876606941,-0.0590599961578846,0.04698538780212402,0.05613365024328232
20060,0.1550891101360321,0.07712295651435852,0.06326905637979507,0.028496822342276573,0.05947375297546387,-0.006447195541113615,-0.056676000356674194,-0.0590905025601387,0.048804134130477905,0.05633565038442612
20080,0.1549866646528244,0.0770702064037323,0.06324154883623123,0.028480203822255135,0.05940382182598114,-0.006502092350274324,-0.05671645700931549,-0.05912436544895172,0.05152856558561325,0.05805417150259018
20100,0.1549566090106964,0.07705865800380707,0.06317012757062912,0.02851461060345173,0.05936135724186897,-0.006558550056070089,-0.05676295980811119,-0.05915077403187752,0.04978285729885101,0.05535762757062912
20120,0.15481190383434296,0.07697591930627823,0.0632023736834526,0.028503403067588806,0.059312619268894196,-0.006597519852221012,-0.056748759001493454,-0.05918058380484581,0.048594117164611816,0.057334430515766144
20140,0.1547371745109558,0.07700327783823013,0.06318668276071548,0.02849985659122467,0.05925772339105606,-0.006669125519692898,-0.05675795301795006,-0.05921311676502228,0.04931491240859032,0.056752339005470276
20160,0.1546602100133896,0.07690341770648956,0.06317196041345596,0.028496600687503815,0.059246908873319626,-0.006728434003889561,-0.0568123385310173,-0.059233713895082474,0.050330378115177155,0.058358460664749146
20180,0.1548084318637848,0.07692597806453705,0.06306064873933792,0.028342900797724724,0.05916041135787964,-0.006855503655970097,-0.05684321001172066,-0.05925893783569336,0.051239367574453354,0.05875494331121445
20200,0.15477336943149567,0.07697289437055588,0.0630612000823021,0.02838219702243805,0.05918452516198158,-0.006849011871963739,-0.056881461292505264,-0.05928101763129234,0.047401148825883865,0.0561356395483017
20220,0.15473373234272003,0.07699655741453171,0.06310667842626572,0.028315899893641472,0.05910923704504967,-0.006894982885569334,-0.056911591440439224,-0.059311848133802414,0.04930716007947922,0.05858607590198517
20240,0.15467308461666107,0.07694446295499802,0.06316356360912323,0.02839428186416626,0.059093866497278214,-0.006887298543006182,-0.056911930441856384,-0.05934037268161774,0.05135560780763626,0.056937552988529205
20260,0.15459026396274567,0.07682226598262787,0.0631566047668457,0.02834978885948658,0.059034861624240875,-0.006958624813705683,-0.05693056434392929,-0.05936534330248833,0.049995966255664825,0.0566992461681366
20280,0.1545676738023758,0.0766976922750473,0.06309039890766144,0.028279032558202744,0.05901624262332916,-0.006966100074350834,-0.05696854367852211,-0.05939420685172081,0.04914701357483864,0.05699266120791435
20300,0.15441299974918365,0.076633982360363,0.06303457170724869,0.028290022164583206,0.05896282568573952,-0.007011281326413155,-0.05700067803263664,-0.05942058563232422,0.05059840530157089,0.05578457936644554
20320,0.15430624783039093,0.07656802237033844,0.06306048482656479,0.028322409838438034,0.05887848883867264,-0.007085694000124931,-0.05705596134066582,-0.0594421923160553,0.05056632310152054,0.05516790598630905
20340,0.15420685708522797,0.076504647731781,0.06297649443149567,0.02830105647444725,0.058827705681324005,-0.007161113899201155,-0.05706874653697014,-0.059474650770425797,0.048780567944049835,0.055655959993600845
20360,0.15414266288280487,0.07649200409650803,0.06301292032003403,0.02825319766998291,0.05874716117978096,-0.0072025698609650135,-0.057125598192214966,-0.05950286611914635,0.051145441830158234,0.05900013819336891
20380,0.1541604995727539,0.0764845758676529,0.06302180141210556,0.02830188348889351,0.05872544273734093,-0.0072474731132388115,-0.05715515464544296,-0.05952642112970352,0.05100870504975319,0.05534415692090988
20400,0.1540459394454956,0.07636816054582596,0.06297686696052551,0.028243809938430786,0.058632828295230865,-0.007295165676623583,-0.057151250541210175,-0.05954989418387413,0.04890960827469826,0.056154459714889526
20420,0.15393558144569397,0.07636462897062302,0.06297782063484192,0.028256872668862343,0.05863691121339798,-0.007324552629143,-0.057152602821588516,-0.05957282707095146,0.04609208181500435,0.05499698966741562
20440,0.15389025211334229,0.07632133364677429,0.06297796964645386,0.02822119928896427,0.05860214680433273,-0.007368057034909725,-0.057218998670578,-0.05960482358932495,0.05123204365372658,0.056645527482032776
20460,0.15384019911289215,0.07624049484729767,0.06293445825576782,0.028199629858136177,0.05850014090538025,-0.0074559724889695644,-0.057242006063461304,-0.05962701514363289,0.04696538299322128,0.05646948888897896
20480,0.15374748408794403,0.07622945308685303,0.06293564289808273,0.02820073626935482,0.05850505828857422,-0.007461090572178364,-0.05727771669626236,-0.0596514455974102,0.04860195517539978,0.05629229173064232
20500,0.1537207067012787,0.07614046335220337,0.06278892606496811,0.0281808041036129,0.0584716759622097,-0.007517612539231777,-0.05730743706226349,-0.059676747769117355,0.04891981557011604,0.056489039212465286
20520,0.1536274403333664,0.07606983184814453,0.06281406432390213,0.028191111981868744,0.05843447893857956,-0.0075414846651256084,-0.05733770504593849,-0.05970614403486252,0.04778335615992546,0.05727585405111313
20540,0.15358102321624756,0.07600606977939606,0.06279563903808594,0.028171837329864502,0.05840957537293434,-0.007596282288432121,-0.05738791450858116,-0.059725966304540634,0.049668725579977036,0.05624343827366829
20560,0.1534501314163208,0.07597825676202774,0.06279009580612183,0.028149938210844994,0.058353886008262634,-0.007656292989850044,-0.05742715299129486,-0.059754837304353714,0.04766591265797615,0.05522166192531586
20580,0.15330322086811066,0.07599829882383347,0.06279488652944565,0.02817019447684288,0.058279771357774734,-0.0076990858651697636,-0.057458143681287766,-0.059781514108181,0.049656402319669724,0.05580853670835495
20600,0.15331777930259705,0.07590629905462265,0.06277304887771606,0.02806274965405464,0.05820907652378082,-0.00777578866109252,-0.05748739466071129,-0.05980657786130905,0.047738030552864075,0.05732882767915726
20620,0.1532592475414276,0.07580458372831345,0.0627700686454773,0.028072018176317215,0.05816120281815529,-0.0077928947284817696,-0.05749877542257309,-0.05983304977416992,0.049454156309366226,0.05569332465529442
20640,0.15315747261047363,0.0757349357008934,0.06273297965526581,0.028101174160838127,0.05812402069568634,-0.00784772727638483,-0.05754491686820984,-0.059857361018657684,0.048198115080595016,0.05657694861292839
20660,0.15320180356502533,0.07571223378181458,0.06268719583749771,0.028107263147830963,0.058126408606767654,-0.007857384160161018,-0.057553838938474655,-0.05989076942205429,0.04840952530503273,0.05906786024570465
20680,0.15318651497364044,0.0756017416715622,0.06272424012422562,0.028090327978134155,0.05811702832579613,-0.007883280515670776,-0.05760190635919571,-0.059925470501184464,0.04719681665301323,0.05624007433652878
20700,0.15310414135456085,0.07560786604881287,0.06272178888320923,0.02803773060441017,0.05804724246263504,-0.007971996441483498,-0.05762303248047829,-0.05995796620845795,0.04717528074979782,0.056418631225824356
20720,0.15296870470046997,0.07551679760217667,0.06261613219976425,0.028067108243703842,0.05800173804163933,-0.008054850623011589,-0.057665418833494186,-0.059985220432281494,0.0476645864546299,0.05539817363023758
20740,0.152924045920372,0.07549700140953064,0.06268513202667236,0.028041962534189224,0.05797174945473671,-0.00810675136744976,-0.05770472064614296,-0.06000742316246033,0.04892336577177048,0.05650760605931282
20760,0.1528560072183609,0.07537798583507538,0.0625644102692604,0.027989981696009636,0.05793524906039238,-0.008173692971467972,-0.05772008001804352,-0.06003769114613533,0.04812180623412132,0.056159090250730515
20780,0.15279346704483032,0.07540096342563629,0.06249221786856651,0.02794000878930092,0.057856399565935135,-0.008256087079644203,-0.057747937738895416,-0.060072313994169235,0.04781655594706535,0.05681401118636131
20800,0.15277855098247528,0.07535456120967865,0.06248216703534126,0.02794937789440155,0.05786845460534096,-0.00828877929598093,-0.0577813982963562,-0.060100097209215164,0.046108342707157135,0.05514435097575188
20820,0.15255945920944214,0.07531099766492844,0.06240836903452873,0.0279826857149601,0.057784292846918106,-0.008311700075864792,-0.05782109126448631,-0.06012706831097603,0.04820221662521362,0.05461333692073822
20840,0.15235121548175812,0.07524660229682922,0.062358200550079346,0.027972470968961716,0.05778433382511139,-0.008363781496882439,-0.057828232645988464,-0.06015753373503685,0.04993391036987305,0.056590285152196884
20860,0.15226364135742188,0.07517847418785095,0.06226721405982971,0.027983998879790306,0.05775340273976326,-0.008417880162596703,-0.05783102661371231,-0.06019429489970207,0.04891454428434372,0.05638960748910904
20880,0.15220710635185242,0.0750514417886734,0.06225205212831497,0.0280052088201046,0.05768067017197609,-0.008494471199810505,-0.05787171795964241,-0.060225438326597214,0.04774640128016472,0.05621359497308731
20900,0.15221130847930908,0.07500545680522919,0.06225557252764702,0.02801739051938057,0.057653483003377914,-0.008483980782330036,-0.05789738520979881,-0.06025638431310654,0.04778067022562027,0.05590081587433815
20920,0.15212750434875488,0.07491052150726318,0.06223220378160477,0.02801138535141945,0.05755956098437309,-0.008555703796446323,-0.057925570756196976,-0.060290995985269547,0.049738913774490356,0.055753033608198166
20940,0.15202273428440094,0.07483872026205063,0.06218155845999718,0.028043489903211594,0.057549767196178436,-0.008574841544032097,-0.05794251710176468,-0.06031990423798561,0.04886246845126152,0.05602455884218216
20960,0.15204571187496185,0.07479672133922577,0.06211986392736435,0.028054092079401016,0.057541921734809875,-0.008628683164715767,-0.057967428117990494,-0.060347169637680054,0.05029897391796112,0.05661303550004959
20980,0.1520349085330963,0.07482236623764038,0.062062818557024,0.0280399601906538,0.05749058723449707,-0.00865691713988781,-0.057991061359643936,-0.060387205332517624,0.04731040447950363,0.05563979223370552
21000,0.15197233855724335,0.07477503269910812,0.06205808371305466,0.028003832325339317,0.057456307113170624,-0.008714701980352402,-0.05802124738693237,-0.060416966676712036,0.049516092985868454,0.055676545947790146
21020,0.15193118155002594,0.07472164183855057,0.062019288539886475,0.027937671169638634,0.057373955845832825,-0.008754965849220753,-0.05802234634757042,-0.06044488772749901,0.05136248096823692,0.05514625087380409
21040,0.1517651081085205,0.07473308593034744,0.06194637343287468,0.027992283925414085,0.05732451379299164,-0.008797788992524147,-0.05805753916501999,-0.06046981364488602,0.0488586500287056,0.05691492184996605
21060,0.15162865817546844,0.07469859719276428,0.06199164688587189,0.02791448123753071,0.05729549005627632,-0.008842569775879383,-0.05806944519281387,-0.06049374118447304,0.047930117696523666,0.05739834904670715
21080,0.15161173045635223,0.0746198371052742,0.06190602481365204,0.027894211933016777,0.057240355759859085,-0.008915920741856098,-0.05810687318444252,-0.06051887199282646,0.048907019197940826,0.056098781526088715
21100,0.15158410370349884,0.07454768568277359,0.06190481781959534,0.027841728180646896,0.05722454935312271,-0.008968180045485497,-0.058174408972263336,-0.06054852157831192,0.04824963957071304,0.055621445178985596
21120,0.15145421028137207,0.07449337840080261,0.061881840229034424,0.027875132858753204,0.05715998634696007,-0.009003915823996067,-0.05820669233798981,-0.06057674065232277,0.04945569112896919,0.05826832354068756
21140,0.15137945115566254,0.07443366944789886,0.06192712113261223,0.027874207124114037,0.057137954980134964,-0.009049230255186558,-0.058259304612874985,-0.06060286983847618,0.04795391485095024,0.05699791759252548
21160,0.15138939023017883,0.0743991807103157,0.061929263174533844,0.0278019979596138,0.05712492763996124,-0.009123168885707855,-0.05828750133514404,-0.06062813848257065,0.04787343740463257,0.05754029005765915
21180,0.1513044536113739,0.0743897333741188,0.06188953295350075,0.027757439762353897,0.05706323683261871,-0.009160959161818027,-0.05833929404616356,-0.06065108999609947,0.04808953404426575,0.05628664046525955
21200,0.15115495026111603,0.07424650341272354,0.06177998706698418,0.02772017940878868,0.05704563111066818,-0.009184740483760834,-0.05837325379252434,-0.06067560613155365,0.04875440523028374,0.05537682771682739
21220,0.1510096788406372,0.07424478977918625,0.06181822717189789,0.02773188054561615,0.05696282535791397,-0.00921539030969143,-0.058418769389390945,-0.06070274859666824,0.04876110330224037,0.05484064295887947
21240,0.1509622037410736,0.07421541959047318,0.06176654249429703,0.027781065553426743,0.05693098530173302,-0.009203098714351654,-0.05844426900148392,-0.06072346493601799,0.04707402363419533,0.05738670751452446
21260,0.15094920992851257,0.07418210804462433,0.061744462698698044,0.02778289094567299,0.056876011192798615,-0.009267217479646206,-0.058482665568590164,-0.06075235456228256,0.04905053228139877,0.055788714438676834
21280,0.15076413750648499,0.07412473857402802,0.061745867133140564,0.027774503454566002,0.05687383934855461,-0.009296824224293232,-0.058491144329309464,-0.06077785789966583,0.04828087240457535,0.05498713254928589
21300,0.15068195760250092,0.07407595217227936,0.06167025864124298,0.027783924713730812,0.05680323392152786,-0.009390016086399555,-0.05852299928665161,-0.06080599129199982,0.04678699001669884,0.05636608228087425
21320,0.15059825778007507,0.07409343123435974,0.06167098879814148,0.027731474488973618,0.056768231093883514,-0.009435595013201237,-0.05856720730662346,-0.060836244374513626,0.049720652401447296,0.057352304458618164
21340,0.1504485011100769,0.0740150511264801,0.061605796217918396,0.027684202417731285,0.056728921830654144,-0.009500890970230103,-0.058626484125852585,-0.060859646648168564,0.04731522127985954,0.05515097454190254
21360,0.1504499763250351,0.07395779341459274,0.06162475422024727,0.027678649872541428,0.05666182562708855,-0.009566367603838444,-0.05863925814628601,-0.06088031083345413,0.049439556896686554,0.05521875619888306
21380,0.15042756497859955,0.07389415055513382,0.06161896884441376,0.027605459094047546,0.056604042649269104,-0.009619113989174366,-0.05865912884473801,-0.060900840908288956,0.04729567468166351,0.05617756396532059
21400,0.15039150416851044,0.07386460155248642,0.061598654836416245,0.027579791843891144,0.05665423721075058,-0.009630455635488033,-0.058691877871751785,-0.06092792749404907,0.049836546182632446,0.05822524055838585
21420,0.1504276692867279,0.07375915348529816,0.061496492475271225,0.02760230377316475,0.056641366332769394,-0.009674271568655968,-0.05870431661605835,-0.06095319241285324,0.04892291873693466,0.055305980145931244
21440,0.1503811627626419,0.07364504039287567,0.06147589161992073,0.02762957662343979,0.056640349328517914,-0.009727304801344872,-0.0587279386818409,-0.060979608446359634,0.0477617122232914,0.056243907660245895
21460,0.1503252387046814,0.07362321764230728,0.0614953339099884,0.02759920060634613,0.0565577931702137,-0.009802212938666344,-0.05877440795302391,-0.06100538372993469,0.047863658517599106,0.056607503443956375
21480,0.15024617314338684,0.0735829621553421,0.06137862801551819,0.02752247452735901,0.05650594085454941,-0.009866022504866123,-0.05877324193716049,-0.061032429337501526,0.04762686789035797,0.05577218160033226
21500,0.15018336474895477,0.07354512810707092,0.061297930777072906,0.027488360181450844,0.05647933855652809,-0.00990956462919712,-0.058817457407712936,-0.061058975756168365,0.04855220392346382,0.05799814686179161
21520,0.15006385743618011,0.07348426431417465,0.06134543567895889,0.027534538879990578,0.05642138049006462,-0.009965805336833,-0.05886562541127205,-0.06108728423714638,0.048564448952674866,0.055690646171569824
21540,0.15002182126045227,0.07349105179309845,0.061281248927116394,0.02746368572115898,0.05637884885072708,-0.01003103144466877,-0.058885544538497925,-0.06110961362719536,0.048162464052438736,0.054960839450359344
21560,0.15000542998313904,0.07345212250947952,0.06123668700456619,0.027492500841617584,0.05637088790535927,-0.010022863745689392,-0.05892905220389366,-0.06113031879067421,0.046283457428216934,0.057676974684000015
21580,0.14981485903263092,0.07342066615819931,0.06123144179582596,0.027495376765727997,0.05626235529780388,-0.010170252993702888,-0.05899646133184433,-0.06115182116627693,0.047707270830869675,0.0547042042016983
21600,0.14978814125061035,0.07337552309036255,0.06125174090266228,0.027452409267425537,0.05622917041182518,-0.010236984118819237,-0.0590212456882,-0.06118432804942131,0.048183467239141464,0.05684049054980278
21620,0.14966431260108948,0.07332471013069153,0.06119994819164276,0.027399510145187378,0.05621156468987465,-0.010275238193571568,-0.059041641652584076,-0.0612032450735569,0.04658031836152077,0.057673003524541855
21640,0.14958634972572327,0.07326357066631317,0.06120189279317856,0.02739875577390194,0.056173842400312424,-0.010327492840588093,-0.05909591168165207,-0.061224564909935,0.04881061241030693,0.05556943267583847
21660,0.14955134689807892,0.07311981916427612,0.06110859289765358,0.027410434558987617,0.05612524598836899,-0.010358667001128197,-0.05913699045777321,-0.06124246120452881,0.048055246472358704,0.056184764951467514
21680,0.14955967664718628,0.07309026271104813,0.06111425533890724,0.027448346838355064,0.056068092584609985,-0.010411507450044155,-0.05917150899767876,-0.06126195937395096,0.04844192788004875,0.055984977632761
21700,0.14946284890174866,0.0730118677020073,0.06109761446714401,0.02743803896009922,0.056073058396577835,-0.010481579229235649,-0.05922001972794533,-0.06128816679120064,0.04876739904284477,0.05603628233075142
21720,0.14942729473114014,0.07294391095638275,0.06111549213528633,0.027431217953562737,0.05609212815761566,-0.010468820109963417,-0.059210922569036484,-0.06131694093346596,0.046115390956401825,0.05532357841730118
21740,0.14945346117019653,0.07293495535850525,0.06108371168375015,0.027386272326111794,0.056072819977998734,-0.010517002083361149,-0.05922647565603256,-0.06134239211678505,0.04887082800269127,0.055590927600860596
21760,0.14935684204101562,0.07288875430822372,0.061042867600917816,0.027405085042119026,0.056048620492219925,-0.010546363890171051,-0.059254683554172516,-0.06136704236268997,0.048985108733177185,0.055024441331624985
21780,0.14929889142513275,0.07284008711576462,0.06099066510796547,0.027473343536257744,0.05597471073269844,-0.010613401420414448,-0.05930328369140625,-0.061391688883304596,0.047570955008268356,0.056003544479608536
21800,0.14912034571170807,0.07275912165641785,0.06091403216123581,0.027473153546452522,0.05591922998428345,-0.01059344969689846,-0.05932387337088585,-0.06141584739089012,0.0476246140897274,0.054780252277851105
21820,0.14907102286815643,0.0727238804101944,0.06091708689928055,0.027443792670965195,0.05589468404650688,-0.010625727474689484,-0.059386223554611206,-0.061442065984010696,0.04727506265044212,0.05541239306330681
21840,0.1490047425031662,0.07269797474145889,0.060863196849823,0.027426475659012794,0.05581597611308098,-0.010706000961363316,-0.05945039168000221,-0.0614643320441246,0.04762299731373787,0.05583653599023819
21860,0.1488736867904663,0.07258910685777664,0.06083318218588829,0.02739070914685726,0.05576075613498688,-0.010755271650850773,-0.059502650052309036,-0.06148681417107582,0.04743095114827156,0.0555727481842041
21880,0.14880889654159546,0.07258914411067963,0.06079765781760216,0.02735486812889576,0.055752698332071304,-0.01081192959100008,-0.05952109023928642,-0.06151465326547623,0.04852505773305893,0.054890088737010956
21900,0.14882001280784607,0.07250117510557175,0.06077439710497856,0.027249060571193695,0.055747997015714645,-0.01083086896687746,-0.059559762477874756,-0.06154000759124756,0.04806056246161461,0.05486906319856644
21920,0.14870284497737885,0.0724634900689125,0.06078944355249405,0.027211247012019157,0.05571139603853226,-0.010890129022300243,-0.059611860662698746,-0.06156424060463905,0.04852742329239845,0.05534923076629639
21940,0.1485586315393448,0.07235246896743774,0.06067991256713867,0.02717727981507778,0.05567435547709465,-0.010926499962806702,-0.059638816863298416,-0.061590105295181274,0.04974668100476265,0.055352117866277695
21960,0.14852942526340485,0.07230586558580399,0.06066034734249115,0.027153635397553444,0.05569245666265488,-0.0109593216329813,-0.05967484414577484,-0.06161918118596077,0.04860083758831024,0.056084804236888885
21980,0.14852885901927948,0.07231029123067856,0.06069543585181236,0.027123063802719116,0.055647239089012146,-0.011028754524886608,-0.05968218296766281,-0.061649125069379807,0.04842926934361458,0.05548180639743805
22000,0.14836567640304565,0.07229828834533691,0.06069041043519974,0.027166571468114853,0.05557384341955185,-0.011057458817958832,-0.059703849256038666,-0.06167599931359291,0.04798104986548424,0.05809757113456726
22020,0.14833101630210876,0.07222743332386017,0.06066260486841202,0.027202391996979713,0.055550575256347656,-0.011105630546808243,-0.05975323170423508,-0.06169698387384415,0.04853168874979019,0.054780587553977966
22040,0.14821690320968628,0.07216092944145203,0.06062791496515274,0.02711755596101284,0.055540457367897034,-0.01115113403648138,-0.05976875498890877,-0.0617184154689312,0.049294259399175644,0.05606234073638916
22060,0.14834390580654144,0.07218441367149353,0.060662511736154556,0.027151474729180336,0.05546450987458229,-0.011209112592041492,-0.05980309844017029,-0.06174573674798012,0.04864562302827835,0.056119684129953384
22080,0.14830707013607025,0.07217969000339508,0.06058641895651817,0.027122609317302704,0.05542828142642975,-0.011258075013756752,-0.05982208997011185,-0.06177022308111191,0.04868210479617119,0.05638299137353897
22100,0.14836128056049347,0.07213903963565826,0.06053604185581207,0.027074938639998436,0.05541430413722992,-0.011348553001880646,-0.05983823537826538,-0.06179586425423622,0.04648344963788986,0.055008627474308014
22120,0.14828826487064362,0.07212246209383011,0.06051022559404373,0.027080144733190536,0.055366918444633484,-0.011392376385629177,-0.05987047776579857,-0.06182302162051201,0.04886811226606369,0.05617359280586243
22140,0.1482933610677719,0.07206177711486816,0.06049545481801033,0.026999924331903458,0.055340372025966644,-0.011385373771190643,-0.05987197160720825,-0.061851296573877335,0.046959687024354935,0.05570591986179352
22160,0.14815838634967804,0.07194647938013077,0.06043851375579834,0.027040118351578712,0.05526568740606308,-0.011420231312513351,-0.059897828847169876,-0.06187090277671814,0.04605909436941147,0.05558483302593231
22180,0.14802339673042297,0.07193902879953384,0.06045888364315033,0.0270787812769413,0.05521263927221298,-0.011449715122580528,-0.05991635099053383,-0.06190147623419762,0.047739703208208084,0.056861281394958496
22200,0.14794176816940308,0.07187052071094513,0.06042895093560219,0.02705814689397812,0.05522358790040016,-0.011480392888188362,-0.05995053052902222,-0.06192764639854431,0.04710501432418823,0.05537627637386322
22220,0.14795218408107758,0.07191437482833862,0.060367051512002945,0.02703983709216118,0.05516013130545616,-0.01155131682753563,-0.05995703488588333,-0.06195316091179848,0.0480957105755806,0.05513320863246918
22240,0.1478448063135147,0.07184691727161407,0.060326799750328064,0.02708354964852333,0.055135328322649,-0.011582015082240105,-0.05996692553162575,-0.061982396990060806,0.04666989669203758,0.05593593791127205
22260,0.14776697754859924,0.07181708514690399,0.060278214514255524,0.027029667049646378,0.05511970445513725,-0.011634382419288158,-0.06000488996505737,-0.062000952661037445,0.048756204545497894,0.05545072257518768
22280,0.14776690304279327,0.07182729244232178,0.06027180328965187,0.027027882635593414,0.05502200499176979,-0.011745992116630077,-0.06004524603486061,-0.062021754682064056,0.04785985127091408,0.057171739637851715
22300,0.147648423910141,0.0718567743897438,0.06025193631649017,0.026995046064257622,0.05500960722565651,-0.011787664145231247,-0.06008751317858696,-0.0620446652173996,0.048264022916555405,0.055865585803985596
22320,0.14765429496765137,0.0718446671962738,0.06021631509065628,0.026955535635352135,0.05492670089006424,-0.011859558522701263,-0.060110583901405334,-0.062066517770290375,0.05012788251042366,0.05861702933907509
22340,0.14771568775177002,0.07177536189556122,0.06024807691574097,0.0269717276096344,0.05489946901798248,-0.011862306855618954,-0.06013207882642746,-0.062090370804071426,0.048901140689849854,0.05600137263536453
22360,0.1475449800491333,0.07173602283000946,0.06022818759083748,0.0269800815731287,0.054891187697649,-0.011926313862204552,-0.06013992056250572,-0.06211843714118004,0.04716870188713074,0.0557786300778389
22380,0.14744342863559723,0.07166462391614914,0.06028009206056595,0.0269626434892416,0.054863568395376205,-0.011990218423306942,-0.06016213819384575,-0.06214607506990433,0.04722673073410988,0.05539126694202423
22400,0.14721520245075226,0.07165907323360443,0.06026751920580864,0.026975557208061218,0.054814863950014114,-0.012084981426596642,-0.0601980984210968,-0.062173694372177124,0.04903438687324524,0.054425254464149475
22420,0.14717349410057068,0.0715741366147995,0.06026493385434151,0.026966340839862823,0.05479806661605835,-0.012108510360121727,-0.06023451313376427,-0.062202781438827515,0.04697074368596077,0.05569273233413696
22440,0.14705057442188263,0.07153486460447311,0.06010277569293976,0.026925619691610336,0.0547415129840374,-0.012129979208111763,-0.060279566794633865,-0.06223129853606224,0.04707800969481468,0.054958779364824295
22460,0.1469910442829132,0.07145179063081741,0.060145534574985504,0.0269217137247324,0.054737236350774765,-0.012187805958092213,-0.060289621353149414,-0.06225912272930145,0.046628210693597794,0.05567781999707222
22480,0.1468740999698639,0.07145725935697556,0.060171738266944885,0.026968827471137047,0.05471516028046608,-0.012230866588652134,-0.06029551848769188,-0.062279000878334045,0.045895952731370926,0.05690201371908188
22500,0.146860733628273,0.07141067832708359,0.060123976320028305,0.02696087583899498,0.054662011563777924,-0.012263492681086063,-0.0603240504860878,-0.06230541691184044,0.04808167368173599,0.05549134314060211
22520,0.14678283035755157,0.07130995392799377,0.060094963759183884,0.026926888152956963,0.05460391566157341,-0.01231982558965683,-0.0603807307779789,-0.06233223155140877,0.04721588268876076,0.054612454026937485
22540,0.14660799503326416,0.07123865932226181,0.060073886066675186,0.026954777538776398,0.05459628626704216,-0.01235972810536623,-0.06040984019637108,-0.062360431998968124,0.04732213169336319,0.055394429713487625
22560,0.146489679813385,0.07123000919818878,0.059997428208589554,0.0269695445895195,0.05456295982003212,-0.012409343384206295,-0.06044395640492439,-0.062384143471717834,0.04661720618605614,0.0568743497133255
22580,0.14652985334396362,0.07119841128587723,0.06002635881304741,0.026948541402816772,0.05451340973377228,-0.012440845370292664,-0.060466669499874115,-0.062400709837675095,0.04707210883498192,0.05618463456630707
22600,0.14646944403648376,0.07113330811262131,0.0600166842341423,0.026891926303505898,0.054481860250234604,-0.012521892786026001,-0.060506731271743774,-0.06242343410849571,0.04742145910859108,0.05633176863193512
22620,0.14645060896873474,0.07116147130727768,0.060057561844587326,0.026902174577116966,0.0544329434633255,-0.012560640461742878,-0.060533978044986725,-0.06245598942041397,0.04609391838312149,0.05441378802061081
22640,0.14645422995090485,0.07113143801689148,0.06002967432141304,0.02680433914065361,0.054456889629364014,-0.012628340162336826,-0.06051912158727646,-0.06248518079519272,0.04922880604863167,0.05553421378135681
22660,0.14650511741638184,0.0711076632142067,0.060050055384635925,0.02686285600066185,0.054460205137729645,-0.012634559534490108,-0.060557350516319275,-0.06251435726881027,0.05152321979403496,0.055099524557590485
22680,0.1463787853717804,0.07108781486749649,0.06000559404492378,0.026774240657687187,0.054441649466753006,-0.012696892954409122,-0.060583461076021194,-0.0625438243150711,0.04716159403324127,0.056231021881103516
22700,0.1463630646467209,0.07097383588552475,0.059999268501996994,0.026773851364850998,0.054422035813331604,-0.012710251845419407,-0.06060183048248291,-0.06256969273090363,0.046326495707035065,0.05557974427938461
22720,0.14624883234500885,0.07094522565603256,0.05998249724507332,0.02681141532957554,0.054347675293684006,-0.012748374603688717,-0.06064918264746666,-0.06259342283010483,0.04683059826493263,0.05462247505784035
22740,0.14624370634555817,0.07091917097568512,0.059927210211753845,0.026755081489682198,0.05430247262120247,-0.012791156768798828,-0.060661058872938156,-0.06261701136827469,0.04774213954806328,0.05717697739601135
22760,0.1463157683610916,0.07097231596708298,0.0599585697054863,0.02678868919610977,0.05427272990345955,-0.012861276045441628,-0.06071760877966881,-0.06263519823551178,0.04755343869328499,0.05655722692608833
22780,0.14636020362377167,0.07090821862220764,0.05997888743877411,0.02682003192603588,0.05435385927557945,-0.012848958373069763,-0.06071550026535988,-0.06266316026449203,0.046867601573467255,0.05513482540845871
22800,0.14631879329681396,0.07088086009025574,0.05995352193713188,0.02668190188705921,0.05433947220444679,-0.012873287312686443,-0.06073285639286041,-0.06268959492444992,0.047260135412216187,0.05670762434601784
22820,0.1462424248456955,0.07084953039884567,0.0599198192358017,0.026651501655578613,0.054287564009428024,-0.012936444021761417,-0.06075899302959442,-0.0627128854393959,0.04595270752906799,0.05508115887641907
22840,0.14619094133377075,0.07080695033073425,0.059949517250061035,0.02661311998963356,0.054245442152023315,-0.012958372943103313,-0.0608205571770668,-0.06274071335792542,0.04672770947217941,0.055074531584978104
22860,0.14607687294483185,0.07073436677455902,0.059884149581193924,0.026630491018295288,0.05418981984257698,-0.012974525801837444,-0.06081845983862877,-0.0627681240439415,0.048051804304122925,0.054400667548179626
22880,0.14606551826000214,0.07069680839776993,0.05988607928156853,0.02659868262708187,0.054160360246896744,-0.013020267710089684,-0.06082930788397789,-0.06279929727315903,0.04891121760010719,0.05570356920361519
22900,0.14605264365673065,0.07060707360506058,0.05978930741548538,0.026607871055603027,0.054145898669958115,-0.01309911347925663,-0.06087184324860573,-0.06282521784305573,0.04569249600172043,0.055772311985492706
22920,0.14587289094924927,0.07063538581132889,0.05971548706293106,0.026579324156045914,0.05410485342144966,-0.013135824352502823,-0.06088767200708389,-0.06285405158996582,0.046189263463020325,0.05551908537745476
22940,0.14584103226661682,0.07056772708892822,0.05961581692099571,0.02654402330517769,0.054074179381132126,-0.013170238584280014,-0.06092816963791847,-0.06287754327058792,0.04580402001738548,0.056529704481363297
22960,0.14577801525592804,0.07059609889984131,0.05964761599898338,0.026495378464460373,0.054043542593717575,-0.013267701491713524,-0.060952797532081604,-0.06290795654058456,0.04907650128006935,0.05742804706096649
22980,0.14572827517986298,0.07054639607667923,0.05954422801733017,0.026550795882940292,0.053994935005903244,-0.01332890335470438,-0.060969509184360504,-0.06293486058712006,0.04864361509680748,0.05508073419332504
23000,0.14556409418582916,0.07053488492965698,0.05963302031159401,0.02654392272233963,0.053933773189783096,-0.013406098820269108,-0.06099655479192734,-0.06296233832836151,0.04614708200097084,0.054918333888053894
23020,0.14550945162773132,0.07048854231834412,0.05958959832787514,0.026571935042738914,0.05385753512382507,-0.013499070890247822,-0.061022114008665085,-0.06299522519111633,0.04852540045976639,0.05462581664323807
23040,0.1454339623451233,0.07042451202869415,0.059542857110500336,0.026574889197945595,0.053834062069654465,-0.013546471484005451,-0.061061322689056396,-0.06302300095558167,0.04734274372458458,0.05457909777760506
23060,0.14537961781024933,0.07038310915231705,0.05948223918676376,0.02644686959683895,0.05378938838839531,-0.013622748665511608,-0.061063461005687714,-0.0630502700805664,0.046727538108825684,0.05640774965286255
23080,0.1454135775566101,0.07039313018321991,0.05947988107800484,0.02644059993326664,0.05376187711954117,-0.013645542785525322,-0.06109307333827019,-0.06306959688663483,0.046782150864601135,0.05487123504281044
23100,0.14517948031425476,0.07031076401472092,0.05942467972636223,0.026496395468711853,0.05371114984154701,-0.013685662299394608,-0.06113367900252342,-0.06308984756469727,0.04791723191738129,0.05633387714624405
23120,0.14515641331672668,0.07031536847352982,0.05945303291082382,0.026468701660633087,0.05359893664717674,-0.013719551265239716,-0.06117955222725868,-0.06311631202697754,0.045983798801898956,0.05599404498934746
23140,0.1451520472764969,0.07021111249923706,0.05936337634921074,0.026411719620227814,0.0535266287624836,-0.013773389160633087,-0.06115921214222908,-0.06314238160848618,0.04777664318680763,0.05443708598613739
23160,0.14506517350673676,0.07014277577400208,0.05933162197470665,0.026384633034467697,0.05349905788898468,-0.013795400969684124,-0.061168886721134186,-0.06316030025482178,0.048226144164800644,0.05457542836666107
23180,0.14498455822467804,0.07015196979045868,0.05935562029480934,0.026380477473139763,0.05350363627076149,-0.013807808049023151,-0.061193373054265976,-0.06317530572414398,0.0470130629837513,0.05909990519285202
23200,0.1449194997549057,0.07008528709411621,0.05926625058054924,0.026370437815785408,0.053496114909648895,-0.013835092075169086,-0.06124086305499077,-0.06318946182727814,0.048271544277668,0.056217242032289505
23220,0.14480921626091003,0.0700463205575943,0.05923500284552574,0.026311248540878296,0.053444646298885345,-0.013915282674133778,-0.06125461310148239,-0.06321851164102554,0.047696802765131,0.05540921911597252
23240,0.14480918645858765,0.06996069848537445,0.059200920164585114,0.026263268664479256,0.053425516933202744,-0.013934861868619919,-0.06128156930208206,-0.06324677169322968,0.04715549200773239,0.055389948189258575
23260,0.1447959989309311,0.0699424296617508,0.059214476495981216,0.026269041001796722,0.053450774401426315,-0.013953977264463902,-0.06134474277496338,-0.06327317655086517,0.04662494733929634,0.05911978706717491
23280,0.1448443979024887,0.06989069283008575,0.05931854620575905,0.026229815557599068,0.05344637855887413,-0.013982531614601612,-0.06134568154811859,-0.0632990375161171,0.047834597527980804,0.05657869577407837
23300,0.1447632610797882,0.06986032426357269,0.05927768722176552,0.0262441486120224,0.05340082198381424,-0.014047790318727493,-0.06137378141283989,-0.06331684440374374,0.04718996211886406,0.05485939979553223
23320,0.14474932849407196,0.06987635046243668,0.059316255152225494,0.02622266300022602,0.05336548760533333,-0.014067230746150017,-0.06140458956360817,-0.06333903223276138,0.04631916806101799,0.05482696741819382
23340,0.1448056846857071,0.06984730064868927,0.05927847698330879,0.026220150291919708,0.05330636724829674,-0.014119790866971016,-0.061428751796483994,-0.0633627325296402,0.047485966235399246,0.055617861449718475
23360,0.14484816789627075,0.06983582675457001,0.05930529907345772,0.026211537420749664,0.053313709795475006,-0.014114661142230034,-0.06146538630127907,-0.06339050829410553,0.04676488786935806,0.054326292127370834
23380,0.144706130027771,0.06978284567594528,0.05928213149309158,0.026268552988767624,0.05324464291334152,-0.014148854650557041,-0.06146840378642082,-0.06342262029647827,0.04720808565616608,0.05505663901567459
23400,0.14471788704395294,0.06974492222070694,0.05916156992316246,0.02624446526169777,0.053169213235378265,-0.014184493571519852,-0.0614953376352787,-0.0634470283985138,0.04929462447762489,0.05576162785291672
23420,0.14471079409122467,0.06970783323049545,0.059143781661987305,0.0262436643242836,0.05316122993826866,-0.014221401885151863,-0.061526235193014145,-0.06347131729125977,0.0456964373588562,0.05457823723554611
23440,0.14456090331077576,0.06969417631626129,0.059109028428792953,0.026243992149829865,0.05316385254263878,-0.014232783578336239,-0.06155923008918762,-0.06349379569292068,0.048883672803640366,0.05680738389492035
23460,0.14462541043758392,0.06968338042497635,0.05903419479727745,0.026226092129945755,0.053134735673666,-0.014240479096770287,-0.061597391963005066,-0.063515804708004,0.045696694403886795,0.05847005546092987
23480,0.1445704996585846,0.06956976652145386,0.058966875076293945,0.02620779350399971,0.05313540995121002,-0.014266189187765121,-0.061593469232320786,-0.0635371282696724,0.04534836858510971,0.05516461282968521
23500,0.1445593237876892,0.06953416764736176,0.05895715206861496,0.026187505573034286,0.05308191850781441,-0.01430363580584526,-0.06160500645637512,-0.06355880200862885,0.046550046652555466,0.05480630695819855
23520,0.14447107911109924,0.06944753974676132,0.0589185506105423,0.026151150465011597,0.05300163850188255,-0.01434663962572813,-0.06166280433535576,-0.06357982754707336,0.0460171103477478,0.0563063845038414
23540,0.14434519410133362,0.06939724832773209,0.05888038128614426,0.026152795180678368,0.05298569053411484,-0.014372208155691624,-0.061696648597717285,-0.0636049136519432,0.04799363762140274,0.0570019967854023
23560,0.14424863457679749,0.06932219862937927,0.05884867534041405,0.026109060272574425,0.052943333983421326,-0.014441350474953651,-0.061746809631586075,-0.06362555921077728,0.04769641160964966,0.05460753291845322
23580,0.1442437469959259,0.06930795311927795,0.05884551629424095,0.02609071135520935,0.05288708955049515,-0.014507310464978218,-0.06176931411027908,-0.06364929676055908,0.04765044525265694,0.054941773414611816
23600,0.14417152106761932,0.06927135586738586,0.05884736031293869,0.026094350963830948,0.05291001871228218,-0.014535275287926197,-0.06178196147084236,-0.06366725265979767,0.04843497648835182,0.0549728088080883
23620,0.14409829676151276,0.06925967335700989,0.05879569053649902,0.026101307943463326,0.05288092792034149,-0.014605018310248852,-0.06180214509367943,-0.0636950135231018,0.047051187604665756,0.054930057376623154
23640,0.14406555891036987,0.06918662786483765,0.05878130719065666,0.026065180078148842,0.052832428365945816,-0.01463934313505888,-0.061822954565286636,-0.06371616572141647,0.04489002376794815,0.055389367043972015
23660,0.1439933329820633,0.06917662173509598,0.05874662846326828,0.026104619726538658,0.052791401743888855,-0.01470686960965395,-0.06184665486216545,-0.06374203413724899,0.045278262346982956,0.05561833828687668
23680,0.14395049214363098,0.06916498392820358,0.05871237441897392,0.026015717536211014,0.05273311212658882,-0.014742249622941017,-0.06185583397746086,-0.0637647956609726,0.04509872570633888,0.054384563118219376
23700,0.14382243156433105,0.06917718052864075,0.05873706564307213,0.026043366640806198,0.052648935467004776,-0.01477185357362032,-0.061893194913864136,-0.06378299742937088,0.04708053171634674,0.05458810552954674
23720,0.14377866685390472,0.06909898668527603,0.05867622047662735,0.025937926024198532,0.05269560217857361,-0.014810140244662762,-0.061883848160505295,-0.06380900740623474,0.046726349741220474,0.054463017731904984
23740,0.14362232387065887,0.06907813996076584,0.05864809826016426,0.02593531459569931,0.05264703184366226,-0.014886246994137764,-0.06191202625632286,-0.06383426487445831,0.04657786339521408,0.05677978694438934
23760,0.14343737065792084,0.06901881843805313,0.05861789360642433,0.025890983641147614,0.05257362872362137,-0.014930310659110546,-0.06194150075316429,-0.06387153267860413,0.047940243035554886,0.05578619986772537
23780,0.14335577189922333,0.0689825713634491,0.05855056643486023,0.02590295672416687,0.05253899469971657,-0.014954286627471447,-0.06200236827135086,-0.0638928934931755,0.04612090438604355,0.055053021758794785
23800,0.14332960546016693,0.06889998912811279,0.0585414357483387,0.02594572864472866,0.05252418294548988,-0.015005107969045639,-0.06201067194342613,-0.06391644477844238,0.04485861584544182,0.05608706548810005
23820,0.14323139190673828,0.0688382089138031,0.058456167578697205,0.025986380875110626,0.05243949964642525,-0.015043416991829872,-0.06202321499586105,-0.06394005566835403,0.04507093131542206,0.05514982342720032
23840,0.14307382702827454,0.06880905479192734,0.058442290872335434,0.02598571591079235,0.05236096680164337,-0.01513113733381033,-0.062078457325696945,-0.06396175175905228,0.04736072197556496,0.054397232830524445
23860,0.14295198023319244,0.06875170022249222,0.05842422693967819,0.025974638760089874,0.05236521735787392,-0.015131396241486073,-0.062082357704639435,-0.06399089843034744,0.04829889163374901,0.05598490685224533
23880,0.1429775357246399,0.06871150434017181,0.05838372930884361,0.025885427370667458,0.05234842747449875,-0.01517802570015192,-0.06212162226438522,-0.06401536613702774,0.047461360692977905,0.05553713068366051
23900,0.14292147755622864,0.06862233579158783,0.05832313373684883,0.025886544957756996,0.05230434238910675,-0.015245458111166954,-0.06212810054421425,-0.0640343725681305,0.04566581919789314,0.05562219023704529
23920,0.14294014871120453,0.06857245415449142,0.058321502059698105,0.02587321028113365,0.05228094384074211,-0.015288482420146465,-0.06215062364935875,-0.06405755132436752,0.04677874222397804,0.05501452833414078
23940,0.14292383193969727,0.06852400302886963,0.05822615325450897,0.025882504880428314,0.05227801576256752,-0.015296868048608303,-0.062174998223781586,-0.06407874822616577,0.04614938795566559,0.055094651877880096
23960,0.1429176926612854,0.06848028302192688,0.05825993791222572,0.025902114808559418,0.052253950387239456,-0.01536636333912611,-0.06221974641084671,-0.06410257518291473,0.04682493582367897,0.05420602858066559
23980,0.14283393323421478,0.06851506233215332,0.05825306847691536,0.025806957855820656,0.05227692052721977,-0.015439973212778568,-0.062210358679294586,-0.06413174420595169,0.046294916421175,0.055073633790016174
24000,0.1427655667066574,0.06840714067220688,0.05823666229844093,0.025755874812602997,0.0522741973400116,-0.015531253069639206,-0.062253594398498535,-0.06415367126464844,0.046888820827007294,0.05563738942146301
24020,0.1426732987165451,0.06845420598983765,0.0583035834133625,0.025791583582758904,0.052278753370046616,-0.01556450966745615,-0.06229473277926445,-0.06417664885520935,0.04684000462293625,0.05533977597951889
24040,0.14261215925216675,0.06845543533563614,0.0583278127014637,0.025737540796399117,0.052280135452747345,-0.015602212399244308,-0.062337785959243774,-0.06419888883829117,0.04818455129861832,0.05888565257191658
24060,0.14262643456459045,0.06842751055955887,0.05830225721001625,0.025695761665701866,0.052234433591365814,-0.01563100330531597,-0.062362756580114365,-0.06422129273414612,0.04866665229201317,0.054416313767433167
24080,0.14262372255325317,0.0683722123503685,0.058245204389095306,0.02565213292837143,0.05220925062894821,-0.015696696937084198,-0.06238499656319618,-0.06424491852521896,0.045791883021593094,0.053962718695402145
24100,0.14256316423416138,0.06823070347309113,0.05820567533373833,0.025576161220669746,0.05218743905425072,-0.015747420489788055,-0.06236898526549339,-0.0642700344324112,0.047506142407655716,0.055081807076931
24120,0.14254945516586304,0.06813782453536987,0.05822096765041351,0.025580018758773804,0.05221792310476303,-0.015738412737846375,-0.062371574342250824,-0.06428452581167221,0.05134899541735649,0.05394291877746582
24140,0.1425112634897232,0.06812694668769836,0.05817974731326103,0.025638923048973083,0.052186522632837296,-0.015765829011797905,-0.062384117394685745,-0.06429728120565414,0.047417864203453064,0.05647236853837967
24160,0.14242058992385864,0.06804782897233963,0.05816017463803291,0.025643162429332733,0.052165430039167404,-0.015798252075910568,-0.06241631507873535,-0.06432047486305237,0.04856259375810623,0.0543411448597908
24180,0.1424243003129959,0.06793844699859619,0.058061882853507996,0.025565780699253082,0.05213067680597305,-0.015865862369537354,-0.062444765120744705,-0.0643458366394043,0.04733331501483917,0.05442709103226662
24200,0.14244021475315094,0.06795337796211243,0.05807318538427353,0.025581447407603264,0.052114881575107574,-0.015906313434243202,-0.06250466406345367,-0.06437353044748306,0.04531077295541763,0.05649055168032646
24220,0.14229050278663635,0.06789223849773407,0.058096010237932205,0.025671789422631264,0.05208200216293335,-0.015917714685201645,-0.06254945695400238,-0.06439367681741714,0.04754554107785225,0.05759744718670845
24240,0.14221400022506714,0.06778670847415924,0.057991210371255875,0.02557060681283474,0.05205246061086655,-0.01596224494278431,-0.06253180652856827,-0.06441564857959747,0.046300534158945084,0.056771766394376755
24260,0.14214688539505005,0.06780559569597244,0.057999107986688614,0.025547625496983528,0.05206932872533798,-0.016022939234972,-0.06252742558717728,-0.06443861871957779,0.04906362295150757,0.05527946352958679
24280,0.14204418659210205,0.06781404465436935,0.05797577649354935,0.025483760982751846,0.052036505192518234,-0.01608392782509327,-0.06254228949546814,-0.06445858627557755,0.044323816895484924,0.0539063885807991
24300,0.141867533326149,0.06781192868947983,0.05795949697494507,0.025481589138507843,0.051997117698192596,-0.016153303906321526,-0.06260255724191666,-0.06448313593864441,0.04637487232685089,0.05504291504621506
24320,0.14178651571273804,0.06767828017473221,0.05793166905641556,0.025546573102474213,0.05196361243724823,-0.016224874183535576,-0.06267879903316498,-0.06450638175010681,0.048389848321676254,0.05485126003623009
24340,0.14176484942436218,0.06765927374362946,0.05792809650301933,0.02551073208451271,0.051888611167669296,-0.016288384795188904,-0.06270802766084671,-0.06452598422765732,0.04733329266309738,0.05601850152015686
24360,0.14173166453838348,0.0676385685801506,0.05791236832737923,0.025524498894810677,0.05183186009526253,-0.01634620688855648,-0.06271487474441528,-0.06454502046108246,0.04541140794754028,0.056021302938461304
24380,0.1417217254638672,0.06761939078569412,0.05792837217450142,0.025473803281784058,0.051789991557598114,-0.016383038833737373,-0.0627322793006897,-0.0645679235458374,0.0466247983276844,0.05428873375058174
24400,0.14165560901165009,0.0676020160317421,0.05786900967359543,0.025469304993748665,0.05177876353263855,-0.016415534541010857,-0.06274791806936264,-0.06458418816328049,0.04591956362128258,0.05561704933643341
24420,0.14164209365844727,0.06754004210233688,0.05783165246248245,0.025492755696177483,0.05173304304480553,-0.016417505219578743,-0.06276507675647736,-0.0646115392446518,0.046651583164930344,0.05471467599272728
24440,0.1414892077445984,0.06747017800807953,0.05770247057080269,0.025450604036450386,0.05171099677681923,-0.016446946188807487,-0.06281625479459763,-0.06463845819234848,0.04563462361693382,0.05435771495103836
24460,0.14136573672294617,0.06752019375562668,0.057759836316108704,0.02542463317513466,0.05168350040912628,-0.016502123326063156,-0.06286022067070007,-0.06466228514909744,0.04677224159240723,0.05501354858279228
24480,0.1413288563489914,0.0675247460603714,0.05778426676988602,0.025393033400177956,0.05167258903384209,-0.016548091545701027,-0.0629105418920517,-0.06467912346124649,0.04623178765177727,0.05596396327018738
24500,0.14138062298297882,0.06746100634336472,0.0577724426984787,0.02535238116979599,0.05165887624025345,-0.016602376475930214,-0.06293630599975586,-0.06469879299402237,0.04699400067329407,0.05631187930703163
24520,0.14144279062747955,0.06743032485246658,0.05776526406407356,0.025321219116449356,0.05168095976114273,-0.01660872995853424,-0.06294741481542587,-0.0647219866514206,0.04890172928571701,0.057427842170000076
24540,0.1414543092250824,0.0674615129828453,0.05774080380797386,0.025351088494062424,0.05164315551519394,-0.016619088128209114,-0.06295977532863617,-0.06474373489618301,0.045021142810583115,0.05529799684882164
24560,0.1414666622877121,0.06737370043992996,0.05765416845679283,0.025323549285531044,0.051582761108875275,-0.016642805188894272,-0.06301440298557281,-0.06476834416389465,0.04726644605398178,0.05461902543902397
24580,0.14149701595306396,0.06737934798002243,0.057621069252491,0.02531791292130947,0.05151810497045517,-0.01668734662234783,-0.06304195523262024,-0.06479062139987946,0.04694512113928795,0.05863317474722862
24600,0.14150476455688477,0.06728222221136093,0.05759718269109726,0.0253952294588089,0.051523562520742416,-0.016687840223312378,-0.06306196004152298,-0.0648123174905777,0.045211609452962875,0.054381441324949265
24620,0.141435906291008,0.06722959131002426,0.05749717727303505,0.025379303842782974,0.05148645490407944,-0.016736041754484177,-0.06307434290647507,-0.06484411656856537,0.04601419344544411,0.05592918395996094
24640,0.14129048585891724,0.06719892472028732,0.05750041455030441,0.025406500324606895,0.05146154388785362,-0.01683325320482254,-0.06315407902002335,-0.06487423181533813,0.04625694453716278,0.05563192814588547
24660,0.1412564069032669,0.06713344901800156,0.05745421350002289,0.0254238061606884,0.05145227164030075,-0.016824845224618912,-0.06318694353103638,-0.06490039825439453,0.046004973351955414,0.05509880930185318
24680,0.14111104607582092,0.06710845232009888,0.057467445731163025,0.02543020248413086,0.05142011120915413,-0.016844643279910088,-0.06321638822555542,-0.0649176836013794,0.047659922391176224,0.05744319409132004
24700,0.14106686413288116,0.06704344600439072,0.05747853219509125,0.025305351242423058,0.051353517919778824,-0.016936859115958214,-0.06324329972267151,-0.06494327634572983,0.04915311560034752,0.05468922108411789
24720,0.14103808999061584,0.06701860576868057,0.057389210909605026,0.025212815031409264,0.05132775753736496,-0.01693282276391983,-0.06326118856668472,-0.06496244668960571,0.04593468829989433,0.05588964372873306
24740,0.14104409515857697,0.06690714508295059,0.05729310214519501,0.025101523846387863,0.05130523070693016,-0.016955235973000526,-0.06326702237129211,-0.06498751044273376,0.045584335923194885,0.05600723624229431
24760,0.1410384327173233,0.0669098049402237,0.05730387195944786,0.025172188878059387,0.05130963772535324,-0.016973184421658516,-0.06327100843191147,-0.06500855088233948,0.04477223381400108,0.05478006601333618
24780,0.14101947844028473,0.06681089848279953,0.05728299915790558,0.025193270295858383,0.051237352192401886,-0.017034193500876427,-0.0632750540971756,-0.06503007560968399,0.046337373554706573,0.054886795580387115
24800,0.1409590244293213,0.06670224666595459,0.057263102382421494,0.025158222764730453,0.05115203559398651,-0.01709682308137417,-0.06331196427345276,-0.06505554914474487,0.04697423055768013,0.055727459490299225
24820,0.14088483154773712,0.06666751205921173,0.05726136639714241,0.025184040889143944,0.05115130916237831,-0.01711341179907322,-0.06335283815860748,-0.06507379561662674,0.04738513007760048,0.05667799711227417
24840,0.14088788628578186,0.06659898906946182,0.057302456349134445,0.02518215961754322,0.05112963542342186,-0.017153680324554443,-0.06338511407375336,-0.06509377807378769,0.0463671050965786,0.057625237852334976
24860,0.14085958898067474,0.06665316969156265,0.05729840323328972,0.025195123627781868,0.05111343041062355,-0.017206765711307526,-0.0634027048945427,-0.06511121243238449,0.04622196406126022,0.05459102243185043
24880,0.14076700806617737,0.06655977666378021,0.05723612755537033,0.025113387033343315,0.051072556525468826,-0.017250247299671173,-0.06342928856611252,-0.06513579934835434,0.04555806890130043,0.0550336092710495
24900,0.14071904122829437,0.06659292429685593,0.057253170758485794,0.025089584290981293,0.05107095092535019,-0.01726686954498291,-0.06345401704311371,-0.06516047567129135,0.047210611402988434,0.05480218678712845
24920,0.14064566791057587,0.06650739908218384,0.05720796436071396,0.025158528238534927,0.05107662081718445,-0.017285877838730812,-0.0635107159614563,-0.06517168879508972,0.046392206102609634,0.055119071155786514
24940,0.1406829059123993,0.06646796315908432,0.0571601465344429,0.025123436003923416,0.051020145416259766,-0.01732204481959343,-0.06351844221353531,-0.06519102305173874,0.04470762610435486,0.056017905473709106
24960,0.14069166779518127,0.06642400473356247,0.057082608342170715,0.02515249513089657,0.05103385075926781,-0.017322655767202377,-0.06356336176395416,-0.0652124434709549,0.04673691838979721,0.05558979511260986
24980,0.14075243473052979,0.06640814244747162,0.05704503878951073,0.02503371611237526,0.05098073557019234,-0.017402246594429016,-0.06356729567050934,-0.06523086875677109,0.04694153741002083,0.05628879368305206
25000,0.1405518352985382,0.06634467840194702,0.05697556212544441,0.02500968798995018,0.05094996839761734,-0.01744731329381466,-0.06358340382575989,-0.06524866074323654,0.046496450901031494,0.055859751999378204
25020,0.14059171080589294,0.06632397323846817,0.05704072490334511,0.025007780641317368,0.05099163576960564,-0.017482349649071693,-0.06358776986598969,-0.06526584923267365,0.045767031610012054,0.05489697679877281
25040,0.14050814509391785,0.06635499000549316,0.05699601396918297,0.025036010891199112,0.05100832134485245,-0.017498372122645378,-0.06359384953975677,-0.06528037786483765,0.04687231779098511,0.05464736744761467
25060,0.14055848121643066,0.06628447771072388,0.05696886405348778,0.025023886933922768,0.05101880431175232,-0.017539573833346367,-0.06361519545316696,-0.06529975682497025,0.04453665763139725,0.05545026436448097
25080,0.14052654802799225,0.06620348989963531,0.05696219950914383,0.02498670108616352,0.05095020681619644,-0.017582805827260017,-0.06365224719047546,-0.065323106944561,0.04996822029352188,0.056867633014917374
25100,0.14042027294635773,0.06617187708616257,0.05696456506848335,0.02495322935283184,0.05089152604341507,-0.01766905002295971,-0.06366463750600815,-0.06535518169403076,0.04616739973425865,0.05562572553753853
25120,0.1403118073940277,0.06615657359361649,0.05693813040852547,0.024919481948018074,0.050832562148571014,-0.017742251977324486,-0.0636715292930603,-0.06538080424070358,0.044207680970430374,0.054498448967933655
25140,0.14021721482276917,0.0661163404583931,0.05688665434718132,0.02485538274049759,0.05077500268816948,-0.017795376479625702,-0.06371987611055374,-0.06540732085704803,0.046768128871917725,0.05530291050672531
25160,0.14022906124591827,0.06609006971120834,0.056956227868795395,0.02493320405483246,0.05074551701545715,-0.017836373299360275,-0.06375438719987869,-0.06543102860450745,0.04455432668328285,0.05502692610025406
25180,0.140157550573349,0.06605047732591629,0.05689435452222824,0.02498585730791092,0.050722576677799225,-0.017858097329735756,-0.06375649571418762,-0.06545382738113403,0.04724709689617157,0.054535046219825745
25200,0.14006522297859192,0.06598218530416489,0.056951723992824554,0.02500973828136921,0.050706636160612106,-0.01789739727973938,-0.06377292424440384,-0.0654761791229248,0.04806291311979294,0.05403589457273483
25220,0.1400054693222046,0.06590275466442108,0.05685824900865555,0.024922145530581474,0.05067528411746025,-0.017971571534872055,-0.06381641328334808,-0.06550053507089615,0.04464187100529671,0.05527891218662262
25240,0.1399107724428177,0.06598053127527237,0.05686115100979805,0.024904251098632812,0.05063868686556816,-0.018030570819973946,-0.06386447697877884,-0.06552585959434509,0.04942512884736061,0.05487149581313133
25260,0.13982445001602173,0.0659181997179985,0.05685562640428543,0.024890819564461708,0.05062449350953102,-0.01802426390349865,-0.0638541653752327,-0.06554653495550156,0.04532601311802864,0.05537167191505432
25280,0.13983282446861267,0.0658651739358902,0.05681004002690315,0.024836841970682144,0.050573159009218216,-0.01807650551199913,-0.06384539604187012,-0.06557116657495499,0.04638522490859032,0.05503179505467415
25300,0.13978873193264008,0.0657610297203064,0.0568600669503212,0.024800537154078484,0.05060570687055588,-0.018095066770911217,-0.06387321650981903,-0.0655856505036354,0.04484337940812111,0.05634426325559616
25320,0.13967393338680267,0.06575880199670792,0.05683610960841179,0.024830279871821404,0.05053051561117172,-0.018125949427485466,-0.06387682259082794,-0.06560427695512772,0.04532891884446144,0.05383777245879173
25340,0.1395951211452484,0.06571129709482193,0.056779664009809494,0.02482984960079193,0.050470806658267975,-0.018149567767977715,-0.06391442567110062,-0.0656314492225647,0.04627031832933426,0.05466296523809433
25360,0.13954460620880127,0.06561741232872009,0.056682832539081573,0.024816248565912247,0.050397153943777084,-0.01819428615272045,-0.06394699960947037,-0.0656513124704361,0.04515037313103676,0.055433448404073715
25380,0.1395418643951416,0.06556874513626099,0.056664418429136276,0.024836517870426178,0.05037970095872879,-0.018216893076896667,-0.06397348642349243,-0.06567475199699402,0.04678468033671379,0.05527205020189285
25400,0.1395280361175537,0.06547164916992188,0.05664588510990143,0.024847975000739098,0.050319526344537735,-0.01828395575284958,-0.06400956958532333,-0.06569363921880722,0.04584858939051628,0.053700804710388184
25420,0.1394309252500534,0.06543541699647903,0.056688591837882996,0.024838492274284363,0.050274286419153214,-0.018374331295490265,-0.06405092030763626,-0.06571369618177414,0.046739596873521805,0.054195549339056015
25440,0.1393437534570694,0.06544685363769531,0.05670436844229698,0.024853896349668503,0.05022595077753067,-0.018440209329128265,-0.06406925618648529,-0.065727598965168,0.045142170041799545,0.0545835867524147
25460,0.13924391567707062,0.06541558355093002,0.05661122500896454,0.024813637137413025,0.05018489435315132,-0.01846195012331009,-0.06410688161849976,-0.06574888527393341,0.045611996203660965,0.05480097979307175
25480,0.1391710638999939,0.06537923961877823,0.05661671608686447,0.024795329198241234,0.05016132444143295,-0.01850171573460102,-0.06415054947137833,-0.06576887518167496,0.044396258890628815,0.05380980670452118
25500,0.13915681838989258,0.06528771668672562,0.05650201812386513,0.02470804937183857,0.05011828988790512,-0.01858782395720482,-0.06417835503816605,-0.06579332053661346,0.0467839352786541,0.05551102012395859
25520,0.13900816440582275,0.06524521857500076,0.05654507502913475,0.024682871997356415,0.05008525028824806,-0.018633883446455002,-0.06420396268367767,-0.06581950932741165,0.04515542834997177,0.05467870831489563
25540,0.13900144398212433,0.06513334065675735,0.05644182860851288,0.024698540568351746,0.05003189295530319,-0.018685586750507355,-0.06419316679239273,-0.06583753228187561,0.04789309948682785,0.05541706457734108
25560,0.13889937102794647,0.06512337177991867,0.05637476220726967,0.024783771485090256,0.0500086173415184,-0.018734335899353027,-0.06422584503889084,-0.06585594266653061,0.04645245149731636,0.0543045811355114
25580,0.13880370557308197,0.06504757702350616,0.05639474466443062,0.024813849478960037,0.04991298168897629,-0.018773186951875687,-0.06427384912967682,-0.06587603688240051,0.04685879871249199,0.054168835282325745
25600,0.13877993822097778,0.06516658514738083,0.056409165263175964,0.024707796052098274,0.049872078001499176,-0.018802732229232788,-0.06429336220026016,-0.06589378416538239,0.043731432408094406,0.05433439463376999
25620,0.1387292742729187,0.06510838121175766,0.05641242116689682,0.02472175844013691,0.049887336790561676,-0.018858572468161583,-0.06429438292980194,-0.0659104511141777,0.04467019811272621,0.05548979341983795
25640,0.13860861957073212,0.06495470553636551,0.05630530044436455,0.0246638935059309,0.049834154546260834,-0.018927710130810738,-0.0643279030919075,-0.06592737138271332,0.04533877596259117,0.05375516414642334
25660,0.13853785395622253,0.06487248092889786,0.05631515383720398,0.024652983993291855,0.04976261779665947,-0.01901054009795189,-0.06438407301902771,-0.06595275551080704,0.04470432549715042,0.05411297827959061
25680,0.13843776285648346,0.06473355740308762,0.056334834545850754,0.024678612127900124,0.04976588115096092,-0.019047759473323822,-0.06442886590957642,-0.06597424298524857,0.04719120264053345,0.05467190593481064
25700,0.138434499502182,0.0645984411239624,0.05628777667880058,0.024648349732160568,0.0496986024081707,-0.019088827073574066,-0.06443989276885986,-0.06599138677120209,0.04557593911886215,0.05403377115726471
25720,0.13833650946617126,0.06467852741479874,0.05631358176469803,0.02461238205432892,0.04968352988362312,-0.01916823908686638,-0.0644993707537651,-0.06601458042860031,0.045709047466516495,0.05445731058716774
25740,0.13817937672138214,0.06467598676681519,0.05620413273572922,0.024567486718297005,0.04962605983018875,-0.019201872870326042,-0.06451553851366043,-0.06602998077869415,0.04627666249871254,0.053790971636772156
25760,0.13810816407203674,0.0645786002278328,0.05612765625119209,0.02450075000524521,0.04957641288638115,-0.019238272681832314,-0.06453943997621536,-0.06604290008544922,0.04673446714878082,0.05627047270536423
25780,0.13802063465118408,0.06459785997867584,0.05618467181921005,0.02450573816895485,0.049578286707401276,-0.019284451380372047,-0.06461489945650101,-0.066063292324543,0.0445859394967556,0.05412203073501587
25800,0.1380353420972824,0.06453407555818558,0.056050270795822144,0.02449355088174343,0.04955809563398361,-0.019293371587991714,-0.0646524652838707,-0.06608117371797562,0.04586619883775711,0.0554322674870491
25820,0.13798770308494568,0.06456123292446136,0.05608149245381355,0.02452518790960312,0.04948757588863373,-0.019352436065673828,-0.06468211114406586,-0.066102035343647,0.043561387807130814,0.05514533445239067
25840,0.13794353604316711,0.06453371047973633,0.056021708995103836,0.024534406140446663,0.049506109207868576,-0.019376471638679504,-0.06468397378921509,-0.06612707674503326,0.04775399714708328,0.05443693697452545
25860,0.13794653117656708,0.0644669309258461,0.055963777005672455,0.024467699229717255,0.04944813251495361,-0.01943201944231987,-0.06468348950147629,-0.06614921987056732,0.04624563083052635,0.054825544357299805
25880,0.13783487677574158,0.06445224583148956,0.055970486253499985,0.024490900337696075,0.049424704164266586,-0.019452355802059174,-0.0647156611084938,-0.06616288423538208,0.04612058028578758,0.05483867600560188
25900,0.13782624900341034,0.06432104855775833,0.05594133958220482,0.02448161132633686,0.04935908317565918,-0.01944439858198166,-0.06473492085933685,-0.06618382781744003,0.04599755257368088,0.05525200441479683
25920,0.1377759724855423,0.06427832692861557,0.055886149406433105,0.024482937529683113,0.04930640757083893,-0.019522154703736305,-0.06477563828229904,-0.06621044874191284,0.04533987492322922,0.055517151951789856
25940,0.13769209384918213,0.0642794743180275,0.05582126975059509,0.024557720869779587,0.04928615689277649,-0.019531896337866783,-0.06478176265954971,-0.06623200327157974,0.044982872903347015,0.054745111614465714
25960,0.13765017688274384,0.06425350904464722,0.0557551383972168,0.024546971544623375,0.049203354865312576,-0.019567478448152542,-0.06480715423822403,-0.06624741107225418,0.043476320803165436,0.054620739072561264
25980,0.13772772252559662,0.06416808068752289,0.055687516927719116,0.024577859789133072,0.04916461929678917,-0.019632669165730476,-0.06481954455375671,-0.06626985222101212,0.049401238560676575,0.055232491344213486
26000,0.13767406344413757,0.06417190283536911,0.05576210096478462,0.02457941323518753,0.04912405088543892,-0.01961643248796463,-0.06480725109577179,-0.06629177182912827,0.04485354200005531,0.05393612012267113
26020,0.13754044473171234,0.06417268514633179,0.055703092366456985,0.02455311454832554,0.04906859248876572,-0.019673824310302734,-0.0648593157529831,-0.06631084531545639,0.046460069715976715,0.0560406893491745
26040,0.13743539154529572,0.06414789706468582,0.05570192262530327,0.024545012041926384,0.049063846468925476,-0.019682062789797783,-0.06490368396043777,-0.06633085012435913,0.04526718333363533,0.054636456072330475
26060,0.13736212253570557,0.06401941180229187,0.055621854960918427,0.024533182382583618,0.04902084544301033,-0.019711384549736977,-0.06493889540433884,-0.06635406613349915,0.04361676052212715,0.05348395183682442
26080,0.13726291060447693,0.0639355480670929,0.055509526282548904,0.024502649903297424,0.048962052911520004,-0.01977425441145897,-0.0649830549955368,-0.06638358533382416,0.04463132098317146,0.05364932119846344
26100,0.13719888031482697,0.06393945962190628,0.055490635335445404,0.02447347901761532,0.0488804429769516,-0.019878368824720383,-0.06499755382537842,-0.06640675663948059,0.0436587892472744,0.0541122630238533
26120,0.13713571429252625,0.0639294758439064,0.055418673902750015,0.02444734051823616,0.04882529750466347,-0.019962165504693985,-0.06499480456113815,-0.06643573939800262,0.04502229392528534,0.054176609963178635
26140,0.13704024255275726,0.06387511640787125,0.05535610020160675,0.024402517825365067,0.0487825833261013,-0.019976243376731873,-0.06504753232002258,-0.06645717471837997,0.04570968821644783,0.054687537252902985
26160,0.13697633147239685,0.06382458657026291,0.05534602329134941,0.024410588666796684,0.04877305403351784,-0.01999489776790142,-0.06507974863052368,-0.06647850573062897,0.045766521245241165,0.0552709624171257
26180,0.1369507908821106,0.06383373588323593,0.05541195347905159,0.02434905804693699,0.04879391938447952,-0.020030144602060318,-0.06510218232870102,-0.0664968341588974,0.04699941352009773,0.055893052369356155
26200,0.13685166835784912,0.06384090334177017,0.05541590601205826,0.024380918592214584,0.04873548075556755,-0.020072665065526962,-0.06513357907533646,-0.06652180850505829,0.0465971976518631,0.0549904890358448
26220,0.13680434226989746,0.06374595314264297,0.05534674599766731,0.024358374997973442,0.04873329773545265,-0.020072653889656067,-0.06513432413339615,-0.06654540449380875,0.04559576138854027,0.0543016716837883
26240,0.13682468235492706,0.06373436748981476,0.055284325033426285,0.024380845949053764,0.04875098541378975,-0.020075835287570953,-0.06518597900867462,-0.06656400114297867,0.04714386165142059,0.054281145334243774
26260,0.13668708503246307,0.06370779126882553,0.055283255875110626,0.02433621883392334,0.048719752579927444,-0.02015642821788788,-0.06521878391504288,-0.0665859803557396,0.04525354877114296,0.05406451225280762
26280,0.13664831221103668,0.06371910125017166,0.055241379886865616,0.024319695308804512,0.0486227311193943,-0.020234057679772377,-0.0652732402086258,-0.06660464406013489,0.04411846399307251,0.053630705922842026
26300,0.13653577864170074,0.06373663246631622,0.05521703138947487,0.024269720539450645,0.0486002042889595,-0.02031632326543331,-0.06526678800582886,-0.06662118434906006,0.04625318571925163,0.05387062579393387
26320,0.1364532858133316,0.06366568803787231,0.05512306094169617,0.02425776980817318,0.04862947016954422,-0.020336264744400978,-0.06526010483503342,-0.06663982570171356,0.04534689337015152,0.05510564148426056
26340,0.1364835798740387,0.06371983885765076,0.05515877902507782,0.024271035566926003,0.04858827963471413,-0.02038898691534996,-0.0653032436966896,-0.06665726751089096,0.04519791156053543,0.05710877105593681
26360,0.13635535538196564,0.0635557472705841,0.0551271066069603,0.02425403892993927,0.04857196286320686,-0.020389355719089508,-0.06532858312129974,-0.06667612493038177,0.04771912842988968,0.05469155311584473
26380,0.1362183541059494,0.06350560486316681,0.0550842210650444,0.024262040853500366,0.048561640083789825,-0.020394839346408844,-0.06533604860305786,-0.06669899076223373,0.046970658004283905,0.05641420558094978
26400,0.136322021484375,0.06351228803396225,0.05515744537115097,0.024233009666204453,0.048583049327135086,-0.02042476460337639,-0.0653451681137085,-0.06671665608882904,0.04558803141117096,0.055158067494630814
26420,0.13635855913162231,0.0634608045220375,0.05511123314499855,0.024211011826992035,0.0485583059489727,-0.0204525887966156,-0.06537757813930511,-0.06673344224691391,0.0459190234541893,0.05498483031988144
26440,0.13641048967838287,0.06339079886674881,0.055049359798431396,0.024163933470845222,0.04850022494792938,-0.020524542778730392,-0.06541673839092255,-0.06675317138433456,0.04510540887713432,0.05550847947597504
26460,0.13642661273479462,0.06340348720550537,0.05501876398921013,0.024163102731108665,0.04844591021537781,-0.020555900409817696,-0.06543399393558502,-0.06676653027534485,0.04386729374527931,0.053938232362270355
26480,0.13642172515392303,0.06337028741836548,0.055015258491039276,0.024160312488675117,0.0483907125890255,-0.02060387097299099,-0.06547466665506363,-0.06678267568349838,0.04429062455892563,0.053526051342487335
26500,0.13621410727500916,0.06340229511260986,0.05493734031915665,0.02413957379758358,0.0483272522687912,-0.020659269765019417,-0.0655132606625557,-0.06680553406476974,0.0435810461640358,0.05408830568194389
26520,0.13607031106948853,0.06328091025352478,0.0548996776342392,0.024090537801384926,0.048265811055898666,-0.020716272294521332,-0.06554380804300308,-0.06682378053665161,0.0450456328690052,0.053619831800460815
26540,0.1360185444355011,0.06319887936115265,0.05486695468425751,0.0240960530936718,0.048272550106048584,-0.020748266950249672,-0.06555239856243134,-0.06684225052595139,0.04711592197418213,0.05488528311252594
26560,0.13598588109016418,0.06317660212516785,0.054809585213661194,0.024115806445479393,0.04823802411556244,-0.02077394537627697,-0.06560775637626648,-0.06686864793300629,0.04636252671480179,0.05463257059454918
26580,0.13590611517429352,0.06313258409500122,0.05481919273734093,0.02411849983036518,0.04817367345094681,-0.020855609327554703,-0.06563755124807358,-0.06689687818288803,0.04424547031521797,0.054327480494976044
26600,0.1359456479549408,0.06308984011411667,0.05474139750003815,0.024110591039061546,0.04815378412604332,-0.020862866193056107,-0.06562776863574982,-0.06691798567771912,0.048322029411792755,0.05519591271877289
26620,0.13591694831848145,0.06308747828006744,0.054720278829336166,0.02411307580769062,0.04815419763326645,-0.020928431302309036,-0.06559634208679199,-0.06694062054157257,0.045890506356954575,0.0537242628633976
26640,0.13586030900478363,0.06312108784914017,0.05477195605635643,0.02412234991788864,0.048180077224969864,-0.020962942391633987,-0.06559928506612778,-0.0669608861207962,0.04543733969330788,0.05556793510913849
26660,0.13576413691043854,0.063092440366745,0.05479392409324646,0.024049190804362297,0.048127733170986176,-0.020967841148376465,-0.06562673300504684,-0.06697978079319,0.044081978499889374,0.054502107203006744
26680,0.13570080697536469,0.06307414919137955,0.054782934486866,0.024045461788773537,0.0481235533952713,-0.0210103876888752,-0.06566979736089706,-0.06699933111667633,0.04596131294965744,0.05451442301273346
26700,0.13561777770519257,0.06303177028894424,0.0546882189810276,0.02397514507174492,0.04804585501551628,-0.021072832867503166,-0.06571874022483826,-0.06702025234699249,0.045886147767305374,0.053862787783145905
26720,0.13553473353385925,0.06297048181295395,0.05457746237516403,0.023946302011609077,0.04800678417086601,-0.02107500284910202,-0.06570282578468323,-0.06704524904489517,0.045635249465703964,0.054822638630867004
26740,0.13541263341903687,0.06298777461051941,0.05452963337302208,0.023895876482129097,0.04793534800410271,-0.021159669384360313,-0.06571877002716064,-0.06706901639699936,0.04635169729590416,0.0543583407998085
26760,0.13533279299736023,0.0629369467496872,0.0544593445956707,0.02390299364924431,0.04787365719676018,-0.021231187507510185,-0.0657719299197197,-0.0670904815196991,0.04461050033569336,0.05606209114193916
26780,0.13538050651550293,0.06295038014650345,0.05448255315423012,0.023966733366250992,0.04783366993069649,-0.021217402070760727,-0.0658002570271492,-0.06711113452911377,0.04607418179512024,0.055472515523433685
26800,0.13538408279418945,0.06288197636604309,0.05457011237740517,0.023979106917977333,0.04785563796758652,-0.021231848746538162,-0.06581396609544754,-0.06712745875120163,0.04819324612617493,0.05494685471057892
26820,0.13543418049812317,0.06286030262708664,0.05451260507106781,0.023880567401647568,0.04790649563074112,-0.021206678822636604,-0.06581667810678482,-0.06714523583650589,0.0459899865090847,0.05443558469414711
26840,0.13545605540275574,0.06285829097032547,0.05450316518545151,0.02391098067164421,0.047930311411619186,-0.02123473957180977,-0.0658266693353653,-0.0671616792678833,0.04629194736480713,0.054371051490306854
26860,0.13530029356479645,0.06280858814716339,0.054410580545663834,0.023883875459432602,0.04790110141038895,-0.02131362445652485,-0.0658436268568039,-0.06718281656503677,0.04440998286008835,0.0549025796353817
26880,0.13522200286388397,0.06282517313957214,0.05441693216562271,0.023865152150392532,0.04782264307141304,-0.021379131823778152,-0.0658935010433197,-0.06719943881034851,0.048993539065122604,0.05476038157939911
26900,0.13511785864830017,0.06280519813299179,0.054417867213487625,0.02387215942144394,0.04780563339591026,-0.021442124620079994,-0.06591416150331497,-0.0672231987118721,0.04459550976753235,0.053618356585502625
26920,0.13498374819755554,0.06275105476379395,0.05436494201421738,0.02383897267282009,0.04779433831572533,-0.021458273753523827,-0.06594692170619965,-0.06724558025598526,0.04516534507274628,0.05395481735467911
26940,0.13486701250076294,0.06270042061805725,0.05436640605330467,0.02381402999162674,0.04775852710008621,-0.021510276943445206,-0.06600315123796463,-0.06726516783237457,0.04597175866365433,0.05386408790946007
26960,0.13481655716896057,0.06273890286684036,0.054332491010427475,0.023792900145053864,0.04776984825730324,-0.02152082324028015,-0.06599584221839905,-0.06728727370500565,0.04480574652552605,0.053704552352428436
26980,0.13480845093727112,0.06266283243894577,0.054268728941679,0.023810340091586113,0.04773080721497536,-0.021533774212002754,-0.06602473556995392,-0.06730053573846817,0.04530518501996994,0.05491546913981438
27000,0.1347995102405548,0.06268038600683212,0.05433579161763191,0.02379843220114708,0.047697558999061584,-0.021566223353147507,-0.06604958325624466,-0.06731469184160233,0.04557475075125694,0.053788963705301285
27020,0.13483726978302002,0.06264301389455795,0.05427246168255806,0.02370215207338333,0.0476870983839035,-0.021605150774121284,-0.06604796648025513,-0.06733084470033646,0.04514632746577263,0.053927116096019745
27040,0.1346907913684845,0.06258256733417511,0.05425232648849487,0.02364887110888958,0.04763443022966385,-0.021666068583726883,-0.06606771796941757,-0.0673486515879631,0.0450894758105278,0.05319561809301376
27060,0.1346721053123474,0.062460582703351974,0.054167527705430984,0.023611513897776604,0.04756884276866913,-0.021685296669602394,-0.06606446951627731,-0.06737195700407028,0.04453326016664505,0.05530098080635071
27080,0.13458259403705597,0.06250432133674622,0.054182980209589005,0.023599857464432716,0.047498397529125214,-0.021730422973632812,-0.0660834014415741,-0.06739247590303421,0.04337918758392334,0.05416072532534599
27100,0.13455471396446228,0.06242954358458519,0.05411885306239128,0.02361397072672844,0.04748689383268356,-0.02175726555287838,-0.06609189510345459,-0.06741435080766678,0.04511301591992378,0.05438744276762009
27120,0.13443709909915924,0.06242150813341141,0.0540645606815815,0.023525994271039963,0.04747719690203667,-0.021782247349619865,-0.0661141499876976,-0.06743543595075607,0.04442136734724045,0.05447480082511902
27140,0.13432227075099945,0.0624563992023468,0.05405566841363907,0.023548129945993423,0.047426264733076096,-0.021853599697351456,-0.06614557653665543,-0.0674557313323021,0.04421377554535866,0.0548783503472805
27160,0.13437972962856293,0.06239905208349228,0.05405079200863838,0.0234876349568367,0.04739312827587128,-0.021895769983530045,-0.06616639345884323,-0.06747929751873016,0.0455353744328022,0.056012291461229324
27180,0.13427644968032837,0.06235149875283241,0.05393826216459274,0.02341526374220848,0.047305941581726074,-0.021979903802275658,-0.06621930748224258,-0.06749732047319412,0.046008870005607605,0.05402182787656784
27200,0.13411755859851837,0.06224770471453667,0.05394065007567406,0.02340424619615078,0.047264404594898224,-0.022042106837034225,-0.06628543138504028,-0.06751396507024765,0.04513613507151604,0.05425843596458435
27220,0.13400231301784515,0.06217989698052406,0.053965575993061066,0.023398932069540024,0.047203633934259415,-0.022081034258008003,-0.06633397936820984,-0.06753049790859222,0.0448567159473896,0.05517958477139473
27240,0.13398252427577972,0.06211460009217262,0.054004568606615067,0.023390935733914375,0.047193676233291626,-0.022076474502682686,-0.06636551022529602,-0.06754626333713531,0.044489335268735886,0.05463971942663193
27260,0.1338680386543274,0.0620039738714695,0.053978223353624344,0.02332027070224285,0.047154299914836884,-0.02210954949259758,-0.0663711205124855,-0.06756354868412018,0.04516232758760452,0.05337630957365036
27280,0.13395364582538605,0.061999741941690445,0.05390847474336624,0.023266401141881943,0.04715380072593689,-0.02220725826919079,-0.06639450788497925,-0.06758701801300049,0.04820413142442703,0.055115073919296265
27300,0.13390293717384338,0.06199793145060539,0.053960833698511124,0.023345962166786194,0.04713856428861618,-0.022272389382123947,-0.06641381978988647,-0.06760146468877792,0.04617716372013092,0.05694976821541786
27320,0.13386110961437225,0.061909355223178864,0.05387432500720024,0.023319346830248833,0.0471159927546978,-0.022293338552117348,-0.06641019135713577,-0.06761818379163742,0.04482382908463478,0.05543886497616768
27340,0.13392135500907898,0.06188158318400383,0.053838443011045456,0.023334234952926636,0.047089021652936935,-0.022323569282889366,-0.0664355531334877,-0.06762818992137909,0.04367431253194809,0.053946930915117264
27360,0.13373884558677673,0.06189572066068649,0.053788214921951294,0.02323715202510357,0.04703330621123314,-0.022421205416321754,-0.06652045249938965,-0.06764840334653854,0.04650389403104782,0.054763659834861755
27380,0.13365110754966736,0.061929792165756226,0.05383874848484993,0.023304317146539688,0.04700826480984688,-0.022449864074587822,-0.06658178567886353,-0.06766989827156067,0.045508354902267456,0.05493877828121185
27400,0.13362446427345276,0.06182778626680374,0.05373869091272354,0.0232663843780756,0.04695512354373932,-0.022457459941506386,-0.0666135847568512,-0.06769163906574249,0.04406879097223282,0.05581335723400116
27420,0.13363812863826752,0.06173662096261978,0.05368629842996597,0.023268243297934532,0.04694248363375664,-0.022480254992842674,-0.0666022077202797,-0.0677141323685646,0.04598017409443855,0.05380672961473465
27440,0.1335504949092865,0.06170232221484184,0.05364833027124405,0.023220650851726532,0.046893682330846786,-0.022554751485586166,-0.06662062555551529,-0.06773769855499268,0.045358821749687195,0.05404316261410713
27460,0.13351139426231384,0.06165109574794769,0.053655680269002914,0.023175744339823723,0.04689260572195053,-0.022626889869570732,-0.06664964556694031,-0.06776318699121475,0.0432712584733963,0.05495817959308624
27480,0.13353075087070465,0.061611346900463104,0.053585976362228394,0.023122448474168777,0.04685789346694946,-0.02267078310251236,-0.06667713820934296,-0.06778881698846817,0.0456944964826107,0.055026065558195114
27500,0.13339827954769135,0.06154893711209297,0.05360133945941925,0.023188507184386253,0.046884916722774506,-0.022676225751638412,-0.06670147180557251,-0.0678076520562172,0.04476127773523331,0.05478285998106003
27520,0.13341718912124634,0.061519376933574677,0.05355151370167732,0.02309998869895935,0.04684124514460564,-0.022722778841853142,-0.06673672050237656,-0.0678255558013916,0.04530646651983261,0.05701770260930061
27540,0.13339075446128845,0.06144190579652786,0.05360056087374687,0.023073740303516388,0.046819645911455154,-0.022754915058612823,-0.0667819008231163,-0.06784439831972122,0.04532502591609955,0.05490490421652794
27560,0.13326963782310486,0.06138917803764343,0.05359204486012459,0.023102881386876106,0.04680262506008148,-0.022763529792428017,-0.06680936366319656,-0.06786400824785233,0.046541981399059296,0.053858838975429535
27580,0.13325917720794678,0.06139567866921425,0.05355699732899666,0.02304146997630596,0.04675633832812309,-0.022826215252280235,-0.06685400009155273,-0.06788821518421173,0.04262871667742729,0.053462088108062744
27600,0.13314417004585266,0.06124480068683624,0.053522203117609024,0.023126065731048584,0.04672011733055115,-0.022845368832349777,-0.06687462329864502,-0.0679001584649086,0.050099343061447144,0.05313291773200035
27620,0.13307301700115204,0.061193276196718216,0.053518883883953094,0.023190246894955635,0.04664062336087227,-0.02287476509809494,-0.06690249592065811,-0.06791335344314575,0.04672253876924515,0.05711813271045685
27640,0.13304196298122406,0.061165619641542435,0.05345652997493744,0.023132197558879852,0.04667428135871887,-0.022869884967803955,-0.06690505892038345,-0.0679389163851738,0.04527147859334946,0.053984060883522034
27660,0.1329541653394699,0.06111767888069153,0.05337214469909668,0.02310924045741558,0.04664069786667824,-0.02287154458463192,-0.06693809479475021,-0.06796110421419144,0.04600970074534416,0.05592414364218712
27680,0.1329166740179062,0.06109024956822395,0.05327188968658447,0.023015374317765236,0.046578794717788696,-0.022902224212884903,-0.06693189591169357,-0.06798452883958817,0.044131241738796234,0.054386962205171585
27700,0.1329582780599594,0.06110216677188873,0.05324974283576012,0.022973373532295227,0.04652184620499611,-0.022963525727391243,-0.0669630840420723,-0.06800474971532822,0.046958036720752716,0.053806714713573456
27720,0.1329510658979416,0.0610041469335556,0.0532461516559124,0.022950824350118637,0.046475231647491455,-0.022998584434390068,-0.06699632108211517,-0.06802444905042648,0.045684441924095154,0.053168728947639465
27740,0.13284967839717865,0.06090453267097473,0.05316583439707756,0.022896327078342438,0.046396851539611816,-0.02305959351360798,-0.06705189496278763,-0.0680447518825531,0.04493720456957817,0.05427290126681328
27760,0.13280045986175537,0.06098875030875206,0.05320469290018082,0.022896340116858482,0.046368759125471115,-0.023063432425260544,-0.06708034127950668,-0.0680595189332962,0.04381113499403,0.0544256754219532
27780,0.1327909380197525,0.060983411967754364,0.053182490170001984,0.022851981222629547,0.046361103653907776,-0.02309384010732174,-0.06710295379161835,-0.06808044761419296,0.04673045128583908,0.05458294227719307
27800,0.13261811435222626,0.060917675495147705,0.05319065600633621,0.02280033566057682,0.04630139470100403,-0.023161916062235832,-0.06712392717599869,-0.0681075006723404,0.04490704834461212,0.05486002936959267
27820,0.13262902200222015,0.06089101731777191,0.05317926034331322,0.022774996235966682,0.04626712575554848,-0.023213308304548264,-0.06713869422674179,-0.06812587380409241,0.045527972280979156,0.054886866360902786
27840,0.1326386034488678,0.06091262400150299,0.05317322164773941,0.022878186777234077,0.04629373922944069,-0.023230373859405518,-0.06715646386146545,-0.06814217567443848,0.04485826939344406,0.05416228622198105
27860,0.13268610835075378,0.06081795692443848,0.053117819130420685,0.02285604737699032,0.04629236459732056,-0.02323504351079464,-0.06714834272861481,-0.06815556436777115,0.04378408193588257,0.05344586819410324
27880,0.13253062963485718,0.060828182846307755,0.053070176392793655,0.022842470556497574,0.046224720776081085,-0.023302530869841576,-0.06717566400766373,-0.06817696243524551,0.047922324389219284,0.05319637432694435
27900,0.13235723972320557,0.0607181116938591,0.05297502875328064,0.02289612963795662,0.04615927115082741,-0.02334149368107319,-0.06719578057527542,-0.06819618493318558,0.04351186379790306,0.05402428284287453
27920,0.13230298459529877,0.060685012489557266,0.05298594385385513,0.022892098873853683,0.04614449664950371,-0.023354917764663696,-0.06723610311746597,-0.06821981817483902,0.04303223639726639,0.05623531714081764
27940,0.13230043649673462,0.060747724026441574,0.053031232208013535,0.02294749952852726,0.04611032083630562,-0.023388061672449112,-0.06729070097208023,-0.06823638081550598,0.04404681548476219,0.054979417473077774
27960,0.13240037858486176,0.060676150023937225,0.05294105410575867,0.022955767810344696,0.046063587069511414,-0.023403819650411606,-0.06728406250476837,-0.06825274229049683,0.04449392855167389,0.05403650179505348
27980,0.1324111521244049,0.060645122081041336,0.05295734480023384,0.022972432896494865,0.04606597498059273,-0.0233926922082901,-0.06727252155542374,-0.06826984137296677,0.04323066398501396,0.05398610979318619
28000,0.1322856843471527,0.06060703098773956,0.05297151952981949,0.022937728092074394,0.0460377000272274,-0.023417865857481956,-0.06732051074504852,-0.06829419732093811,0.043693214654922485,0.053362827748060226
28020,0.1323648989200592,0.060544077306985855,0.05291936546564102,0.02288331650197506,0.045952629297971725,-0.02344764955341816,-0.06734474748373032,-0.06831825524568558,0.04634507745504379,0.05447113513946533
28040,0.13231584429740906,0.060547780245542526,0.05298085883259773,0.02291632629930973,0.04588797315955162,-0.023494189605116844,-0.06740567833185196,-0.0683382898569107,0.044163476675748825,0.05362138897180557
28060,0.13229888677597046,0.06053324416279793,0.05294875428080559,0.022826438769698143,0.0458255261182785,-0.02357104793190956,-0.06742914766073227,-0.06836186349391937,0.043722741305828094,0.05552741140127182
28080,0.13224288821220398,0.06047113612294197,0.05287677422165871,0.022828781977295876,0.0458376370370388,-0.023625846952199936,-0.06742000579833984,-0.068379707634449,0.04606759175658226,0.054237738251686096
28100,0.1321963369846344,0.06037699058651924,0.05277343839406967,0.02282862178981304,0.045815274119377136,-0.023653915151953697,-0.06743258237838745,-0.06839770823717117,0.044180963188409805,0.05574554204940796
28120,0.13213036954402924,0.06037222594022751,0.05280132219195366,0.02282460406422615,0.04580913111567497,-0.0236707404255867,-0.06745152920484543,-0.06842008978128433,0.04434103146195412,0.05484536662697792
28140,0.13204357028007507,0.060361262410879135,0.05280105397105217,0.022793758660554886,0.045778799802064896,-0.023688387125730515,-0.06749818474054337,-0.06844008713960648,0.04479002580046654,0.055084384977817535
28160,0.13197487592697144,0.060308605432510376,0.052716679871082306,0.022784126922488213,0.04579031094908714,-0.023745868355035782,-0.06751279532909393,-0.06845853477716446,0.044339317828416824,0.05480968952178955
28180,0.1319476217031479,0.0604107603430748,0.052703265100717545,0.022696640342473984,0.04572245851159096,-0.023822199553251266,-0.06750340759754181,-0.06847753375768661,0.04611419513821602,0.05375918745994568
28200,0.13195748627185822,0.06036018580198288,0.05263863876461983,0.02270902693271637,0.04569863900542259,-0.023839091882109642,-0.06754989176988602,-0.06849201023578644,0.043770406395196915,0.055879898369312286
28220,0.13208095729351044,0.06030527874827385,0.05254502594470978,0.022769538685679436,0.04566780850291252,-0.02390103228390217,-0.0675455778837204,-0.06851162761449814,0.045651163905858994,0.0540681928396225
28240,0.13204863667488098,0.06026666983962059,0.052554141730070114,0.022784637287259102,0.0456794835627079,-0.02394980564713478,-0.0675605908036232,-0.06853673607110977,0.043096575886011124,0.05580995976924896
28260,0.1320594847202301,0.06015780195593834,0.05247856304049492,0.02272019162774086,0.045625489205121994,-0.023977594450116158,-0.06759747117757797,-0.06855878978967667,0.045887138694524765,0.054677996784448624
28280,0.13194404542446136,0.06007556617259979,0.05246012285351753,0.02269081212580204,0.04556482657790184,-0.023996150121092796,-0.06761255115270615,-0.06857948005199432,0.044966913759708405,0.05360153317451477
28300,0.13192437589168549,0.060096412897109985,0.052441056817770004,0.02261911891400814,0.04547030106186867,-0.024033304303884506,-0.0676322877407074,-0.06860050559043884,0.04346587508916855,0.05439282953739166
28320,0.1317884773015976,0.06003072112798691,0.05241828411817551,0.022609399631619453,0.04549143463373184,-0.02402627281844616,-0.06762468814849854,-0.06861312687397003,0.0435539186000824,0.05359560623764992
28340,0.13161532580852509,0.06000756844878197,0.052306629717350006,0.022552412003278732,0.0454106479883194,-0.02405543252825737,-0.06764815002679825,-0.06863106787204742,0.04344060271978378,0.05308667570352554
28360,0.1315789818763733,0.0599672757089138,0.05234641209244728,0.022544417530298233,0.04537118971347809,-0.02416536770761013,-0.06769707053899765,-0.06865186244249344,0.04587509483098984,0.05364885926246643
28380,0.1316528618335724,0.05989336222410202,0.05224118381738663,0.02260746993124485,0.045355163514614105,-0.024191316217184067,-0.06771495938301086,-0.06866739690303802,0.04371947795152664,0.0538615845143795
28400,0.13157103955745697,0.05993380770087242,0.052345190197229385,0.022584494203329086,0.045320942997932434,-0.024242859333753586,-0.0677434429526329,-0.06869382411241531,0.04278009384870529,0.05551527440547943
28420,0.13148415088653564,0.059930138289928436,0.05228316783905029,0.022611577063798904,0.04530070722103119,-0.024271506816148758,-0.06777239590883255,-0.06871349364519119,0.046305373311042786,0.054245300590991974
28440,0.1314617544412613,0.059858717024326324,0.052295468747615814,0.022575926035642624,0.04528329148888588,-0.024311980232596397,-0.067768894135952,-0.06873304396867752,0.04447723552584648,0.05839573219418526
28460,0.13145403563976288,0.059869199991226196,0.05223119258880615,0.022564329206943512,0.04527844116091728,-0.024322520941495895,-0.06780683249235153,-0.06874945014715195,0.044330306351184845,0.05474766343832016
28480,0.13139919936656952,0.059811510145664215,0.05221803858876228,0.022570792585611343,0.04526139423251152,-0.024329090490937233,-0.06785610318183899,-0.0687619298696518,0.04331614077091217,0.05477975308895111
28500,0.1314411461353302,0.059791188687086105,0.052258022129535675,0.022593962028622627,0.045310188084840775,-0.024344002828001976,-0.06786567717790604,-0.0687805563211441,0.045151274651288986,0.05487290769815445
28520,0.13151171803474426,0.059701938182115555,0.052242521196603775,0.022633470594882965,0.04526789113879204,-0.024382567033171654,-0.06786233931779861,-0.06881005316972733,0.04453957453370094,0.054221343249082565
28540,0.1314188838005066,0.059667475521564484,0.052181970328092575,0.02260815165936947,0.04518687352538109,-0.024426603689789772,-0.06788565218448639,-0.06882760673761368,0.045744284987449646,0.05488206073641777
28560,0.13137602806091309,0.05978493392467499,0.052168335765600204,0.022615447640419006,0.045137710869312286,-0.024462958797812462,-0.0679059773683548,-0.06884408742189407,0.045555245131254196,0.05345737189054489
28580,0.13131026923656464,0.059639543294906616,0.05210461467504501,0.02251061610877514,0.045061953365802765,-0.024493074044585228,-0.06790243834257126,-0.06886208802461624,0.04558572545647621,0.053663305938243866
28600,0.13127651810646057,0.05961783230304718,0.052053190767765045,0.022578323259949684,0.04505416750907898,-0.024509774520993233,-0.06790642440319061,-0.06887785345315933,0.043986376374959946,0.05426410585641861
28620,0.13121993839740753,0.05960755795240402,0.05203955993056297,0.02250584401190281,0.0450151264667511,-0.02456156350672245,-0.06791771203279495,-0.06889890879392624,0.042961519211530685,0.054355233907699585
28640,0.13118019700050354,0.05953604355454445,0.05195144936442375,0.02249980717897415,0.04494031146168709,-0.024587305262684822,-0.06797581911087036,-0.06891705095767975,0.04537812992930412,0.05376305431127548
28660,0.13105560839176178,0.0595487505197525,0.051937349140644073,0.02252371609210968,0.04490303248167038,-0.024640383198857307,-0.06799681484699249,-0.06893174350261688,0.0437801368534565,0.053365036845207214
28680,0.13096627593040466,0.059514399617910385,0.05194283649325371,0.02245531976222992,0.04488390311598778,-0.024642327800393105,-0.06801468878984451,-0.06895099580287933,0.04369525983929634,0.05460398644208908
28700,0.130963534116745,0.05940188840031624,0.05196520313620567,0.022460488602519035,0.04486989974975586,-0.024679483845829964,-0.06805657595396042,-0.06896930187940598,0.04579848796129227,0.05425213649868965
28720,0.1309209167957306,0.05946473404765129,0.05195941403508186,0.022470364347100258,0.04481407627463341,-0.024726221337914467,-0.06807314604520798,-0.06898900866508484,0.04444365203380585,0.05462965369224548
28740,0.1308794915676117,0.05933458358049393,0.051941465586423874,0.02248464524745941,0.04485375061631203,-0.02474198117852211,-0.06808154284954071,-0.06900719553232193,0.04475134611129761,0.05270173400640488
28760,0.13077116012573242,0.05929401144385338,0.05197522044181824,0.022443342953920364,0.04476922005414963,-0.024757036939263344,-0.0681328997015953,-0.06903134286403656,0.04345236346125603,0.05346950888633728
28780,0.13072116672992706,0.05935990810394287,0.05189751833677292,0.02236718311905861,0.04464806988835335,-0.02483794093132019,-0.06817883253097534,-0.06905311346054077,0.043204065412282944,0.05345039814710617
28800,0.13061131536960602,0.05930391326546669,0.051870375871658325,0.022333962842822075,0.04465334862470627,-0.02481253258883953,-0.06814830750226974,-0.06907352805137634,0.04452051594853401,0.054955609142780304
28820,0.13059541583061218,0.0593036413192749,0.051872771233320236,0.02230045571923256,0.04461367055773735,-0.024831397458910942,-0.06818119436502457,-0.06908838450908661,0.045968178659677505,0.056342706084251404
28840,0.13051515817642212,0.059341393411159515,0.051852066069841385,0.022313371300697327,0.04460464045405388,-0.024855978786945343,-0.06815441697835922,-0.06910166144371033,0.04393605515360832,0.05583808198571205
28860,0.13049642741680145,0.05926171690225601,0.05177072435617447,0.02238091081380844,0.04460950568318367,-0.02489803358912468,-0.06820344179868698,-0.06911236047744751,0.04464065656065941,0.053410738706588745
28880,0.13047555088996887,0.059212908148765564,0.051755934953689575,0.022429728880524635,0.04458554834127426,-0.024889282882213593,-0.06819344311952591,-0.06912152469158173,0.04505099356174469,0.057157762348651886
28900,0.13041748106479645,0.05918172374367714,0.05177062377333641,0.02238122932612896,0.04454238340258598,-0.02489379234611988,-0.0681939572095871,-0.06914441287517548,0.043008361011743546,0.05332566052675247
28920,0.13028405606746674,0.059160131961107254,0.05180925503373146,0.02238829806447029,0.04447228088974953,-0.02490202523767948,-0.06822071969509125,-0.06916772574186325,0.044626232236623764,0.0545845627784729
28940,0.13027207553386688,0.05909246578812599,0.05180893465876579,0.02236209809780121,0.04448024556040764,-0.024925557896494865,-0.06823026388883591,-0.06919439136981964,0.04367399960756302,0.054510682821273804
28960,0.13021710515022278,0.058949749916791916,0.05176331847906113,0.022375628352165222,0.04444931820034981,-0.025004301220178604,-0.06827473640441895,-0.06921258568763733,0.0453580804169178,0.05437605828046799
28980,0.1301536113023758,0.05894528701901436,0.051724132150411606,0.0223361998796463,0.044369351118803024,-0.025046562775969505,-0.0682712271809578,-0.06923674046993256,0.042704638093709946,0.05654848366975784
29000,0.13029244542121887,0.05890899524092674,0.05174674466252327,0.0223760437220335,0.04435402899980545,-0.025056757032871246,-0.06830500811338425,-0.06925283372402191,0.04355333745479584,0.05282968282699585
29020,0.1302211731672287,0.05880438908934593,0.05167592689394951,0.022226443514227867,0.04429875686764717,-0.025127867236733437,-0.06831017881631851,-0.069270059466362,0.0435447096824646,0.056832872331142426
29040,0.1302783042192459,0.0588274784386158,0.051627594977617264,0.022237055003643036,0.04427975043654442,-0.025140032172203064,-0.06830096989870071,-0.06928404420614243,0.04541553184390068,0.05310589820146561
29060,0.13031478226184845,0.058758195489645004,0.05156930163502693,0.02226634882390499,0.04426318034529686,-0.025117741897702217,-0.06833058595657349,-0.06930535286664963,0.043955277651548386,0.0531635507941246
29080,0.13020411133766174,0.05869587883353233,0.05153637006878853,0.022210657596588135,0.04421459138393402,-0.025156063959002495,-0.06833628565073013,-0.06932887434959412,0.04514423757791519,0.0531485490500927
29100,0.13015034794807434,0.05869428813457489,0.05154437944293022,0.0222292672842741,0.04422488436102867,-0.025198929011821747,-0.06833869218826294,-0.06935054063796997,0.0444229394197464,0.05357399210333824
29120,0.13002678751945496,0.05864376202225685,0.051509905606508255,0.022246485576033592,0.044158294796943665,-0.025248317047953606,-0.06839186698198318,-0.06937115639448166,0.042336855083703995,0.05354883521795273
29140,0.12993203103542328,0.05859721451997757,0.05150122940540314,0.022202393040060997,0.04411022365093231,-0.02530546486377716,-0.06841987371444702,-0.0693901777267456,0.0440727137029171,0.05343463271856308
29160,0.12985661625862122,0.05853867158293724,0.05146483704447746,0.022137699648737907,0.044075772166252136,-0.025377806276082993,-0.06847154349088669,-0.06941156089305878,0.044244226068258286,0.055259253829717636
29180,0.12984058260917664,0.05852650851011276,0.051473282277584076,0.02211611345410347,0.04406443610787392,-0.025405755266547203,-0.06849104911088943,-0.06942757219076157,0.04548390582203865,0.05489301681518555
29200,0.1297605186700821,0.05858580395579338,0.05140569061040878,0.02204022742807865,0.04397433251142502,-0.02544506825506687,-0.06852666288614273,-0.06943443417549133,0.0445827916264534,0.05388718843460083
29220,0.12971231341362,0.05852942168712616,0.05141112208366394,0.02198980003595352,0.04397251829504967,-0.025468071922659874,-0.06853188574314117,-0.06945274025201797,0.04360783100128174,0.053107231855392456
29240,0.12965348362922668,0.05857621878385544,0.05142873525619507,0.02198394574224949,0.04389983415603638,-0.0255175419151783,-0.06857039779424667,-0.06947047263383865,0.042829789221286774,0.05541491508483887
29260,0.12960992753505707,0.05853481963276863,0.051451168954372406,0.021964741870760918,0.043868113309144974,-0.025544190779328346,-0.06863038241863251,-0.06949294358491898,0.04459976404905319,0.05419605225324631
29280,0.1294333040714264,0.058460380882024765,0.05135207623243332,0.022044984623789787,0.04383040592074394,-0.025598205626010895,-0.06869418919086456,-0.06951200217008591,0.04409056901931763,0.053539153188467026
29300,0.12939894199371338,0.05841289088129997,0.05136409029364586,0.022038444876670837,0.04376954957842827,-0.025668075308203697,-0.06872021406888962,-0.06953227519989014,0.043755900114774704,0.05460216850042343
29320,0.12931209802627563,0.05839724838733673,0.05124949663877487,0.02197837270796299,0.043692007660865784,-0.025719676166772842,-0.06870745867490768,-0.06955268234014511,0.044324371963739395,0.054273366928100586
29340,0.12929457426071167,0.05838156118988991,0.05126888304948807,0.021890971809625626,0.043649546802043915,-0.025753559544682503,-0.06876121461391449,-0.06957384198904037,0.0447445809841156,0.05535471811890602
29360,0.1291423887014389,0.058436982333660126,0.05125051364302635,0.021943164989352226,0.04353276267647743,-0.02579190395772457,-0.06882533431053162,-0.06959697604179382,0.04494998976588249,0.054172955453395844
29380,0.12905055284500122,0.058393314480781555,0.051216721534729004,0.021987605839967728,0.04352070018649101,-0.02583821676671505,-0.06885683536529541,-0.06961478292942047,0.0454728864133358,0.05240688472986221
29400,0.128973126411438,0.0583391934633255,0.05120614171028137,0.022001158446073532,0.043510790914297104,-0.02587072178721428,-0.0688813105225563,-0.06963153183460236,0.044435035437345505,0.05322093889117241
29420,0.12885026633739471,0.058269184082746506,0.05125431343913078,0.02200588583946228,0.04346918687224388,-0.025951184332370758,-0.06892342865467072,-0.06965252757072449,0.042981576174497604,0.05413604527711868
29440,0.12881110608577728,0.05819012224674225,0.051170412451028824,0.022018512710928917,0.04336026310920715,-0.02598363161087036,-0.068929523229599,-0.06966414302587509,0.04373525083065033,0.0532081201672554
29460,0.12877152860164642,0.05822009965777397,0.05108695477247238,0.02200722135603428,0.04329855367541313,-0.0260006096214056,-0.06892519444227219,-0.06967722624540329,0.04289108142256737,0.05441472306847572
29480,0.12877607345581055,0.05817444995045662,0.0510357990860939,0.021917518228292465,0.04323732480406761,-0.026089858263731003,-0.06894616782665253,-0.06969491392374039,0.04689976945519447,0.05616803467273712
29500,0.12878863513469696,0.058201584964990616,0.05104206129908562,0.02195831947028637,0.04328303411602974,-0.026088228449225426,-0.06895852833986282,-0.06970693171024323,0.04370829090476036,0.05407872051000595
29520,0.12874704599380493,0.05815056711435318,0.05106522515416145,0.021953335031867027,0.04328571632504463,-0.026115508750081062,-0.06896395236253738,-0.06972884386777878,0.043929219245910645,0.05401173606514931
29540,0.12881581485271454,0.05816425010561943,0.050997186452150345,0.021917229518294334,0.04326874762773514,-0.02616385743021965,-0.06896296888589859,-0.06974989175796509,0.043106842786073685,0.053724825382232666
29560,0.1288362294435501,0.058185696601867676,0.05100300908088684,0.021872133016586304,0.043234314769506454,-0.026222052052617073,-0.06896615028381348,-0.06977684795856476,0.042935989797115326,0.053528979420661926
29580,0.1288410872220993,0.0580839179456234,0.05093188211321831,0.02188774384558201,0.04327356815338135,-0.026236452162265778,-0.06898730248212814,-0.0697975605726242,0.04429757222533226,0.05372680723667145
29600,0.12871764600276947,0.05804067105054855,0.05094454810023308,0.02190546877682209,0.04325343295931816,-0.026218073442578316,-0.06902541220188141,-0.06981290876865387,0.04346742480993271,0.053421907126903534
29620,0.1287185400724411,0.058035850524902344,0.05095041170716286,0.021834632381796837,0.043260108679533005,-0.02625167928636074,-0.06901336461305618,-0.06983811408281326,0.043541572988033295,0.055240701884031296
29640,0.12877802550792694,0.05800187587738037,0.050899844616651535,0.02178044058382511,0.043249525129795074,-0.0262860506772995,-0.06902521848678589,-0.06985441595315933,0.043036170303821564,0.05308280885219574
29660,0.12881898880004883,0.0580110177397728,0.050893377512693405,0.02178826741874218,0.04324566200375557,-0.026274291798472404,-0.06900878250598907,-0.06988023966550827,0.04372379556298256,0.05364801362156868
29680,0.12877637147903442,0.057978540658950806,0.05092384293675423,0.021797368302941322,0.04323587939143181,-0.02632977068424225,-0.0690295472741127,-0.06989850848913193,0.04448017477989197,0.05505790188908577
29700,0.1286761462688446,0.058000046759843826,0.05095589905977249,0.02180970087647438,0.04316892474889755,-0.02636033669114113,-0.06906778365373611,-0.06991515308618546,0.0457770861685276,0.053340133279561996
29720,0.12864382565021515,0.05793936550617218,0.05097481980919838,0.021823445335030556,0.043163053691387177,-0.02637672983109951,-0.06906995177268982,-0.06993448734283447,0.0441470742225647,0.05452228710055351
29740,0.1286233514547348,0.05794687196612358,0.050981778651475906,0.02180599793791771,0.04312669858336449,-0.02643551118671894,-0.06907851994037628,-0.0699610635638237,0.0442490354180336,0.05609918385744095
29760,0.1286037117242813,0.05785076320171356,0.05096567049622536,0.021743211895227432,0.043159760534763336,-0.026427697390317917,-0.0690821185708046,-0.06998025625944138,0.04526717588305473,0.05316952243447304
29780,0.12858092784881592,0.05790376290678978,0.05089050903916359,0.0217042937874794,0.04310689866542816,-0.026418283581733704,-0.06911715865135193,-0.06999727338552475,0.04368541017174721,0.05281742289662361
29800,0.12850549817085266,0.057901911437511444,0.05085095763206482,0.02170490100979805,0.04304182901978493,-0.02648109197616577,-0.06916699558496475,-0.07001647353172302,0.044410910457372665,0.05332253873348236
29820,0.1284230351448059,0.05779396742582321,0.05079016834497452,0.021717077121138573,0.043000273406505585,-0.026515595614910126,-0.06919645518064499,-0.07003314048051834,0.041473329067230225,0.05342761427164078
29840,0.1283835768699646,0.05765870213508606,0.05078568309545517,0.021710321307182312,0.042963363230228424,-0.02654874324798584,-0.06917761266231537,-0.07004886865615845,0.04458009451627731,0.054543204605579376
29860,0.12836560606956482,0.05767305567860603,0.05076928436756134,0.021686727181077003,0.043005287647247314,-0.026607871055603027,-0.06925059854984283,-0.07006876915693283,0.04364825412631035,0.055001068860292435
29880,0.12826886773109436,0.05761988088488579,0.050740163773298264,0.021718809381127357,0.04300922900438309,-0.02660534530878067,-0.06929238885641098,-0.07008206099271774,0.04251990094780922,0.05387495458126068
29900,0.128212109208107,0.0575973242521286,0.05071480572223663,0.021632036194205284,0.04293539375066757,-0.02666144259274006,-0.06929241120815277,-0.0700988695025444,0.04265616089105606,0.05484193563461304
29920,0.1281776875257492,0.057561565190553665,0.05060092359781265,0.021644659340381622,0.042882487177848816,-0.026689749211072922,-0.06931597739458084,-0.07011783868074417,0.04566192626953125,0.054173022508621216
29940,0.1281188726425171,0.0575508177280426,0.050569526851177216,0.021548066288232803,0.04283509775996208,-0.02670341730117798,-0.06931989639997482,-0.0701393112540245,0.045141901820898056,0.053557105362415314
29960,0.12795718014240265,0.057472094893455505,0.05052630603313446,0.02161676622927189,0.04284345358610153,-0.026746155694127083,-0.06934493035078049,-0.07015645503997803,0.043731700628995895,0.05429524928331375
29980,0.12784919142723083,0.057483356446027756,0.05053777992725372,0.02159758284687996,0.042774900794029236,-0.026798531413078308,-0.06939040124416351,-0.07017678767442703,0.04247121140360832,0.05284964665770531
30000,0.12780334055423737,0.0573909617960453,0.05052034184336662,0.021513812243938446,0.04270636662840843,-0.026853304356336594,-0.06944625079631805,-0.07019268721342087,0.04273431375622749,0.05441083014011383
