Step,gamma0,gamma1,gamma2,gamma3,gamma4,gamma5,gamma6,gamma7,loss(train),loss(validate)
20,0.0011797178303822875,0.0007142313406802714,0.00016209890600293875,-0.0006561702466569841,0.0006973152630962431,-0.00016619691450614482,-0.0003021003503818065,-0.0002691874105948955,0.9625627994537354,1.0004907846450806
40,0.005400531925261021,0.0019307048059999943,-2.3541206246591173e-05,-0.0008145130705088377,0.0032075357157737017,5.803027670481242e-05,-0.0006607364630326629,-0.0005462450790219009,0.7515283226966858,0.8259642124176025
60,0.011502785608172417,0.004095576237887144,-0.0007615109789185226,-0.0006483208853751421,0.0043111322447657585,0.0002683702332433313,-0.0012485214974731207,-0.0013012804556638002,0.5998908877372742,0.6437814831733704
80,0.018367204815149307,0.006528524681925774,-0.0017255315324291587,-0.0003961260081268847,0.003166571259498596,0.00033360140514560044,-0.0019811142701655626,-0.0024006010498851538,0.5005398392677307,0.5130332112312317
100,0.025407824665308,0.00881115160882473,-0.002628776477649808,-0.000163882810738869,0.0017088636523112655,0.00047840806655585766,-0.0024263253435492516,-0.0034085619263350964,0.4426202178001404,0.43018174171447754
120,0.03255382925271988,0.011074417270720005,-0.003380852285772562,0.00014512967027258128,0.00039635872235521674,0.0007110040169209242,-0.0026770448312163353,-0.0042573437094688416,0.3825358748435974,0.3829551041126251
140,0.03955722600221634,0.013451746664941311,-0.003995290957391262,0.00048268851242028177,-0.0008624782785773277,0.0009233887540176511,-0.002866026945412159,-0.004947744309902191,0.36757636070251465,0.35165107250213623
160,0.046616073697805405,0.015798252075910568,-0.004471680615097284,0.0008535103406757116,-0.0013191424077376723,0.0011709454702213407,-0.003049640916287899,-0.005427386146038771,0.3159829080104828,0.3444027304649353
180,0.05327366292476654,0.018182486295700073,-0.004769930616021156,0.0010066271061077714,-0.0017656784038990736,0.0013792290119454265,-0.0032696521375328302,-0.005827880464494228,0.297718346118927,0.3444984257221222
200,0.0596134327352047,0.02055349014699459,-0.004966983571648598,0.0010380011517554522,-0.0021956961136311293,0.00156143878120929,-0.0035396316088736057,-0.006175362505018711,0.274228572845459,0.3336153030395508
220,0.06576064229011536,0.02290826104581356,-0.005077851936221123,0.000940062862355262,-0.0025303540751338005,0.0017422506352886558,-0.003840292803943157,-0.006483988370746374,0.2629725933074951,0.3255079984664917
240,0.0721137672662735,0.02530140057206154,-0.005091060884296894,0.0008622519671916962,-0.002479409333318472,0.00196437886916101,-0.004119998775422573,-0.0067514702677726746,0.29109057784080505,0.2882366180419922
260,0.07899656146764755,0.02742520347237587,-0.005224777851253748,0.0008328781113959849,-0.002057361649349332,0.0023175934329628944,-0.004336890764534473,-0.0068996865302324295,0.24892555177211761,0.3257887363433838
280,0.08485861867666245,0.029599711298942566,-0.005298740696161985,0.0004492234147619456,-0.001952786697074771,0.0025627536233514547,-0.004575201775878668,-0.0070829675532877445,0.22143888473510742,0.3187246322631836
300,0.08969606459140778,0.03167840838432312,-0.005409522447735071,0.00012369203614071012,-0.001999725354835391,0.0026859715580940247,-0.004795811139047146,-0.00728200888261199,0.22122979164123535,0.3120273947715759
320,0.09438506513834,0.03372269123792648,-0.005538264289498329,-0.0001436922757420689,-0.0020592499058693647,0.002769543556496501,-0.005027960054576397,-0.007487196009606123,0.20813797414302826,0.320850670337677
340,0.09887795150279999,0.035684145987033844,-0.005668926052749157,-0.000448591512395069,-0.0021443406585603952,0.0028369661886245012,-0.005257140379399061,-0.007689873222261667,0.20655953884124756,0.3136144280433655
360,0.1035120040178299,0.03767472878098488,-0.00576359685510397,-0.0006978597375564277,-0.0021948388312011957,0.0028943729121237993,-0.005510712508112192,-0.007876735180616379,0.2152380496263504,0.3170401453971863
380,0.10848540812730789,0.039752114564180374,-0.005833459086716175,-0.0008653213735669851,-0.0021299426443874836,0.002954757073894143,-0.0057438877411186695,-0.008050255477428436,0.19583210349082947,0.2985459566116333
400,0.11273905634880066,0.04162197187542915,-0.005943503230810165,-0.0011084582656621933,-0.0021767993457615376,0.00295066274702549,-0.005972673650830984,-0.008229745551943779,0.18535304069519043,0.28844863176345825
420,0.11680321395397186,0.043356142938137054,-0.006044352892786264,-0.0013023517094552517,-0.002269197953864932,0.0029258010908961296,-0.006225621327757835,-0.00841488316655159,0.18385177850723267,0.3003312945365906
440,0.12074336409568787,0.04512716084718704,-0.006129052489995956,-0.0014855413464829326,-0.0023043544497340918,0.002895994344726205,-0.00649375282227993,-0.008580327965319157,0.18586426973342896,0.30306920409202576
460,0.12495794147253036,0.04689231142401695,-0.006164428777992725,-0.0015850323252379894,-0.002292460994794965,0.002860073233023286,-0.0067441994324326515,-0.008737107738852501,0.16654996573925018,0.2516784071922302
480,0.12868039309978485,0.048616260290145874,-0.006242860108613968,-0.0017571956850588322,-0.0023389440029859543,0.0028049005195498466,-0.007012041285634041,-0.008889591321349144,0.16394782066345215,0.24191239476203918
500,0.1323288083076477,0.050177641212940216,-0.006300095468759537,-0.0018690834986045957,-0.002387494081631303,0.002744506113231182,-0.00730314664542675,-0.009034336544573307,0.1636820137500763,0.2352030724287033
520,0.1358059197664261,0.05175846815109253,-0.006339667830616236,-0.002005289774388075,-0.0024360010866075754,0.0026718557346612215,-0.007579379249364138,-0.00919214729219675,0.16343656182289124,0.21551194787025452
540,0.13951915502548218,0.05333337187767029,-0.006370059214532375,-0.0020557024981826544,-0.0024573937989771366,0.0026214418467134237,-0.00787817221134901,-0.009320265613496304,0.1596735566854477,0.2149449586868286
560,0.14294183254241943,0.05484207719564438,-0.006414258386939764,-0.002151777734979987,-0.002496593166142702,0.002564524533227086,-0.00813406053930521,-0.009442465379834175,0.1500197947025299,0.18839363753795624
580,0.1465299427509308,0.05634436756372452,-0.006426071748137474,-0.0022136513143777847,-0.0025129884015768766,0.0025087983813136816,-0.008409630507230759,-0.009581446647644043,0.15113230049610138,0.16459214687347412
600,0.14959682524204254,0.057701773941516876,-0.006453933194279671,-0.0022317571565508842,-0.002543092705309391,0.0024230291601270437,-0.008657984435558319,-0.009717551991343498,0.1498982459306717,0.1564040631055832
620,0.152666375041008,0.05902574956417084,-0.006455623544752598,-0.002278983360156417,-0.002617454156279564,0.002343111904338002,-0.008965904824435711,-0.009838936850428581,0.14310847222805023,0.1537545919418335
640,0.1560785472393036,0.06044851988554001,-0.006462044082581997,-0.002265484305098653,-0.002618584083393216,0.0022952258586883545,-0.009266919456422329,-0.009964276105165482,0.149881049990654,0.15598802268505096
660,0.15915417671203613,0.06176188215613365,-0.006454074755311012,-0.002287185750901699,-0.0026352389249950647,0.0022664035204797983,-0.0095538180321455,-0.01008631382137537,0.14606259763240814,0.1565585881471634
680,0.1619064062833786,0.06304061412811279,-0.006457824259996414,-0.0023323302157223225,-0.002686879364773631,0.0021997627336531878,-0.009835455566644669,-0.010204772464931011,0.14158207178115845,0.1479237675666809
700,0.16460509598255157,0.0642649307847023,-0.006441524717956781,-0.0023583590518683195,-0.002753183012828231,0.0021148198284208775,-0.010120591148734093,-0.010321811772882938,0.14080865681171417,0.14909620583057404
720,0.16735701262950897,0.06556329131126404,-0.006413373630493879,-0.0023509974125772715,-0.0027877287939190865,0.002055037533864379,-0.010391471907496452,-0.010445645079016685,0.1397816240787506,0.1469517946243286
740,0.170119509100914,0.06685785949230194,-0.006386802066117525,-0.002333137672394514,-0.0028156316839158535,0.0020064571872353554,-0.010682741180062294,-0.01057413686066866,0.13676732778549194,0.14009559154510498
760,0.17298582196235657,0.06816840916872025,-0.00636320561170578,-0.0023223571479320526,-0.0028586192056536674,0.001951424521394074,-0.01099477056413889,-0.010695087723433971,0.13840711116790771,0.14272280037403107
780,0.17592158913612366,0.06939927488565445,-0.006327162962406874,-0.0022803139872848988,-0.002838529646396637,0.0019157547503709793,-0.011268342845141888,-0.010801351629197598,0.14117981493473053,0.16099928319454193
800,0.17887751758098602,0.07048654556274414,-0.006307345815002918,-0.002266739262267947,-0.002817695029079914,0.0019095111638307571,-0.011550657451152802,-0.010901011526584625,0.13493585586547852,0.1455780565738678
820,0.1814003735780716,0.07160711288452148,-0.006268355995416641,-0.0022069422993808985,-0.0028324571903795004,0.0018828717293217778,-0.01182473637163639,-0.010999990627169609,0.13192416727542877,0.13604609668254852
840,0.18401914834976196,0.07274936139583588,-0.0062375604175031185,-0.0021638094913214445,-0.002864409238100052,0.0018355032661929727,-0.012085466645658016,-0.011103368364274502,0.14379821717739105,0.14033669233322144
860,0.18696561455726624,0.0739801675081253,-0.006192914210259914,-0.0021151944529265165,-0.0028331843204796314,0.0018382738344371319,-0.012355453334748745,-0.011203994043171406,0.13727204501628876,0.13325612246990204
880,0.18947423994541168,0.0750187486410141,-0.0061800298281013966,-0.002081751823425293,-0.002843429334461689,0.0018002708675339818,-0.012623333372175694,-0.011306310072541237,0.13313397765159607,0.13209396600723267
900,0.19176071882247925,0.07602554559707642,-0.006152856629341841,-0.002010120777413249,-0.002882573986425996,0.0017754965228959918,-0.012903490103781223,-0.011416890658438206,0.128820538520813,0.13353823125362396
920,0.1940484493970871,0.07706940919160843,-0.006123230792582035,-0.001933693652972579,-0.0029289978556334972,0.0017585286404937506,-0.013182004913687706,-0.01150982640683651,0.12941507995128632,0.1344452202320099
940,0.19631557166576385,0.0781007707118988,-0.006104606669396162,-0.0018060506554320455,-0.0029299159068614244,0.0017288934905081987,-0.013449168764054775,-0.011593012139201164,0.12992000579833984,0.13027797639369965
960,0.1982875019311905,0.07912445813417435,-0.006087292917072773,-0.0017015832709148526,-0.002959422068670392,0.0016785955522209406,-0.013687429018318653,-0.011668293736875057,0.12193738669157028,0.13618098199367523
980,0.20033350586891174,0.08010875433683395,-0.006052577402442694,-0.0016265502199530602,-0.0030122895259410143,0.0016551041044294834,-0.013921292498707771,-0.011772866360843182,0.128450408577919,0.13522520661354065
1000,0.2023668885231018,0.0811721459031105,-0.006012808997184038,-0.0015192498685792089,-0.0030343534890562296,0.001631889957934618,-0.014146635308861732,-0.011860573664307594,0.12807638943195343,0.14039355516433716
1020,0.2047300785779953,0.08215782046318054,-0.0059608654119074345,-0.0014262498589232564,-0.0030351111199706793,0.0016197970835492015,-0.014366582036018372,-0.011958211660385132,0.12332484871149063,0.13233542442321777
1040,0.20698174834251404,0.08310835063457489,-0.005935589782893658,-0.0013224560534581542,-0.0030390482861548662,0.0016152472235262394,-0.01456440705806017,-0.012041929177939892,0.1207745298743248,0.12845829129219055
1060,0.2092108279466629,0.08403582870960236,-0.005891007836908102,-0.0012260671937838197,-0.0030380620155483484,0.001610770239494741,-0.014802854508161545,-0.012107546441257,0.1318882554769516,0.12477649003267288
1080,0.211338609457016,0.08493399620056152,-0.005856942385435104,-0.0011089686304330826,-0.003031758591532707,0.0015941881574690342,-0.015024956315755844,-0.01217383798211813,0.11990898847579956,0.12447290867567062
1100,0.21326518058776855,0.08586113154888153,-0.005817581433802843,-0.0010004625655710697,-0.0030763058457523584,0.001561278011649847,-0.015239138156175613,-0.012240314856171608,0.12013959139585495,0.11916521936655045
1120,0.21495801210403442,0.08670764416456223,-0.005773382727056742,-0.0008942860877141356,-0.0031231779139488935,0.0015404119621962309,-0.015461447648704052,-0.012319752015173435,0.11838818341493607,0.12298215180635452
1140,0.21668681502342224,0.08758901804685593,-0.005716192070394754,-0.0007810851675458252,-0.0031819608993828297,0.0015187187818810344,-0.015678714960813522,-0.01240841206163168,0.12138475477695465,0.12951774895191193
1160,0.21850620210170746,0.08849315345287323,-0.005646190140396357,-0.0006717738579027355,-0.0032147911842912436,0.001508355257101357,-0.015875985845923424,-0.012485898099839687,0.11857330799102783,0.12344091385602951
1180,0.2203337550163269,0.08942814916372299,-0.005567822139710188,-0.0005618139402940869,-0.0032468086574226618,0.001492855604737997,-0.016047775745391846,-0.012566924095153809,0.11783988028764725,0.11964750289916992
1200,0.22208590805530548,0.09026240557432175,-0.005467964801937342,-0.0004513236926868558,-0.0032831113785505295,0.0014739865437150002,-0.01625148393213749,-0.012645385228097439,0.11720255017280579,0.11611860990524292
1220,0.22400277853012085,0.09118692576885223,-0.0054149748757481575,-0.00034418125869706273,-0.0032891095615923405,0.0014558382099494338,-0.01644558645784855,-0.012737730517983437,0.11939731240272522,0.11780878156423569
1240,0.22574591636657715,0.09209119528532028,-0.005340614356100559,-0.0002325688546989113,-0.0032794647850096226,0.0014341664500534534,-0.01663096249103546,-0.012822777032852173,0.12101145088672638,0.11857592314481735
1260,0.22765463590621948,0.09292064607143402,-0.0052563948556780815,-0.0001217860117321834,-0.0032778289169073105,0.0014264803612604737,-0.016823694109916687,-0.012899798341095448,0.11682815104722977,0.11650611460208893
1280,0.22931139171123505,0.09371625632047653,-0.005166662856936455,2.8583426683326252e-05,-0.003271909197792411,0.0014058479573577642,-0.016992436721920967,-0.012961878441274166,0.11167627573013306,0.11319098621606827
1300,0.23087410628795624,0.09451696276664734,-0.0051199207082390785,0.00010713931260397658,-0.003291487228125334,0.001363952411338687,-0.017145633697509766,-0.013038347475230694,0.11149189621210098,0.11322104930877686
1320,0.2323526293039322,0.09531854838132858,-0.005035425536334515,0.00022591359447687864,-0.0033051969949156046,0.0013333921087905765,-0.017311662435531616,-0.01311562117189169,0.11960329115390778,0.11703227460384369
1340,0.23385795950889587,0.09610839188098907,-0.004945145454257727,0.00033513561356812716,-0.0033519789576530457,0.0013031534617766738,-0.017481254413723946,-0.013197668828070164,0.11202133446931839,0.11549321562051773
1360,0.23549966514110565,0.09690231829881668,-0.004824291914701462,0.00043341462151147425,-0.00336358230561018,0.0012791611952707171,-0.017661407589912415,-0.013297445140779018,0.11757553368806839,0.12970705330371857
1380,0.2377070188522339,0.0977792888879776,-0.004661408718675375,0.000575606944039464,-0.0032880345825105906,0.0012857499532401562,-0.01781645230948925,-0.013376639224588871,0.1107877865433693,0.11788736283779144
1400,0.23917897045612335,0.09852016717195511,-0.0045739831402897835,0.0006979655590839684,-0.003314767964184284,0.0012334870407357812,-0.017991606146097183,-0.01345205307006836,0.11153507232666016,0.1119592934846878
1420,0.240613654255867,0.09937287122011185,-0.0044451006688177586,0.0007915032911114395,-0.0033273366279900074,0.001196124474518001,-0.018138546496629715,-0.013536274433135986,0.1102779284119606,0.11320900917053223
1440,0.24210327863693237,0.1000787690281868,-0.004377047065645456,0.0008753886795602739,-0.003323775716125965,0.0011750147677958012,-0.018275514245033264,-0.013626722618937492,0.11253386735916138,0.11009152233600616
1460,0.2435402274131775,0.10084085166454315,-0.004277263302356005,0.0009850988863036036,-0.003317418275400996,0.001143143163062632,-0.018404986709356308,-0.013717390596866608,0.10663269460201263,0.11037035286426544
1480,0.2451300472021103,0.10155448317527771,-0.004174095578491688,0.001086947857402265,-0.003305625868961215,0.001123136724345386,-0.01855163276195526,-0.01380977313965559,0.11321990936994553,0.1152968555688858
1500,0.24659578502178192,0.10232582688331604,-0.004072347655892372,0.0011743941577151418,-0.0032994200009852648,0.001068754238076508,-0.01869126595556736,-0.013893390074372292,0.10729941725730896,0.11709317564964294
1520,0.2480006366968155,0.10309530794620514,-0.00398035766556859,0.001274949056096375,-0.003301154589280486,0.0010269347112625837,-0.018846971914172173,-0.013974295929074287,0.11140350997447968,0.11977894604206085
1540,0.24960006773471832,0.10386333614587784,-0.0038670182693749666,0.0013949426356703043,-0.0032964760903269053,0.0010081864893436432,-0.01899757981300354,-0.014041506685316563,0.1130533516407013,0.107269786298275
1560,0.25107723474502563,0.10462678223848343,-0.0037049714010208845,0.0015229331329464912,-0.0032667687628418207,0.0010102182859554887,-0.019140416756272316,-0.014128799550235271,0.1080719456076622,0.10911858826875687
1580,0.25237971544265747,0.10541516542434692,-0.0035843204241245985,0.0016263206489384174,-0.0033008295577019453,0.000992329209111631,-0.019284112378954887,-0.014189919456839561,0.1080269068479538,0.11236255615949631
1600,0.25414085388183594,0.10608275979757309,-0.003507359651848674,0.0017078622477129102,-0.003290403401479125,0.0009849648922681808,-0.019435951486229897,-0.014249175786972046,0.10783155262470245,0.12042353302240372
1620,0.2556430399417877,0.1068299263715744,-0.003377201734110713,0.0018213529838249087,-0.0032866213005036116,0.0009721730020828545,-0.019573796540498734,-0.014331127516925335,0.10726138949394226,0.10807469487190247
1640,0.25708433985710144,0.10759279131889343,-0.003294237656518817,0.001928347977809608,-0.0032960688695311546,0.0009658811031840742,-0.019691381603479385,-0.014425576664507389,0.10830306261777878,0.10904508084058762
1660,0.25830453634262085,0.10827556252479553,-0.0031794204842299223,0.0020355882588773966,-0.0033008099999278784,0.0009467448689974844,-0.01981784775853157,-0.014501153491437435,0.10538344085216522,0.11126460134983063
1680,0.2598276436328888,0.10898209363222122,-0.003051057690754533,0.0021097285207360983,-0.0032888138666749,0.0009350808104500175,-0.019951939582824707,-0.014584969729185104,0.10642286390066147,0.1054445207118988
1700,0.26112258434295654,0.10955649614334106,-0.002930877497419715,0.0021974288392812014,-0.003279993776232004,0.000910768867470324,-0.020051943138241768,-0.014658333733677864,0.10545656830072403,0.1055961400270462
1720,0.2624029517173767,0.11022602766752243,-0.0027806239668279886,0.002280152402818203,-0.003291680943220854,0.0008842041715979576,-0.020148687064647675,-0.014723622240126133,0.10563861578702927,0.10477320104837418
1740,0.26403483748435974,0.1109648197889328,-0.002657779026776552,0.002371916314586997,-0.003277547424659133,0.000874082965310663,-0.020282458513975143,-0.014796976931393147,0.10550487041473389,0.11271383613348007
1760,0.2656311094760895,0.11169055849313736,-0.0024946024641394615,0.0024858559481799603,-0.0032605950254946947,0.0008735060691833496,-0.020361386239528656,-0.014877257868647575,0.10726676136255264,0.10765257477760315
1780,0.2667713463306427,0.11235172301530838,-0.002366867382079363,0.00256672827526927,-0.003276847070083022,0.0008623040048405528,-0.020449014380574226,-0.014943054877221584,0.10855963081121445,0.10269966721534729
1800,0.26818782091140747,0.11300692707300186,-0.0022319448180496693,0.0026619157288223505,-0.0032645948231220245,0.0008557413821108639,-0.02054801769554615,-0.01499346923083067,0.10555461794137955,0.10879755765199661
1820,0.26961854100227356,0.11364442110061646,-0.002080962061882019,0.0027844631113111973,-0.003232328686863184,0.0008612301899120212,-0.020640183240175247,-0.015070060268044472,0.10248330980539322,0.10392042994499207
1840,0.27079319953918457,0.11435481905937195,-0.001975751481950283,0.0028763976879417896,-0.0032426940742880106,0.0008569665369577706,-0.020711727440357208,-0.015133673325181007,0.10343268513679504,0.10335947573184967
1860,0.2719864249229431,0.11501200497150421,-0.0018412398640066385,0.002927531488239765,-0.0032465187832713127,0.0008362194057554007,-0.020812496542930603,-0.015193107537925243,0.1049007773399353,0.11651758849620819
1880,0.27352479100227356,0.11567571014165878,-0.001655677566304803,0.00303749181330204,-0.0032043466344475746,0.0008489618776366115,-0.020907150581479073,-0.015264772810041904,0.10110202431678772,0.11150830239057541
1900,0.27474573254585266,0.11643435060977936,-0.0015040317084640265,0.0031321528367698193,-0.0032191865611821413,0.0008426315034739673,-0.020992480218410492,-0.015333042480051517,0.10244889557361603,0.10987354815006256
1920,0.2758767902851105,0.11707597970962524,-0.0013744800817221403,0.0032511528115719557,-0.0032156852539628744,0.0008208340150304139,-0.02108917385339737,-0.01539766788482666,0.10127998143434525,0.10145777463912964
1940,0.2768917381763458,0.11761481314897537,-0.0012600021436810493,0.003354728454723954,-0.0032313179690390825,0.0008115501841530204,-0.021215572953224182,-0.015468585304915905,0.09925840049982071,0.10164550691843033
1960,0.2780011296272278,0.11822547763586044,-0.001096869120374322,0.00345425121486187,-0.0032632153015583754,0.0007852395065128803,-0.02132166549563408,-0.015541113913059235,0.10104770213365555,0.10909290611743927
1980,0.2790577709674835,0.1188369020819664,-0.0009302790276706219,0.0035502167884260416,-0.003257105126976967,0.000776217901147902,-0.02144782803952694,-0.015615916810929775,0.09929975122213364,0.1004890501499176
2000,0.27998751401901245,0.11942562460899353,-0.0007765577174723148,0.003629995509982109,-0.0032858233898878098,0.0007707904442213476,-0.021538006141781807,-0.015682438388466835,0.1001063659787178,0.1037815660238266
2020,0.2810494005680084,0.12006473541259766,-0.0006609880365431309,0.0037116205785423517,-0.003308785380795598,0.0007711622747592628,-0.021627619862556458,-0.015768447890877724,0.09931968152523041,0.09899082779884338
2040,0.2821907699108124,0.120696060359478,-0.0005411991151049733,0.0038007600232958794,-0.0033430103212594986,0.0007544687832705677,-0.02172798477113247,-0.015851357951760292,0.09655315428972244,0.10123072564601898
2060,0.2832436263561249,0.12127454578876495,-0.00036953826202079654,0.00389494514092803,-0.0033376794308423996,0.0007468267576768994,-0.021798934787511826,-0.015928275883197784,0.10215030610561371,0.10324069112539291
2080,0.2844475507736206,0.1218675822019577,-0.0002078367251669988,0.003961486276239157,-0.00330385472625494,0.0007476200116798282,-0.02190646529197693,-0.016016723588109016,0.09779888391494751,0.10890994966030121
2100,0.2858438193798065,0.12257790565490723,-3.981795089202933e-05,0.004049974959343672,-0.0032763376366347075,0.0007446527597494423,-0.021992504596710205,-0.016086742281913757,0.1074400246143341,0.10415823012590408
2120,0.2877805233001709,0.12331074476242065,0.00011404594260966405,0.004144345875829458,-0.0032295985147356987,0.0007632612832821906,-0.022094164043664932,-0.016136925667524338,0.09844748675823212,0.10490261018276215
2140,0.2889023423194885,0.12390492111444473,0.00028538721380755305,0.004252155311405659,-0.0032272471580654383,0.0007639836985617876,-0.022176777943968773,-0.016202379018068314,0.10075178742408752,0.10155472159385681
2160,0.2897822856903076,0.12445694208145142,0.00040175532922148705,0.004363264888525009,-0.003273335751146078,0.0007451187702827156,-0.022242985665798187,-0.016273269429802895,0.10023204237222672,0.10030989348888397
2180,0.2907210886478424,0.12506325542926788,0.0005323672667145729,0.00439895736053586,-0.0033249540720134974,0.0007170186145231128,-0.022297030314803123,-0.0163414366543293,0.09613730013370514,0.09771260619163513
2200,0.2915455102920532,0.12563171982765198,0.0006931028328835964,0.0044623552821576595,-0.0033706396352499723,0.0007126060081645846,-0.022357501089572906,-0.01642627827823162,0.09584198147058487,0.09670065343379974
2220,0.2924778461456299,0.1261788010597229,0.0008308185497298837,0.004539717920124531,-0.003406011965125799,0.0007035571616142988,-0.02243054285645485,-0.01650719717144966,0.09895087033510208,0.09909073263406754
2240,0.29346534609794617,0.12668104469776154,0.0010348622454330325,0.004636868368834257,-0.003408418269827962,0.0006885699694976211,-0.022503819316625595,-0.01656697317957878,0.09405378997325897,0.0973566472530365
2260,0.2945178747177124,0.12722881138324738,0.0011479243403300643,0.004697650205343962,-0.0034450655803084373,0.0006767160957679152,-0.02257291041314602,-0.016637548804283142,0.09465533494949341,0.10187838971614838
2280,0.29564210772514343,0.1278054565191269,0.0013150264276191592,0.004761996679008007,-0.00349420215934515,0.0006747402367182076,-0.022667499259114265,-0.016708457842469215,0.104498490691185,0.09697649627923965
2300,0.29666194319725037,0.12834498286247253,0.0015252133598551154,0.004832088481634855,-0.003517684992402792,0.0006815335364080966,-0.02277301624417305,-0.01677088439464569,0.09808972477912903,0.10257238149642944
2320,0.2978021204471588,0.12892304360866547,0.0017112868372350931,0.004908539820462465,-0.0035188854672014713,0.0007070006686262786,-0.022824233397841454,-0.01682804897427559,0.09493450075387955,0.09657106548547745
2340,0.2986925542354584,0.12936687469482422,0.0018706804839894176,0.005012161564081907,-0.0035401282366365194,0.0007188832969404757,-0.02291862666606903,-0.016890445724129677,0.09358503669500351,0.09815248847007751
2360,0.29961028695106506,0.12991200387477875,0.0020393063314259052,0.0050809429958462715,-0.003574279136955738,0.0007173704216256738,-0.022983945906162262,-0.016961703076958656,0.09406600892543793,0.09536823630332947
2380,0.300607293844223,0.13047368824481964,0.0021991822868585587,0.005105560179799795,-0.00362965720705688,0.0007251620409078896,-0.023046039044857025,-0.01702829822897911,0.09681887924671173,0.09785662591457367
2400,0.3015556037425995,0.1309540867805481,0.0023814428132027388,0.005143655464053154,-0.0036590814124792814,0.00072681182064116,-0.023120073601603508,-0.017076238989830017,0.09271858632564545,0.09404517710208893
2420,0.30225232243537903,0.13142889738082886,0.0024845656007528305,0.0051709916442632675,-0.0037267087027430534,0.0007073031738400459,-0.023199239745736122,-0.017142856493592262,0.09593729674816132,0.09545977413654327
2440,0.3031947910785675,0.13188813626766205,0.0026026316918432713,0.005250322632491589,-0.0037690873723477125,0.0006847473559901118,-0.023292699828743935,-0.017214689403772354,0.09297967702150345,0.09545356035232544
2460,0.30410274863243103,0.13242629170417786,0.002753059146925807,0.00528227211907506,-0.003820829326286912,0.0006707440479658544,-0.0233490988612175,-0.017271487042307854,0.09288647770881653,0.09359883517026901
2480,0.3050411343574524,0.13294491171836853,0.0028980975039303303,0.005308407824486494,-0.003849188331514597,0.0006442790036089718,-0.02343650907278061,-0.017332976683974266,0.09405255317687988,0.09528259932994843
2500,0.3057485520839691,0.13340717554092407,0.003079675603657961,0.005370542407035828,-0.003862765384837985,0.0006269020959734917,-0.023530516773462296,-0.0173949021846056,0.09516255557537079,0.09537702053785324
2520,0.30671051144599915,0.1340034455060959,0.003215885953977704,0.005397305358201265,-0.0038915863260626793,0.0006308185402303934,-0.023620007559657097,-0.017472999170422554,0.09421288967132568,0.09611938148736954
2540,0.30765947699546814,0.13455651700496674,0.0033444284927099943,0.005453804042190313,-0.003909793682396412,0.0006488956278190017,-0.023707233369350433,-0.017545396462082863,0.09688080102205276,0.09694540500640869
2560,0.30860957503318787,0.13510678708553314,0.003551313653588295,0.005516097880899906,-0.003919951617717743,0.0006588048418052495,-0.0238061361014843,-0.017625942826271057,0.09770375490188599,0.09539413452148438
2580,0.30972230434417725,0.13568826019763947,0.00367670226842165,0.005516619421541691,-0.003959077410399914,0.0006716580828651786,-0.02387111447751522,-0.01768450252711773,0.09254416078329086,0.09382238984107971
2600,0.3106713891029358,0.13625933229923248,0.0038456220645457506,0.005568676628172398,-0.003972992300987244,0.0006854796665720642,-0.02398209273815155,-0.017762741073966026,0.09148676693439484,0.09289617091417313
2620,0.31146568059921265,0.13669894635677338,0.003993027377873659,0.005625123158097267,-0.004006320144981146,0.0007115014595910907,-0.024070581421256065,-0.017824402078986168,0.09382116794586182,0.0915178433060646
2640,0.3122915029525757,0.13713084161281586,0.00416200514882803,0.005663615185767412,-0.0040209852159023285,0.00071738101541996,-0.02414851449429989,-0.017900999635457993,0.0948265865445137,0.09326915442943573
2660,0.31327539682388306,0.1376960128545761,0.004337364342063665,0.00571032939478755,-0.004072680603712797,0.0006985496147535741,-0.02423495426774025,-0.017972851172089577,0.09132115542888641,0.09332071244716644
2680,0.3139101564884186,0.13818635046482086,0.00455677043646574,0.005741557106375694,-0.004139570519328117,0.0006734176422469318,-0.02429543249309063,-0.01803630031645298,0.09066350758075714,0.09243366122245789
2700,0.31455767154693604,0.1386145055294037,0.00468071224167943,0.005812913179397583,-0.004181275609880686,0.0006604230147786438,-0.02437426522374153,-0.018085723742842674,0.09382228553295135,0.09088851511478424
2720,0.3152115046977997,0.13903005421161652,0.004830017685890198,0.005895853973925114,-0.004227620083838701,0.0006616643513552845,-0.02444123849272728,-0.01816141977906227,0.09333371371030807,0.09247638285160065
2740,0.31599995493888855,0.1395312398672104,0.004973453003913164,0.00592919671908021,-0.004263586830347776,0.0006526224897243083,-0.02453293651342392,-0.01824355684220791,0.09234834462404251,0.09020223468542099
2760,0.3166811168193817,0.14000368118286133,0.005125280469655991,0.005977589171379805,-0.004287462681531906,0.0006568270036950707,-0.0246083103120327,-0.018306871876120567,0.09326758235692978,0.09469324350357056
2780,0.3176535964012146,0.14041179418563843,0.005261774640530348,0.006025570910423994,-0.004324964247643948,0.0006666729459539056,-0.024706963449716568,-0.018392806872725487,0.09288174659013748,0.09708456695079803
2800,0.3184114992618561,0.14091110229492188,0.0054225013591349125,0.006104901432991028,-0.004359523765742779,0.0006756663206033409,-0.02480461820960045,-0.018462326377630234,0.08773143589496613,0.09402711689472198
2820,0.3193449079990387,0.14136511087417603,0.0055986931547522545,0.006175891030579805,-0.004373595118522644,0.000676725700031966,-0.024888209998607635,-0.01852242462337017,0.09247822314500809,0.09212622046470642
2840,0.3200477361679077,0.14181137084960938,0.005738731939345598,0.006243007257580757,-0.004412826616317034,0.0006858417764306068,-0.024968145415186882,-0.01858743093907833,0.0899263322353363,0.08937974274158478
2860,0.32073402404785156,0.14223721623420715,0.005923589691519737,0.006316815968602896,-0.004434462171047926,0.0006980117177590728,-0.025056112557649612,-0.01865585893392563,0.0976925864815712,0.09871859848499298
2880,0.3216940462589264,0.142720565199852,0.006104093510657549,0.00635787146165967,-0.00445910869166255,0.0007383922347798944,-0.025162769481539726,-0.018726304173469543,0.09075644612312317,0.09221430122852325
2900,0.3223828077316284,0.14321066439151764,0.006234117317944765,0.006423573009669781,-0.0045049297623336315,0.0007356464629992843,-0.02522312104701996,-0.018777230754494667,0.09166578948497772,0.0980866327881813
2920,0.32321038842201233,0.1437114179134369,0.00639622425660491,0.006472266279160976,-0.004529434256255627,0.0007350547821260989,-0.025315221399068832,-0.018824554979801178,0.08831130713224411,0.09175321459770203
2940,0.3239798843860626,0.14418785274028778,0.006552107632160187,0.0065278480760753155,-0.00453115813434124,0.0007063728990033269,-0.025391096249222755,-0.01888367533683777,0.09131599962711334,0.09165934473276138
2960,0.32471898198127747,0.1447141021490097,0.006756362970918417,0.006582488305866718,-0.004560376051813364,0.0006830859929323196,-0.02546229399740696,-0.01895279623568058,0.088126040995121,0.08865758031606674
2980,0.3253600597381592,0.1451856642961502,0.006884696893393993,0.006617399398237467,-0.00458062719553709,0.0006661684019491076,-0.02555418387055397,-0.01904064044356346,0.09224754571914673,0.09202868491411209
3000,0.32617008686065674,0.1455189287662506,0.007041246630251408,0.006659825332462788,-0.004582512658089399,0.0006562502239830792,-0.025619259104132652,-0.019108161330223083,0.08877235651016235,0.09027531743049622
3020,0.3266526460647583,0.1459452211856842,0.007182788569480181,0.006705246400088072,-0.0046402160078287125,0.0006489592487923801,-0.025720253586769104,-0.019185636192560196,0.08981633186340332,0.08913500607013702
3040,0.3270721435546875,0.14636793732643127,0.0073875077068805695,0.006738311145454645,-0.004697531461715698,0.0006391475326381624,-0.025798343122005463,-0.01924940012395382,0.09037340432405472,0.09451329708099365
3060,0.32791709899902344,0.14681044220924377,0.007537255063652992,0.00676951976493001,-0.004716641269624233,0.0006317404913716018,-0.025883443653583527,-0.019301792606711388,0.09186282753944397,0.09109702706336975
3080,0.32867780327796936,0.14726680517196655,0.007700116839259863,0.006801525596529245,-0.004737552255392075,0.0006526706274598837,-0.025959601625800133,-0.019357331097126007,0.09075535833835602,0.08826586604118347
3100,0.32917720079421997,0.14769741892814636,0.00788144115358591,0.0068362001329660416,-0.004773030523210764,0.00064957479480654,-0.02602887712419033,-0.019431395456194878,0.09108652919530869,0.0981086939573288
3120,0.3299160599708557,0.14808198809623718,0.008041436783969402,0.006919780280441046,-0.004807287827134132,0.0006654957542195916,-0.026118436828255653,-0.01950804330408573,0.09100935608148575,0.09176036715507507
3140,0.3306273818016052,0.14849859476089478,0.008200873620808125,0.006990963593125343,-0.004825609736144543,0.0006525933276861906,-0.026207787916064262,-0.019569050520658493,0.08772488683462143,0.09093889594078064
3160,0.3311986029148102,0.14888931810855865,0.008367808535695076,0.007044798228889704,-0.004855899605900049,0.0006577785825356841,-0.02627706713974476,-0.019616708159446716,0.08763135224580765,0.09047257155179977
3180,0.3314962089061737,0.14922378957271576,0.00855768471956253,0.0070880395360291,-0.004885541275143623,0.0006517692236229777,-0.026332547888159752,-0.01967579312622547,0.08676521480083466,0.08769474923610687
3200,0.33219945430755615,0.14960025250911713,0.008647437207400799,0.007094420026987791,-0.0049068015068769455,0.0006504446500912309,-0.026390723884105682,-0.019747929647564888,0.08907118439674377,0.08768653869628906
3220,0.33275651931762695,0.15004508197307587,0.008763924241065979,0.007112724240869284,-0.004954698029905558,0.0006602420471608639,-0.02644992433488369,-0.019809475168585777,0.0878886729478836,0.08646968007087708
3240,0.3331873416900635,0.1503366380929947,0.008889480493962765,0.007077538408339024,-0.004981404636055231,0.000656335789244622,-0.02653602883219719,-0.019870471209287643,0.08893830329179764,0.08676602691411972
3260,0.33360233902931213,0.15065577626228333,0.009037071838974953,0.007118839304894209,-0.005005295854061842,0.0006433807429857552,-0.026617832481861115,-0.01991950161755085,0.08775846660137177,0.0893331840634346
3280,0.3342205286026001,0.15108011662960052,0.009191056713461876,0.007139891851693392,-0.0050843097269535065,0.0006451622466556728,-0.026666197925806046,-0.019967813044786453,0.08737355470657349,0.08839152753353119
3300,0.33478423953056335,0.15147443115711212,0.009329918771982193,0.007186411879956722,-0.0051313163712620735,0.0006354688666760921,-0.026719145476818085,-0.020021380856633186,0.0859299972653389,0.09663301706314087
3320,0.3353809416294098,0.15196217596530914,0.00950951874256134,0.0072004105895757675,-0.005145023576915264,0.0006282971589826047,-0.026809707283973694,-0.02007164992392063,0.08559081703424454,0.08582918345928192
3340,0.335835725069046,0.15227113664150238,0.009647772647440434,0.007193140219897032,-0.005215688142925501,0.0006044472684152424,-0.02687295898795128,-0.020124733448028564,0.08737745881080627,0.08492222428321838
3360,0.3363015651702881,0.15260344743728638,0.00978310126811266,0.007227137219160795,-0.00525882700458169,0.0005987230106256902,-0.026955507695674896,-0.020191123709082603,0.09363164007663727,0.08880914747714996
3380,0.337119460105896,0.15310008823871613,0.009949016384780407,0.007259419187903404,-0.0052960105240345,0.0006030658259987831,-0.0270276740193367,-0.02024853229522705,0.09093677252531052,0.08684264123439789
3400,0.33792799711227417,0.1534910947084427,0.010149315930902958,0.007285492494702339,-0.005334195215255022,0.0005955943488515913,-0.02708682231605053,-0.02029288560152054,0.08889633417129517,0.08688367903232574
3420,0.3384855091571808,0.15379223227500916,0.010289786383509636,0.007315508089959621,-0.00535447197034955,0.0006006085313856602,-0.027148747816681862,-0.02034870721399784,0.08441880345344543,0.08566846698522568
3440,0.33900076150894165,0.15415258705615997,0.010408658534288406,0.007330658845603466,-0.005415840540081263,0.0005643964977934957,-0.027238881215453148,-0.020427176728844643,0.08758082240819931,0.08676221966743469
3460,0.33968251943588257,0.15458206832408905,0.010555936954915524,0.007345168851315975,-0.005475256126374006,0.000552638724911958,-0.027323594316840172,-0.02047441340982914,0.0852048248052597,0.08789276331663132
3480,0.3401259779930115,0.15491221845149994,0.010747122578322887,0.007399200927466154,-0.005506647750735283,0.0005250325775705278,-0.027406947687268257,-0.020520100370049477,0.08481714874505997,0.08687368780374527
3500,0.3405804932117462,0.15527129173278809,0.0108918696641922,0.007417711429297924,-0.005537794902920723,0.0005165929323993623,-0.027470164000988007,-0.02058914117515087,0.08506933599710464,0.0868004858493805
3520,0.3412168622016907,0.15556858479976654,0.011059513315558434,0.007423654198646545,-0.00555673660710454,0.0005106268799863756,-0.027561550959944725,-0.02065305970609188,0.08819632232189178,0.09047593921422958
3540,0.3418937921524048,0.15597766637802124,0.01121038943529129,0.007469549309462309,-0.005586261861026287,0.0005132915102876723,-0.027640927582979202,-0.020710529759526253,0.08639475703239441,0.08596190065145493
3560,0.34227848052978516,0.15621285140514374,0.011323793791234493,0.007502993568778038,-0.005639220587909222,0.0005216675926931202,-0.02772516757249832,-0.02076924592256546,0.08704160153865814,0.09496988356113434
3580,0.3432213366031647,0.15669500827789307,0.011422621086239815,0.007489492185413837,-0.005663762334734201,0.0005293376161716878,-0.027824509888887405,-0.02084057778120041,0.08906178921461105,0.09406165778636932
3600,0.34389805793762207,0.1571866273880005,0.011557765305042267,0.007577406242489815,-0.005669053643941879,0.0005175277474336326,-0.027896737679839134,-0.02088801935315132,0.08625175058841705,0.0901394635438919
3620,0.344284325838089,0.15752476453781128,0.011707903817296028,0.007588943932205439,-0.00568099832162261,0.0005130997742526233,-0.027990732342004776,-0.020932378247380257,0.08624269813299179,0.09127140045166016
3640,0.3449012339115143,0.15782581269741058,0.011890942230820656,0.007640231866389513,-0.005699577741324902,0.0004955966142006218,-0.028065543621778488,-0.02098502591252327,0.09009993076324463,0.08942979574203491
3660,0.34546568989753723,0.15815706551074982,0.012082832865417004,0.007726556621491909,-0.005725920666009188,0.0004697565163951367,-0.028136884793639183,-0.021060170605778694,0.09207729995250702,0.08836023509502411
3680,0.34591275453567505,0.15848498046398163,0.012212669476866722,0.0077407266944646835,-0.005736873019486666,0.00045748366392217577,-0.028201334178447723,-0.02111714892089367,0.08910901844501495,0.08731657266616821
3700,0.3464266359806061,0.15878809988498688,0.01239523570984602,0.00776107469573617,-0.005772362928837538,0.00045363171375356615,-0.028253864496946335,-0.021169550716876984,0.08221791684627533,0.08958164602518082
3720,0.3470279276371002,0.15910296142101288,0.012543955817818642,0.007762467954307795,-0.0058281137607991695,0.00044648468610830605,-0.028339702636003494,-0.021238598972558975,0.08210994303226471,0.08777819573879242
3740,0.34742915630340576,0.15949290990829468,0.01268965844064951,0.007753744255751371,-0.005852050613611937,0.00044312371755950153,-0.02840997837483883,-0.02130524069070816,0.08352161198854446,0.09005724638700485
3760,0.34789058566093445,0.15987059473991394,0.012801527976989746,0.007782481145113707,-0.005876496434211731,0.0004448080144356936,-0.02847331017255783,-0.02136661298573017,0.08587618917226791,0.08478853851556778
3780,0.3482842743396759,0.16011320054531097,0.012933764606714249,0.00780620239675045,-0.005914149805903435,0.0004378125595394522,-0.028563372790813446,-0.02140689454972744,0.08628193289041519,0.08382977545261383
3800,0.3488158881664276,0.16036851704120636,0.013088280335068703,0.007802966982126236,-0.005945648532360792,0.0004295099643059075,-0.02864118106663227,-0.021449387073516846,0.08353915810585022,0.08827313035726547
3820,0.34944361448287964,0.16072094440460205,0.013247881084680557,0.007778072264045477,-0.005970771890133619,0.0004214154614601284,-0.02872241474688053,-0.02150861546397209,0.08293347805738449,0.08616962283849716
3840,0.3496750295162201,0.1609889715909958,0.013363934122025967,0.0077468170784413815,-0.006024316418915987,0.00039470920455642045,-0.028776990249753,-0.021551378071308136,0.08365476131439209,0.08245173841714859
3860,0.34997060894966125,0.16134734451770782,0.013523680157959461,0.007696229498833418,-0.0060635716654360294,0.0003776922239921987,-0.028848927468061447,-0.021621232852339745,0.08334983140230179,0.08788769692182541
3880,0.3504398763179779,0.16168391704559326,0.013643501326441765,0.007713493891060352,-0.006095660850405693,0.00038720108568668365,-0.028932007029652596,-0.02166293002665043,0.0830671489238739,0.0881199911236763
3900,0.35079315304756165,0.1619890332221985,0.013760458678007126,0.007700416259467602,-0.006129590328782797,0.0003693545004352927,-0.029023945331573486,-0.02172505296766758,0.08460459113121033,0.08434752374887466
3920,0.35109564661979675,0.16227681934833527,0.01395974401384592,0.007706755306571722,-0.006143135484308004,0.00037005910417065024,-0.02910001389682293,-0.02178487554192543,0.08362278342247009,0.0855969786643982
3940,0.3514842987060547,0.16257430613040924,0.014128056354820728,0.007726977579295635,-0.00618429109454155,0.0003515138232614845,-0.029190488159656525,-0.02182595618069172,0.08331207185983658,0.08492909371852875
3960,0.35191455483436584,0.16290518641471863,0.014243753626942635,0.00773325189948082,-0.0062385485507547855,0.000343408522894606,-0.02925080992281437,-0.021877452731132507,0.08436256647109985,0.09014417231082916
3980,0.3526156544685364,0.163262739777565,0.014424596913158894,0.007742743473500013,-0.0062700361013412476,0.00032436021137982607,-0.029347283765673637,-0.021914461627602577,0.08163522928953171,0.08613689988851547
4000,0.3530389368534088,0.16365784406661987,0.014653990045189857,0.007735255640000105,-0.0062876432202756405,0.0003192191361449659,-0.029413511976599693,-0.021965760737657547,0.08410295844078064,0.08397165685892105
4020,0.353405237197876,0.16396640241146088,0.01472311932593584,0.007733355741947889,-0.006341564003378153,0.00031628404394723475,-0.029483776539564133,-0.022029973566532135,0.0807814821600914,0.08509153127670288
4040,0.3537670075893402,0.16433468461036682,0.014838717877864838,0.007751652505248785,-0.0063782031647861,0.00032361637568101287,-0.029563406482338905,-0.022108513861894608,0.08325134962797165,0.08701654523611069
4060,0.3541216552257538,0.1646544486284256,0.014920673333108425,0.007718271110206842,-0.006377374287694693,0.00031546264654025435,-0.02964065782725811,-0.02216581255197525,0.08376867324113846,0.08383062481880188
4080,0.35450121760368347,0.16497233510017395,0.015061181038618088,0.007727050222456455,-0.006379876285791397,0.00029883277602493763,-0.029711194336414337,-0.02220148779451847,0.08390425145626068,0.08736132830381393
4100,0.3549124002456665,0.16527533531188965,0.015229950658977032,0.007741250097751617,-0.006389285437762737,0.0003006648912560195,-0.02978154458105564,-0.022226480767130852,0.08323799818754196,0.0830521509051323
4120,0.35523784160614014,0.16555921733379364,0.01535136066377163,0.007699971552938223,-0.006430467125028372,0.00030201260233297944,-0.029868686571717262,-0.022274302318692207,0.08517845720052719,0.08277265727519989
4140,0.3555319607257843,0.16589532792568207,0.015462649054825306,0.0076690735295414925,-0.006460994482040405,0.0003032936074305326,-0.02994449809193611,-0.02232562191784382,0.08284804224967957,0.08194401115179062
4160,0.35591623187065125,0.1662568897008896,0.01565021090209484,0.007717101369053125,-0.006509848870337009,0.00029112776974216104,-0.03003738261759281,-0.022366629913449287,0.0817619189620018,0.08419901877641678
4180,0.3563179671764374,0.16665434837341309,0.01577509380877018,0.007726685144007206,-0.006541617680341005,0.0002829299191944301,-0.030115945264697075,-0.022410722449421883,0.08215982466936111,0.08510512858629227
4200,0.35676252841949463,0.1669117659330368,0.01584363915026188,0.007677427958697081,-0.006587628740817308,0.00028138398192822933,-0.030169937759637833,-0.022455623373389244,0.08156924694776535,0.09055580198764801
4220,0.35713812708854675,0.16711823642253876,0.016024084761738777,0.007681151852011681,-0.006608938332647085,0.0002699128817766905,-0.030229855328798294,-0.022484401240944862,0.07948268204927444,0.08685299754142761
4240,0.3576284348964691,0.1675347089767456,0.01614764705300331,0.007633741479367018,-0.006655916105955839,0.0002691859262995422,-0.030311867594718933,-0.02253037318587303,0.0823146402835846,0.08707557618618011
4260,0.3579031527042389,0.16779717803001404,0.016281364485621452,0.0076863402500748634,-0.0067289043217897415,0.00027882083668373525,-0.03037991188466549,-0.022575650364160538,0.08500398695468903,0.08402073383331299
4280,0.35827264189720154,0.16808152198791504,0.016386711969971657,0.007704314775764942,-0.006771295331418514,0.0002707317180465907,-0.030441422015428543,-0.022626744583249092,0.08123205602169037,0.08827975392341614
4300,0.35880938172340393,0.16843128204345703,0.016554858535528183,0.007711601443588734,-0.006789334584027529,0.00026938412338495255,-0.030523328110575676,-0.02266610972583294,0.08101089298725128,0.0937187671661377
4320,0.35931655764579773,0.16877831518650055,0.016688402742147446,0.007683335803449154,-0.006799244321882725,0.0002668334636837244,-0.030593296512961388,-0.02270745113492012,0.07921832799911499,0.08220760524272919
4340,0.3597266376018524,0.16904395818710327,0.016794053837656975,0.007676620967686176,-0.006831814534962177,0.00025727509637363255,-0.03067075088620186,-0.022757040336728096,0.0801466703414917,0.08036323636770248
4360,0.35998308658599854,0.16932527720928192,0.01690809428691864,0.007727696560323238,-0.006859781686216593,0.0002506867458578199,-0.03072395734488964,-0.022797895595431328,0.08123911172151566,0.08264349400997162
4380,0.3603013753890991,0.16954776644706726,0.017052605748176575,0.007749691605567932,-0.00686732167378068,0.00022550622816197574,-0.030817650258541107,-0.02284829132258892,0.08050287514925003,0.08172526955604553
4400,0.36054837703704834,0.16988660395145416,0.01718870922923088,0.0077498615719377995,-0.006907288450747728,0.00021621392806991935,-0.030897296965122223,-0.022886404767632484,0.08261655271053314,0.08280551433563232
4420,0.3610455393791199,0.1702517867088318,0.017344923689961433,0.007714529521763325,-0.0069305552169680595,0.00022149141295813024,-0.03095908835530281,-0.022919150069355965,0.0796656385064125,0.08021846413612366
4440,0.3612782955169678,0.1704689860343933,0.01745821163058281,0.00766144460067153,-0.0069780172780156136,0.00021945334447082132,-0.031027987599372864,-0.022955039516091347,0.08131849765777588,0.0870148316025734
4460,0.3614562153816223,0.17072425782680511,0.017572099342942238,0.007673149462789297,-0.007017165422439575,0.00020956725347787142,-0.031109264120459557,-0.023001285269856453,0.07850626111030579,0.08391279727220535
4480,0.3617718517780304,0.17097672820091248,0.01774943619966507,0.007688695099204779,-0.0070547303184866905,0.00021297972125466913,-0.031187083572149277,-0.02303915284574032,0.08240150660276413,0.08079112321138382
4500,0.36209234595298767,0.17127420008182526,0.017900792881846428,0.007692268583923578,-0.007104487158358097,0.0002111068752128631,-0.03127143159508705,-0.023080872371792793,0.07936027646064758,0.08255880326032639
4520,0.3623049259185791,0.1714547574520111,0.01802784763276577,0.0076760184019804,-0.0071364110335707664,0.0001964321854757145,-0.031348079442977905,-0.02312767319381237,0.07815532386302948,0.08134188503026962
4540,0.36274024844169617,0.17173627018928528,0.018164560198783875,0.007660401985049248,-0.007153803016990423,0.00018494304094929248,-0.03144342452287674,-0.0231753159314394,0.08001451939344406,0.08421257138252258
4560,0.3631182014942169,0.17201051115989685,0.01829676516354084,0.007655768189579248,-0.007183353882282972,0.00017199858848471195,-0.0315239243209362,-0.023218367248773575,0.0813981294631958,0.08388570696115494
4580,0.36365053057670593,0.17222455143928528,0.018408264964818954,0.007687847595661879,-0.007233836688101292,0.00017516891239210963,-0.031614966690540314,-0.0232769176363945,0.07917235046625137,0.0840182825922966
4600,0.36393576860427856,0.17257507145404816,0.01858052797615528,0.007727054879069328,-0.007262018509209156,0.00017520568508189172,-0.031696729362010956,-0.02332707680761814,0.08193251490592957,0.08564260601997375
4620,0.3643065094947815,0.1728517860174179,0.01870437152683735,0.007725982461124659,-0.007270923350006342,0.00016511272406205535,-0.031745437532663345,-0.02339329943060875,0.0813600942492485,0.08327856659889221
4640,0.364775151014328,0.17316634953022003,0.01885760761797428,0.007740452885627747,-0.007298959884792566,0.00015076229465194046,-0.03182109072804451,-0.023437535390257835,0.08030542731285095,0.08517486602067947
4660,0.36525359749794006,0.17334872484207153,0.019008848816156387,0.007741102483123541,-0.007337737362831831,0.0001367952791042626,-0.03190455585718155,-0.023472856730222702,0.07995674014091492,0.08085225522518158
4680,0.3654974699020386,0.17353293299674988,0.01906971074640751,0.007679329253733158,-0.007367870770394802,0.00013157661305740476,-0.031986016780138016,-0.023521317169070244,0.08029130101203918,0.07992831617593765
4700,0.36579614877700806,0.17386113107204437,0.01924552023410797,0.0076554911211133,-0.007409353740513325,0.0001236221141880378,-0.03205423429608345,-0.023554347455501556,0.07967865467071533,0.08039377629756927
4720,0.36612021923065186,0.17403021454811096,0.019374800845980644,0.00759795680642128,-0.007417901884764433,0.000101993209682405,-0.032131318002939224,-0.023596273735165596,0.07910985499620438,0.08452576398849487
4740,0.36642032861709595,0.17429374158382416,0.01951240748167038,0.007596619892865419,-0.007459752261638641,8.702454942977056e-05,-0.03220507130026817,-0.023635437712073326,0.07783149927854538,0.0805491954088211
4760,0.3666631877422333,0.1745331734418869,0.01961679942905903,0.00757161621004343,-0.007547023706138134,7.809198723407462e-05,-0.03227967396378517,-0.023673053830862045,0.07860473543405533,0.07988903671503067
4780,0.3667920231819153,0.17465919256210327,0.019731301814317703,0.007527202367782593,-0.007599238306283951,6.914955156389624e-05,-0.032363951206207275,-0.02373177371919155,0.07821428030729294,0.07912684231996536
4800,0.3669956624507904,0.17489658296108246,0.019843146204948425,0.007484471425414085,-0.007644747383892536,5.592930756392889e-05,-0.032449424266815186,-0.02378022111952305,0.07861883193254471,0.08138342201709747
4820,0.367277055978775,0.17505992949008942,0.019940169528126717,0.0074498699977993965,-0.007703927345573902,3.9478924009017646e-05,-0.032549791038036346,-0.023822173476219177,0.08304668962955475,0.08270643651485443
4840,0.3676190972328186,0.1754201501607895,0.020063746720552444,0.007418920751661062,-0.007737959269434214,4.452138455235399e-05,-0.03264206647872925,-0.02387239970266819,0.07619615644216537,0.07806465029716492
4860,0.3679007291793823,0.17568688094615936,0.020126985386013985,0.007380614522844553,-0.0077948495745658875,3.894376277457923e-05,-0.03272861987352371,-0.023903775960206985,0.07810791581869125,0.08473198860883713
4880,0.368296355009079,0.17595823109149933,0.020202483981847763,0.007318459916859865,-0.007841500453650951,1.8469365386408754e-05,-0.03282744437456131,-0.023937508463859558,0.07771672308444977,0.08030469715595245
4900,0.36854317784309387,0.17614957690238953,0.020406054332852364,0.007308073341846466,-0.007880094461143017,6.4755281528050546e-06,-0.03289935365319252,-0.02397848665714264,0.07669050991535187,0.0826897844672203
4920,0.3688875734806061,0.17641602456569672,0.020541364327073097,0.007277071010321379,-0.007914024405181408,7.930177162052132e-06,-0.03299122303724289,-0.024021659046411514,0.07926440984010696,0.08477205038070679
4940,0.369278222322464,0.17653624713420868,0.020688936114311218,0.007285945117473602,-0.007975509390234947,5.1131232794432435e-06,-0.033069029450416565,-0.024058442562818527,0.07984056323766708,0.07822896540164948
4960,0.36948132514953613,0.17682796716690063,0.02083844505250454,0.007249554619193077,-0.008037125691771507,1.3217837704360136e-06,-0.03314628079533577,-0.024105334654450417,0.0761025920510292,0.08322466164827347
4980,0.369745135307312,0.17704202234745026,0.020995790138840675,0.007234115153551102,-0.00809022132307291,-2.2177837308845483e-05,-0.03323042765259743,-0.02412848174571991,0.0757579505443573,0.0796867311000824
5000,0.37003663182258606,0.1772402822971344,0.021073563024401665,0.007201316766440868,-0.008128542453050613,-4.2627081711543724e-05,-0.03332463279366493,-0.02416805550456047,0.07774078845977783,0.07828378677368164
5020,0.3700602352619171,0.1775374561548233,0.021208301186561584,0.007139530032873154,-0.0081713255494833,-5.656129724229686e-05,-0.03341237083077431,-0.024230632930994034,0.07806771993637085,0.08434482663869858
5040,0.3704448938369751,0.17787007987499237,0.021308645606040955,0.007149283308535814,-0.008191196247935295,-6.551067053806037e-05,-0.03348212316632271,-0.02427728846669197,0.07843561470508575,0.0801081508398056
5060,0.3708341419696808,0.17811086773872375,0.021399736404418945,0.00709181372076273,-0.008219590410590172,-8.025269926292822e-05,-0.033564791083335876,-0.02431669272482395,0.07911903411149979,0.08205987513065338
5080,0.37106770277023315,0.17833870649337769,0.021633369848132133,0.007091262377798557,-0.00821728352457285,-9.062469325726852e-05,-0.03365214541554451,-0.024348266422748566,0.08116669207811356,0.08081351965665817
5100,0.37138065695762634,0.1785411536693573,0.021763479337096214,0.007043937686830759,-0.008242939598858356,-0.00010787125211209059,-0.033737339079380035,-0.024399643763899803,0.07544715702533722,0.07874783873558044
5120,0.37167108058929443,0.17881745100021362,0.021891411393880844,0.007005712017416954,-0.008288211189210415,-0.00011302313214400783,-0.03382965177297592,-0.024451417848467827,0.0796012133359909,0.07980620861053467
5140,0.3719410002231598,0.17907199263572693,0.02201099880039692,0.006985749118030071,-0.008320627734065056,-0.00010954705794574693,-0.03392583876848221,-0.02450362779200077,0.07743079960346222,0.08118358254432678
5160,0.3723640441894531,0.17937606573104858,0.02216094173491001,0.006956903263926506,-0.008329303003847599,-0.00012793052883353084,-0.03401149809360504,-0.02456236071884632,0.08071092516183853,0.08623027056455612
5180,0.37288448214530945,0.17975786328315735,0.02227143384516239,0.0069338008761405945,-0.008333463221788406,-0.00013707343896385282,-0.034086912870407104,-0.024600252509117126,0.07612434774637222,0.08251127600669861
5200,0.37315768003463745,0.18001967668533325,0.02238350920379162,0.006892580073326826,-0.008371300995349884,-0.00015643311780877411,-0.03418171405792236,-0.024653121829032898,0.0812065601348877,0.07831388711929321
5220,0.37321144342422485,0.18014566600322723,0.02254623733460903,0.006852379068732262,-0.00840704794973135,-0.00016784384206403047,-0.03426459804177284,-0.024709973484277725,0.07835771888494492,0.07791510224342346
5240,0.3735239505767822,0.18040956556797028,0.022674433887004852,0.006781015545129776,-0.008412504568696022,-0.0001822585181798786,-0.034354083240032196,-0.024767229333519936,0.08007097244262695,0.08131676912307739
5260,0.37374448776245117,0.18058672547340393,0.02276623249053955,0.006731253117322922,-0.008459685370326042,-0.00020664779003709555,-0.03444179892539978,-0.024806324392557144,0.07672598958015442,0.07753077149391174
5280,0.373919814825058,0.18082593381404877,0.022880462929606438,0.006670129019767046,-0.00853006448596716,-0.00020608982595149428,-0.034550368785858154,-0.02485666424036026,0.08060247451066971,0.07992790639400482
5300,0.3741319477558136,0.1810738891363144,0.023009857162833214,0.006645569112151861,-0.008560135960578918,-0.00021525612100958824,-0.03462227061390877,-0.024910317733883858,0.07703253626823425,0.0782960057258606
5320,0.3741667866706848,0.1813322752714157,0.023131173104047775,0.006575979758054018,-0.008602084591984749,-0.00023059480008669198,-0.034696392714977264,-0.02496105618774891,0.07566609233617783,0.07872669398784637
5340,0.37433359026908875,0.1816304475069046,0.02328411675989628,0.006564675364643335,-0.008646470494568348,-0.00023217350826598704,-0.0347643606364727,-0.024991026148200035,0.07543504983186722,0.07864776253700256
5360,0.37460172176361084,0.1819179654121399,0.023421183228492737,0.00651363143697381,-0.008697491139173508,-0.0002253037237096578,-0.0348614901304245,-0.025031881406903267,0.07972650229930878,0.0772322341799736
5380,0.3749006390571594,0.18212398886680603,0.0235590860247612,0.006465806160122156,-0.008733319118618965,-0.00024676352040842175,-0.03495969623327255,-0.02507166564464569,0.07612985372543335,0.08176017552614212
5400,0.37534454464912415,0.1823459267616272,0.023675590753555298,0.006445071194320917,-0.008781595155596733,-0.00024744216352701187,-0.03504747152328491,-0.02512476220726967,0.07754863053560257,0.08163817226886749
5420,0.3756084442138672,0.18264484405517578,0.02379164658486843,0.006442186422646046,-0.008816245943307877,-0.00023791614512447268,-0.03513116389513016,-0.02515348419547081,0.07592939585447311,0.077320896089077
5440,0.3757575452327728,0.18284237384796143,0.023931104689836502,0.006437341216951609,-0.008866755291819572,-0.00023659148428123444,-0.03522508963942528,-0.025179844349622726,0.07630498707294464,0.07860395312309265
5460,0.3760596215724945,0.1830252707004547,0.02406870573759079,0.0063824704848229885,-0.008898523636162281,-0.0002605283516459167,-0.03533079847693443,-0.0252086091786623,0.07421552389860153,0.0776742547750473
5480,0.37619587779045105,0.18321028351783752,0.02420128881931305,0.006380585953593254,-0.008917395956814289,-0.00025634808116592467,-0.03540268540382385,-0.025246087461709976,0.0745253935456276,0.07690974324941635
5500,0.37625250220298767,0.18344362080097198,0.024336451664566994,0.006367949303239584,-0.008958070538938046,-0.00026113237254321575,-0.035468876361846924,-0.025283250957727432,0.07671723514795303,0.07610800117254257
5520,0.37634286284446716,0.1836448609828949,0.024434851482510567,0.006337344646453857,-0.009024033322930336,-0.00026577350217849016,-0.035535912960767746,-0.025314290076494217,0.077451691031456,0.07646244019269943
5540,0.3766320049762726,0.18390566110610962,0.02455812692642212,0.006299416534602642,-0.009077970869839191,-0.00027769122971221805,-0.03560920059680939,-0.025346586480736732,0.07442453503608704,0.07920873910188675
5560,0.3768409788608551,0.18415243923664093,0.02470613270998001,0.006229392718523741,-0.009122713468968868,-0.00028400676092132926,-0.03570336103439331,-0.025376087054610252,0.07348766922950745,0.07715901732444763
5580,0.3771606981754303,0.1844300776720047,0.02485465258359909,0.006187794264405966,-0.009160946123301983,-0.0002932949864771217,-0.03578773885965347,-0.02541958913207054,0.07323729991912842,0.07902924716472626
5600,0.3774764835834503,0.18459591269493103,0.02505602315068245,0.006187006365507841,-0.009202370420098305,-0.00030639820033684373,-0.03588048741221428,-0.025450948625802994,0.07678823918104172,0.07573892176151276
5620,0.37780478596687317,0.18480980396270752,0.025202367454767227,0.006110277492552996,-0.009244853630661964,-0.0003193741722498089,-0.03594835475087166,-0.02550055831670761,0.07712157070636749,0.0760451927781105
5640,0.37809622287750244,0.18494541943073273,0.025346601381897926,0.006082039326429367,-0.00926341861486435,-0.00031284717260859907,-0.03602919355034828,-0.025540819391608238,0.0738971009850502,0.07741878926753998
5660,0.37828460335731506,0.1850889027118683,0.025460273027420044,0.006054166704416275,-0.009276480413973331,-0.00032258772989735007,-0.03612247854471207,-0.025576381012797356,0.07437938451766968,0.07636440545320511
5680,0.37846213579177856,0.18533606827259064,0.02558128722012043,0.0059888833202421665,-0.009347978048026562,-0.00032738447771407664,-0.036226216703653336,-0.025647331029176712,0.07670087367296219,0.07832785695791245
5700,0.378725528717041,0.1855500191450119,0.02572195790708065,0.00596868060529232,-0.00936895702034235,-0.00033080900902859867,-0.036322273313999176,-0.025696687400341034,0.07799652218818665,0.07731509953737259
5720,0.3790070116519928,0.1857522428035736,0.02583581954240799,0.005984990391880274,-0.009411820210516453,-0.00032097683288156986,-0.03638966381549835,-0.025738343596458435,0.07262187451124191,0.07512442767620087
5740,0.3792404234409332,0.18596909940242767,0.02587549202144146,0.0059191565960645676,-0.009434106759727001,-0.00033730739960446954,-0.0364522859454155,-0.025769928470253944,0.0752667784690857,0.07646862417459488
5760,0.3794209361076355,0.18618325889110565,0.0259932242333889,0.005827926564961672,-0.009500800631940365,-0.0003465055488049984,-0.03652365505695343,-0.02579614147543907,0.07845761626958847,0.0765070766210556
5780,0.3795870542526245,0.1863873153924942,0.02613406628370285,0.005769917741417885,-0.009541883133351803,-0.0003610727144405246,-0.036573201417922974,-0.0258315596729517,0.07241122424602509,0.07675564289093018
5800,0.37966883182525635,0.18656520545482635,0.026246551424264908,0.005723721347749233,-0.009585666470229626,-0.00037566633545793593,-0.03664272651076317,-0.025888923555612564,0.07534555345773697,0.0796583741903305
5820,0.37989479303359985,0.1867467314004898,0.02634187787771225,0.005636557936668396,-0.009625834412872791,-0.0003869869979098439,-0.03672504425048828,-0.025936482474207878,0.08065970242023468,0.07824727892875671
5840,0.3801032602787018,0.18700982630252838,0.02650827169418335,0.00567265460267663,-0.009685746394097805,-0.00038702317397110164,-0.0368182547390461,-0.025988973677158356,0.07241765409708023,0.07714923471212387
5860,0.38038209080696106,0.18717360496520996,0.026646148413419724,0.0056475126184523106,-0.009728614240884781,-0.00038061608211137354,-0.03691207244992256,-0.026025060564279556,0.07430754601955414,0.07598111033439636
5880,0.38050100207328796,0.1874290406703949,0.02682800590991974,0.005627949256449938,-0.009765184484422207,-0.0003890726075042039,-0.037002887576818466,-0.026056436821818352,0.07502438873052597,0.07909964770078659
5900,0.3807367980480194,0.18770432472229004,0.026953112334012985,0.005535070784389973,-0.009819966740906239,-0.00041461005457676947,-0.03709500655531883,-0.02609388902783394,0.07898690551519394,0.07704542577266693
5920,0.3810172975063324,0.1878029853105545,0.02714228257536888,0.005500298459082842,-0.009861870668828487,-0.000442819349700585,-0.03715653344988823,-0.026124905794858932,0.07653097808361053,0.07556166499853134
5940,0.38109901547431946,0.18795454502105713,0.02724623866379261,0.0054642935283482075,-0.009915752336382866,-0.00045319212949834764,-0.03723089024424553,-0.026166638359427452,0.07139749825000763,0.07664046436548233
5960,0.3812353014945984,0.18813595175743103,0.027426721528172493,0.005409157834947109,-0.009977137669920921,-0.00045838570804335177,-0.03731980174779892,-0.026202870532870293,0.07450669258832932,0.07496456801891327
5980,0.38139238953590393,0.1881672441959381,0.02748139575123787,0.005313567817211151,-0.010022669099271297,-0.00047654678928665817,-0.0374053455889225,-0.02624167874455452,0.07429291307926178,0.0762983039021492
6000,0.3815345764160156,0.18829041719436646,0.02757236175239086,0.0052455090917646885,-0.010059220716357231,-0.0004803921328857541,-0.03749541565775871,-0.02629176713526249,0.07567328214645386,0.0768006220459938
6020,0.3816990852355957,0.18845942616462708,0.027670662850141525,0.005197350401431322,-0.010101443156599998,-0.00048579019494354725,-0.03758161514997482,-0.026345733553171158,0.07381146401166916,0.07473330944776535
6040,0.38190707564353943,0.1884983479976654,0.027843879535794258,0.005146836396306753,-0.010162955150008202,-0.0004997812211513519,-0.037666380405426025,-0.026401808485388756,0.07391297072172165,0.07905872911214828
6060,0.382195383310318,0.18881291151046753,0.028011757880449295,0.005094714462757111,-0.010223102755844593,-0.0005039165844209492,-0.0377713106572628,-0.02644556574523449,0.07504512369632721,0.07922440767288208
6080,0.3825872242450714,0.1890854835510254,0.02813119627535343,0.005013179499655962,-0.010243792086839676,-0.0005162042798474431,-0.037854038178920746,-0.026479721069335938,0.07627426087856293,0.07911771535873413
6100,0.382840633392334,0.18928664922714233,0.028267623856663704,0.00499271834269166,-0.010314584709703922,-0.0005061072297394276,-0.03792152181267738,-0.02652008645236492,0.07340460270643234,0.07664165645837784
6120,0.38300809264183044,0.18953776359558105,0.028461793437600136,0.004994422663003206,-0.010352734476327896,-0.0005138275446370244,-0.03801416605710983,-0.026555053889751434,0.07522395253181458,0.07600994408130646
6140,0.38317394256591797,0.1896875649690628,0.028589844703674316,0.0049444339238107204,-0.010384363122284412,-0.0005079456022940576,-0.03810122609138489,-0.026597971096634865,0.07169090956449509,0.08013113588094711
6160,0.3833744525909424,0.18993596732616425,0.028682582080364227,0.004915591794997454,-0.010438117198646069,-0.0005117185646668077,-0.038168299943208694,-0.026642905548214912,0.07409291714429855,0.0743810385465622
6180,0.3834918737411499,0.19015154242515564,0.02884872816503048,0.004864465910941362,-0.010445527732372284,-0.0005186750204302371,-0.038250721991062164,-0.02669096365571022,0.07564939558506012,0.07604007422924042
6200,0.38367408514022827,0.19033537805080414,0.029015054926276207,0.004822918213903904,-0.010452511720359325,-0.0005324030062183738,-0.038307998329401016,-0.026735765859484673,0.0781363844871521,0.07416313886642456
6220,0.38374847173690796,0.19054993987083435,0.029176384210586548,0.0048150052316486835,-0.010505656711757183,-0.0005526478053070605,-0.03837394714355469,-0.026768755167722702,0.07548742741346359,0.07672710716724396
6240,0.3840092718601227,0.1906985640525818,0.029309269040822983,0.004763124044984579,-0.01055724173784256,-0.0005702022463083267,-0.03844209387898445,-0.026801053434610367,0.07454588264226913,0.0750603899359703
6260,0.384071946144104,0.19089537858963013,0.029447443783283234,0.004705536179244518,-0.010592986829578876,-0.0005930410698056221,-0.03850221261382103,-0.026856383308768272,0.07271179556846619,0.08115889877080917
6280,0.38429972529411316,0.19114640355110168,0.02957780286669731,0.004619988612830639,-0.010652812197804451,-0.0006191684515215456,-0.038581788539886475,-0.026887893676757812,0.07174777239561081,0.07884518802165985
6300,0.38436397910118103,0.19125886261463165,0.029698720201849937,0.004577760584652424,-0.01070321723818779,-0.0006310545722953975,-0.03865541145205498,-0.026911713182926178,0.07460039854049683,0.0745309442281723
6320,0.3844471871852875,0.1914915144443512,0.02985864132642746,0.004523243755102158,-0.010736755095422268,-0.0006487410282716155,-0.038745079189538956,-0.02694118022918701,0.07348059117794037,0.07448675483465195
6340,0.3846048414707184,0.19163073599338531,0.029971450567245483,0.0044202664867043495,-0.010785159654915333,-0.0006490771775133908,-0.03884163498878479,-0.026974182575941086,0.07500952482223511,0.07402051985263824
6360,0.384845107793808,0.1918082982301712,0.030128493905067444,0.004348398186266422,-0.010832102969288826,-0.0006663409876637161,-0.03890899196267128,-0.027016760781407356,0.07302136719226837,0.07977966964244843
6380,0.38501107692718506,0.19200032949447632,0.030275769531726837,0.004351437091827393,-0.010914303362369537,-0.0006883272435516119,-0.03897770866751671,-0.02706756442785263,0.07376161217689514,0.07727835327386856
6400,0.38517117500305176,0.19216112792491913,0.03041866235435009,0.004302284214645624,-0.010944017209112644,-0.0007074342574924231,-0.03903859481215477,-0.027097616344690323,0.07552190124988556,0.07675843685865402
6420,0.38531720638275146,0.19236499071121216,0.03054722398519516,0.004288899712264538,-0.01100935973227024,-0.0007183346897363663,-0.039100416004657745,-0.027130398899316788,0.07151472568511963,0.07659352570772171
6440,0.3855200707912445,0.19249597191810608,0.030668508261442184,0.004237499553710222,-0.011066761799156666,-0.0007065727259032428,-0.03917350992560387,-0.027169400826096535,0.07395914942026138,0.07618533819913864
6460,0.38564446568489075,0.19267410039901733,0.03073541261255741,0.004195862449705601,-0.01111987978219986,-0.0007167730946093798,-0.039258845150470734,-0.027206985279917717,0.07474318146705627,0.07360491901636124
6480,0.38574448227882385,0.1929015815258026,0.030873725190758705,0.0041195061057806015,-0.011163776740431786,-0.000718805764336139,-0.03934507444500923,-0.027241619303822517,0.07381804287433624,0.07407774776220322
6500,0.38573673367500305,0.19304262101650238,0.030997121706604958,0.004070833325386047,-0.011228921823203564,-0.0007211437914520502,-0.03942694887518883,-0.02729356847703457,0.07232524454593658,0.07417121529579163
6520,0.3859817683696747,0.1932460069656372,0.03111230954527855,0.003978970926254988,-0.011257247067987919,-0.0007459660992026329,-0.03950120881199837,-0.027338750660419464,0.07732070982456207,0.07398061454296112
6540,0.38633111119270325,0.19338761270046234,0.031266022473573685,0.003960855770856142,-0.011310725472867489,-0.0007745656184852123,-0.039558395743370056,-0.02737656608223915,0.07128789275884628,0.07600031793117523
6560,0.3864075243473053,0.19348672032356262,0.031424473971128464,0.003926198463886976,-0.011375929228961468,-0.0007853732095099986,-0.039625175297260284,-0.027400294318795204,0.07308974862098694,0.07532287389039993
6580,0.38655325770378113,0.19367457926273346,0.031480204313993454,0.003842307720333338,-0.011455032043159008,-0.0007833587587811053,-0.03970612585544586,-0.027436956763267517,0.07357189059257507,0.07590945810079575
6600,0.38671547174453735,0.1938895583152771,0.03158394247293472,0.0037566605024039745,-0.011514900252223015,-0.0007955572800710797,-0.03979017585515976,-0.027464907616376877,0.07708718627691269,0.07715769112110138
6620,0.3868888318538666,0.19407445192337036,0.03172188624739647,0.003658495144918561,-0.01155110914260149,-0.0007854597643017769,-0.0398687869310379,-0.02750343456864357,0.07332909107208252,0.07757341116666794
6640,0.3869418203830719,0.19417503476142883,0.03179594874382019,0.003621251555159688,-0.011595763266086578,-0.000793809478636831,-0.03994450718164444,-0.027558617293834686,0.07442408800125122,0.0739637017250061
6660,0.38713338971138,0.19448097050189972,0.03196458891034126,0.0035448591224849224,-0.011659068986773491,-0.0008108469774015248,-0.04004089534282684,-0.027599211782217026,0.07211712747812271,0.07804490625858307
6680,0.3873332142829895,0.19468367099761963,0.03206128999590874,0.0035072530154138803,-0.011738556437194347,-0.0008397655328735709,-0.04011797904968262,-0.02762971632182598,0.07127624750137329,0.07385812699794769
6700,0.38737165927886963,0.19490623474121094,0.03218045458197594,0.0034651565365493298,-0.011790868826210499,-0.000846804236061871,-0.040156763046979904,-0.027664927765727043,0.0720621645450592,0.07449705898761749
6720,0.38742902874946594,0.19496046006679535,0.032249655574560165,0.0033903017174452543,-0.011837816797196865,-0.0008457314106635749,-0.040247611701488495,-0.027712354436516762,0.07214758545160294,0.0730283260345459
6740,0.3875156044960022,0.1950773298740387,0.03235388919711113,0.003309131832793355,-0.011904105544090271,-0.0008457672083750367,-0.040331240743398666,-0.027752822265028954,0.07245627045631409,0.07966093719005585
6760,0.38782036304473877,0.19527818262577057,0.032499317079782486,0.0032449858263134956,-0.01192801259458065,-0.0008393510361202061,-0.04039609804749489,-0.027787145227193832,0.07282150536775589,0.07358068972826004
6780,0.38787925243377686,0.19556456804275513,0.032588861882686615,0.003145033260807395,-0.011975797824561596,-0.0008612399687990546,-0.040456127375364304,-0.02782195247709751,0.07254515588283539,0.07439658790826797
6800,0.3881535232067108,0.1956983059644699,0.032773762941360474,0.003106258111074567,-0.01200556568801403,-0.0008619301952421665,-0.0405246801674366,-0.027849385514855385,0.07295599579811096,0.07225342094898224
6820,0.38837435841560364,0.1958867609500885,0.032885801047086716,0.0030746187549084425,-0.012034115381538868,-0.0008725178777240217,-0.040598634630441666,-0.02788565307855606,0.07491230964660645,0.07328716665506363
6840,0.3884008824825287,0.19606560468673706,0.03306199982762337,0.003044305369257927,-0.012080308981239796,-0.0008696417207829654,-0.04067051038146019,-0.027924785390496254,0.07312877476215363,0.07595362514257431
6860,0.3884754776954651,0.19619698822498322,0.0331626795232296,0.002948313020169735,-0.012136965058743954,-0.0009033085079863667,-0.040760479867458344,-0.027979664504528046,0.07284124940633774,0.0743628591299057
6880,0.38865217566490173,0.19629372656345367,0.033248286694288254,0.0028928108513355255,-0.012196710333228111,-0.0009215723257511854,-0.04082734137773514,-0.028027132153511047,0.07411593943834305,0.07358714938163757
6900,0.38865184783935547,0.1964164674282074,0.033309273421764374,0.0028080083429813385,-0.012249168939888477,-0.00092466757632792,-0.040899332612752914,-0.028065014630556107,0.07143682986497879,0.07227591425180435
6920,0.38859450817108154,0.19653424620628357,0.03337815776467323,0.0027067142073065042,-0.01228446327149868,-0.0009416180546395481,-0.04097030684351921,-0.028106044977903366,0.07428563386201859,0.07188383489847183
6940,0.3885681629180908,0.19662289321422577,0.033487603068351746,0.0026408149860799313,-0.0123504139482975,-0.0009683026000857353,-0.04104281961917877,-0.02812809683382511,0.07089251279830933,0.07533926516771317
6960,0.38878944516181946,0.19679021835327148,0.03363454341888428,0.002573444740846753,-0.012407239526510239,-0.0009874964598566294,-0.041148070245981216,-0.028151825070381165,0.07349295169115067,0.0738944336771965
6980,0.3888927400112152,0.19693388044834137,0.03376348689198494,0.0025259258691221476,-0.012460307218134403,-0.0009947344660758972,-0.041228774935007095,-0.028187209740281105,0.07353372871875763,0.07334047555923462
7000,0.3891586661338806,0.19713915884494781,0.0339026115834713,0.002461947500705719,-0.012490756809711456,-0.001005793921649456,-0.041309140622615814,-0.028240866959095,0.0728999525308609,0.08501572906970978
7020,0.3894345164299011,0.19740822911262512,0.034067604690790176,0.0024337340146303177,-0.012499416247010231,-0.0010088924318552017,-0.041379377245903015,-0.02828109636902809,0.07377330213785172,0.07295575737953186
7040,0.38973575830459595,0.1976376473903656,0.0341721810400486,0.0023988315369933844,-0.012516806833446026,-0.000991164706647396,-0.0414440855383873,-0.028316576033830643,0.07332868874073029,0.07239890843629837
7060,0.3897416889667511,0.19774384796619415,0.03428827226161957,0.0024161189794540405,-0.012550628744065762,-0.0009739154484122992,-0.04149606451392174,-0.028355581685900688,0.0804554671049118,0.08451903611421585
7080,0.3899841606616974,0.19800081849098206,0.03441731259226799,0.0024156863801181316,-0.01257807295769453,-0.0009925739141181111,-0.041573453694581985,-0.028384370729327202,0.0730106458067894,0.07591886818408966
7100,0.3899887502193451,0.19813881814479828,0.03450343757867813,0.0023825298994779587,-0.012637915089726448,-0.0009949983796104789,-0.04165108874440193,-0.02839760109782219,0.07101057469844818,0.07463883608579636
7120,0.3901078402996063,0.19831860065460205,0.03462158888578415,0.0023315763100981712,-0.012696390971541405,-0.0010090733412653208,-0.04174407944083214,-0.028445107862353325,0.07189253717660904,0.07426271587610245
7140,0.3901384472846985,0.1983782798051834,0.03471691161394119,0.002295357408002019,-0.01276847068220377,-0.0010191109031438828,-0.041831616312265396,-0.028478683903813362,0.06949766725301743,0.07337962090969086
7160,0.39020344614982605,0.1986083984375,0.034875400364398956,0.0022341571748256683,-0.012837649323046207,-0.001031573279760778,-0.04191211983561516,-0.02851618081331253,0.07100068777799606,0.07454461604356766
7180,0.39026904106140137,0.198786661028862,0.03499337658286095,0.0021470002830028534,-0.012890854850411415,-0.0010404102504253387,-0.04199298843741417,-0.028545739129185677,0.07213114202022552,0.07197451591491699
7200,0.3904251158237457,0.19889765977859497,0.035070158541202545,0.00203493470326066,-0.012940829619765282,-0.001051877741701901,-0.04205915704369545,-0.028572844341397285,0.07126773148775101,0.07226061820983887
7220,0.3904806673526764,0.19906805455684662,0.035264141857624054,0.002017290098592639,-0.013002592138946056,-0.001076255226507783,-0.04212033748626709,-0.02860412560403347,0.0705612450838089,0.07327856123447418
7240,0.3904959261417389,0.19916345179080963,0.03535263612866402,0.0019820339512079954,-0.013048648834228516,-0.001091165468096733,-0.042207982391119,-0.0286464374512434,0.07185198366641998,0.07397429645061493
7260,0.3907148241996765,0.1992984116077423,0.035442668944597244,0.0019029946997761726,-0.013098230585455894,-0.0011287136003375053,-0.04229306802153587,-0.02870333008468151,0.07361766695976257,0.07439576089382172
7280,0.39075183868408203,0.19950611889362335,0.035611849278211594,0.0018776878714561462,-0.013131845742464066,-0.001123472349718213,-0.04237053543329239,-0.028736697509884834,0.07285083830356598,0.07337480783462524
7300,0.39089617133140564,0.1995697170495987,0.03570060059428215,0.0018361229449510574,-0.013169806450605392,-0.001124086556956172,-0.042426686733961105,-0.02877388708293438,0.06926310807466507,0.07334024459123611
7320,0.39115098118782043,0.19977517426013947,0.035745441913604736,0.0018247792031615973,-0.013219697400927544,-0.0011232078541070223,-0.04250754415988922,-0.028815682977437973,0.07212504744529724,0.07397043704986572
7340,0.39120006561279297,0.19995205104351044,0.03591959923505783,0.0017908521695062518,-0.013261325657367706,-0.0011512254131957889,-0.04257320612668991,-0.028856975957751274,0.07187729328870773,0.07302644848823547
7360,0.3913319408893585,0.20011359453201294,0.03604971617460251,0.0017774681327864528,-0.01328872237354517,-0.0011700220638886094,-0.04262568801641464,-0.02889353223145008,0.07269955426454544,0.07251197844743729
7380,0.3915256857872009,0.2002897709608078,0.03614175319671631,0.001704259542748332,-0.013324025087058544,-0.001168294227682054,-0.04267598316073418,-0.02894323691725731,0.07284191995859146,0.07809063792228699
7400,0.3916707932949066,0.20047220587730408,0.036257464438676834,0.001699252286925912,-0.01337742805480957,-0.0011892744805663824,-0.042747534811496735,-0.02898150123655796,0.07015786319971085,0.07510010898113251
7420,0.3917680084705353,0.20055079460144043,0.03633977845311165,0.0015995769063010812,-0.01339806616306305,-0.0012247452978044748,-0.042820435017347336,-0.02903744764626026,0.07090457528829575,0.07256705313920975
7440,0.39177754521369934,0.20073755085468292,0.036459628492593765,0.0014915389474481344,-0.013444317504763603,-0.0012387260794639587,-0.042887404561042786,-0.02907607890665531,0.07445952296257019,0.07107590138912201
7460,0.39176297187805176,0.20080816745758057,0.03654205799102783,0.0014039358356967568,-0.01347785722464323,-0.0012580370530486107,-0.04296724498271942,-0.02910771779716015,0.06603876501321793,0.07448254525661469
7480,0.39176249504089355,0.2008928656578064,0.036606062203645706,0.001269878470338881,-0.013543992303311825,-0.001272721798159182,-0.04302860051393509,-0.02913886308670044,0.07492846250534058,0.0721517950296402
7500,0.391907274723053,0.2010905146598816,0.03671957179903984,0.0011571735376492143,-0.013619732111692429,-0.0012922838795930147,-0.0431123785674572,-0.029177488759160042,0.07080885767936707,0.07514778524637222
7520,0.3920707106590271,0.20127323269844055,0.036762986332178116,0.0011067016748711467,-0.013674902729690075,-0.0013146204873919487,-0.04318363592028618,-0.029221968725323677,0.07085434347391129,0.0727304145693779
7540,0.39215582609176636,0.2013031542301178,0.03688846156001091,0.0010733449598774314,-0.01373986154794693,-0.0013216950464993715,-0.04325699061155319,-0.029263988137245178,0.06830188632011414,0.07176024466753006
7560,0.39235806465148926,0.20145651698112488,0.03702501952648163,0.0010262849973514676,-0.013778133317828178,-0.0013351975940167904,-0.04332001507282257,-0.02930448018014431,0.07428048551082611,0.07916390895843506
7580,0.3924752473831177,0.2016134113073349,0.037101805210113525,0.000990692526102066,-0.013793107122182846,-0.0013478295877575874,-0.04338064789772034,-0.02933785505592823,0.0725773498415947,0.07575073093175888
7600,0.3926331400871277,0.20181651413440704,0.03714387118816376,0.000894632306881249,-0.013814740814268589,-0.0013573976466432214,-0.04345642030239105,-0.029392890632152557,0.070062555372715,0.07301300764083862
7620,0.3927721679210663,0.20190075039863586,0.037256233394145966,0.000874456309247762,-0.013844436034560204,-0.001357722096145153,-0.04354192689061165,-0.029415851458907127,0.06887084990739822,0.07162445038557053
7640,0.39295387268066406,0.20207680761814117,0.0373658649623394,0.0008512424537912011,-0.013901790603995323,-0.0013478156179189682,-0.04361956566572189,-0.029435494914650917,0.06889543682336807,0.07672623544931412
7660,0.3929191827774048,0.2021532952785492,0.037469252943992615,0.0007826700457371771,-0.013993446715176105,-0.0013444552896544337,-0.04367116838693619,-0.029454126954078674,0.07147417217493057,0.07189331203699112
7680,0.3930235803127289,0.20225568115711212,0.03754656761884689,0.0007559304358437657,-0.014050524681806564,-0.001349812839180231,-0.04373490437865257,-0.029513664543628693,0.0713529884815216,0.07182291150093079
7700,0.3931918442249298,0.20238670706748962,0.037637803703546524,0.0006137394811958075,-0.014117006212472916,-0.0013649186585098505,-0.04380098730325699,-0.029563501477241516,0.06984323263168335,0.07445298880338669
7720,0.3932889401912689,0.20255932211875916,0.037758685648441315,0.0005588048370555043,-0.014162471517920494,-0.0013749704230576754,-0.043874625116586685,-0.029598228633403778,0.07093193382024765,0.07339403033256531
7740,0.39351314306259155,0.2027653008699417,0.03788851574063301,0.00045986881013959646,-0.014195884577929974,-0.0013839445309713483,-0.043969135731458664,-0.029659345746040344,0.07121600955724716,0.07181338220834732
7760,0.3934653401374817,0.2028830349445343,0.0380132719874382,0.0004030875279568136,-0.014243340119719505,-0.0014242938486859202,-0.0440569631755352,-0.02972145937383175,0.07063854485750198,0.07076338678598404
7780,0.3935577869415283,0.20304562151432037,0.038052573800086975,0.00031010378734208643,-0.014298942871391773,-0.0014407772105187178,-0.044157952070236206,-0.02977376990020275,0.07104405015707016,0.07402870059013367
7800,0.39376410841941833,0.20312519371509552,0.03822433203458786,0.000323961692629382,-0.014333592727780342,-0.0014615902910009027,-0.04421631619334221,-0.0298103429377079,0.06982428580522537,0.07268185168504715
7820,0.3936917781829834,0.20335763692855835,0.038357604295015335,0.00027815980138257146,-0.014393707737326622,-0.0014725520741194487,-0.04429259151220322,-0.02985161729156971,0.06931595504283905,0.07136528193950653
7840,0.3935881555080414,0.20345672965049744,0.03843735158443451,0.00020024397235829383,-0.014442723244428635,-0.0014895345084369183,-0.044347312301397324,-0.0298943929374218,0.0710209384560585,0.07803361862897873
7860,0.3935929238796234,0.20357760787010193,0.03856601193547249,0.00011823102249763906,-0.014460006728768349,-0.0015016739489510655,-0.04442752152681351,-0.029926307499408722,0.07020818442106247,0.07122854143381119
7880,0.3938325047492981,0.2036862075328827,0.038652628660202026,4.2464427679078653e-05,-0.014493902213871479,-0.0015255702892318368,-0.04450145363807678,-0.02996600605547428,0.07029475271701813,0.07274182885885239
7900,0.3939383924007416,0.2038455307483673,0.03882506862282753,-2.809892794175539e-05,-0.014525793492794037,-0.0015600587939843535,-0.04455946385860443,-0.030013393610715866,0.07090101391077042,0.07227273285388947
7920,0.3938431441783905,0.20399418473243713,0.03896511718630791,-0.00010366710921516642,-0.01459361519664526,-0.0015633150469511747,-0.044622860848903656,-0.030055200681090355,0.0698648989200592,0.07139624655246735
7940,0.393859326839447,0.20409250259399414,0.03904968127608299,-0.00013125775149092078,-0.014633314684033394,-0.0015612096758559346,-0.04470502957701683,-0.030105898156762123,0.06701011955738068,0.07296952605247498
7960,0.3937629163265228,0.20415902137756348,0.03909715637564659,-0.00022254433133639395,-0.014704511500895023,-0.0015638035256415606,-0.04478856921195984,-0.030132217332720757,0.06909282505512238,0.07838542014360428
7980,0.3939134180545807,0.2043110579252243,0.03926338255405426,-0.0002946752938441932,-0.0147542804479599,-0.001564715406857431,-0.044859740883111954,-0.03016185387969017,0.07138070464134216,0.07033152878284454
8000,0.3941023647785187,0.20449523627758026,0.03932158648967743,-0.000359118334017694,-0.014792346395552158,-0.001568388775922358,-0.044930774718523026,-0.030185865238308907,0.0717669427394867,0.06973059475421906
8020,0.39415374398231506,0.2046603262424469,0.03946983441710472,-0.00039732540608383715,-0.01483867783099413,-0.0015982816694304347,-0.04500389099121094,-0.030205292627215385,0.07023163139820099,0.07218746095895767
8040,0.3942340314388275,0.20476773381233215,0.039553284645080566,-0.00046645529801025987,-0.014904533512890339,-0.0016191283939406276,-0.045077648013830185,-0.0302492156624794,0.06750670820474625,0.07361005246639252
8060,0.39409616589546204,0.20475786924362183,0.03967665508389473,-0.0005224500200711191,-0.014967243187129498,-0.001625803648494184,-0.04515455663204193,-0.030295105651021004,0.06800957024097443,0.07095028460025787
8080,0.39419975876808167,0.2049233466386795,0.03983760252594948,-0.0006128639215603471,-0.015004276297986507,-0.0016595777124166489,-0.04526195675134659,-0.030339650809764862,0.07685676962137222,0.07325901091098785
8100,0.3943021297454834,0.2050478756427765,0.04000575467944145,-0.0006757049122825265,-0.015046566724777222,-0.001681894646026194,-0.04533587768673897,-0.030368933454155922,0.06860954314470291,0.07133100926876068
8120,0.39434099197387695,0.20522341132164001,0.04013841971755028,-0.0006798785179853439,-0.015075922012329102,-0.0017093252390623093,-0.04541720449924469,-0.030400576069951057,0.06964070349931717,0.06998181343078613
8140,0.3944714367389679,0.20533224940299988,0.040264520794153214,-0.000750844250433147,-0.015134268440306187,-0.0017332793213427067,-0.045492712408304214,-0.030449606478214264,0.0754297524690628,0.07099732756614685
8160,0.39472702145576477,0.20549722015857697,0.040336236357688904,-0.0008100979030132294,-0.015169387683272362,-0.001741800457239151,-0.04556600749492645,-0.030495408922433853,0.06873975694179535,0.06933203339576721
8180,0.3949601948261261,0.20558097958564758,0.04047607257962227,-0.0008907901355996728,-0.0151783786714077,-0.0017402498051524162,-0.04563751071691513,-0.030534978955984116,0.07033377140760422,0.06999309360980988
8200,0.3949766755104065,0.20575791597366333,0.04056810587644577,-0.0009712768951430917,-0.01521805115044117,-0.0017498999368399382,-0.045694563537836075,-0.030573785305023193,0.06562469899654388,0.07138629257678986
8220,0.3950332999229431,0.20595814287662506,0.04066084325313568,-0.0010729036293923855,-0.015271673910319805,-0.001781454193405807,-0.04575512930750847,-0.030590709298849106,0.07139718532562256,0.07125748693943024
8240,0.395052969455719,0.2061263918876648,0.040769465267658234,-0.0011692768894135952,-0.015321988612413406,-0.0017914469353854656,-0.045824095606803894,-0.030627071857452393,0.06707346439361572,0.07024865597486496
8260,0.39502137899398804,0.2061966210603714,0.040817998349666595,-0.0012097536819055676,-0.015377250500023365,-0.0018319976516067982,-0.04589018225669861,-0.030668558552861214,0.06804463267326355,0.06912411004304886
8280,0.39498522877693176,0.2063329666852951,0.04087735339999199,-0.001249313703738153,-0.015423199161887169,-0.0018378962995484471,-0.04595932364463806,-0.030694464221596718,0.06834515929222107,0.07066557556390762
8300,0.3951319754123688,0.20652712881565094,0.041051365435123444,-0.001301406417042017,-0.015458354726433754,-0.0018649111734703183,-0.04603125527501106,-0.03070935048162937,0.0683913305401802,0.07063852250576019
8320,0.3951561152935028,0.20659896731376648,0.04110219329595566,-0.0013829364906996489,-0.01551530510187149,-0.001869657076895237,-0.0461091548204422,-0.030729854479432106,0.06888046860694885,0.06963153928518295
8340,0.3954963982105255,0.20672304928302765,0.04120953381061554,-0.0014586567413061857,-0.015575025230646133,-0.0018681464716792107,-0.04618171602487564,-0.03076120838522911,0.06890297681093216,0.07268278300762177
8360,0.3954385817050934,0.20670585334300995,0.041287023574113846,-0.0014531337656080723,-0.015652798116207123,-0.0018669277196750045,-0.04624948278069496,-0.03079121932387352,0.07205645740032196,0.07252699881792068
8380,0.39560213685035706,0.20687726140022278,0.04134299233555794,-0.001467956812120974,-0.015711963176727295,-0.0018677478656172752,-0.0463152676820755,-0.030815737321972847,0.066708505153656,0.06940490007400513
8400,0.39541858434677124,0.20687547326087952,0.04141582176089287,-0.0015151238767430186,-0.015780799090862274,-0.0018757639918476343,-0.04639765992760658,-0.030844921246170998,0.06975071132183075,0.07077422738075256
8420,0.3953276574611664,0.20702704787254333,0.0414857342839241,-0.0015673211310058832,-0.01585494540631771,-0.0018776017241179943,-0.046459097415208817,-0.030885333195328712,0.06914390623569489,0.06887562572956085
8440,0.39535102248191833,0.2071477472782135,0.04156022146344185,-0.0016344321193173528,-0.015912985429167747,-0.001884540426544845,-0.04652039706707001,-0.030926823616027832,0.06838411092758179,0.06979432702064514
8460,0.3955722749233246,0.20727767050266266,0.04170234501361847,-0.001719304476864636,-0.015969792380928993,-0.0019191616447642446,-0.04658486321568489,-0.030968056991696358,0.06924325972795486,0.07115687429904938
8480,0.3955710828304291,0.20734845101833344,0.041820574551820755,-0.0017310638213530183,-0.016020052134990692,-0.00191641750279814,-0.04666929692029953,-0.031002428382635117,0.06803537160158157,0.07764683663845062
8500,0.3957533538341522,0.20746731758117676,0.041897065937519073,-0.0017998818075284362,-0.016073618084192276,-0.0019352853996679187,-0.04673722758889198,-0.031048061326146126,0.07191195338964462,0.07338649779558182
8520,0.39606866240501404,0.20766893029212952,0.042020104825496674,-0.0018416771199554205,-0.01614866964519024,-0.001957391621544957,-0.04681571200489998,-0.0310776736587286,0.07313745468854904,0.07003423571586609
8540,0.39623579382896423,0.20788271725177765,0.04212844744324684,-0.001876840484328568,-0.0161932073533535,-0.001941372756846249,-0.046871814876794815,-0.03111037239432335,0.06714054942131042,0.07126298546791077
8560,0.396253377199173,0.20800866186618805,0.042220331728458405,-0.001905278186313808,-0.016236253082752228,-0.0019639069214463234,-0.04694526270031929,-0.031145533546805382,0.07029025256633759,0.06882695108652115
8580,0.3964943587779999,0.20815534889698029,0.04231422767043114,-0.0019447195809334517,-0.01630535162985325,-0.0019853077828884125,-0.047018103301525116,-0.031183427199721336,0.07473066449165344,0.06962990760803223
8600,0.39673084020614624,0.20825286209583282,0.04246221110224724,-0.0019879096653312445,-0.016312086954712868,-0.0019836844876408577,-0.047067802399396896,-0.03121977485716343,0.07008242607116699,0.0701928362250328
8620,0.39678382873535156,0.20833002030849457,0.042565811425447464,-0.0020883085671812296,-0.01634281501173973,-0.0019981733057647943,-0.04711266979575157,-0.03126716613769531,0.07064238935709,0.07156535238027573
8640,0.3966357707977295,0.2084932178258896,0.04269326850771904,-0.0021792373154312372,-0.016378670930862427,-0.0020046266727149487,-0.04717318341135979,-0.03130961209535599,0.06707020103931427,0.0715731754899025
8660,0.3966636061668396,0.20856070518493652,0.04272647202014923,-0.0022317967377603054,-0.016424620524048805,-0.0020075577776879072,-0.047236330807209015,-0.031349245458841324,0.06692453473806381,0.0704307034611702
8680,0.39657941460609436,0.20871812105178833,0.04281524568796158,-0.002330714836716652,-0.01650693640112877,-0.002037839265540242,-0.047328438609838486,-0.031384266912937164,0.07024713605642319,0.07093142718076706
8700,0.396695077419281,0.2088036984205246,0.04286591336131096,-0.0023709258530288935,-0.016555605456233025,-0.002037479542195797,-0.047399070113897324,-0.03141384571790695,0.06969837099313736,0.07277625054121017
8720,0.3966657519340515,0.20883013308048248,0.04295317828655243,-0.0024199255276471376,-0.01660444214940071,-0.002040237421169877,-0.0474688857793808,-0.03144378960132599,0.06856853514909744,0.07321982085704803
8740,0.3967740833759308,0.20895951986312866,0.043061140924692154,-0.0025144077371805906,-0.01663999632000923,-0.0020786968525499105,-0.0475420281291008,-0.03147365525364876,0.06818734854459763,0.07251222431659698
8760,0.3968837261199951,0.20908722281455994,0.04309925064444542,-0.002581858541816473,-0.01669345051050186,-0.002094879047945142,-0.04761606082320213,-0.03151032328605652,0.06876272708177567,0.07033640891313553
8780,0.3968909680843353,0.2091858834028244,0.04323216900229454,-0.0026482727844268084,-0.016755361109972,-0.0021081746090203524,-0.047690458595752716,-0.0315345898270607,0.06826493889093399,0.0706486701965332
8800,0.3969738185405731,0.20926229655742645,0.04327955096960068,-0.002714470960199833,-0.016816524788737297,-0.0021150491666048765,-0.047770850360393524,-0.031568560749292374,0.06693842262029648,0.07575643807649612
8820,0.3970082700252533,0.2094096541404724,0.043401025235652924,-0.0027168765664100647,-0.016862967982888222,-0.0021310101728886366,-0.04784710332751274,-0.0316101610660553,0.06787312775850296,0.06975245475769043
8840,0.3969867527484894,0.20941482484340668,0.043546535074710846,-0.002729114145040512,-0.01687760278582573,-0.0021499530412256718,-0.047911398112773895,-0.03164580836892128,0.06759972125291824,0.07042072713375092
8860,0.3971516788005829,0.20945149660110474,0.043637119233608246,-0.002811018144711852,-0.016922807320952415,-0.0021659177727997303,-0.047989796847105026,-0.03168431669473648,0.06829803436994553,0.07264823466539383
8880,0.3971923291683197,0.20961378514766693,0.04380682110786438,-0.0028589805588126183,-0.016949834302067757,-0.0022015050053596497,-0.048078302294015884,-0.03171709552407265,0.06959722191095352,0.07076010853052139
8900,0.39718014001846313,0.20967797935009003,0.043931931257247925,-0.002916076686233282,-0.016969239339232445,-0.00221940316259861,-0.04815952852368355,-0.03175080195069313,0.06946545839309692,0.07057499885559082
8920,0.397320955991745,0.2097736895084381,0.04411197453737259,-0.0029236925765872,-0.017009131610393524,-0.00222985353320837,-0.04822544753551483,-0.03179832920432091,0.06594523042440414,0.06918779015541077
8940,0.39739277958869934,0.20983676612377167,0.04426173120737076,-0.002982924459502101,-0.017049390822649002,-0.0022321920841932297,-0.04828154668211937,-0.03184623271226883,0.0668444037437439,0.06864581257104874
8960,0.39741453528404236,0.20986631512641907,0.044331394135951996,-0.002993727568536997,-0.017112933099269867,-0.002259972272440791,-0.048347730189561844,-0.03188782185316086,0.06567050516605377,0.06955067813396454
8980,0.39733922481536865,0.2100779414176941,0.04437001049518585,-0.0030240921769291162,-0.01716305874288082,-0.0022764040622860193,-0.048421710729599,-0.031933631747961044,0.06932274252176285,0.0715048685669899
9000,0.3974660336971283,0.2103022336959839,0.04451849311590195,-0.0030907338950783014,-0.017230048775672913,-0.002276990097016096,-0.04846733435988426,-0.03198828175663948,0.06889311224222183,0.069874107837677
9020,0.3974307179450989,0.21037623286247253,0.04457714036107063,-0.0031611367594450712,-0.017296401783823967,-0.002308535622432828,-0.04850974678993225,-0.032041411846876144,0.06783701479434967,0.06944388151168823
9040,0.39751115441322327,0.21044768393039703,0.044631484895944595,-0.0032175895757973194,-0.017363743856549263,-0.0023102660197764635,-0.04857185482978821,-0.03208094835281372,0.06806091964244843,0.07425255328416824
9060,0.397599995136261,0.21061527729034424,0.0447329580783844,-0.0032694083638489246,-0.0174119733273983,-0.002319370163604617,-0.048639558255672455,-0.03212271258234978,0.06762401014566422,0.07505223900079727
9080,0.3977980315685272,0.21073518693447113,0.04485367611050606,-0.003299300791695714,-0.01743956096470356,-0.002331617521122098,-0.048714883625507355,-0.03215363249182701,0.06849830597639084,0.06979160010814667
9100,0.3976917564868927,0.21085503697395325,0.04501774162054062,-0.0033195214346051216,-0.01747707836329937,-0.0023447060957551003,-0.04877080023288727,-0.03218400850892067,0.06702268868684769,0.07288803905248642
9120,0.39771363139152527,0.21097011864185333,0.04509739205241203,-0.0033641934860497713,-0.01754750870168209,-0.0023507948499172926,-0.048827219754457474,-0.03221375122666359,0.06675805896520615,0.07030525803565979
9140,0.3977123200893402,0.21104060113430023,0.045194175094366074,-0.0034268461167812347,-0.0176167543977499,-0.0023444003891199827,-0.04888958856463432,-0.032258350402116776,0.06895586103200912,0.0698130801320076
9160,0.3976418077945709,0.21112582087516785,0.0452895313501358,-0.0034734192304313183,-0.01765376701951027,-0.0023457910865545273,-0.04894092306494713,-0.03229738026857376,0.06734141707420349,0.06780970841646194
9180,0.39784306287765503,0.21123473346233368,0.045395009219646454,-0.0035996290389448404,-0.017690567299723625,-0.002365101594477892,-0.04901929944753647,-0.03234236314892769,0.06817207485437393,0.0756758600473404
9200,0.39808031916618347,0.21140606701374054,0.0454290546476841,-0.003655670676380396,-0.017743971198797226,-0.0023949265014380217,-0.049085721373558044,-0.0323769636452198,0.07293371856212616,0.06921549141407013
9220,0.39814919233322144,0.21156135201454163,0.045530833303928375,-0.003689209232106805,-0.01782405562698841,-0.0024153839331120253,-0.04914354532957077,-0.0324074886739254,0.06703003495931625,0.06953606754541397
9240,0.3981345593929291,0.21164952218532562,0.04563135653734207,-0.0037365700118243694,-0.017895368859171867,-0.002436005510389805,-0.04921472445130348,-0.03244999423623085,0.06739415228366852,0.06780880689620972
9260,0.39811384677886963,0.21168631315231323,0.04564599692821503,-0.0037918067537248135,-0.017949262633919716,-0.0024534743279218674,-0.0492883026599884,-0.03249307721853256,0.06718722730875015,0.07016691565513611
9280,0.3981313109397888,0.2118462175130844,0.04572845250368118,-0.0038311253301799297,-0.01801447384059429,-0.002449909457936883,-0.04934963956475258,-0.032531652599573135,0.06721512228250504,0.06932681053876877
9300,0.3982264995574951,0.21193434298038483,0.04577751085162163,-0.003881012322381139,-0.018059922382235527,-0.0024252969305962324,-0.04942380264401436,-0.032574620097875595,0.06644672155380249,0.0689825490117073
9320,0.3982295095920563,0.21196582913398743,0.04588176682591438,-0.003981019835919142,-0.018120629712939262,-0.0024305377155542374,-0.049493078142404556,-0.03261805698275566,0.06509653478860855,0.07105113565921783
9340,0.39818865060806274,0.21209679543972015,0.046075526624917984,-0.004013619851320982,-0.01812559738755226,-0.002431924222037196,-0.049550894647836685,-0.03263528645038605,0.06776564568281174,0.0696093887090683
9360,0.39807891845703125,0.21206821501255035,0.04610421508550644,-0.004047665745019913,-0.018162954598665237,-0.002433973364531994,-0.049605391919612885,-0.032693471759557724,0.07051422446966171,0.06782078742980957
9380,0.3982268273830414,0.21208785474300385,0.0461912602186203,-0.004086276050657034,-0.01818632148206234,-0.00244782748632133,-0.04968549311161041,-0.0327371284365654,0.06827063113451004,0.07301211357116699
9400,0.398330956697464,0.2121964991092682,0.04627178609371185,-0.004118464421480894,-0.018191441893577576,-0.00244667986407876,-0.0497601144015789,-0.0327867791056633,0.06523611396551132,0.07270503044128418
9420,0.3983687460422516,0.21230368316173553,0.0464528426527977,-0.004173965658992529,-0.018243178725242615,-0.0024772973265498877,-0.0498015321791172,-0.032827720046043396,0.0707888975739479,0.06952659785747528
9440,0.39859738945961,0.21244066953659058,0.04656263440847397,-0.0042292168363928795,-0.018290899693965912,-0.002498066984117031,-0.04988545551896095,-0.03287019208073616,0.06807786971330643,0.06861495971679688
9460,0.3986496925354004,0.21260012686252594,0.04669666290283203,-0.004219189286231995,-0.018316494300961494,-0.0024947025813162327,-0.049948275089263916,-0.03290997073054314,0.06655441969633102,0.06820182502269745
9480,0.3987124264240265,0.21268555521965027,0.04680786654353142,-0.004255351610481739,-0.018364690244197845,-0.002517272951081395,-0.050004635006189346,-0.032956887036561966,0.06637587398290634,0.07181381434202194
9500,0.3986320197582245,0.21279390156269073,0.04694751650094986,-0.004286536481231451,-0.01840423047542572,-0.0025501023046672344,-0.05006704851984978,-0.03299889340996742,0.06495607644319534,0.06856504082679749
9520,0.39868468046188354,0.2129179984331131,0.04697607830166817,-0.004381946753710508,-0.01844206638634205,-0.002573051955550909,-0.05012182891368866,-0.03303973004221916,0.06540985405445099,0.06808394193649292
9540,0.3988645076751709,0.21301458775997162,0.047078780829906464,-0.004456623457372189,-0.018503108993172646,-0.002607878064736724,-0.050175003707408905,-0.03307002782821655,0.06540507823228836,0.07207775861024857
9560,0.39893263578414917,0.21305544674396515,0.04718175157904625,-0.004475087393075228,-0.018557962030172348,-0.0026115349028259516,-0.05023401975631714,-0.03309376910328865,0.06572989374399185,0.06697642058134079
9580,0.3988782465457916,0.21312561631202698,0.04727838188409805,-0.0044988407753407955,-0.01861431449651718,-0.0026404904201626778,-0.05028756335377693,-0.03311341255903244,0.06413241475820541,0.06719009578227997
9600,0.3988085389137268,0.2132699340581894,0.04737292230129242,-0.004529289901256561,-0.01867751218378544,-0.002648387337103486,-0.050374116748571396,-0.03314286097884178,0.06570348143577576,0.06985341012477875
9620,0.39885973930358887,0.2133849412202835,0.04740568622946739,-0.004618400242179632,-0.018736109137535095,-0.0026530229952186346,-0.050443559885025024,-0.03318276256322861,0.06653548032045364,0.06827452778816223
9640,0.39884570240974426,0.2134995311498642,0.04743165522813797,-0.00466824509203434,-0.01878802664577961,-0.002636436140164733,-0.050517190247774124,-0.03320086747407913,0.06738940626382828,0.06956334412097931
9660,0.39890873432159424,0.21358902752399445,0.04748357832431793,-0.00474368454888463,-0.01882851868867874,-0.002624088665470481,-0.05060149356722832,-0.03324317932128906,0.0702507346868515,0.06683073192834854
9680,0.3989376723766327,0.21365293860435486,0.04765330255031586,-0.004777246620506048,-0.018857290968298912,-0.002639383776113391,-0.05066966265439987,-0.033277709037065506,0.06520842015743256,0.06715504080057144
9700,0.3989727795124054,0.21372228860855103,0.04768512770533562,-0.0048703523352742195,-0.01893633045256138,-0.002667717169970274,-0.050720710307359695,-0.03331325203180313,0.06721727550029755,0.07370498031377792
9720,0.39901989698410034,0.21395468711853027,0.047757260501384735,-0.004884837195277214,-0.01900417171418667,-0.0026701530441641808,-0.05076572299003601,-0.03334307670593262,0.06604266911745071,0.06817033886909485
9740,0.39900460839271545,0.21394628286361694,0.047904253005981445,-0.004956163000315428,-0.019053546711802483,-0.0026852593291550875,-0.050828106701374054,-0.03337758034467697,0.06787222623825073,0.06763117760419846
9760,0.3990379571914673,0.21404285728931427,0.04805532097816467,-0.005048644728958607,-0.019153647124767303,-0.002708366373553872,-0.05088643357157707,-0.033420853316783905,0.06664721667766571,0.07184512913227081
9780,0.39916545152664185,0.21413268148899078,0.04821815341711044,-0.005121604539453983,-0.019172538071870804,-0.002719807205721736,-0.050936535000801086,-0.03343828395009041,0.06573498994112015,0.0684392899274826
9800,0.39928168058395386,0.2142631709575653,0.0483769066631794,-0.005128371529281139,-0.019211504608392715,-0.0027347190771251917,-0.05099062621593475,-0.03345780447125435,0.06538890302181244,0.06977632641792297
9820,0.39913758635520935,0.21419809758663177,0.048432789742946625,-0.005187281873077154,-0.019248981028795242,-0.002764743287116289,-0.051045794039964676,-0.0335218571126461,0.06420612335205078,0.06800632178783417
9840,0.3991238474845886,0.21425238251686096,0.048529159277677536,-0.0051729814149439335,-0.019280122593045235,-0.0027661656495183706,-0.051095493137836456,-0.03356844186782837,0.0703410804271698,0.06879483163356781
9860,0.39917561411857605,0.21435146033763885,0.04861124977469444,-0.00525629660114646,-0.01934189163148403,-0.002788735553622246,-0.051159512251615524,-0.03360947594046593,0.06576448678970337,0.06830878555774689
9880,0.3993260860443115,0.2144380360841751,0.04867865517735481,-0.005390897858887911,-0.019401177763938904,-0.0028169674333184958,-0.051221348345279694,-0.0336468331515789,0.06581031531095505,0.06855583190917969
9900,0.3993369936943054,0.21460120379924774,0.04878540709614754,-0.0054905470460653305,-0.019448695704340935,-0.002838526153936982,-0.05128683149814606,-0.03369525820016861,0.06862225383520126,0.06706608831882477
9920,0.39931297302246094,0.21465446054935455,0.04885568842291832,-0.00553278299048543,-0.01947340928018093,-0.0028411962557584047,-0.051359862089157104,-0.033737700432538986,0.06843521445989609,0.0669766291975975
9940,0.3993302881717682,0.21463190019130707,0.04890340939164162,-0.005543732084333897,-0.019512930884957314,-0.0028343694284558296,-0.0514482744038105,-0.033773474395275116,0.0667089894413948,0.07217299938201904
9960,0.39940518140792847,0.21468137204647064,0.04904153570532799,-0.005570442881435156,-0.019542468711733818,-0.002839167369529605,-0.05150413140654564,-0.0338166169822216,0.06738647818565369,0.07679029554128647
9980,0.3993801176548004,0.21484294533729553,0.04910748451948166,-0.005601828917860985,-0.01959865726530552,-0.0028611074667423964,-0.05158006399869919,-0.033841509371995926,0.06633992493152618,0.06836305558681488
10000,0.39921027421951294,0.21483114361763,0.04914458468556404,-0.0056797293946146965,-0.01967785134911537,-0.0028855083510279655,-0.051654066890478134,-0.03386719524860382,0.06531854718923569,0.07463589310646057
10020,0.3993213474750519,0.2148638814687729,0.049283016473054886,-0.005742515902966261,-0.019726675003767014,-0.0029196173418313265,-0.05173543095588684,-0.033916112035512924,0.06724779307842255,0.07029500603675842
10040,0.3993394672870636,0.2149229645729065,0.0494299978017807,-0.005776119418442249,-0.019760649651288986,-0.0029430913273245096,-0.05179684981703758,-0.033948659896850586,0.07058071345090866,0.0682293251156807
10060,0.3994584381580353,0.2149875909090042,0.049518946558237076,-0.005821754224598408,-0.019808189943432808,-0.0029675974510610104,-0.05183761194348335,-0.033977314829826355,0.06514494121074677,0.06780188530683517
10080,0.3995823562145233,0.21507026255130768,0.04956166818737984,-0.005885690450668335,-0.019813604652881622,-0.0029797900933772326,-0.05188937857747078,-0.03401033952832222,0.06563841551542282,0.06701704114675522
10100,0.399503618478775,0.2150852233171463,0.04968271777033806,-0.005930899176746607,-0.01987321861088276,-0.0030020778067409992,-0.0519542396068573,-0.03404325619339943,0.06531643867492676,0.06716477870941162
10120,0.39940813183784485,0.21520574390888214,0.04972907155752182,-0.0059649525210261345,-0.019936976954340935,-0.0029995671939104795,-0.052016716450452805,-0.034080903977155685,0.06575770676136017,0.0679967999458313
10140,0.3995169699192047,0.21517691016197205,0.04984459653496742,-0.006048534531146288,-0.020005598664283752,-0.003022041404619813,-0.05208166688680649,-0.03413127362728119,0.06448540091514587,0.06899170577526093
10160,0.39956972002983093,0.21524997055530548,0.04993506520986557,-0.006099438760429621,-0.020033609122037888,-0.003029874060302973,-0.052145250141620636,-0.03418027237057686,0.06572610884904861,0.06765733659267426
10180,0.39943477511405945,0.2153354287147522,0.04994973540306091,-0.00619512889534235,-0.020110929384827614,-0.0030607448425143957,-0.052218884229660034,-0.03421192988753319,0.06497250497341156,0.06651733815670013
10200,0.399404376745224,0.2153647392988205,0.05002358928322792,-0.006296830717474222,-0.020186815410852432,-0.0030920226126909256,-0.052294544875621796,-0.034247901290655136,0.06575677543878555,0.07248502224683762
10220,0.39945119619369507,0.21543610095977783,0.0501127764582634,-0.006354386918246746,-0.020218467339873314,-0.0031175906769931316,-0.05236154794692993,-0.03428350016474724,0.06769203394651413,0.07076404243707657
10240,0.3996069133281708,0.2155156135559082,0.05024830624461174,-0.006417011842131615,-0.02024674601852894,-0.003148478688672185,-0.05243142694234848,-0.03431976959109306,0.0642741471529007,0.06783170998096466
10260,0.3996174931526184,0.21561644971370697,0.05032777786254883,-0.006474841386079788,-0.020299553871154785,-0.0031433922704309225,-0.052491676062345505,-0.03434170037508011,0.06437879055738449,0.06555360555648804
10280,0.39953917264938354,0.21566441655158997,0.050354648381471634,-0.006538379937410355,-0.02033485285937786,-0.003163059474900365,-0.052546415477991104,-0.03438310697674751,0.06468231976032257,0.06830261647701263
10300,0.3995719850063324,0.21573036909103394,0.05039869248867035,-0.006625855341553688,-0.020384997129440308,-0.003207298694178462,-0.05260737985372543,-0.03442544490098953,0.0625433623790741,0.06684762984514236
10320,0.3996208906173706,0.21581536531448364,0.050466388463974,-0.006600494962185621,-0.020444132387638092,-0.0032182233408093452,-0.05268697813153267,-0.03446986898779869,0.0655563622713089,0.06884036958217621
10340,0.3998071253299713,0.21587270498275757,0.05062307044863701,-0.006564550567418337,-0.02048778533935547,-0.0032324758358299732,-0.05274498462677002,-0.03449975326657295,0.06470799446105957,0.06769654154777527
10360,0.3998340964317322,0.21597468852996826,0.05068466067314148,-0.006588311865925789,-0.020509932190179825,-0.0032495399937033653,-0.05281120538711548,-0.03453974798321724,0.06803879141807556,0.07014405727386475
10380,0.3999050259590149,0.2161218523979187,0.05080442875623703,-0.0065947407856583595,-0.02050628513097763,-0.003264407394453883,-0.05287173017859459,-0.03458653390407562,0.06593100726604462,0.06800369173288345
10400,0.3999955654144287,0.216183140873909,0.050919074565172195,-0.006643042434006929,-0.02055547758936882,-0.0032703678589314222,-0.052945997565984726,-0.034631092101335526,0.06414923071861267,0.07352245599031448
10420,0.40009796619415283,0.21630707383155823,0.05095086246728897,-0.006723814178258181,-0.020596973598003387,-0.003282432211562991,-0.053019702434539795,-0.03467350825667381,0.0629478469491005,0.06589266657829285
10440,0.3999149203300476,0.21639646589756012,0.05095851048827171,-0.006841735448688269,-0.020638970658183098,-0.00329944072291255,-0.05306881293654442,-0.034709807485342026,0.06470898538827896,0.07137283682823181
10460,0.3998560905456543,0.21640098094940186,0.050989892333745956,-0.006869903299957514,-0.020664924755692482,-0.003328432096168399,-0.05312332138419151,-0.03474907577037811,0.06469223648309708,0.06838952749967575
10480,0.3997310698032379,0.21649564802646637,0.05104668810963631,-0.006933006923645735,-0.020709026604890823,-0.003334545297548175,-0.05317480117082596,-0.034790098667144775,0.06508595496416092,0.06751259416341782
10500,0.39971989393234253,0.21661219000816345,0.05114342272281647,-0.007016144227236509,-0.02075861394405365,-0.0033385714050382376,-0.05325045436620712,-0.03483083099126816,0.0673249363899231,0.07217645645141602
10520,0.3999526798725128,0.21664175391197205,0.051231320947408676,-0.007018529810011387,-0.020801985636353493,-0.0033579787705093622,-0.0533050075173378,-0.03488913178443909,0.06598414480686188,0.06769797205924988
10540,0.39996880292892456,0.21669356524944305,0.05137980356812477,-0.00702150072902441,-0.020851891487836838,-0.003367530880495906,-0.053354889154434204,-0.03494987264275551,0.06505393981933594,0.06968213617801666
10560,0.40016308426856995,0.21666133403778076,0.05149977654218674,-0.0070693097077310085,-0.020918237045407295,-0.0033795898780226707,-0.053399622440338135,-0.03497849777340889,0.06687836349010468,0.06688649207353592
10580,0.40021055936813354,0.2167842537164688,0.05159039422869682,-0.007132369093596935,-0.020988991484045982,-0.003403808455914259,-0.05346813425421715,-0.03501031547784805,0.06467679888010025,0.06903980672359467
10600,0.40015190839767456,0.21682386100292206,0.051723990589380264,-0.007232430391013622,-0.021041251718997955,-0.003411734476685524,-0.05352655425667763,-0.03503981605172157,0.064669169485569,0.06650060415267944
10620,0.4001424014568329,0.21685315668582916,0.05185617506504059,-0.007329086307436228,-0.021100018173456192,-0.0034119891934096813,-0.05358727648854256,-0.035084474831819534,0.06592259556055069,0.06998587399721146
10640,0.4001670181751251,0.2169014811515808,0.0519120916724205,-0.00736136082559824,-0.021163782104849815,-0.003424171358346939,-0.05365799739956856,-0.03511865437030792,0.06409117579460144,0.07224975526332855
10660,0.4002833068370819,0.2170036882162094,0.05200629681348801,-0.00741963554173708,-0.021199766546487808,-0.00344846467487514,-0.053703274577856064,-0.03515850380063057,0.0656730979681015,0.07041340321302414
10680,0.4002312123775482,0.2171638309955597,0.05205744132399559,-0.007456118706613779,-0.021247565746307373,-0.0034559264313429594,-0.05375441163778305,-0.03520043566823006,0.06250706315040588,0.06650809943675995
10700,0.40027642250061035,0.21715696156024933,0.05213947594165802,-0.007492736913263798,-0.021288709715008736,-0.0034817850682884455,-0.05380307883024216,-0.035243768244981766,0.06581653654575348,0.06672550737857819
10720,0.4002428650856018,0.21726858615875244,0.0522073470056057,-0.007591198664158583,-0.021331023424863815,-0.003498945850878954,-0.05387077108025551,-0.0353085994720459,0.064530149102211,0.06824672967195511
10740,0.40024834871292114,0.21725742518901825,0.05232648923993111,-0.007622812874615192,-0.021366942673921585,-0.003520513651892543,-0.05393961817026138,-0.03535342589020729,0.06776295602321625,0.06721118837594986
10760,0.40031716227531433,0.2173795998096466,0.05236689746379852,-0.0076622124761343,-0.021433943882584572,-0.0035108369775116444,-0.054000772535800934,-0.03537598252296448,0.06531065702438354,0.06672917306423187
10780,0.4002879559993744,0.2175387740135193,0.052532900124788284,-0.007669246755540371,-0.021472452208399773,-0.0035348033998161554,-0.05404886603355408,-0.03541705757379532,0.06637408584356308,0.06801985949277878
10800,0.4002322554588318,0.21763049066066742,0.052660468965768814,-0.0076827481389045715,-0.02156367339193821,-0.0035683740861713886,-0.05410763993859291,-0.0354628749191761,0.0636872723698616,0.07094349712133408
10820,0.40041208267211914,0.21772250533103943,0.0527319610118866,-0.007766392547637224,-0.02161245048046112,-0.003606387646868825,-0.054168954491615295,-0.03550047427415848,0.06372412294149399,0.06824991106987
10840,0.4003911316394806,0.21771912276744843,0.05284801498055458,-0.007830506190657616,-0.02165316976606846,-0.003625071607530117,-0.05421919375658035,-0.03554310277104378,0.06222415715456009,0.068196602165699
10860,0.4004727303981781,0.2178909182548523,0.05291743949055672,-0.007906148210167885,-0.02171465754508972,-0.0036346586421132088,-0.0542609803378582,-0.03559575229883194,0.06376583874225616,0.06688348948955536
10880,0.4004479944705963,0.21790608763694763,0.052981212735176086,-0.008020883426070213,-0.021776322275400162,-0.0036755988840013742,-0.05433454364538193,-0.035633619874715805,0.0650980994105339,0.06932733952999115
10900,0.400482177734375,0.21796797215938568,0.05306097865104675,-0.008040796034038067,-0.02180907130241394,-0.0036811893805861473,-0.05440283194184303,-0.03566882759332657,0.06256625801324844,0.06781473755836487
10920,0.40042153000831604,0.21804793179035187,0.053145188838243484,-0.008099326863884926,-0.021841472014784813,-0.003704814240336418,-0.05446167662739754,-0.035704340785741806,0.0652003362774849,0.06744938343763351
10940,0.40033912658691406,0.2180965393781662,0.0532124899327755,-0.008153882808983326,-0.02184772677719593,-0.0037179281935095787,-0.054529089480638504,-0.035738736391067505,0.06560355424880981,0.0692368671298027
10960,0.4003269076347351,0.21818017959594727,0.05329149216413498,-0.008205217309296131,-0.02187340520322323,-0.0037399320863187313,-0.054595764726400375,-0.03577989339828491,0.0633891224861145,0.06854651868343353
10980,0.40048351883888245,0.2182418406009674,0.05338462069630623,-0.008242454379796982,-0.021886225789785385,-0.003771552350372076,-0.0546593964099884,-0.03581058606505394,0.0678805261850357,0.06807149201631546
11000,0.4006696939468384,0.21841095387935638,0.053545281291007996,-0.008266235701739788,-0.021941835060715675,-0.003803746774792671,-0.05470713600516319,-0.035840217024087906,0.06725358963012695,0.07289876788854599
11020,0.40070271492004395,0.2184191644191742,0.05361111834645271,-0.008192610926926136,-0.021992770954966545,-0.0038238088600337505,-0.05476635321974754,-0.0358651839196682,0.06560668349266052,0.0658169537782669
11040,0.40058109164237976,0.21849842369556427,0.05372175574302673,-0.008150260895490646,-0.022037286311388016,-0.0038332915864884853,-0.05482787638902664,-0.03591418266296387,0.06278115510940552,0.06756821274757385
11060,0.400608628988266,0.21853472292423248,0.05380219221115112,-0.008181313052773476,-0.02209414727985859,-0.0038479138165712357,-0.054883942008018494,-0.03594871237874031,0.060786809772253036,0.06817097961902618
11080,0.4007667303085327,0.21866799890995026,0.05391666665673256,-0.008282224647700787,-0.022104473784565926,-0.0038626512978225946,-0.05493389442563057,-0.03599536418914795,0.06347682327032089,0.06768041849136353
11100,0.4007130265235901,0.21880431473255157,0.05401770398020744,-0.008307838812470436,-0.022157613188028336,-0.0038825725205242634,-0.05499240383505821,-0.036030642688274384,0.06580392271280289,0.06815046072006226
11120,0.4007914662361145,0.21898497641086578,0.054067693650722504,-0.008338963612914085,-0.022213555872440338,-0.003910521976649761,-0.05504441261291504,-0.03606535866856575,0.06344136595726013,0.06759661436080933
11140,0.4007710814476013,0.2189721167087555,0.054056547582149506,-0.008408937603235245,-0.02227609232068062,-0.003935293760150671,-0.055102456361055374,-0.03611750528216362,0.06588149070739746,0.06741425395011902
11160,0.40080025792121887,0.21902291476726532,0.05410952866077423,-0.00846129935234785,-0.022325536236166954,-0.003967605531215668,-0.05516207963228226,-0.036160703748464584,0.0639042854309082,0.06892232596874237
11180,0.400748074054718,0.21909354627132416,0.054188068956136703,-0.0085157360881567,-0.022387128323316574,-0.004013297148048878,-0.05525169521570206,-0.036196544766426086,0.06286091357469559,0.06534722447395325
11200,0.400860995054245,0.21924316883087158,0.05426324903964996,-0.008575904183089733,-0.02244091033935547,-0.004047724884003401,-0.055317457765340805,-0.03622609004378319,0.06302449107170105,0.06980946660041809
11220,0.4008617103099823,0.2193344533443451,0.05431492626667023,-0.008629963733255863,-0.022516712546348572,-0.004082717467099428,-0.055380746722221375,-0.036259766668081284,0.06438831239938736,0.0674879401922226
11240,0.40093687176704407,0.2193545550107956,0.05434814468026161,-0.00863722711801529,-0.02254178561270237,-0.004078486002981663,-0.05542933940887451,-0.03629602864384651,0.06491744518280029,0.07170823216438293
11260,0.4009009897708893,0.2194247990846634,0.05434323474764824,-0.008720774203538895,-0.022603875026106834,-0.004089815076440573,-0.05548651143908501,-0.036333754658699036,0.06743492186069489,0.06937379390001297
11280,0.40095949172973633,0.21953608095645905,0.05441591516137123,-0.008791721425950527,-0.022614741697907448,-0.004076356999576092,-0.055549416691064835,-0.03638311102986336,0.06386233121156693,0.06838211417198181
11300,0.40094467997550964,0.2196618914604187,0.054509274661540985,-0.008803931064903736,-0.022674383595585823,-0.0040784673765301704,-0.055600978434085846,-0.036431461572647095,0.06332547962665558,0.06579729914665222
11320,0.40089914202690125,0.21960632503032684,0.054587896913290024,-0.008762423880398273,-0.022716647014021873,-0.0040847621858119965,-0.05564526468515396,-0.03647156432271004,0.061697836965322495,0.06472885608673096
11340,0.4007839560508728,0.21945764124393463,0.05459602549672127,-0.0088646886870265,-0.022757086902856827,-0.004103632643818855,-0.05568118020892143,-0.03650648891925812,0.06464719772338867,0.06444142013788223
11360,0.40086793899536133,0.21943888068199158,0.05466340482234955,-0.008900266140699387,-0.02281467244029045,-0.0041148425079882145,-0.05572470277547836,-0.03653613105416298,0.06198937073349953,0.06543437391519547
11380,0.4008139371871948,0.2195451408624649,0.05469401553273201,-0.008976717479526997,-0.02287851832807064,-0.004120533354580402,-0.05577589198946953,-0.036576420068740845,0.06421732157468796,0.06846848130226135
11400,0.40070950984954834,0.21963262557983398,0.054709821939468384,-0.009038235060870647,-0.022888479754328728,-0.0041452012956142426,-0.055838443338871,-0.03661488741636276,0.06278099119663239,0.06681201606988907
11420,0.40077218413352966,0.2197442203760147,0.05478248745203018,-0.00902322307229042,-0.02290700189769268,-0.004161292687058449,-0.05590114742517471,-0.03664444759488106,0.06473173946142197,0.06435658782720566
11440,0.40083223581314087,0.21988379955291748,0.05485771968960762,-0.00911878515034914,-0.022960864007472992,-0.004182684700936079,-0.055960431694984436,-0.03668335825204849,0.06407059729099274,0.07132911682128906
11460,0.4009262025356293,0.21995382010936737,0.05490301921963692,-0.009203366935253143,-0.022998763248324394,-0.00420671422034502,-0.056035365909338,-0.036707520484924316,0.061798304319381714,0.06620491296052933
11480,0.400971382856369,0.22003641724586487,0.0549563467502594,-0.009262330830097198,-0.023035401478409767,-0.004232843406498432,-0.05611549690365791,-0.03675134852528572,0.065302275121212,0.06696393340826035
11500,0.4009985327720642,0.22014042735099792,0.05508054420351982,-0.009342348203063011,-0.023082386702299118,-0.004237446468323469,-0.05617966875433922,-0.036787860095500946,0.06608181446790695,0.07000628113746643
11520,0.40100565552711487,0.22030597925186157,0.055218927562236786,-0.009396729990839958,-0.023124683648347855,-0.004232608713209629,-0.056226324290037155,-0.036820411682128906,0.0643300786614418,0.06681171804666519
11540,0.40101754665374756,0.22037306427955627,0.05537395551800728,-0.00943112000823021,-0.023123176768422127,-0.004260959569364786,-0.05628158524632454,-0.03684033825993538,0.06285380572080612,0.06997565180063248
11560,0.4012271463871002,0.2204219400882721,0.05544228106737137,-0.009458641521632671,-0.02313225530087948,-0.00426738616079092,-0.056341640651226044,-0.03687388822436333,0.06271358579397202,0.06627073884010315
11580,0.40127861499786377,0.22047698497772217,0.055557310581207275,-0.009506027214229107,-0.023148318752646446,-0.004294905811548233,-0.05640283599495888,-0.03690069541335106,0.06344977766275406,0.06945948302745819
11600,0.4012109935283661,0.22050173580646515,0.0556214340031147,-0.00955036748200655,-0.023193253204226494,-0.004322189837694168,-0.05644197389483452,-0.03692978248000145,0.0626133382320404,0.06619210541248322
11620,0.4011716842651367,0.2204533815383911,0.05572854354977608,-0.009560325182974339,-0.023259880021214485,-0.00434280326589942,-0.05648862570524216,-0.03696782514452934,0.06309355795383453,0.06720398366451263
11640,0.40120717883110046,0.22051435708999634,0.05579405277967453,-0.009640198200941086,-0.023304060101509094,-0.004343812819570303,-0.05654658004641533,-0.03700018674135208,0.06398305296897888,0.06628146767616272
11660,0.40121710300445557,0.22059956192970276,0.05581791326403618,-0.009727376513183117,-0.023336198180913925,-0.004353742115199566,-0.056580740958452225,-0.037031639367341995,0.06382708996534348,0.06940653920173645
11680,0.40125754475593567,0.22067508101463318,0.05592989921569824,-0.009777775965631008,-0.023392949253320694,-0.004394021350890398,-0.056641168892383575,-0.03706278279423714,0.06830517202615738,0.06496492773294449
11700,0.40132707357406616,0.22067993879318237,0.05598581209778786,-0.009761182591319084,-0.023427626118063927,-0.004429998341947794,-0.05670429766178131,-0.037090741097927094,0.06306181102991104,0.06646361947059631
11720,0.4011950194835663,0.22067950665950775,0.05600198730826378,-0.00981335062533617,-0.023476019501686096,-0.004465521313250065,-0.05675714090466499,-0.037119362503290176,0.06300092488527298,0.0671503022313118
11740,0.40125572681427,0.22072942554950714,0.05604199320077896,-0.00992073304951191,-0.023537728935480118,-0.0044862437061965466,-0.05681666359305382,-0.03716043010354042,0.06405207514762878,0.06784343719482422
11760,0.4012455642223358,0.22086632251739502,0.05611736699938774,-0.0099738584831357,-0.023587530478835106,-0.00449881749227643,-0.056873343884944916,-0.03720787540078163,0.06454509496688843,0.06539951264858246
11780,0.4012318253517151,0.22085846960544586,0.0561525858938694,-0.009995076805353165,-0.023631278425455093,-0.00450758496299386,-0.056932929903268814,-0.0372365303337574,0.06445782631635666,0.06874115765094757
11800,0.40137335658073425,0.22092969715595245,0.05626358836889267,-0.009983405470848083,-0.023664986714720726,-0.004543177783489227,-0.057004619389772415,-0.03727244585752487,0.06633765250444412,0.0670754685997963
11820,0.4013356566429138,0.22100277245044708,0.056400518864393234,-0.009981386363506317,-0.023683415725827217,-0.004570471588522196,-0.05706504359841347,-0.037307728081941605,0.06811418384313583,0.06865593791007996
11840,0.401458203792572,0.22109860181808472,0.056481361389160156,-0.010070974938571453,-0.023747647181153297,-0.004601458553224802,-0.0571272149682045,-0.03733878210186958,0.06197360157966614,0.06494417786598206
11860,0.4013732671737671,0.22108422219753265,0.056544914841651917,-0.01010922621935606,-0.023807743564248085,-0.004615607671439648,-0.05716809630393982,-0.03737104311585426,0.06236758083105087,0.06562643498182297
11880,0.40149715542793274,0.22112524509429932,0.05657659471035004,-0.010153933428227901,-0.02385455183684826,-0.004651168826967478,-0.05721360072493553,-0.03740885481238365,0.06435567885637283,0.06580977141857147
11900,0.40148890018463135,0.2211724817752838,0.056642696261405945,-0.010216631926596165,-0.0238998644053936,-0.004646523389965296,-0.05726512521505356,-0.03744037449359894,0.06339751183986664,0.06526072323322296
11920,0.4013703167438507,0.22118324041366577,0.056653037667274475,-0.010248064994812012,-0.023966630920767784,-0.0046475110575556755,-0.05732410401105881,-0.03747193142771721,0.06471092253923416,0.06374342739582062
11940,0.4012393653392792,0.2213335633277893,0.05677614361047745,-0.010247312486171722,-0.02402130514383316,-0.004670922178775072,-0.05737235024571419,-0.037506017833948135,0.06169069930911064,0.06534038484096527
11960,0.4011550843715668,0.22131222486495972,0.05684264004230499,-0.01034301333129406,-0.024069104343652725,-0.004710399080067873,-0.05742668733000755,-0.03753649443387985,0.06482461839914322,0.06529867649078369
11980,0.40125012397766113,0.22130721807479858,0.05687246844172478,-0.010375801473855972,-0.024095313623547554,-0.004712556954473257,-0.05747713893651962,-0.03757457062602043,0.06224729120731354,0.06686979532241821
12000,0.40132272243499756,0.2214513123035431,0.056928928941488266,-0.010428603738546371,-0.024105383083224297,-0.004755072295665741,-0.057525329291820526,-0.037612054497003555,0.06411245465278625,0.0657891035079956
12020,0.4014863073825836,0.2215961366891861,0.057028878480196,-0.01047588512301445,-0.024132657796144485,-0.004727598745375872,-0.05758093297481537,-0.03763832524418831,0.06787469983100891,0.06867270916700363
12040,0.4014919698238373,0.221650168299675,0.057118263095617294,-0.010531225241720676,-0.024197028949856758,-0.004732638597488403,-0.05764302983880043,-0.03767252340912819,0.06137467175722122,0.0648733600974083
12060,0.4013656973838806,0.22160576283931732,0.05721833184361458,-0.010576745495200157,-0.024240972474217415,-0.004758189897984266,-0.057707611471414566,-0.037699438631534576,0.06474696099758148,0.06541695445775986
12080,0.4012041389942169,0.22164702415466309,0.05727723240852356,-0.010622784495353699,-0.02432212047278881,-0.004777627065777779,-0.05777452513575554,-0.03773549199104309,0.06385384500026703,0.06752137839794159
12100,0.4012964069843292,0.22170010209083557,0.05740085616707802,-0.01063296478241682,-0.024397240951657295,-0.004803745076060295,-0.05782700330018997,-0.037754397839307785,0.06317013502120972,0.06486392021179199
12120,0.40126878023147583,0.22162872552871704,0.05744975432753563,-0.010660102590918541,-0.024460220709443092,-0.004845126997679472,-0.05789802595973015,-0.03779611736536026,0.06335669010877609,0.06848244369029999
12140,0.40138518810272217,0.2217104136943817,0.057586684823036194,-0.010708332993090153,-0.024503616616129875,-0.004883419256657362,-0.05795606970787048,-0.03783269599080086,0.06735159456729889,0.06528908014297485
12160,0.4015028178691864,0.22178658843040466,0.05774536356329918,-0.010705932974815369,-0.024551380425691605,-0.004904704634100199,-0.05799737945199013,-0.037880923599004745,0.06303343921899796,0.06508983671665192
12180,0.40149542689323425,0.22183969616889954,0.05778750032186508,-0.010772818699479103,-0.02463608980178833,-0.004923929926007986,-0.05803100764751434,-0.037924692034721375,0.06483302265405655,0.06498268246650696
12200,0.4014681875705719,0.22180718183517456,0.0578744038939476,-0.010845007374882698,-0.024702096357941628,-0.004951221402734518,-0.058096326887607574,-0.03796170651912689,0.06368592381477356,0.07159506529569626
12220,0.40154212713241577,0.22189156711101532,0.057944368571043015,-0.010877530090510845,-0.024738362058997154,-0.004968907684087753,-0.05816599354147911,-0.03798496723175049,0.06452073901891708,0.06540780514478683
12240,0.4016520380973816,0.2217901200056076,0.058044176548719406,-0.010914633981883526,-0.024761922657489777,-0.004977083764970303,-0.058218467980623245,-0.038029443472623825,0.06054222956299782,0.06415428221225739
12260,0.4016675651073456,0.22193056344985962,0.058075957000255585,-0.01097109355032444,-0.024826353415846825,-0.0050026169046759605,-0.0582561232149601,-0.03806450217962265,0.06066431850194931,0.06614965200424194
12280,0.4016912877559662,0.22193574905395508,0.05809849873185158,-0.010976345278322697,-0.02487574890255928,-0.005020275712013245,-0.058300234377384186,-0.03810257464647293,0.06240193173289299,0.06655721366405487
12300,0.4017423987388611,0.22206822037696838,0.0581548847258091,-0.01099209114909172,-0.024934111163020134,-0.005058209877461195,-0.0583462230861187,-0.03813125193119049,0.06368507444858551,0.06507722288370132
12320,0.40160268545150757,0.22204305231571198,0.05820852518081665,-0.01100219041109085,-0.02495538629591465,-0.005088704638183117,-0.058397214859724045,-0.038171812891960144,0.06010929495096207,0.06580838561058044
12340,0.401607871055603,0.22203858196735382,0.05819859355688095,-0.01113317720592022,-0.025022411718964577,-0.0051222071051597595,-0.058485064655542374,-0.03821495920419693,0.06346210092306137,0.06521020084619522
12360,0.4015292227268219,0.2220810353755951,0.05830393359065056,-0.011097228154540062,-0.025049297139048576,-0.005133454222232103,-0.058545492589473724,-0.038237810134887695,0.062404755502939224,0.06796010583639145
12380,0.40163344144821167,0.22222468256950378,0.05838273465633392,-0.011128876358270645,-0.025118479505181313,-0.005148425232619047,-0.058614253997802734,-0.03828362375497818,0.06481221318244934,0.06687600910663605
12400,0.40167516469955444,0.22234000265598297,0.058389537036418915,-0.011130483821034431,-0.025203274562954903,-0.0051596760749816895,-0.05867474526166916,-0.0383266918361187,0.06078266724944115,0.06707624346017838
12420,0.40155333280563354,0.22229038178920746,0.05841325595974922,-0.011154772713780403,-0.02522965893149376,-0.005186102353036404,-0.058738257735967636,-0.038353219628334045,0.05995141342282295,0.06623192131519318
12440,0.40155142545700073,0.22227135300636292,0.05852091684937477,-0.011225405149161816,-0.025272289291024208,-0.0051987385377287865,-0.058785196393728256,-0.03838155046105385,0.06112389639019966,0.06403990089893341
12460,0.40154513716697693,0.22237293422222137,0.05860702320933342,-0.011304899118840694,-0.025299586355686188,-0.005232083145529032,-0.05884016677737236,-0.03841822221875191,0.06718432903289795,0.06961215287446976
12480,0.40160471200942993,0.2225862741470337,0.05877820402383804,-0.011219626292586327,-0.025311853736639023,-0.005236749071627855,-0.05889684706926346,-0.03844648599624634,0.06299584358930588,0.06651649624109268
12500,0.4015081524848938,0.2225518375635147,0.058847423642873764,-0.011315329931676388,-0.025384370237588882,-0.0052564688958227634,-0.0589277483522892,-0.03847996145486832,0.06151747331023216,0.06519071012735367
12520,0.4016501307487488,0.22264808416366577,0.058952465653419495,-0.011326477862894535,-0.025431901216506958,-0.005261087790131569,-0.0589752197265625,-0.03851034864783287,0.06212148442864418,0.06464511156082153
12540,0.4015076756477356,0.22252294421195984,0.05891076847910881,-0.011392765678465366,-0.02549002319574356,-0.005282492842525244,-0.05903792753815651,-0.038535550236701965,0.06420785933732986,0.06720151007175446
12560,0.40154677629470825,0.2226010262966156,0.05900586396455765,-0.011349545791745186,-0.02550920844078064,-0.005296934861689806,-0.059108246117830276,-0.03855416551232338,0.06385688483715057,0.06402987241744995
12580,0.4015210270881653,0.22261333465576172,0.059024710208177567,-0.011372811160981655,-0.02556895837187767,-0.005305433180183172,-0.05916040390729904,-0.038594163954257965,0.05999814346432686,0.06492164731025696
12600,0.40142926573753357,0.22262807190418243,0.05908090993762016,-0.011440309695899487,-0.02563014253973961,-0.005327855236828327,-0.05922657623887062,-0.038635436445474625,0.059779901057481766,0.06454846262931824
12620,0.4012798070907593,0.22265015542507172,0.059165891259908676,-0.011465252377092838,-0.02568593993782997,-0.005351461004465818,-0.0592893622815609,-0.038668494671583176,0.06262316554784775,0.06765226274728775
12640,0.4012710452079773,0.2227199226617813,0.05922646448016167,-0.011504014953970909,-0.025698630139231682,-0.005363311618566513,-0.059343647211790085,-0.03870624303817749,0.06219163164496422,0.07006694376468658
12660,0.40127846598625183,0.22280970215797424,0.05924832448363304,-0.011617080308496952,-0.025749118998646736,-0.005381683818995953,-0.05940263718366623,-0.03874008357524872,0.059175677597522736,0.06910233944654465
12680,0.401271253824234,0.2228739857673645,0.05938165634870529,-0.011598429642617702,-0.025778936222195625,-0.00541699631139636,-0.0594470351934433,-0.03877321258187294,0.062356989830732346,0.06368342787027359
12700,0.4013731777667999,0.22290684282779694,0.05953511223196983,-0.011631431989371777,-0.025806549936532974,-0.005437077954411507,-0.05947475507855415,-0.038827523589134216,0.06344809383153915,0.06662342697381973
12720,0.40137848258018494,0.2229813188314438,0.05962592735886574,-0.011679903604090214,-0.025867624208331108,-0.005466192960739136,-0.059524569660425186,-0.03886062651872635,0.06151188164949417,0.073605477809906
12740,0.4014131724834442,0.22303958237171173,0.05967347323894501,-0.01174367405474186,-0.025896431878209114,-0.005476387683302164,-0.05954592302441597,-0.038900747895240784,0.06315576285123825,0.0641651377081871
12760,0.40138500928878784,0.22302177548408508,0.059673018753528595,-0.011748340912163258,-0.02596491202712059,-0.005512563977390528,-0.059599339962005615,-0.03894180804491043,0.06334410607814789,0.06377159059047699
12780,0.4013065993785858,0.2230728715658188,0.059806786477565765,-0.011775890365242958,-0.02598194219172001,-0.005536535754799843,-0.059644874185323715,-0.03897019103169441,0.061709657311439514,0.0647418200969696
12800,0.40109920501708984,0.22311435639858246,0.05983779951930046,-0.011844831518828869,-0.026020964607596397,-0.005567062646150589,-0.05970357358455658,-0.03899652883410454,0.06374189257621765,0.07773077487945557
12820,0.4014225900173187,0.2231896072626114,0.05986674129962921,-0.011869983747601509,-0.026029620319604874,-0.005562289152294397,-0.059753935784101486,-0.03903204947710037,0.06353593617677689,0.06882990896701813
12840,0.4013914167881012,0.22324061393737793,0.060057200491428375,-0.011859707534313202,-0.02604508586227894,-0.005560050252825022,-0.05980853736400604,-0.03905345872044563,0.06183777377009392,0.06310184299945831
12860,0.401410847902298,0.22316397726535797,0.060075271874666214,-0.011845345608890057,-0.02611605077981949,-0.005607730709016323,-0.05986344441771507,-0.0390840545296669,0.060732439160346985,0.0650237649679184
12880,0.4014545679092407,0.2232653945684433,0.0601201169192791,-0.011958022601902485,-0.02616771310567856,-0.0056527662090957165,-0.05992297828197479,-0.03912936523556709,0.06426390260457993,0.06740136444568634
12900,0.4014990031719208,0.22338923811912537,0.060178495943546295,-0.012008097022771835,-0.026177629828453064,-0.005660974886268377,-0.05998271703720093,-0.039164382964372635,0.061481595039367676,0.06505461037158966
12920,0.40135666728019714,0.22336474061012268,0.06025688722729683,-0.012028347700834274,-0.0262271948158741,-0.005694275256246328,-0.06005009263753891,-0.03919820114970207,0.06115036457777023,0.06519117951393127
12940,0.4013046622276306,0.22333957254886627,0.060385096818208694,-0.012023947201669216,-0.026249302551150322,-0.005709000397473574,-0.060126859694719315,-0.0392448864877224,0.06419659405946732,0.06431500613689423
12960,0.4013926684856415,0.22336702048778534,0.06041483208537102,-0.0121089993044734,-0.026313062757253647,-0.005728153977543116,-0.060184918344020844,-0.039292991161346436,0.0630427896976471,0.0654543936252594
12980,0.40139591693878174,0.22336378693580627,0.060498230159282684,-0.012148620560765266,-0.026356512680649757,-0.00575141841545701,-0.06022872403264046,-0.03932353854179382,0.06028294190764427,0.06398172676563263
13000,0.4014008939266205,0.22336718440055847,0.06053060665726662,-0.012156341224908829,-0.026368025690317154,-0.005767166614532471,-0.06027810275554657,-0.039365049451589584,0.06269488483667374,0.06816698610782623
13020,0.4014892876148224,0.22351805865764618,0.06065783649682999,-0.012247922830283642,-0.026447225362062454,-0.005811611190438271,-0.06034545227885246,-0.0394146591424942,0.06114107742905617,0.06986649334430695
13040,0.40152105689048767,0.22352848947048187,0.060738928616046906,-0.012300464324653149,-0.026463543996214867,-0.005843219347298145,-0.06037939712405205,-0.0394592322409153,0.06274254620075226,0.07166315615177155
13060,0.4014945328235626,0.22366231679916382,0.06080365553498268,-0.012372744269669056,-0.026500815525650978,-0.005853328853845596,-0.060423169285058975,-0.039482057094573975,0.0647738054394722,0.0678587555885315
13080,0.4015461504459381,0.22371259331703186,0.060862813144922256,-0.012402391992509365,-0.02653213031589985,-0.005862304475158453,-0.060475002974271774,-0.0395188108086586,0.06235266476869583,0.06391353905200958
13100,0.40135180950164795,0.22371810674667358,0.06091040000319481,-0.01243334636092186,-0.026592446491122246,-0.0058957976289093494,-0.060535646975040436,-0.03955908119678497,0.06256924569606781,0.06391171365976334
13120,0.4014090895652771,0.2237461656332016,0.061041150242090225,-0.012386715039610863,-0.026616860181093216,-0.005896443035453558,-0.060588009655475616,-0.039585791528224945,0.0620356947183609,0.06574764847755432
13140,0.40154874324798584,0.22370024025440216,0.061104916036129,-0.012426940724253654,-0.02669043093919754,-0.005913052707910538,-0.060647230595350266,-0.03961346298456192,0.06360620260238647,0.06285954266786575
13160,0.4015437364578247,0.22361302375793457,0.06109756976366043,-0.012434806674718857,-0.026705780997872353,-0.005931642837822437,-0.060716401785612106,-0.03963535279035568,0.062176089733839035,0.06514621526002884
13180,0.40163612365722656,0.22366271913051605,0.06124924123287201,-0.01243630237877369,-0.026725465431809425,-0.005944039206951857,-0.06077450513839722,-0.0396604910492897,0.06346893310546875,0.0660768672823906
13200,0.40146005153656006,0.2237977236509323,0.061371978372335434,-0.012445725500583649,-0.026783879846334457,-0.005964178126305342,-0.06082867085933685,-0.03968021273612976,0.0627722516655922,0.06699468940496445
13220,0.40137624740600586,0.2237534373998642,0.06139843538403511,-0.012510523200035095,-0.026829157024621964,-0.005993593018501997,-0.060881357640028,-0.039728663861751556,0.06546805053949356,0.06720449775457382
13240,0.4014642536640167,0.22382239997386932,0.061515338718891144,-0.012524379417300224,-0.026886485517024994,-0.006030435208231211,-0.06093508377671242,-0.039762578904628754,0.061031125485897064,0.07042858004570007
13260,0.4015332758426666,0.2238694280385971,0.06147356331348419,-0.012566598132252693,-0.026978740468621254,-0.006046935450285673,-0.06099645793437958,-0.03978653624653816,0.064949631690979,0.07242593169212341
13280,0.4015311300754547,0.2239128202199936,0.06158633902668953,-0.012613579630851746,-0.02704056166112423,-0.006060542073100805,-0.061050523072481155,-0.03982893005013466,0.06310306489467621,0.06900446116924286
13300,0.4016532003879547,0.22398878633975983,0.06169668212532997,-0.01259749848395586,-0.027086922898888588,-0.006079587619751692,-0.06110520288348198,-0.03985258564352989,0.06365416198968887,0.06405922025442123
13320,0.4015893340110779,0.22409005463123322,0.061776332557201385,-0.012622397392988205,-0.027128223329782486,-0.006098039913922548,-0.06115616858005524,-0.03987741097807884,0.061585329473018646,0.0644831657409668
13340,0.40158796310424805,0.22413423657417297,0.06185857206583023,-0.012663189321756363,-0.02717440202832222,-0.00614164536818862,-0.0612124428153038,-0.03991730511188507,0.062205974012613297,0.06600814312696457
13360,0.401542603969574,0.2241077423095703,0.061844613403081894,-0.012735744938254356,-0.027220264077186584,-0.006151628214865923,-0.06126518175005913,-0.03995188698172569,0.06140707805752754,0.06464683264493942
13380,0.40156760811805725,0.22404737770557404,0.06193416938185692,-0.012753118760883808,-0.027219533920288086,-0.0062002516351640224,-0.06131104752421379,-0.039971575140953064,0.059764184057712555,0.06334185600280762
13400,0.4015038013458252,0.22406643629074097,0.06196494773030281,-0.012838353402912617,-0.02726374752819538,-0.006210974417626858,-0.06136878952383995,-0.03999873250722885,0.06314940750598907,0.06355966627597809
13420,0.40147435665130615,0.22405299544334412,0.06208353489637375,-0.012845262885093689,-0.02729906514286995,-0.006224685814231634,-0.06143466755747795,-0.0400339774787426,0.06322699040174484,0.06276518851518631
13440,0.401326984167099,0.22405728697776794,0.0621839202940464,-0.01287127286195755,-0.027361072599887848,-0.0062720803543925285,-0.061488162726163864,-0.04006902500987053,0.06353824585676193,0.0658905878663063
13460,0.40125757455825806,0.224149689078331,0.06228180229663849,-0.0128818079829216,-0.0273984894156456,-0.006307227537035942,-0.061551783233881,-0.040086761116981506,0.0647803246974945,0.06404410302639008
13480,0.40138670802116394,0.22416625916957855,0.06233041733503342,-0.012994568794965744,-0.027450304478406906,-0.006341650150716305,-0.061614278703927994,-0.04011296108365059,0.06031407415866852,0.06640870124101639
13500,0.40144702792167664,0.22417761385440826,0.062415603548288345,-0.013049503788352013,-0.02747732400894165,-0.0063712154515087605,-0.06165861710906029,-0.04014824330806732,0.06362675875425339,0.06510770320892334
13520,0.4015631377696991,0.22417151927947998,0.06251716613769531,-0.013040424324572086,-0.027499813586473465,-0.0063954503275454044,-0.06170604005455971,-0.04018227010965347,0.06123780086636543,0.06988150626420975
13540,0.40154770016670227,0.22419367730617523,0.06264595687389374,-0.013075360096991062,-0.02752143144607544,-0.006430877838283777,-0.06174503266811371,-0.04021584615111351,0.06125564128160477,0.06467650085687637
13560,0.4015742540359497,0.2240999937057495,0.06268591433763504,-0.013124826364219189,-0.027552181854844093,-0.0064622387290000916,-0.06179997697472572,-0.0402558259665966,0.06339224427938461,0.06691545248031616
13580,0.4016711711883545,0.22418555617332458,0.06273692846298218,-0.013134999200701714,-0.02759493514895439,-0.006498363800346851,-0.06183970347046852,-0.04029761999845505,0.06114554777741432,0.0643133595585823
13600,0.4016018807888031,0.22425830364227295,0.0628475546836853,-0.01318252831697464,-0.02763751894235611,-0.006520349532365799,-0.061888061463832855,-0.040332213044166565,0.06199031323194504,0.06401422619819641
13620,0.40171459317207336,0.22430770099163055,0.06284158676862717,-0.01318075880408287,-0.02768375165760517,-0.006517463363707066,-0.06196138635277748,-0.04036270081996918,0.061812713742256165,0.06476869434118271
13640,0.40172070264816284,0.22431214153766632,0.06292690336704254,-0.013150637038052082,-0.02768944762647152,-0.006535234395414591,-0.062017083168029785,-0.04040117934346199,0.061446573585271835,0.06445129960775375
13660,0.4016380310058594,0.22438481450080872,0.06292230635881424,-0.013168741017580032,-0.027747100219130516,-0.006551485508680344,-0.0620715469121933,-0.04042816162109375,0.060301102697849274,0.06456350535154343
13680,0.40161991119384766,0.2243962436914444,0.06288038194179535,-0.013271955773234367,-0.027804458513855934,-0.006584690883755684,-0.06211065873503685,-0.04047307372093201,0.05966848507523537,0.06328189373016357
13700,0.4015366733074188,0.22437705099582672,0.06302106380462646,-0.013329217210412025,-0.027862409129738808,-0.006588793359696865,-0.06216662749648094,-0.04050201550126076,0.06195688247680664,0.06386419385671616
13720,0.40140873193740845,0.22445642948150635,0.0631011426448822,-0.013394540175795555,-0.027876419946551323,-0.006598814390599728,-0.0622221976518631,-0.04052243381738663,0.05963777005672455,0.06303967535495758
13740,0.4014992117881775,0.22448036074638367,0.06307052075862885,-0.013491878286004066,-0.027906157076358795,-0.006632682401686907,-0.062288206070661545,-0.04055633023381233,0.062195125967264175,0.06832879781723022
13760,0.4015686511993408,0.2245168387889862,0.06312501430511475,-0.013519971631467342,-0.027950502932071686,-0.006648065522313118,-0.062329430133104324,-0.04057253897190094,0.06060017645359039,0.06859096884727478
13780,0.40158799290657043,0.22451429069042206,0.06312792003154755,-0.013561826199293137,-0.028003767132759094,-0.0066589294001460075,-0.062368955463171005,-0.04061437025666237,0.06348023563623428,0.06685241311788559
13800,0.4017660915851593,0.22460529208183289,0.06322167068719864,-0.013609243556857109,-0.028032902628183365,-0.006660269573330879,-0.062417030334472656,-0.040650758892297745,0.06105996295809746,0.0643325001001358
13820,0.40173035860061646,0.2246394008398056,0.06330011039972305,-0.013718274421989918,-0.02806023322045803,-0.0066914004273712635,-0.062457289546728134,-0.04068031162023544,0.06357017159461975,0.06336577236652374
13840,0.4016900658607483,0.2246723473072052,0.06329522281885147,-0.013717208988964558,-0.028093693777918816,-0.006700202357023954,-0.06250720471143723,-0.04070572182536125,0.06144288554787636,0.06308326125144958
13860,0.4014749228954315,0.2246609926223755,0.06333290040493011,-0.013815289363265038,-0.028161685913801193,-0.006743055302649736,-0.06254532188177109,-0.04074307531118393,0.06124747171998024,0.0639573410153389
13880,0.40153005719184875,0.22470569610595703,0.06339287757873535,-0.013940868899226189,-0.028199568390846252,-0.006801236886531115,-0.06260203570127487,-0.04078793525695801,0.06197578087449074,0.06352664530277252
13900,0.4015505313873291,0.224730983376503,0.06347174942493439,-0.013915346935391426,-0.028220226988196373,-0.006829248741269112,-0.06264356523752213,-0.04082177206873894,0.06052554026246071,0.06368982046842575
13920,0.40161988139152527,0.22462472319602966,0.06353525817394257,-0.013878739438951015,-0.028264718130230904,-0.0068649062886834145,-0.06269211322069168,-0.0408550500869751,0.0600014328956604,0.06291669607162476
13940,0.40162187814712524,0.2246711254119873,0.06363553553819656,-0.013869822025299072,-0.02832816168665886,-0.006869689095765352,-0.06273847818374634,-0.04086994007229805,0.0626317709684372,0.07077153772115707
13960,0.40161454677581787,0.2247782051563263,0.06369679421186447,-0.013912959024310112,-0.02836740016937256,-0.006884430535137653,-0.06279946863651276,-0.04089478775858879,0.059944942593574524,0.06268967688083649
13980,0.4016418755054474,0.22475548088550568,0.06375870853662491,-0.01392152439802885,-0.028438923880457878,-0.006917060352861881,-0.06284723430871964,-0.04093465581536293,0.06167939305305481,0.06945700943470001
14000,0.40161004662513733,0.22484856843948364,0.06380113959312439,-0.013937979005277157,-0.028499670326709747,-0.006937636528164148,-0.06292887032032013,-0.04096705839037895,0.06048561632633209,0.06402232497930527
14020,0.40159231424331665,0.22490929067134857,0.06383078545331955,-0.013964270241558552,-0.028513852506875992,-0.0069446018896996975,-0.06298400461673737,-0.040994055569171906,0.06010690703988075,0.06364758312702179
14040,0.4015485644340515,0.22491276264190674,0.06387566775083542,-0.013951798900961876,-0.028594663366675377,-0.00698489835485816,-0.0630369782447815,-0.04103490710258484,0.061242878437042236,0.0650823563337326
14060,0.40157777070999146,0.22504830360412598,0.0640026107430458,-0.014018896967172623,-0.028614314272999763,-0.006997412536293268,-0.0631030723452568,-0.04107460007071495,0.058452755212783813,0.06770041584968567
14080,0.40154606103897095,0.22502845525741577,0.06408152729272842,-0.014031116850674152,-0.028625382110476494,-0.007004607934504747,-0.06314891576766968,-0.0411040335893631,0.06451402604579926,0.06581827998161316
14100,0.4015684127807617,0.22499625384807587,0.06417351216077805,-0.014061011373996735,-0.02864396944642067,-0.0070292167365550995,-0.06319157779216766,-0.041140466928482056,0.06259719282388687,0.06250176578760147
14120,0.40158727765083313,0.22500403225421906,0.06431158632040024,-0.01409786008298397,-0.028671087697148323,-0.007060707081109285,-0.0632309541106224,-0.04117398336529732,0.059879522770643234,0.06390227377414703
14140,0.40157201886177063,0.2249360829591751,0.06439225375652313,-0.014109485782682896,-0.028727801516652107,-0.007088146638125181,-0.06328084319829941,-0.041215140372514725,0.06026662886142731,0.06609663367271423
14160,0.4015113115310669,0.22495391964912415,0.06443522870540619,-0.014100860804319382,-0.02881690301001072,-0.00712828291580081,-0.06333375722169876,-0.041257575154304504,0.06048572063446045,0.06167446821928024
14180,0.40136563777923584,0.2250969111919403,0.06450429558753967,-0.01413971371948719,-0.02889462746679783,-0.007170921191573143,-0.0633947104215622,-0.04130399599671364,0.06114502251148224,0.0672089159488678
14200,0.4013863503932953,0.22510364651679993,0.06455286592245102,-0.014161309227347374,-0.02894139662384987,-0.007178719155490398,-0.06343482434749603,-0.04133687913417816,0.059900421649217606,0.06351029872894287
14220,0.4014029800891876,0.22523316740989685,0.06456095725297928,-0.014254397712647915,-0.028973940759897232,-0.007185285910964012,-0.06347476691007614,-0.04136919230222702,0.05873001366853714,0.06412572413682938
14240,0.4013042151927948,0.2252177894115448,0.06462177634239197,-0.014221122488379478,-0.02903965301811695,-0.007202914450317621,-0.06353672593832016,-0.04139197617769241,0.061721451580524445,0.06197791174054146
14260,0.40130162239074707,0.22522805631160736,0.06465262174606323,-0.014240734279155731,-0.02909371815621853,-0.007215225603431463,-0.0635901615023613,-0.04141608998179436,0.05950849875807762,0.06353023648262024
14280,0.40134063363075256,0.22526952624320984,0.06466848403215408,-0.014253485016524792,-0.029113013297319412,-0.007228232454508543,-0.06365260481834412,-0.04145202413201332,0.058749403804540634,0.06727557629346848
14300,0.4012974798679352,0.2252720445394516,0.0647149607539177,-0.014318281784653664,-0.02913971059024334,-0.007263693027198315,-0.0636977106332779,-0.041485581547021866,0.06001630797982216,0.06349784135818481
14320,0.40125608444213867,0.22539129853248596,0.06475739926099777,-0.014371504075825214,-0.029195116832852364,-0.0073105404153466225,-0.06372412294149399,-0.04152342304587364,0.05916149169206619,0.06368200480937958
14340,0.4012584984302521,0.2254738062620163,0.06480491906404495,-0.014416798949241638,-0.02924479730427265,-0.007327541243284941,-0.06377388536930084,-0.04155108705163002,0.06055227294564247,0.06353975832462311
14360,0.40127548575401306,0.22542142868041992,0.06488802284002304,-0.014463383704423904,-0.029310083016753197,-0.007341009099036455,-0.06383021175861359,-0.0415724515914917,0.06155683100223541,0.06598447263240814
14380,0.40127402544021606,0.22542212903499603,0.06497209519147873,-0.014464759267866611,-0.029363855719566345,-0.0073707085102796555,-0.06386933475732803,-0.0415961854159832,0.06070846691727638,0.06512244790792465
14400,0.4012448787689209,0.2254560887813568,0.0650629997253418,-0.014520445838570595,-0.029394639655947685,-0.0074402689933776855,-0.06391580402851105,-0.04164358228445053,0.06139682978391647,0.06663490831851959
14420,0.40126553177833557,0.22548608481884003,0.06512586027383804,-0.014551028609275818,-0.029409583657979965,-0.007454336155205965,-0.06395108997821808,-0.041677866131067276,0.06153734773397446,0.06354883313179016
14440,0.4012562930583954,0.22558511793613434,0.06522025913000107,-0.01461388636380434,-0.02946723997592926,-0.00747336121276021,-0.0640069842338562,-0.041717447340488434,0.061496466398239136,0.06270300596952438
14460,0.40129315853118896,0.2255157232284546,0.06520649045705795,-0.014612091705203056,-0.029483096674084663,-0.007493266370147467,-0.06403812766075134,-0.04175527021288872,0.05814747512340546,0.06822921335697174
14480,0.40128690004348755,0.22556845843791962,0.06518897414207458,-0.014631647616624832,-0.02947414480149746,-0.007537112571299076,-0.06407205015420914,-0.04178101196885109,0.06051679700613022,0.06693549454212189
14500,0.40126436948776245,0.2256525754928589,0.06535220891237259,-0.01465279795229435,-0.029490571469068527,-0.007559007499366999,-0.06413194537162781,-0.04181833192706108,0.06014154478907585,0.06406398117542267
14520,0.40129444003105164,0.22573262453079224,0.06536398828029633,-0.014706888236105442,-0.02955722250044346,-0.007549924310296774,-0.06418299674987793,-0.04184986278414726,0.0606042817234993,0.06740470230579376
14540,0.40119925141334534,0.22574198246002197,0.06540876626968384,-0.014716288074851036,-0.029614321887493134,-0.007573654875159264,-0.06422159820795059,-0.04188605025410652,0.060518134385347366,0.06384691596031189
14560,0.40109947323799133,0.22588108479976654,0.06544164568185806,-0.014745640568435192,-0.02965839020907879,-0.007596504874527454,-0.06427071988582611,-0.041910286992788315,0.05945689603686333,0.0630643367767334
14580,0.4012075364589691,0.22586022317409515,0.0655231922864914,-0.014749393798410892,-0.02972290851175785,-0.007640852592885494,-0.0643247738480568,-0.04194718226790428,0.05742719769477844,0.06611771881580353
14600,0.4010016918182373,0.22578296065330505,0.06561336666345596,-0.01484710443764925,-0.02978927455842495,-0.007678274065256119,-0.06437130272388458,-0.04198693484067917,0.060041844844818115,0.06478181481361389
14620,0.4011625647544861,0.22579096257686615,0.06563248485326767,-0.014824502170085907,-0.029800910502672195,-0.007684351876378059,-0.06442675739526749,-0.042025983333587646,0.06089828908443451,0.06181511655449867
14640,0.4009220004081726,0.2258000373840332,0.065666563808918,-0.0147984204813838,-0.029865650460124016,-0.007674444001168013,-0.06447561830282211,-0.04205241799354553,0.05953884497284889,0.062497980892658234
14660,0.4009149968624115,0.22591011226177216,0.06569713354110718,-0.014824813231825829,-0.029920682311058044,-0.007705289870500565,-0.06453382968902588,-0.04208994656801224,0.059210408478975296,0.06252071261405945
14680,0.4008277356624603,0.22587266564369202,0.0657564103603363,-0.014895807020366192,-0.02994523011147976,-0.007734346203505993,-0.06458471715450287,-0.042127661406993866,0.05929771810770035,0.06253986805677414
14700,0.4009067714214325,0.226029634475708,0.06581348925828934,-0.01487757358700037,-0.029989682137966156,-0.007751337252557278,-0.06462312489748001,-0.042154308408498764,0.05992024391889572,0.063811756670475
14720,0.4009232819080353,0.22606873512268066,0.06584832817316055,-0.014923777431249619,-0.03004378452897072,-0.007795022334903479,-0.06465919315814972,-0.04218539968132973,0.06007213518023491,0.06323160231113434
14740,0.4010641872882843,0.2261471301317215,0.06592413783073425,-0.014983825385570526,-0.03008195012807846,-0.007835093885660172,-0.0646967664361,-0.04221457988023758,0.06127685680985451,0.06556201726198196
14760,0.4009764790534973,0.2261306643486023,0.06596864759922028,-0.015009554103016853,-0.030085599049925804,-0.007865097373723984,-0.06474382430315018,-0.042243342846632004,0.061872001737356186,0.06300012767314911
14780,0.4009028971195221,0.22609300911426544,0.06598993390798569,-0.015032893046736717,-0.030132431536912918,-0.007880223914980888,-0.06477507948875427,-0.0422794483602047,0.06193569675087929,0.06359104067087173
14800,0.40104952454566956,0.22620829939842224,0.06610792875289917,-0.015030608512461185,-0.0301902387291193,-0.007886674255132675,-0.06481834501028061,-0.042318593710660934,0.05795983225107193,0.061461128294467926
14820,0.4010838270187378,0.2262105494737625,0.06612890958786011,-0.015057312324643135,-0.03023567795753479,-0.007913989014923573,-0.06485690921545029,-0.042338769882917404,0.05852465331554413,0.06354038417339325
14840,0.40108251571655273,0.22626663744449615,0.06616152822971344,-0.01507551223039627,-0.030261144042015076,-0.00791892223060131,-0.0648796334862709,-0.04237319156527519,0.05832601711153984,0.061563726514577866
14860,0.4009619951248169,0.226352259516716,0.06621722877025604,-0.015077763237059116,-0.030312320217490196,-0.007934491150081158,-0.06492011994123459,-0.04241616651415825,0.0590178407728672,0.06170051172375679
14880,0.4009597897529602,0.2263239473104477,0.06629537791013718,-0.015146512538194656,-0.030362799763679504,-0.007977914065122604,-0.06495336443185806,-0.04246240854263306,0.060326844453811646,0.06660417467355728
14900,0.4010627269744873,0.22644712030887604,0.06640531867742538,-0.015153516083955765,-0.03039492666721344,-0.007991773076355457,-0.06500040739774704,-0.042487502098083496,0.06170051917433739,0.06334498524665833
14920,0.4010894298553467,0.22639621794223785,0.06643195450305939,-0.01519711408764124,-0.0304540004581213,-0.00801177229732275,-0.06504595279693604,-0.04251740127801895,0.05804454907774925,0.06393326073884964
14940,0.40126022696495056,0.2264566421508789,0.06651993840932846,-0.015248055569827557,-0.030487574636936188,-0.008050385862588882,-0.06510110944509506,-0.04254467785358429,0.06256160140037537,0.0671335905790329
14960,0.40103578567504883,0.22648106515407562,0.06662528961896896,-0.015319625847041607,-0.030535288155078888,-0.008068148978054523,-0.06514082103967667,-0.04256557300686836,0.059699174016714096,0.062157534062862396
14980,0.4009646475315094,0.2264648973941803,0.06665845960378647,-0.015289666131138802,-0.03054545819759369,-0.008088218048214912,-0.06518452614545822,-0.04258575290441513,0.06060127168893814,0.06679988652467728
15000,0.40104052424430847,0.22655554115772247,0.06670819967985153,-0.015358997508883476,-0.030570264905691147,-0.008150922134518623,-0.0652402713894844,-0.0426228791475296,0.060587041079998016,0.06291280686855316
15020,0.40095797181129456,0.2265072762966156,0.0666767954826355,-0.015384200029075146,-0.0306090135127306,-0.008188717998564243,-0.06529755890369415,-0.042661331593990326,0.058394115418195724,0.0656823143362999
15040,0.40092933177948,0.22644992172718048,0.0666925236582756,-0.015462485142052174,-0.03063969500362873,-0.008223923854529858,-0.06535521894693375,-0.042689669877290726,0.06150898337364197,0.06407266855239868
15060,0.40083783864974976,0.22659283876419067,0.06678754091262817,-0.015463710762560368,-0.03066064417362213,-0.008224240504205227,-0.0654168501496315,-0.042707450687885284,0.05944609269499779,0.06265872716903687
15080,0.40092676877975464,0.22658228874206543,0.06672851741313934,-0.015484104864299297,-0.030688351020216942,-0.008234649896621704,-0.06545935571193695,-0.042744625359773636,0.06276742368936539,0.06310585886240005
15100,0.4008468687534332,0.2266814410686493,0.06679146736860275,-0.015437804162502289,-0.03073257766664028,-0.008254216983914375,-0.06550128757953644,-0.04276653379201889,0.06135975942015648,0.06350287050008774
15120,0.40096789598464966,0.2266712784767151,0.06685156375169754,-0.015465160831809044,-0.030755646526813507,-0.008261486887931824,-0.06554420292377472,-0.04279252141714096,0.05860292911529541,0.06190703064203262
15140,0.4008641541004181,0.22666828334331512,0.06686617434024811,-0.015493754297494888,-0.03079860657453537,-0.008272876031696796,-0.06558173894882202,-0.04281995818018913,0.06010587513446808,0.06383239477872849
15160,0.40077608823776245,0.2266630232334137,0.06686471402645111,-0.015466883778572083,-0.03083726018667221,-0.008313922211527824,-0.06563638150691986,-0.042850956320762634,0.05955441668629646,0.06770819425582886
15180,0.4007900357246399,0.22674164175987244,0.06699187308549881,-0.015464776195585728,-0.030875535681843758,-0.008323440328240395,-0.06568564474582672,-0.04287635535001755,0.05940806493163109,0.06928016245365143
15200,0.40094366669654846,0.22677838802337646,0.06701714545488358,-0.015533887781202793,-0.03093559853732586,-0.008341364562511444,-0.06573846936225891,-0.04292156174778938,0.060249458998441696,0.06136396527290344
15220,0.4008987247943878,0.22680756449699402,0.06706163287162781,-0.015581642277538776,-0.03092137537896633,-0.00835363194346428,-0.06577339768409729,-0.042944200336933136,0.058077577501535416,0.06216033175587654
15240,0.40086647868156433,0.2267657369375229,0.06708287447690964,-0.01565520092844963,-0.030981848016381264,-0.008385580033063889,-0.06583346426486969,-0.04297913238406181,0.05944972485303879,0.06625818461179733
15260,0.40091416239738464,0.2266993224620819,0.06716068089008331,-0.015703275799751282,-0.031041430309414864,-0.008429127745330334,-0.06586925685405731,-0.04300734028220177,0.059198394417762756,0.06172987073659897
15280,0.40102022886276245,0.22674179077148438,0.06716570258140564,-0.015702255070209503,-0.031130269169807434,-0.008457302115857601,-0.06591818481683731,-0.04302863031625748,0.05881958827376366,0.06636399775743484
15300,0.40093186497688293,0.22673232853412628,0.06722190976142883,-0.01574692688882351,-0.031179169192910194,-0.00850718840956688,-0.06598344445228577,-0.04305117204785347,0.060822147876024246,0.0636984258890152
15320,0.4009493589401245,0.22673721611499786,0.0673641711473465,-0.0157590564340353,-0.031194139271974564,-0.008535651490092278,-0.06604018062353134,-0.04307638481259346,0.06079185754060745,0.06296368688344955
15340,0.40084168314933777,0.22674858570098877,0.06733863800764084,-0.015842167660593987,-0.03124329261481762,-0.00855670403689146,-0.06609763205051422,-0.043103624135255814,0.058231960982084274,0.061865802854299545
15360,0.4008137285709381,0.22684083878993988,0.06740765273571014,-0.015813123434782028,-0.03128715977072716,-0.008580905385315418,-0.06614673882722855,-0.043130792677402496,0.06019528582692146,0.06253643333911896
15380,0.4007890820503235,0.22687271237373352,0.06748419255018234,-0.01580039970576763,-0.03131204843521118,-0.00858356710523367,-0.06619410961866379,-0.04316055774688721,0.060234133154153824,0.06247664988040924
15400,0.4007355868816376,0.22686752676963806,0.06756686419248581,-0.015771828591823578,-0.031357377767562866,-0.008588595315814018,-0.06625691056251526,-0.04318373650312424,0.05949748679995537,0.06192653998732567
15420,0.40082094073295593,0.22693151235580444,0.06760123372077942,-0.01580420881509781,-0.03137858211994171,-0.008617318235337734,-0.0663129910826683,-0.0432090163230896,0.05862295255064964,0.061497341841459274
15440,0.40090274810791016,0.2269686609506607,0.0676601380109787,-0.015813739970326424,-0.03142653778195381,-0.008625875227153301,-0.06637310236692429,-0.043230436742305756,0.06002677604556084,0.06580109149217606
15460,0.4009813070297241,0.22702845931053162,0.06773311644792557,-0.015833377838134766,-0.031459514051675797,-0.008620399050414562,-0.06641553342342377,-0.04324659705162048,0.059425126761198044,0.062224410474300385
15480,0.4009925425052643,0.2269516885280609,0.06778652220964432,-0.01588517241179943,-0.03150973841547966,-0.00863605085760355,-0.06646963208913803,-0.04326643794775009,0.05995198339223862,0.06345900148153305
15500,0.4010344445705414,0.22695383429527283,0.06783777475357056,-0.015899570658802986,-0.0315265953540802,-0.00866011530160904,-0.06652504950761795,-0.04329830780625343,0.059653863310813904,0.06216031685471535
15520,0.4009666442871094,0.22696837782859802,0.06790575385093689,-0.015974396839737892,-0.03159434720873833,-0.008671823889017105,-0.06657519936561584,-0.0433313213288784,0.05864030867815018,0.06444749981164932
15540,0.40096402168273926,0.2269178330898285,0.0678422674536705,-0.016044916585087776,-0.03162325918674469,-0.008695707656443119,-0.06659773737192154,-0.043373122811317444,0.060815129429101944,0.06405018270015717
15560,0.4008105397224426,0.2270049899816513,0.06790471076965332,-0.01610865630209446,-0.03170894458889961,-0.008730307221412659,-0.0666358545422554,-0.04341451823711395,0.059551239013671875,0.06815064698457718
15580,0.40071243047714233,0.22696596384048462,0.06808387488126755,-0.016155065968632698,-0.03173385187983513,-0.008778023533523083,-0.0666792243719101,-0.043447982519865036,0.057684022933244705,0.06706257164478302
15600,0.400655061006546,0.22695352137088776,0.06811599433422089,-0.01617741584777832,-0.03176027163863182,-0.008809888735413551,-0.06672797352075577,-0.04348728060722351,0.05713379755616188,0.06299243867397308
15620,0.40072059631347656,0.22696532309055328,0.06815089285373688,-0.01617969386279583,-0.031803980469703674,-0.008819014765322208,-0.06677185744047165,-0.04353110119700432,0.06084362417459488,0.06309094280004501
15640,0.4007832705974579,0.22694844007492065,0.0681537315249443,-0.016254695132374763,-0.03187311068177223,-0.008827121928334236,-0.06680519878864288,-0.043556418269872665,0.059302568435668945,0.06801779568195343
15660,0.40087705850601196,0.22699719667434692,0.06828566640615463,-0.016238531097769737,-0.031880348920822144,-0.00883879978209734,-0.06684418022632599,-0.04358573257923126,0.06020968779921532,0.06337571144104004
15680,0.40088117122650146,0.22703665494918823,0.06827198714017868,-0.016336441040039062,-0.031925100833177567,-0.00885793101042509,-0.06689675897359848,-0.04362864047288895,0.05990148335695267,0.06276172399520874
15700,0.4008813798427582,0.22704093158245087,0.06834404915571213,-0.016371751204133034,-0.03195389732718468,-0.008884488604962826,-0.06694495677947998,-0.04365382716059685,0.058367203921079636,0.06418408453464508
15720,0.4008133113384247,0.22700674831867218,0.06838489323854446,-0.016423195600509644,-0.03202343359589577,-0.008891289122402668,-0.06699305027723312,-0.04369200021028519,0.05902089178562164,0.0630805492401123
15740,0.4008471667766571,0.22703179717063904,0.06847190856933594,-0.016459409147500992,-0.03207032382488251,-0.00889816414564848,-0.06703726947307587,-0.043723590672016144,0.05988003686070442,0.06181172654032707
15760,0.40090370178222656,0.22712142765522003,0.06864538043737411,-0.01643984392285347,-0.03209523856639862,-0.008894156664609909,-0.06708798557519913,-0.043747179210186005,0.05992945656180382,0.06202923133969307
15780,0.4008044898509979,0.22702768445014954,0.06864500045776367,-0.016399849206209183,-0.03213363140821457,-0.008938556537032127,-0.06713014841079712,-0.04375889524817467,0.057849518954753876,0.062257133424282074
15800,0.4007754921913147,0.22700802981853485,0.06868793070316315,-0.01649528741836548,-0.032192278653383255,-0.00895729660987854,-0.06716358661651611,-0.04380060359835625,0.06363959610462189,0.0626525804400444
15820,0.400656133890152,0.22697392106056213,0.068769671022892,-0.016557281836867332,-0.032223332673311234,-0.008965306915342808,-0.06719493865966797,-0.04384119063615799,0.05708133056759834,0.06421147286891937
15840,0.400580495595932,0.2270137369632721,0.06883969157934189,-0.016572803258895874,-0.032240260392427444,-0.008986691012978554,-0.06724356859922409,-0.04388081282377243,0.05845768004655838,0.06470545381307602
15860,0.4006366431713104,0.22700785100460052,0.06881196051836014,-0.01653103157877922,-0.032288141548633575,-0.009047523140907288,-0.06730177253484726,-0.04391077533364296,0.058975908905267715,0.061630189418792725
15880,0.4005987048149109,0.22701206803321838,0.06879677623510361,-0.016570517793297768,-0.03232447803020477,-0.00904843956232071,-0.06735091656446457,-0.04394586384296417,0.060559552162885666,0.06276459991931915
15900,0.40066227316856384,0.22703048586845398,0.06890640407800674,-0.016637243330478668,-0.03235284611582756,-0.009080292657017708,-0.06741651892662048,-0.04398275911808014,0.058866847306489944,0.06230772286653519
15920,0.40055087208747864,0.22698625922203064,0.06892867386341095,-0.016605500131845474,-0.0324208065867424,-0.00912828091531992,-0.06746222823858261,-0.04400866851210594,0.05738399177789688,0.06496413052082062
15940,0.40045011043548584,0.2269774228334427,0.06891582906246185,-0.016626212745904922,-0.03248318284749985,-0.009171106852591038,-0.06750204414129257,-0.04402436316013336,0.058550409972667694,0.06226280331611633
15960,0.4003712236881256,0.22697359323501587,0.06895565986633301,-0.016593649983406067,-0.03254720941185951,-0.00919632613658905,-0.06754419952630997,-0.04404845088720322,0.0557868517935276,0.06363189965486526
15980,0.4003835618495941,0.2270193099975586,0.06893051415681839,-0.01662881299853325,-0.032590318471193314,-0.009190289303660393,-0.06759831309318542,-0.044069014489650726,0.06128077208995819,0.06322834640741348
16000,0.4002789855003357,0.22702009975910187,0.06905904412269592,-0.016635002568364143,-0.032635532319545746,-0.009208190254867077,-0.06765057891607285,-0.044101156294345856,0.05769995227456093,0.06260190159082413
16020,0.4002820551395416,0.22707810997962952,0.06913046538829803,-0.01662430353462696,-0.03267459198832512,-0.009232630953192711,-0.06769799441099167,-0.04413682967424393,0.05808442085981369,0.06370596587657928
16040,0.40028950572013855,0.22710677981376648,0.06917564570903778,-0.016723042353987694,-0.03272194042801857,-0.009265469387173653,-0.06775496155023575,-0.04417341575026512,0.059178125113248825,0.06193622201681137
16060,0.40031182765960693,0.2270238697528839,0.06916849315166473,-0.016776064410805702,-0.032780829817056656,-0.009288853965699673,-0.06780532747507095,-0.044199418276548386,0.05846656113862991,0.06139710173010826
16080,0.4003180265426636,0.22707849740982056,0.06927014887332916,-0.01683039404451847,-0.03284211829304695,-0.009317763149738312,-0.06785299628973007,-0.04423617199063301,0.05883819982409477,0.06330638378858566
16100,0.40034210681915283,0.2270001322031021,0.06928635388612747,-0.01689211092889309,-0.03287752345204353,-0.009361346252262592,-0.06789451092481613,-0.04426589235663414,0.05886927992105484,0.06065990775823593
16120,0.40037062764167786,0.22702467441558838,0.06933519244194031,-0.016853176057338715,-0.03292600437998772,-0.009356723167002201,-0.06794416159391403,-0.04429223760962486,0.058024317026138306,0.06164069101214409
16140,0.4004221260547638,0.226986825466156,0.06936363875865936,-0.016862984746694565,-0.03296525403857231,-0.00940428115427494,-0.06801127642393112,-0.04432905465364456,0.05891701579093933,0.06156523898243904
16160,0.40043070912361145,0.22702285647392273,0.06939632445573807,-0.01687299646437168,-0.033012375235557556,-0.009430286474525928,-0.06805183738470078,-0.04436571151018143,0.05870204418897629,0.06364081799983978
16180,0.4003951847553253,0.22706513106822968,0.06948940455913544,-0.01693231239914894,-0.03301241993904114,-0.009437913075089455,-0.0680893138051033,-0.0443866103887558,0.0564412958920002,0.06142633408308029
16200,0.40039071440696716,0.22707228362560272,0.06942067295312881,-0.017009276896715164,-0.03302790969610214,-0.009466461837291718,-0.06813830137252808,-0.044421736150979996,0.06240476667881012,0.06324752420186996
16220,0.40041691064834595,0.2270364910364151,0.06948030740022659,-0.017025252804160118,-0.03306739404797554,-0.009502051398158073,-0.06819501519203186,-0.04444805905222893,0.05816671997308731,0.0627887174487114
16240,0.4005058705806732,0.2272186279296875,0.06945759803056717,-0.017029354348778725,-0.03310948237776756,-0.009512335993349552,-0.0682460144162178,-0.044484831392765045,0.061247631907463074,0.0623105987906456
16260,0.4006159007549286,0.22726847231388092,0.06951937079429626,-0.016979575157165527,-0.03315936028957367,-0.009527777321636677,-0.06827399134635925,-0.044521018862724304,0.05585173889994621,0.06321863830089569
16280,0.4005591869354248,0.2272779941558838,0.06952642649412155,-0.016983045265078545,-0.03325371816754341,-0.009560341015458107,-0.06831701844930649,-0.04453659430146217,0.05816798657178879,0.061035677790641785
16300,0.40057462453842163,0.22726954519748688,0.06956109404563904,-0.01703019253909588,-0.03329187259078026,-0.009590806439518929,-0.0683576911687851,-0.044563230127096176,0.05916683003306389,0.06444012373685837
16320,0.40051865577697754,0.227202907204628,0.06962203234434128,-0.01704230345785618,-0.033349256962537766,-0.009615153074264526,-0.06839631497859955,-0.044601358473300934,0.05876229330897331,0.0638904944062233
16340,0.4006459414958954,0.2272549569606781,0.06969594955444336,-0.01704815775156021,-0.03336305916309357,-0.009619622491300106,-0.06842626631259918,-0.04463423788547516,0.05794522538781166,0.06694568693637848
16360,0.40055710077285767,0.2272530198097229,0.0697539746761322,-0.01706933043897152,-0.03341821953654289,-0.009625089354813099,-0.06845931708812714,-0.04466208070516586,0.05758468806743622,0.061653390526771545
16380,0.40053102374076843,0.22732768952846527,0.06979992240667343,-0.017183205112814903,-0.0334874652326107,-0.009666703641414642,-0.06850175559520721,-0.044684603810310364,0.05801109969615936,0.060708943754434586
16400,0.4005661904811859,0.22743475437164307,0.06998702138662338,-0.017174720764160156,-0.033524468541145325,-0.009696442633867264,-0.06855722516775131,-0.044716596603393555,0.06128733605146408,0.06384457647800446
16420,0.4007098376750946,0.2273857146501541,0.07011537253856659,-0.017210163176059723,-0.03355434909462929,-0.009726115502417088,-0.0685972049832344,-0.044762272387742996,0.05708850920200348,0.06536635011434555
16440,0.40068739652633667,0.2273520976305008,0.07013639062643051,-0.017160838469862938,-0.0335795059800148,-0.009736241772770882,-0.06863276660442352,-0.044804930686950684,0.057101450860500336,0.06145552545785904
16460,0.40058615803718567,0.22740237414836884,0.07012609392404556,-0.017223084345459938,-0.03364313021302223,-0.009789790026843548,-0.0686703696846962,-0.044841524213552475,0.060271989554166794,0.061333753168582916
16480,0.4006800949573517,0.227387472987175,0.07011586427688599,-0.017286883667111397,-0.033653829246759415,-0.009815800003707409,-0.06871949881315231,-0.04486650228500366,0.05688164383172989,0.06433414667844772
16500,0.40066373348236084,0.22736221551895142,0.07005023211240768,-0.017339037731289864,-0.03367738798260689,-0.009825466200709343,-0.06874534487724304,-0.04490737244486809,0.05705343931913376,0.06120891124010086
16520,0.40062686800956726,0.22745929658412933,0.07008751481771469,-0.017363883554935455,-0.03376185894012451,-0.009863094426691532,-0.06878794729709625,-0.04494167119264603,0.056488826870918274,0.0635705515742302
16540,0.4005392789840698,0.22756601870059967,0.07015012204647064,-0.017390519380569458,-0.03382538631558418,-0.009879868477582932,-0.06884165108203888,-0.04498552903532982,0.05809316784143448,0.06566577404737473
16560,0.4007192850112915,0.22769196331501007,0.07021508365869522,-0.017351528629660606,-0.033834315836429596,-0.009905458427965641,-0.06889879703521729,-0.04500712454319,0.05753619596362114,0.06339573860168457
16580,0.4007079303264618,0.2277451455593109,0.07031645625829697,-0.017454437911510468,-0.033908527344465256,-0.00992542039602995,-0.0689411535859108,-0.04503845050930977,0.05862591043114662,0.061623118817806244
16600,0.4007110595703125,0.22772175073623657,0.0704033151268959,-0.017419127747416496,-0.03393922373652458,-0.009960760362446308,-0.0689733549952507,-0.04506966471672058,0.056833766400814056,0.06241142749786377
16620,0.4006417393684387,0.22771218419075012,0.07049886137247086,-0.01745576784014702,-0.03394722193479538,-0.009981295093894005,-0.06900925934314728,-0.04509317874908447,0.059484317898750305,0.06734533607959747
16640,0.40043315291404724,0.2276582419872284,0.07056552171707153,-0.017512140795588493,-0.03399957716464996,-0.01000725757330656,-0.06905638426542282,-0.04512026533484459,0.059325095266103745,0.06246240437030792
16660,0.40040987730026245,0.22760485112667084,0.07061567902565002,-0.017574744299054146,-0.0340794213116169,-0.010042238049209118,-0.06910678744316101,-0.045158274471759796,0.057509418576955795,0.06448424607515335
16680,0.40036511421203613,0.2276121824979782,0.07063524425029755,-0.017663752660155296,-0.03412922844290733,-0.010083191096782684,-0.0691596120595932,-0.045193109661340714,0.058494385331869125,0.061919230967760086
16700,0.4003508388996124,0.22769422829151154,0.07073472440242767,-0.017678048461675644,-0.034157101064920425,-0.01009624358266592,-0.06918730586767197,-0.0452321358025074,0.06188296899199486,0.06096678227186203
16720,0.40037259459495544,0.22775954008102417,0.07074537873268127,-0.01771078258752823,-0.034194353967905045,-0.010140637867152691,-0.0692102313041687,-0.04525638371706009,0.059431444853544235,0.06054987758398056
16740,0.40041467547416687,0.22771716117858887,0.07081053406000137,-0.017686840146780014,-0.034236881881952286,-0.010148631408810616,-0.06923802942037582,-0.04527530446648598,0.05859990045428276,0.06155208498239517
16760,0.4003826379776001,0.2277454286813736,0.07090756297111511,-0.017704563215374947,-0.03426855802536011,-0.010153736919164658,-0.06928560137748718,-0.0452892929315567,0.05817771330475807,0.06037783622741699
16780,0.4003765881061554,0.22772961854934692,0.07083780318498611,-0.01770218275487423,-0.03430470451712608,-0.010145423002541065,-0.06933795660734177,-0.04531698673963547,0.05628068000078201,0.06017673760652542
16800,0.40023162961006165,0.22762997448444366,0.07085008174180984,-0.017743589356541634,-0.03435096517205238,-0.010196667164564133,-0.0694025307893753,-0.045349735766649246,0.05779911205172539,0.06081399321556091
16820,0.4001748263835907,0.22766894102096558,0.07091835886240005,-0.017812004312872887,-0.034361813217401505,-0.010247315280139446,-0.06947636604309082,-0.04538735747337341,0.05813188478350639,0.06062784045934677
16840,0.40006712079048157,0.22776831686496735,0.07100456953048706,-0.01787451095879078,-0.03438282012939453,-0.010243662633001804,-0.0695173591375351,-0.04542835056781769,0.0584094263613224,0.0626535415649414
16860,0.4000697433948517,0.22782588005065918,0.07102273404598236,-0.0179060660302639,-0.03444881737232208,-0.010274992324411869,-0.06957153975963593,-0.045459404587745667,0.05840719863772392,0.0611080564558506
16880,0.40015509724617004,0.22773514688014984,0.07106994837522507,-0.017898382619023323,-0.03447171300649643,-0.010319791734218597,-0.06963688880205154,-0.04549582302570343,0.05889788642525673,0.06234363839030266
16900,0.3999994695186615,0.22776751220226288,0.07114332169294357,-0.017904944717884064,-0.03451508656144142,-0.010324148461222649,-0.06968338787555695,-0.045516401529312134,0.05837985500693321,0.061219215393066406
16920,0.4000161588191986,0.22780382633209229,0.07120184600353241,-0.01797379180788994,-0.034532904624938965,-0.010344618931412697,-0.06973923742771149,-0.04555288329720497,0.05696587264537811,0.061945460736751556
16940,0.3999241292476654,0.22775180637836456,0.07126383483409882,-0.01795828528702259,-0.034557782113552094,-0.010380035266280174,-0.06978296488523483,-0.04557955265045166,0.05954314023256302,0.06617492437362671
16960,0.3998952805995941,0.22768191993236542,0.07131607830524445,-0.01797158643603325,-0.03461753949522972,-0.01041406486183405,-0.06983165442943573,-0.045608676970005035,0.0577809102833271,0.06264383345842361
16980,0.3998839557170868,0.22776402533054352,0.07138238102197647,-0.018028056249022484,-0.03462047502398491,-0.010413014329969883,-0.06987906247377396,-0.0456400103867054,0.05698513239622116,0.061369143426418304
17000,0.39984530210494995,0.2276986688375473,0.07136252522468567,-0.018062379211187363,-0.034675851464271545,-0.010452887043356895,-0.0699155330657959,-0.045665040612220764,0.05797356367111206,0.06108369678258896
17020,0.39983969926834106,0.2277427613735199,0.07136086374521255,-0.018095068633556366,-0.03470513969659805,-0.01046375185251236,-0.06995037198066711,-0.04570078104734421,0.056865986436605453,0.06252987682819366
17040,0.3999738097190857,0.22783830761909485,0.07138511538505554,-0.018161578103899956,-0.034728363156318665,-0.010458284988999367,-0.0699843317270279,-0.04573439061641693,0.05663985759019852,0.0652451366186142
17060,0.40002191066741943,0.22785301506519318,0.0714518129825592,-0.018208269029855728,-0.03477569669485092,-0.010470893234014511,-0.07003326714038849,-0.045761048793792725,0.05752367526292801,0.06637222319841385
17080,0.39997220039367676,0.22787021100521088,0.07153448462486267,-0.01820416934788227,-0.0348433293402195,-0.010496854782104492,-0.07007521390914917,-0.04579303041100502,0.05771452188491821,0.06078443303704262
17100,0.39997485280036926,0.2278231680393219,0.07159379869699478,-0.018241694197058678,-0.03487658128142357,-0.010541490279138088,-0.07012612372636795,-0.04581945389509201,0.05913563445210457,0.06075793877243996
17120,0.3999234139919281,0.22786742448806763,0.07161473482847214,-0.018268005922436714,-0.03490279242396355,-0.010564361698925495,-0.0701778307557106,-0.04584341496229172,0.05833125859498978,0.06057094782590866
17140,0.39990872144699097,0.2278713434934616,0.0716499611735344,-0.018237844109535217,-0.034923817962408066,-0.010569939389824867,-0.0702206939458847,-0.045873019844293594,0.058886218816041946,0.06102381646633148
17160,0.3999063968658447,0.22789251804351807,0.07159436494112015,-0.018312059342861176,-0.03496096283197403,-0.010583525523543358,-0.07025793194770813,-0.04590488225221634,0.060203127562999725,0.06264368444681168
17180,0.39988797903060913,0.2279054820537567,0.07166563719511032,-0.018279174342751503,-0.03495397791266441,-0.010591444559395313,-0.07030291110277176,-0.04592268913984299,0.05563271418213844,0.06470474600791931
17200,0.39987632632255554,0.22797882556915283,0.07165689766407013,-0.018279846757650375,-0.034967247396707535,-0.010625992901623249,-0.07034016400575638,-0.045953892171382904,0.05740014836192131,0.06053350865840912
17220,0.39982518553733826,0.22790533304214478,0.07163932174444199,-0.018330568447709084,-0.03497562184929848,-0.010650470852851868,-0.07038702070713043,-0.04598494991660118,0.059459179639816284,0.0611066035926342
17240,0.39982423186302185,0.2278638333082199,0.07167927920818329,-0.018332455307245255,-0.03499879688024521,-0.010673953220248222,-0.0704260915517807,-0.04600676894187927,0.05535101145505905,0.0624944269657135
17260,0.39979836344718933,0.22786268591880798,0.07181812822818756,-0.01838182844221592,-0.03501119464635849,-0.010713152587413788,-0.07046069949865341,-0.04603048041462898,0.057255640625953674,0.06559622287750244
17280,0.39997801184654236,0.22788459062576294,0.07191435992717743,-0.018464896827936172,-0.03505600988864899,-0.010726191103458405,-0.07049427926540375,-0.046069543808698654,0.05777193605899811,0.061751119792461395
17300,0.39986279606819153,0.22788242995738983,0.0719367116689682,-0.01842215284705162,-0.03509156405925751,-0.010743451304733753,-0.07052754610776901,-0.046098388731479645,0.054975710809230804,0.061545293778181076
17320,0.3998201787471771,0.22773247957229614,0.07194344699382782,-0.018441731110215187,-0.035127390176057816,-0.010791911743581295,-0.07054825127124786,-0.046125005930662155,0.05707155168056488,0.060239192098379135
17340,0.3998351991176605,0.22777016460895538,0.07202564924955368,-0.01845255307853222,-0.03516361862421036,-0.010836970061063766,-0.07056652009487152,-0.04615399241447449,0.05629127472639084,0.06276288628578186
17360,0.399829626083374,0.227739155292511,0.07204242795705795,-0.018483882769942284,-0.0351736843585968,-0.01084937248378992,-0.07060226052999496,-0.046174515038728714,0.056977808475494385,0.060217030346393585
17380,0.3997892141342163,0.22775937616825104,0.07204487919807434,-0.01859002374112606,-0.03519393131136894,-0.010879862122237682,-0.07065930217504501,-0.046196527779102325,0.058371856808662415,0.06605752557516098
17400,0.39962130784988403,0.22779737412929535,0.07205207645893097,-0.018558578565716743,-0.03523937240242958,-0.010893478989601135,-0.07070695608854294,-0.046228498220443726,0.0569491907954216,0.060938846319913864
17420,0.3997093737125397,0.2279038429260254,0.07215827703475952,-0.018575314432382584,-0.03523930162191391,-0.010922431945800781,-0.07073897123336792,-0.046249181032180786,0.056186456233263016,0.062069568783044815
17440,0.3995741903781891,0.22790518403053284,0.07222402840852737,-0.018584273755550385,-0.03529251739382744,-0.010934334248304367,-0.0707666426897049,-0.04627886414527893,0.05847880616784096,0.06344548612833023
17460,0.39956873655319214,0.22787301242351532,0.07225058972835541,-0.01861840859055519,-0.035334762185811996,-0.010968556627631187,-0.0708061009645462,-0.046325311064720154,0.05444101244211197,0.0603543221950531
17480,0.39954623579978943,0.22794659435749054,0.07232489436864853,-0.01856241561472416,-0.0353543683886528,-0.010964802466332912,-0.0708446279168129,-0.04636001959443092,0.05576030910015106,0.06272460520267487
17500,0.39955827593803406,0.22798006236553192,0.07230652123689651,-0.018561378121376038,-0.03541376069188118,-0.010991740971803665,-0.07090726494789124,-0.04639321193099022,0.05603897199034691,0.06242167949676514
17520,0.3995027244091034,0.22798414528369904,0.07244548946619034,-0.018504979088902473,-0.035443015396595,-0.011005500331521034,-0.07095188647508621,-0.04643091559410095,0.059942346066236496,0.06155404448509216
17540,0.39951521158218384,0.22803859412670135,0.07250750064849854,-0.01863466016948223,-0.03548534959554672,-0.011058030650019646,-0.07099462300539017,-0.04646904766559601,0.059341445565223694,0.06059589236974716
17560,0.399493545293808,0.22806178033351898,0.07256094366312027,-0.018678782507777214,-0.03553013503551483,-0.0110971350222826,-0.07103045284748077,-0.046496715396642685,0.05859459936618805,0.06187265366315842
17580,0.3994666337966919,0.22810393571853638,0.07252967357635498,-0.018687600269913673,-0.035551175475120544,-0.011151687242090702,-0.07108216732740402,-0.046526480466127396,0.05664489418268204,0.0607384517788887
17600,0.39928850531578064,0.22809191048145294,0.07253739982843399,-0.018679654225707054,-0.03562157228589058,-0.011202932335436344,-0.0711250975728035,-0.046550095081329346,0.05678963661193848,0.06094569340348244
17620,0.3993298411369324,0.22807125747203827,0.0725521445274353,-0.018650854006409645,-0.035636503249406815,-0.011224769055843353,-0.07116881757974625,-0.04656273499131203,0.058099549263715744,0.06356577575206757
17640,0.39935943484306335,0.22815625369548798,0.07270801067352295,-0.018659623339772224,-0.03564685583114624,-0.011246397159993649,-0.07121486216783524,-0.04658452793955803,0.05876119062304497,0.060761403292417526
17660,0.39924994111061096,0.22808896005153656,0.07272784411907196,-0.018724804744124413,-0.035667307674884796,-0.011288116686046124,-0.07124631851911545,-0.046624016016721725,0.059055980294942856,0.06055016815662384
17680,0.3992050886154175,0.2280692458152771,0.07273968309164047,-0.01883341744542122,-0.035734571516513824,-0.011312806978821754,-0.07128532230854034,-0.046652935445308685,0.054283447563648224,0.06138890981674194
17700,0.3991435468196869,0.22809535264968872,0.0728195458650589,-0.0187725480645895,-0.0357486717402935,-0.011339188553392887,-0.0713253915309906,-0.04667866975069046,0.057206638157367706,0.061082419008016586
17720,0.39908432960510254,0.2280629575252533,0.07284156233072281,-0.018832586705684662,-0.035823602229356766,-0.01137938816100359,-0.07137741148471832,-0.04672519117593765,0.05643773823976517,0.05961507186293602
17740,0.3991454839706421,0.22811293601989746,0.07291407138109207,-0.018845820799469948,-0.03585338592529297,-0.011388852261006832,-0.07143456488847733,-0.04676295071840286,0.05626092106103897,0.06180821731686592
17760,0.39924734830856323,0.22813153266906738,0.07293431460857391,-0.018916316330432892,-0.035916268825531006,-0.011427115648984909,-0.07146919518709183,-0.04679274931550026,0.05859828740358353,0.06121080368757248
17780,0.39922770857810974,0.22812427580356598,0.07299849390983582,-0.018875259906053543,-0.035938698798418045,-0.011434834450483322,-0.07151617109775543,-0.046814218163490295,0.0573766827583313,0.06389996409416199
17800,0.399411678314209,0.22811537981033325,0.07289555668830872,-0.01898134872317314,-0.03598978742957115,-0.011453548446297646,-0.07154180854558945,-0.04685598611831665,0.05895360931754112,0.05977997928857803
17820,0.3994608521461487,0.22820201516151428,0.07300496101379395,-0.019014354795217514,-0.036032624542713165,-0.011454698629677296,-0.07158470898866653,-0.046885885298252106,0.05680069327354431,0.05984580144286156
17840,0.3994626998901367,0.2281998246908188,0.0731036588549614,-0.01903706043958664,-0.03607584163546562,-0.011450465768575668,-0.07161137461662292,-0.0469239242374897,0.05442477762699127,0.061784274876117706
17860,0.3994848430156708,0.2282206416130066,0.07315589487552643,-0.01902192085981369,-0.03610736504197121,-0.01147625595331192,-0.07164661586284637,-0.04695853218436241,0.05716868117451668,0.06345921754837036
17880,0.3994264602661133,0.22827358543872833,0.07319525629281998,-0.01908423751592636,-0.03616517037153244,-0.011505150236189365,-0.07169337570667267,-0.046996526420116425,0.05678016319870949,0.06284913420677185
17900,0.39950963854789734,0.22831383347511292,0.07326173037290573,-0.019143566489219666,-0.03622054681181908,-0.01155549380928278,-0.07171820849180222,-0.04703458771109581,0.057741712778806686,0.06269091367721558
17920,0.39946115016937256,0.22829852998256683,0.07334186881780624,-0.01910695619881153,-0.03628945350646973,-0.011601092293858528,-0.07174594700336456,-0.04705991968512535,0.055939752608537674,0.059855155646800995
17940,0.3994509279727936,0.22829143702983856,0.07338206470012665,-0.019070684909820557,-0.036318130791187286,-0.011618859134614468,-0.07179944217205048,-0.047073472291231155,0.05664042755961418,0.05941733345389366
17960,0.39944174885749817,0.22833968698978424,0.07345512509346008,-0.01908258907496929,-0.03635190427303314,-0.0116312550380826,-0.07185173779726028,-0.047091368585824966,0.05484462529420853,0.06398645043373108
17980,0.39939209818840027,0.22845245897769928,0.0735093280673027,-0.01909690350294113,-0.0364263616502285,-0.011637660674750805,-0.07189831882715225,-0.047111883759498596,0.056894656270742416,0.06118152290582657
18000,0.39932775497436523,0.22839926183223724,0.07349181920289993,-0.019133368507027626,-0.036456525325775146,-0.011659056879580021,-0.07194484025239944,-0.04712960124015808,0.056578002870082855,0.06163981556892395
18020,0.3993820548057556,0.22840777039527893,0.07352609932422638,-0.019092299044132233,-0.036509256809949875,-0.011676366440951824,-0.07198455184698105,-0.047153450548648834,0.05569334700703621,0.060603007674217224
18040,0.3995063900947571,0.2285344898700714,0.07354726642370224,-0.019083958119153976,-0.03652375563979149,-0.011680950410664082,-0.07204465568065643,-0.047176096588373184,0.056787967681884766,0.06262392550706863
18060,0.3994930684566498,0.22843578457832336,0.07353559881448746,-0.0190578643232584,-0.03656790032982826,-0.011723101139068604,-0.07207943499088287,-0.04721552133560181,0.05711919069290161,0.059662822633981705
18080,0.3994537889957428,0.22834628820419312,0.07362686842679977,-0.019090667366981506,-0.036581750959157944,-0.011722633615136147,-0.07210932672023773,-0.0472513884305954,0.06113301217556,0.061002716422080994
18100,0.3993419408798218,0.22836925089359283,0.07363308221101761,-0.01906411163508892,-0.036619123071432114,-0.011734155006706715,-0.07213113456964493,-0.04727422446012497,0.056471604853868484,0.061012670397758484
18120,0.3994167149066925,0.22836478054523468,0.07365676760673523,-0.0191237423568964,-0.03666681796312332,-0.011749534867703915,-0.07217574864625931,-0.047312699258327484,0.059159524738788605,0.0635673999786377
18140,0.3993981182575226,0.22842180728912354,0.07374121993780136,-0.019100306555628777,-0.03669258952140808,-0.011747251264750957,-0.07222386449575424,-0.04732874035835266,0.05986085161566734,0.05922296643257141
18160,0.39949721097946167,0.2284833937883377,0.07377555221319199,-0.019070953130722046,-0.036747757345438004,-0.011768835596740246,-0.07225705683231354,-0.04735235497355461,0.05692039802670479,0.059499867260456085
18180,0.3993242383003235,0.22844912111759186,0.07380599528551102,-0.01907574199140072,-0.03674618899822235,-0.011787401512265205,-0.07228486239910126,-0.04737561568617821,0.05458876118063927,0.0603523887693882
18200,0.3993285894393921,0.22847892343997955,0.0738278180360794,-0.019129864871501923,-0.03677697107195854,-0.011811288073658943,-0.07234128564596176,-0.0474005751311779,0.05679693818092346,0.05922325700521469
18220,0.3993084132671356,0.2284977287054062,0.07378111034631729,-0.019170640036463737,-0.03683708608150482,-0.01182570680975914,-0.07237110286951065,-0.04742269963026047,0.056090228259563446,0.061739273369312286
18240,0.39933329820632935,0.22856026887893677,0.07385385036468506,-0.019203009083867073,-0.036862075328826904,-0.011821955442428589,-0.0723940059542656,-0.04744269698858261,0.05619397759437561,0.061239369213581085
18260,0.3992176949977875,0.22864675521850586,0.0739315003156662,-0.01923644356429577,-0.0368783101439476,-0.011846726760268211,-0.07243559509515762,-0.04746656492352486,0.054436519742012024,0.06047780066728592
18280,0.399126261472702,0.22854773700237274,0.07398051023483276,-0.019240695983171463,-0.036927975714206696,-0.011858262121677399,-0.0724819004535675,-0.04749421402812004,0.05698734521865845,0.06056308001279831
18300,0.3990821838378906,0.22854083776474,0.07398387789726257,-0.019270973280072212,-0.03698869049549103,-0.011891350150108337,-0.07251805067062378,-0.04752512648701668,0.057383570820093155,0.06016254425048828
18320,0.39914369583129883,0.22859938442707062,0.07408758997917175,-0.019248610362410545,-0.03700580820441246,-0.011902839876711369,-0.07255047559738159,-0.047553155571222305,0.05603405088186264,0.061750318855047226
18340,0.3990839421749115,0.22860224545001984,0.07405854016542435,-0.01927846670150757,-0.037032924592494965,-0.01192622072994709,-0.07259924709796906,-0.047597017139196396,0.05621427297592163,0.06295106559991837
18360,0.39908087253570557,0.22866469621658325,0.07415464520454407,-0.019280610606074333,-0.03709780052304268,-0.011952769942581654,-0.07263369113206863,-0.04762918874621391,0.056250497698783875,0.0627698078751564
18380,0.3991298973560333,0.2287396937608719,0.07417599856853485,-0.019306449219584465,-0.03713613748550415,-0.011992081999778748,-0.07266778498888016,-0.04764275252819061,0.05867363139986992,0.061681196093559265
18400,0.3990825116634369,0.22873440384864807,0.07430872321128845,-0.019294077530503273,-0.037150029093027115,-0.011997208930552006,-0.07269708812236786,-0.04767003282904625,0.0550774522125721,0.06162391975522041
18420,0.399152934551239,0.22865210473537445,0.074252650141716,-0.019311806187033653,-0.0371827706694603,-0.0120304636657238,-0.07272303104400635,-0.047696828842163086,0.055833011865615845,0.06221954524517059
18440,0.3992146849632263,0.22864001989364624,0.07437121868133545,-0.01931833289563656,-0.03721962124109268,-0.01205953024327755,-0.07277165353298187,-0.0477229468524456,0.054364290088415146,0.06203032284975052
18460,0.3992895781993866,0.22871136665344238,0.07436209172010422,-0.01931818760931492,-0.03727022930979729,-0.012077546678483486,-0.07279699295759201,-0.047753121703863144,0.06055096909403801,0.06228930503129959
18480,0.3991737961769104,0.2287329137325287,0.07435612380504608,-0.019313683733344078,-0.03730640932917595,-0.012078199535608292,-0.0728544294834137,-0.04777146503329277,0.05619523301720619,0.06112289801239967
18500,0.3992042541503906,0.22871586680412292,0.07436665147542953,-0.01928875222802162,-0.03738144040107727,-0.012110820971429348,-0.07290197908878326,-0.04778829589486122,0.05638207495212555,0.059694595634937286
18520,0.39918550848960876,0.22872284054756165,0.07438512146472931,-0.01933722011744976,-0.037379190325737,-0.012126038782298565,-0.0729251578450203,-0.047822363674640656,0.056435100734233856,0.061387866735458374
18540,0.3991256356239319,0.22878552973270416,0.07444258779287338,-0.019347507506608963,-0.03741826117038727,-0.012159725651144981,-0.07296299934387207,-0.04785420745611191,0.058063894510269165,0.061254143714904785
18560,0.39911162853240967,0.22878488898277283,0.07458173483610153,-0.019366340711712837,-0.03744352608919144,-0.012204339727759361,-0.07298915088176727,-0.04787576571106911,0.056272394955158234,0.06669473648071289
18580,0.3990459740161896,0.22880008816719055,0.07461652159690857,-0.019416488707065582,-0.03747931867837906,-0.01221542339771986,-0.07302704453468323,-0.04789527878165245,0.05633063241839409,0.06350194662809372
18600,0.39908891916275024,0.22876083850860596,0.07459088414907455,-0.019465334713459015,-0.037530820816755295,-0.012236899696290493,-0.07305897772312164,-0.047925710678100586,0.0541713684797287,0.06264158338308334
18620,0.39906877279281616,0.2286447286605835,0.07459522783756256,-0.01950235478579998,-0.03756580501794815,-0.01224405225366354,-0.07309330254793167,-0.0479595847427845,0.05729629099369049,0.059564054012298584
18640,0.3990359306335449,0.2285396158695221,0.07464830577373505,-0.019535064697265625,-0.0376172810792923,-0.012256325222551823,-0.07314199209213257,-0.04797382280230522,0.057263217866420746,0.059860579669475555
18660,0.3990505039691925,0.22849543392658234,0.07461529970169067,-0.019582292065024376,-0.03765615448355675,-0.012265807017683983,-0.0731869488954544,-0.0480053685605526,0.0568292960524559,0.05942130833864212
18680,0.39894238114356995,0.22849424183368683,0.07461386173963547,-0.01956789940595627,-0.037671420723199844,-0.012286458164453506,-0.07323314994573593,-0.0480378232896328,0.055628787726163864,0.0623721145093441
18700,0.39888572692871094,0.22859054803848267,0.07464621216058731,-0.019619109109044075,-0.03770576789975166,-0.01230303943157196,-0.07327903062105179,-0.048076603561639786,0.057202473282814026,0.06294867396354675
18720,0.39895257353782654,0.22864055633544922,0.07473976165056229,-0.019617000594735146,-0.037723466753959656,-0.012304234318435192,-0.07329697161912918,-0.048099759966135025,0.058417338877916336,0.06358349323272705
18740,0.39892759919166565,0.22862407565116882,0.07473630458116531,-0.019609443843364716,-0.0377572663128376,-0.012322498485445976,-0.0733320489525795,-0.04813486337661743,0.055473703891038895,0.06045503914356232
18760,0.39887484908103943,0.2286285012960434,0.07484468072652817,-0.019654855132102966,-0.037821486592292786,-0.012365838512778282,-0.07335912436246872,-0.048173822462558746,0.05645528808236122,0.05971828103065491
18780,0.39885368943214417,0.22855591773986816,0.07489431649446487,-0.019725417718291283,-0.03785495087504387,-0.012400315143167973,-0.07340535521507263,-0.04819853603839874,0.05845651403069496,0.06515632569789886
18800,0.3988950848579407,0.22853931784629822,0.07492528855800629,-0.019808931276202202,-0.03789592534303665,-0.012422673404216766,-0.07343167811632156,-0.048238106071949005,0.05510387197136879,0.06149821728467941
18820,0.3988196849822998,0.22853708267211914,0.07501918077468872,-0.01989854872226715,-0.03791751712560654,-0.012440336868166924,-0.07347232103347778,-0.048267826437950134,0.05488927662372589,0.06146058440208435
18840,0.39886796474456787,0.22859305143356323,0.07500981539487839,-0.019938306882977486,-0.03797484561800957,-0.012449742294847965,-0.07351608574390411,-0.048291560262441635,0.054602231830358505,0.0617775097489357
18860,0.39880645275115967,0.22854886949062347,0.07507824152708054,-0.01996118575334549,-0.03800633177161217,-0.012485380284488201,-0.07354852557182312,-0.04830807074904442,0.058346111327409744,0.06518369913101196
18880,0.39885950088500977,0.22849661111831665,0.07508504390716553,-0.019978586584329605,-0.03800613433122635,-0.012510275468230247,-0.07360690087080002,-0.04833339899778366,0.05368134379386902,0.05994827672839165
18900,0.39884015917778015,0.22840788960456848,0.07507941871881485,-0.02002502977848053,-0.038043245673179626,-0.01252234261482954,-0.07364450395107269,-0.04836306720972061,0.05593407154083252,0.06030428037047386
18920,0.3988724648952484,0.2284528911113739,0.07509218156337738,-0.019986363127827644,-0.03807919844985008,-0.012576911598443985,-0.07367689162492752,-0.048385314643383026,0.06085601821541786,0.060913391411304474
18940,0.39884161949157715,0.22845244407653809,0.07508695870637894,-0.020064258947968483,-0.038124047219753265,-0.012622024863958359,-0.07371503859758377,-0.04841417446732521,0.05564628913998604,0.05928372964262962
18960,0.3988620638847351,0.2284788340330124,0.07505747675895691,-0.02010163851082325,-0.03816459700465202,-0.012650646269321442,-0.07374602556228638,-0.048425812274217606,0.05762077495455742,0.06150980666279793
18980,0.3987407088279724,0.22846464812755585,0.07506151497364044,-0.020047133788466454,-0.03817801922559738,-0.012677461840212345,-0.07378494739532471,-0.0484425388276577,0.059602558612823486,0.06058116257190704
19000,0.3987087905406952,0.2285437136888504,0.07507842779159546,-0.02013440988957882,-0.03825336694717407,-0.012706959620118141,-0.0738292708992958,-0.04848271235823631,0.06306622177362442,0.06627339124679565
19020,0.39883872866630554,0.2285165935754776,0.07514291256666183,-0.020090417936444283,-0.03824753686785698,-0.012708839029073715,-0.07386302947998047,-0.0485227033495903,0.05969090387225151,0.062024932354688644
19040,0.39884093403816223,0.22835615277290344,0.07521701604127884,-0.0201380867511034,-0.03827836364507675,-0.012745899148285389,-0.07389967143535614,-0.048541661351919174,0.05770041421055794,0.061388660222291946
19060,0.3987170159816742,0.2282298505306244,0.07523740828037262,-0.020087044686079025,-0.03829129412770271,-0.012767712585628033,-0.07391826808452606,-0.04856852814555168,0.054094988852739334,0.06159486994147301
19080,0.398610919713974,0.22822697460651398,0.07530946284532547,-0.02014472894370556,-0.038299523293972015,-0.012796884402632713,-0.07394655793905258,-0.04860750958323479,0.05706607177853584,0.06071151793003082
19100,0.39857202768325806,0.22817125916481018,0.07529134303331375,-0.020221032202243805,-0.03834693506360054,-0.01282890047878027,-0.0739654004573822,-0.04864133894443512,0.0563008151948452,0.06121617555618286
19120,0.3985477089881897,0.22812917828559875,0.07527140527963638,-0.02023395709693432,-0.03837534412741661,-0.01284066028892994,-0.07399747520685196,-0.04866568371653557,0.057261887937784195,0.05999728664755821
19140,0.3985176980495453,0.228163480758667,0.07532230764627457,-0.02024592086672783,-0.038384221494197845,-0.012864268384873867,-0.07403066009283066,-0.04869680851697922,0.05682063847780228,0.062430039048194885
19160,0.39856192469596863,0.22821073234081268,0.07531353831291199,-0.02024218626320362,-0.038364190608263016,-0.01289636455476284,-0.07407083362340927,-0.04871945083141327,0.054970841854810715,0.061041153967380524
19180,0.39856818318367004,0.22825972735881805,0.07545069605112076,-0.02032996341586113,-0.03837490826845169,-0.012944289483129978,-0.07411613315343857,-0.048752568662166595,0.054047517478466034,0.059853024780750275
19200,0.3983985483646393,0.22825616598129272,0.07547163963317871,-0.020317718386650085,-0.038414958864450455,-0.012969824485480785,-0.07414129376411438,-0.048784539103507996,0.056541115045547485,0.06045127660036087
19220,0.3984161913394928,0.22822941839694977,0.07549768686294556,-0.020315328612923622,-0.03842267394065857,-0.013003679923713207,-0.07417891919612885,-0.04881082475185394,0.05761226639151573,0.06110530346632004
19240,0.39838704466819763,0.22821645438671112,0.07548924535512924,-0.02035081386566162,-0.038415126502513885,-0.013027566485106945,-0.07422194629907608,-0.04883666709065437,0.05972340703010559,0.06093182787299156
19260,0.3983622193336487,0.22823627293109894,0.07555194199085236,-0.020378796383738518,-0.03845035657286644,-0.01304430328309536,-0.07423850148916245,-0.04886723682284355,0.05603855103254318,0.05822017416357994
19280,0.3982543647289276,0.2281859815120697,0.07558219879865646,-0.020411472767591476,-0.03850029781460762,-0.01306162215769291,-0.07427254319190979,-0.04889155924320221,0.05363314598798752,0.060509953647851944
19300,0.3982095420360565,0.22815223038196564,0.07562008500099182,-0.02040187269449234,-0.03856378793716431,-0.013098567724227905,-0.07431074976921082,-0.0489155612885952,0.05655985698103905,0.060768045485019684
19320,0.39805498719215393,0.22816301882266998,0.0757378339767456,-0.020336724817752838,-0.038583919405937195,-0.013097098097205162,-0.0743509829044342,-0.04893528297543526,0.06088932603597641,0.05948563665151596
19340,0.3981221914291382,0.2282002717256546,0.07575836032629013,-0.020344741642475128,-0.03860458731651306,-0.013110392726957798,-0.07439573854207993,-0.04896554350852966,0.055916644632816315,0.06057678908109665
19360,0.39807334542274475,0.22822852432727814,0.075785793364048,-0.020361652597784996,-0.03862243890762329,-0.013129220344126225,-0.07445017248392105,-0.048979565501213074,0.05809395760297775,0.05990512669086456
19380,0.3981829881668091,0.22819508612155914,0.07585342973470688,-0.020345162600278854,-0.03869859129190445,-0.013130882754921913,-0.07449497282505035,-0.04898830130696297,0.05593825504183769,0.059785157442092896
19400,0.3981092572212219,0.22813498973846436,0.07590804994106293,-0.02035624161362648,-0.03873562067747116,-0.013163494877517223,-0.07454327493906021,-0.04901637136936188,0.05473307892680168,0.06289776414632797
19420,0.3980659544467926,0.22816018760204315,0.07596758008003235,-0.02040013112127781,-0.038766879588365555,-0.013176457025110722,-0.07456691563129425,-0.04903726279735565,0.05752934142947197,0.06179964169859886
19440,0.3979922831058502,0.22810803353786469,0.07601778954267502,-0.020452817901968956,-0.03883517533540726,-0.013217744417488575,-0.07460025697946548,-0.04906519129872322,0.05380178615450859,0.059544965624809265
19460,0.39790990948677063,0.22804807126522064,0.07599218189716339,-0.020421551540493965,-0.038926467299461365,-0.013239700347185135,-0.07463059574365616,-0.04910058528184891,0.05742698162794113,0.05930511653423309
19480,0.39793047308921814,0.22807000577449799,0.07599951326847076,-0.02037426084280014,-0.03894929215312004,-0.013263518922030926,-0.07468045502901077,-0.0491262823343277,0.05588434264063835,0.06289677321910858
19500,0.3978121280670166,0.22820033133029938,0.07608813047409058,-0.02035895176231861,-0.03895477205514908,-0.013266393914818764,-0.07472754269838333,-0.049153268337249756,0.054873086512088776,0.06653384119272232
19520,0.3978089690208435,0.22817693650722504,0.07607315480709076,-0.020365295931696892,-0.03898531571030617,-0.013252859003841877,-0.0747537687420845,-0.049176231026649475,0.05706865340471268,0.059673335403203964
19540,0.39777642488479614,0.22821584343910217,0.07621021568775177,-0.020381521433591843,-0.039028480648994446,-0.01326728891581297,-0.07478702813386917,-0.04919809848070145,0.055977482348680496,0.06070192530751228
19560,0.39783406257629395,0.22825756669044495,0.07624001801013947,-0.02037721313536167,-0.03902924805879593,-0.013289084658026695,-0.07481743395328522,-0.04923464357852936,0.05611803010106087,0.05995587259531021
19580,0.3977595567703247,0.22820478677749634,0.07625875622034073,-0.020379245281219482,-0.03902482986450195,-0.013306774199008942,-0.07487186044454575,-0.049262527376413345,0.05556647852063179,0.061127275228500366
19600,0.3978060483932495,0.22821339964866638,0.07626733928918839,-0.020440498366951942,-0.039035484194755554,-0.013324510306119919,-0.07491926103830338,-0.0492774099111557,0.0575609989464283,0.06001719832420349
19620,0.3977423310279846,0.2282102406024933,0.07626938819885254,-0.020446280017495155,-0.039068400859832764,-0.013341652229428291,-0.07496754825115204,-0.049299195408821106,0.05442061275243759,0.058800943195819855
19640,0.39773911237716675,0.2281947284936905,0.0763324424624443,-0.020443430170416832,-0.039104215800762177,-0.013369220308959484,-0.07499659061431885,-0.04930851235985756,0.05476024001836777,0.05876671150326729
19660,0.3976901173591614,0.22817999124526978,0.07632219791412354,-0.020479772239923477,-0.03914293274283409,-0.013402378186583519,-0.0750269964337349,-0.04933391511440277,0.05467809736728668,0.058854781091213226
19680,0.3975849151611328,0.22823719680309296,0.07630909979343414,-0.020440176129341125,-0.03918403759598732,-0.013428261503577232,-0.07505669444799423,-0.04935721680521965,0.05447589233517647,0.060580361634492874
19700,0.39750710129737854,0.22823390364646912,0.07631248980760574,-0.020482202991843224,-0.03923773765563965,-0.013455971144139767,-0.07510008662939072,-0.04939339682459831,0.05471973121166229,0.05985192582011223
19720,0.3975256085395813,0.22815924882888794,0.07624735683202744,-0.02057483233511448,-0.03933713212609291,-0.013509659096598625,-0.07513336837291718,-0.049418121576309204,0.05579301342368126,0.06188150495290756
19740,0.3974914848804474,0.22813406586647034,0.0763331726193428,-0.02057003229856491,-0.03937622532248497,-0.013540237210690975,-0.07516346126794815,-0.049434415996074677,0.05639158934354782,0.06192319840192795
19760,0.39749398827552795,0.22811222076416016,0.07638419419527054,-0.020617764443159103,-0.039428696036338806,-0.013543856330215931,-0.07519906014204025,-0.04946025088429451,0.05533213913440704,0.05950065702199936
19780,0.3974151611328125,0.22815276682376862,0.07638121396303177,-0.020688440650701523,-0.03944971039891243,-0.013572249561548233,-0.07522231340408325,-0.04948459565639496,0.055682968348264694,0.059765711426734924
19800,0.39742106199264526,0.2281392514705658,0.07637781649827957,-0.02070164680480957,-0.039492249488830566,-0.013631937094032764,-0.07525697350502014,-0.04950881376862526,0.0547400526702404,0.06278958916664124
19820,0.3974655568599701,0.2281970977783203,0.07644551247358322,-0.020758038386702538,-0.03950871527194977,-0.013664749450981617,-0.07528981566429138,-0.04953494668006897,0.05490680783987045,0.060208506882190704
19840,0.397427499294281,0.22830308973789215,0.07645267248153687,-0.020788509398698807,-0.03952706977725029,-0.013666967861354351,-0.07534196972846985,-0.04956623539328575,0.055293433368206024,0.05927170068025589
19860,0.39740490913391113,0.22839024662971497,0.07650479674339294,-0.020709283649921417,-0.039547692984342575,-0.013686148449778557,-0.07537337392568588,-0.04958679899573326,0.057026706635951996,0.05896580219268799
19880,0.3974061608314514,0.22842209041118622,0.07651558518409729,-0.020745322108268738,-0.03957321494817734,-0.013685819692909718,-0.07539442181587219,-0.049631889909505844,0.05708286166191101,0.05969982221722603
19900,0.3973400592803955,0.22833746671676636,0.07659072428941727,-0.020758574828505516,-0.03959891200065613,-0.013718068599700928,-0.07542084902524948,-0.04964521899819374,0.05529659986495972,0.06088964641094208
19920,0.3973802328109741,0.22830955684185028,0.07663477212190628,-0.020799219608306885,-0.03962672874331474,-0.013761048205196857,-0.07546745985746384,-0.0496755950152874,0.05385833978652954,0.06040820851922035
19940,0.39734846353530884,0.22826023399829865,0.07663283497095108,-0.020851831883192062,-0.03968850523233414,-0.013795855455100536,-0.07551835477352142,-0.04971036687493324,0.057235218584537506,0.059822291135787964
19960,0.39735883474349976,0.22828353941440582,0.0766700804233551,-0.020843004807829857,-0.03967555984854698,-0.013820275664329529,-0.0755704715847969,-0.049728747457265854,0.05495217442512512,0.05837589129805565
19980,0.39730122685432434,0.22823068499565125,0.07669409364461899,-0.02088959701359272,-0.03972335532307625,-0.013850257731974125,-0.07559691369533539,-0.049761202186346054,0.05538632720708847,0.05851049721240997
20000,0.3972648084163666,0.22819381952285767,0.0767287164926529,-0.020982148125767708,-0.039746515452861786,-0.013890491798520088,-0.07562364637851715,-0.04978444427251816,0.057019490748643875,0.06249583512544632
20020,0.39725905656814575,0.228234201669693,0.07680096477270126,-0.020985344424843788,-0.03978937119245529,-0.01390406209975481,-0.0756608247756958,-0.049806106835603714,0.05465487018227577,0.05959492176771164
20040,0.39721277356147766,0.2282906174659729,0.07683809101581573,-0.02100861258804798,-0.039853233844041824,-0.013906003907322884,-0.07568825781345367,-0.04983247071504593,0.054744891822338104,0.06270366162061691
20060,0.3971569538116455,0.228332981467247,0.07687489688396454,-0.021042723208665848,-0.03989033401012421,-0.013953217305243015,-0.0757450982928276,-0.04986049234867096,0.054744645953178406,0.06122894585132599
20080,0.3972063362598419,0.2283327281475067,0.07691575586795807,-0.0210079587996006,-0.039920732378959656,-0.01396688912063837,-0.07577940076589584,-0.04988657683134079,0.053916383534669876,0.05941254645586014
20100,0.397199422121048,0.2282031923532486,0.07690560817718506,-0.02107875794172287,-0.03996380791068077,-0.013966890051960945,-0.07582005113363266,-0.049931224435567856,0.05666906014084816,0.06161356344819069
20120,0.3972080647945404,0.22815203666687012,0.07691918313503265,-0.021096907556056976,-0.04002682492136955,-0.013990800827741623,-0.07586024701595306,-0.04996227100491524,0.056234780699014664,0.05877431482076645
20140,0.3970380127429962,0.2281339466571808,0.07687229663133621,-0.021069956943392754,-0.04004810377955437,-0.014007830992341042,-0.07590284198522568,-0.04998505488038063,0.05575883015990257,0.05897407606244087
20160,0.3969617486000061,0.22815869748592377,0.07692285627126694,-0.021041270345449448,-0.04007209092378616,-0.01402190886437893,-0.07592674344778061,-0.050004538148641586,0.053492963314056396,0.06267501413822174
20180,0.39701417088508606,0.22820879518985748,0.07705149799585342,-0.02107272483408451,-0.04007941856980324,-0.014017430134117603,-0.0759543925523758,-0.05003733932971954,0.05381185561418533,0.060783326625823975
20200,0.3970937430858612,0.22827324271202087,0.0771346315741539,-0.021082524210214615,-0.040120527148246765,-0.014028488658368587,-0.07600529491901398,-0.05005822703242302,0.059802837669849396,0.06096191704273224
20220,0.39708614349365234,0.22837720811367035,0.07720804214477539,-0.02116084098815918,-0.040126733481884,-0.014051231555640697,-0.07603991031646729,-0.05008818954229355,0.05570505931973457,0.06182049959897995
20240,0.3969557285308838,0.22832916676998138,0.07710649818181992,-0.021158138290047646,-0.040165215730667114,-0.01406682189553976,-0.07608465850353241,-0.050115980207920074,0.0543963685631752,0.05823502689599991
20260,0.39690858125686646,0.22829246520996094,0.07713103294372559,-0.021182630211114883,-0.04015845060348511,-0.014093090780079365,-0.07612450420856476,-0.05014307051897049,0.05549781024456024,0.058435406535863876
20280,0.39693135023117065,0.22829972207546234,0.07721778750419617,-0.02127285860478878,-0.04021152853965759,-0.014130842871963978,-0.07616263628005981,-0.05015890672802925,0.05601101368665695,0.058542244136333466
20300,0.39684444665908813,0.2282673865556717,0.07719095051288605,-0.021228110417723656,-0.04027918353676796,-0.014168433845043182,-0.07621997594833374,-0.05017750710248947,0.05310225486755371,0.05761495232582092
20320,0.39681121706962585,0.22824963927268982,0.07714231312274933,-0.02130630612373352,-0.04035447910428047,-0.014182796701788902,-0.0762455016374588,-0.05021224543452263,0.05547470226883888,0.06075633689761162
20340,0.3967866003513336,0.2283056527376175,0.07713071256875992,-0.02131117880344391,-0.04041534662246704,-0.01420200988650322,-0.07628972083330154,-0.05022193491458893,0.05600256100296974,0.06194985657930374
20360,0.39676937460899353,0.22826874256134033,0.0771981030702591,-0.021308379247784615,-0.04043138772249222,-0.014217095449566841,-0.07633199542760849,-0.050241392105817795,0.05471629649400711,0.05782458558678627
20380,0.3967198431491852,0.22825227677822113,0.07724033296108246,-0.02133062109351158,-0.04044811427593231,-0.014264280907809734,-0.07637825608253479,-0.05027737841010094,0.055757250636816025,0.05824115499854088
20400,0.39667394757270813,0.22825908660888672,0.07729626446962357,-0.021312829107046127,-0.04048284515738487,-0.014270946383476257,-0.07641930133104324,-0.05029796436429024,0.056126222014427185,0.059106405824422836
20420,0.3966091573238373,0.22817853093147278,0.07729590684175491,-0.021332286298274994,-0.04049589857459068,-0.01429311465471983,-0.07644852250814438,-0.050311099737882614,0.05536593124270439,0.05754651874303818
20440,0.39650794863700867,0.22817231714725494,0.0772656798362732,-0.021332981064915657,-0.04051651805639267,-0.014293801970779896,-0.07648171484470367,-0.05034581944346428,0.0546882338821888,0.06274929642677307
20460,0.3965723514556885,0.22818627953529358,0.07736541330814362,-0.021374186500906944,-0.04055768996477127,-0.014329230412840843,-0.07651539891958237,-0.05037432163953781,0.05410796031355858,0.0654919445514679
20480,0.3966499865055084,0.22829170525074005,0.0774705708026886,-0.021387608721852303,-0.040564555674791336,-0.014361133798956871,-0.07655533403158188,-0.05041254311800003,0.05642324686050415,0.060778193175792694
20500,0.39655447006225586,0.22829291224479675,0.07752744853496552,-0.0213912520557642,-0.04060189053416252,-0.014372935518622398,-0.07658334076404572,-0.05044441670179367,0.054140083491802216,0.05925004184246063
20520,0.3964664340019226,0.22837181389331818,0.0775657594203949,-0.021408870816230774,-0.040632545948028564,-0.014390965923666954,-0.07662387937307358,-0.05046626180410385,0.05435449257493019,0.057927388697862625
20540,0.39648857712745667,0.22837774455547333,0.07758522778749466,-0.021427961066365242,-0.040648117661476135,-0.014401228167116642,-0.07666594535112381,-0.050488024950027466,0.05455639213323593,0.06161583587527275
20560,0.39637258648872375,0.22840633988380432,0.07760953903198242,-0.02141936868429184,-0.04068830609321594,-0.014438042417168617,-0.07669372856616974,-0.050510063767433167,0.055029384791851044,0.06027956306934357
20580,0.3964875638484955,0.2283119410276413,0.07770125567913055,-0.021422456949949265,-0.04071430861949921,-0.01447520311921835,-0.07672154903411865,-0.050543367862701416,0.05522056668996811,0.059259988367557526
20600,0.3963543474674225,0.22838060557842255,0.07767705619335175,-0.021463707089424133,-0.0407785028219223,-0.014518026262521744,-0.07674374431371689,-0.050578150898218155,0.05876873433589935,0.06239979714155197
20620,0.3964771628379822,0.22846399247646332,0.07778643071651459,-0.021486027166247368,-0.04081745445728302,-0.014548012986779213,-0.07677877694368362,-0.05061239004135132,0.05481383949518204,0.06979739665985107
20640,0.39654484391212463,0.22848981618881226,0.07782365381717682,-0.021500881761312485,-0.040871333330869675,-0.01459161564707756,-0.07678279280662537,-0.050640981644392014,0.05957934260368347,0.061864204704761505
20660,0.3967212438583374,0.22863508760929108,0.077874556183815,-0.02158825285732746,-0.04087001457810402,-0.014576829969882965,-0.07680593430995941,-0.0506620854139328,0.05502520129084587,0.06014689803123474
20680,0.39663660526275635,0.22852922976016998,0.07792530953884125,-0.021620064973831177,-0.04089004546403885,-0.014593660831451416,-0.0768369510769844,-0.050679296255111694,0.053785212337970734,0.06394621729850769
20700,0.3967730700969696,0.228594571352005,0.07808168977499008,-0.021606769412755966,-0.040903426706790924,-0.014608610421419144,-0.076869435608387,-0.05069514364004135,0.055865298956632614,0.060561031103134155
20720,0.39665406942367554,0.2285204976797104,0.07816758006811142,-0.02157948538661003,-0.040917444974184036,-0.014651765115559101,-0.07691623270511627,-0.05071587115526199,0.054434265941381454,0.0625171810388565
20740,0.39662617444992065,0.2285672277212143,0.07814887911081314,-0.021646693348884583,-0.04095984622836113,-0.014720993116497993,-0.07696551829576492,-0.05073992908000946,0.053551435470581055,0.06438212096691132
20760,0.3965680003166199,0.2285798341035843,0.0781574621796608,-0.021632006391882896,-0.04102736711502075,-0.01473947986960411,-0.07699450105428696,-0.05075535550713539,0.05479075759649277,0.05737736076116562
20780,0.3965100347995758,0.2286338210105896,0.0781768411397934,-0.02168196253478527,-0.041039176285266876,-0.01476730965077877,-0.07703038305044174,-0.050779204815626144,0.054960817098617554,0.0590369775891304
20800,0.3963352143764496,0.2286202609539032,0.07815007865428925,-0.021716902032494545,-0.04109293967485428,-0.014814740046858788,-0.0770806223154068,-0.05081794038414955,0.054915256798267365,0.060757704079151154
20820,0.3963454067707062,0.22869017720222473,0.07815518230199814,-0.021694079041481018,-0.04109867289662361,-0.014832678250968456,-0.07710915058851242,-0.05084129050374031,0.05601019784808159,0.05924449488520622
20840,0.3964290916919708,0.22870752215385437,0.07809478789567947,-0.021663926541805267,-0.041149165481328964,-0.014877489767968655,-0.07713514566421509,-0.050858572125434875,0.05786174535751343,0.05847301334142685
20860,0.3963388204574585,0.22876690328121185,0.07813697308301926,-0.021715866401791573,-0.04119143635034561,-0.01491802092641592,-0.07714499533176422,-0.05088519677519798,0.05359446257352829,0.05943109840154648
20880,0.39628028869628906,0.22869203984737396,0.07813530415296555,-0.021685827523469925,-0.04123526066541672,-0.014940308406949043,-0.0771622583270073,-0.050904225558042526,0.05497458949685097,0.05900516360998154
20900,0.3963558077812195,0.22868040204048157,0.07812465727329254,-0.021745454519987106,-0.041239287704229355,-0.014958253130316734,-0.07718554139137268,-0.050917599350214005,0.05643357336521149,0.05879516154527664
20920,0.3962714970111847,0.2286582589149475,0.07828240841627121,-0.02175062708556652,-0.041237592697143555,-0.014986488036811352,-0.07722615450620651,-0.05093185231089592,0.05374705046415329,0.06327909231185913
20940,0.39631837606430054,0.2286144644021988,0.07828327268362045,-0.021809304133057594,-0.04129093140363693,-0.014977569691836834,-0.07724442332983017,-0.050950054079294205,0.053436554968357086,0.05871200188994408
20960,0.39625784754753113,0.22868768870830536,0.07835326343774796,-0.021825268864631653,-0.04135861620306969,-0.014974222518503666,-0.07726972550153732,-0.05096250772476196,0.05535207688808441,0.059481799602508545
20980,0.3962857723236084,0.22856737673282623,0.07831493020057678,-0.02183452434837818,-0.04141174629330635,-0.014980241656303406,-0.07729541510343552,-0.050985947251319885,0.05370832979679108,0.05940210819244385
21000,0.39628857374191284,0.22854119539260864,0.07832420617341995,-0.02183317393064499,-0.041435256600379944,-0.014987451955676079,-0.0773310735821724,-0.051013391464948654,0.05605175346136093,0.06309327483177185
21020,0.3962433338165283,0.22853250801563263,0.07835322618484497,-0.021873606368899345,-0.04147608205676079,-0.015014718286693096,-0.07736770808696747,-0.05103207752108574,0.05637418478727341,0.06018613278865814
21040,0.39615973830223083,0.22856667637825012,0.0783878043293953,-0.021901585161685944,-0.041527360677719116,-0.015026887878775597,-0.07740723341703415,-0.05103851109743118,0.05385975167155266,0.058997005224227905
21060,0.3960546851158142,0.22858038544654846,0.07835805416107178,-0.021859537810087204,-0.0415625162422657,-0.015051491558551788,-0.07743514329195023,-0.05106605961918831,0.05690164491534233,0.058596543967723846
21080,0.39611026644706726,0.2286495566368103,0.07838257402181625,-0.021874092519283295,-0.041623033583164215,-0.015066785737872124,-0.0774678960442543,-0.05109908804297447,0.05460399016737938,0.05843283236026764
21100,0.3960431218147278,0.22858546674251556,0.07842165976762772,-0.02187143638730049,-0.041644930839538574,-0.015084312297403812,-0.07749831676483154,-0.05113140866160393,0.06155417859554291,0.06155940890312195
21120,0.39617255330085754,0.2285744696855545,0.07841669768095016,-0.021919136866927147,-0.041678935289382935,-0.01511228084564209,-0.07752924412488937,-0.051169030368328094,0.05593062564730644,0.06117697432637215
21140,0.39612001180648804,0.2286057472229004,0.07851167768239975,-0.021919481456279755,-0.04170788824558258,-0.015157027170062065,-0.07755731791257858,-0.051188234239816666,0.05443456768989563,0.061333633959293365
21160,0.3960267901420593,0.22855888307094574,0.07856699824333191,-0.021970828995108604,-0.04175891727209091,-0.015180679969489574,-0.07757292687892914,-0.05121024698019028,0.054395392537117004,0.062015239149332047
21180,0.3959963917732239,0.22854943573474884,0.07869020104408264,-0.021970786154270172,-0.04173491522669792,-0.015197786502540112,-0.07760053128004074,-0.05123147368431091,0.055078595876693726,0.060352955013513565
21200,0.3959398567676544,0.22854560613632202,0.07873315364122391,-0.021935248747467995,-0.041743483394384384,-0.015228231437504292,-0.07762110233306885,-0.051249876618385315,0.05700477957725525,0.05882837623357773
21220,0.39590728282928467,0.22865235805511475,0.07882489264011383,-0.021936491131782532,-0.04181864485144615,-0.015227971598505974,-0.07764355093240738,-0.05127789452672005,0.0539863295853138,0.060195766389369965
21240,0.3958714008331299,0.2287062108516693,0.07885981351137161,-0.021990718320012093,-0.04186239093542099,-0.015229539014399052,-0.07767000794410706,-0.0513068363070488,0.05637864023447037,0.061645105481147766
21260,0.3957263231277466,0.22863048315048218,0.07895801216363907,-0.021995726972818375,-0.04187361150979996,-0.01525021344423294,-0.07768712937831879,-0.05133151635527611,0.0555901899933815,0.060690559446811676
21280,0.3956163227558136,0.22870036959648132,0.07902051508426666,-0.022018704563379288,-0.04187525808811188,-0.015273508615791798,-0.07771814614534378,-0.05135716125369072,0.05435987934470177,0.061820823699235916
21300,0.3957124352455139,0.22872726619243622,0.07901045680046082,-0.02207070030272007,-0.04190783575177193,-0.01531664002686739,-0.07774490118026733,-0.05138982832431793,0.05401793122291565,0.05888066813349724
21320,0.39567670226097107,0.22877849638462067,0.07894767075777054,-0.02204994484782219,-0.04192464426159859,-0.015339656732976437,-0.07779154181480408,-0.05141007900238037,0.054105065762996674,0.05835552141070366
21340,0.3955802619457245,0.2286451756954193,0.07896845787763596,-0.02200911194086075,-0.04197707399725914,-0.01535582821816206,-0.0778222605586052,-0.05143221467733383,0.053590744733810425,0.061739951372146606
21360,0.39552077651023865,0.22860872745513916,0.07901690900325775,-0.021978965029120445,-0.04201985523104668,-0.015375976450741291,-0.07784929126501083,-0.05145598202943802,0.05282381549477577,0.05826141685247421
21380,0.39554330706596375,0.22866837680339813,0.0790947750210762,-0.02197374776005745,-0.04204309731721878,-0.01540399994701147,-0.07786758989095688,-0.051483090966939926,0.05607454851269722,0.059393562376499176
21400,0.39546090364456177,0.22863395512104034,0.07910904288291931,-0.022005904465913773,-0.04206981137394905,-0.015446791425347328,-0.07789593935012817,-0.051504947245121,0.055335622280836105,0.06017377972602844
21420,0.39544400572776794,0.2285231500864029,0.0790586769580841,-0.022007809951901436,-0.04209783300757408,-0.015493419021368027,-0.07793314009904861,-0.05152140557765961,0.054444726556539536,0.06033004820346832
21440,0.39545726776123047,0.2285345196723938,0.0790911316871643,-0.022045837715268135,-0.04211297258734703,-0.015488485805690289,-0.07796739786863327,-0.05154525488615036,0.05486980080604553,0.05934053659439087
21460,0.3954949676990509,0.22862502932548523,0.07919560372829437,-0.022001273930072784,-0.04213860258460045,-0.015517751686275005,-0.07798362523317337,-0.051560550928115845,0.05328267067670822,0.057446569204330444
21480,0.3954325318336487,0.228555366396904,0.07916337996721268,-0.02190149389207363,-0.042190711945295334,-0.015547733753919601,-0.07801157236099243,-0.05158320441842079,0.05368147790431976,0.05991290137171745
21500,0.39541032910346985,0.22853368520736694,0.07921186089515686,-0.021900149062275887,-0.04219668358564377,-0.015564439818263054,-0.07805100083351135,-0.05160306766629219,0.05464136600494385,0.0587410144507885
21520,0.39546912908554077,0.22854633629322052,0.07918746769428253,-0.021948333829641342,-0.042218293994665146,-0.015590084716677666,-0.07808658480644226,-0.05162927135825157,0.05527227744460106,0.05904234200716019
21540,0.39546889066696167,0.22862093150615692,0.07926018536090851,-0.021992720663547516,-0.04221952706575394,-0.015578527003526688,-0.07810421288013458,-0.05164515972137451,0.055630456656217575,0.058803245425224304
21560,0.3953690826892853,0.22864165902137756,0.07919872552156448,-0.022081196308135986,-0.0422392375767231,-0.015604507178068161,-0.07814540714025497,-0.051655855029821396,0.05770755931735039,0.05956878885626793
21580,0.3953181207180023,0.22866623103618622,0.07928333431482315,-0.022056156769394875,-0.042263951152563095,-0.01560707576572895,-0.07817421108484268,-0.05168493092060089,0.05304471775889397,0.058129239827394485
21600,0.395204097032547,0.22865867614746094,0.07923150062561035,-0.02211236208677292,-0.042319249361753464,-0.015624241903424263,-0.07818784564733505,-0.051701247692108154,0.054295655339956284,0.06099537014961243
21620,0.39517441391944885,0.22867146134376526,0.07924090325832367,-0.022031528875231743,-0.04231661558151245,-0.01564374938607216,-0.07822640985250473,-0.05172140896320343,0.05383502319455147,0.05879594385623932
21640,0.3951350748538971,0.22857044637203217,0.07932329177856445,-0.02205333672463894,-0.042333412915468216,-0.0157032310962677,-0.0782773569226265,-0.05175742506980896,0.05434125289320946,0.06276089698076248
21660,0.3952157199382782,0.22852720320224762,0.07934989035129547,-0.02214682847261429,-0.042369090020656586,-0.01573498360812664,-0.07830877602100372,-0.05178719758987427,0.05359936133027077,0.05887286737561226
21680,0.3951680660247803,0.22844278812408447,0.07923173159360886,-0.022219104692339897,-0.04238631948828697,-0.01575556769967079,-0.07834068685770035,-0.05182357132434845,0.05515170469880104,0.060273922979831696
21700,0.39531126618385315,0.22838442027568817,0.07923528552055359,-0.022276852279901505,-0.04239268973469734,-0.01579023152589798,-0.07837042212486267,-0.05185084044933319,0.05516735464334488,0.05927819013595581
21720,0.3953958749771118,0.22852887213230133,0.07932287454605103,-0.022198127582669258,-0.042433079332113266,-0.01579355262219906,-0.07838669419288635,-0.051862023770809174,0.05704212561249733,0.05767090618610382
21740,0.39539584517478943,0.22849079966545105,0.0794246569275856,-0.022126518189907074,-0.04243093729019165,-0.015793900936841965,-0.07841760665178299,-0.051875874400138855,0.055541254580020905,0.06169413775205612
21760,0.3953639566898346,0.2284170538187027,0.07946986705064774,-0.02208859473466873,-0.042460065335035324,-0.01582932658493519,-0.07844601571559906,-0.05190535634756088,0.05488502234220505,0.059028830379247665
21780,0.39521729946136475,0.22839608788490295,0.07935387641191483,-0.02204202115535736,-0.04250749945640564,-0.015818186104297638,-0.07847852259874344,-0.05192113295197487,0.05714245140552521,0.061486564576625824
21800,0.39517998695373535,0.22844161093235016,0.07943551987409592,-0.022081034258008003,-0.042549017816782,-0.015842288732528687,-0.07850629836320877,-0.051945000886917114,0.0528930239379406,0.05729886516928673
21820,0.3951358497142792,0.22839541733264923,0.07940767705440521,-0.022087469696998596,-0.042586036026477814,-0.01588093489408493,-0.07853829860687256,-0.05197058245539665,0.05667028948664665,0.06636069715023041
21840,0.39503321051597595,0.2284289002418518,0.07949592918157578,-0.022013938054442406,-0.04260266572237015,-0.01589212752878666,-0.0785507932305336,-0.05197696015238762,0.0553051196038723,0.05933614820241928
21860,0.3949418365955353,0.2284923642873764,0.07955019176006317,-0.022096090018749237,-0.04264286532998085,-0.015915995463728905,-0.07856928557157516,-0.05200757831335068,0.05306793376803398,0.05759141594171524
21880,0.394894003868103,0.22839872539043427,0.07959543913602829,-0.022115079686045647,-0.042682625353336334,-0.015937328338623047,-0.07858006656169891,-0.05203348025679588,0.05487198382616043,0.059417784214019775
21900,0.3948865234851837,0.22840629518032074,0.07953881472349167,-0.0221286341547966,-0.04275992512702942,-0.01596306823194027,-0.0785931944847107,-0.05204709246754646,0.054783258587121964,0.059880487620830536
21920,0.3948560953140259,0.22841165959835052,0.07955402135848999,-0.022225970402359962,-0.0428076796233654,-0.01596936583518982,-0.07862325757741928,-0.0520724318921566,0.052766114473342896,0.05781149864196777
21940,0.394925057888031,0.22855040431022644,0.07958984375,-0.022196758538484573,-0.042799532413482666,-0.015986910089850426,-0.07866597175598145,-0.05209064483642578,0.0541924424469471,0.05944769084453583
21960,0.39483869075775146,0.22850847244262695,0.07960628718137741,-0.022168202325701714,-0.04281443729996681,-0.016019677743315697,-0.07870324701070786,-0.05212019011378288,0.054749395698308945,0.05817050859332085
21980,0.3948197066783905,0.2285434454679489,0.07966376096010208,-0.02218795381486416,-0.04287504777312279,-0.016035761684179306,-0.07873114198446274,-0.05214106664061546,0.05358897149562836,0.057324472814798355
22000,0.39479103684425354,0.22852632403373718,0.07967419177293777,-0.022184304893016815,-0.04291814565658569,-0.016067013144493103,-0.07874976098537445,-0.05215853080153465,0.05285406485199928,0.05952869728207588
22020,0.3947118818759918,0.22844050824642181,0.079720139503479,-0.022169752046465874,-0.04293658211827278,-0.01606791280210018,-0.0787578672170639,-0.05219120532274246,0.053930338472127914,0.060149531811475754
22040,0.39482659101486206,0.22846072912216187,0.0798734650015831,-0.022195542231202126,-0.0429483987390995,-0.016079580411314964,-0.07877867668867111,-0.05220777913928032,0.05425495654344559,0.06046731397509575
22060,0.3947373628616333,0.22852954268455505,0.07996422052383423,-0.022273192182183266,-0.04298838973045349,-0.01607663370668888,-0.07881561666727066,-0.05222747474908829,0.05562375858426094,0.05959627404808998
22080,0.3946812152862549,0.22850951552391052,0.0799877867102623,-0.022271672263741493,-0.04301636293530464,-0.01609162800014019,-0.07885177433490753,-0.052257999777793884,0.055072326213121414,0.058028873056173325
22100,0.39459726214408875,0.22852776944637299,0.08003149181604385,-0.022271759808063507,-0.043035369366407394,-0.016118664294481277,-0.07887836545705795,-0.0522773414850235,0.052999887615442276,0.05845022201538086
22120,0.39465993642807007,0.22860002517700195,0.07995830476284027,-0.022270547226071358,-0.04305585101246834,-0.016139784827828407,-0.0789007842540741,-0.052295882254838943,0.05443219840526581,0.061291761696338654
22140,0.394669771194458,0.22865237295627594,0.0799294263124466,-0.022299382835626602,-0.043095506727695465,-0.016191624104976654,-0.0789216011762619,-0.05232150852680206,0.056967899203300476,0.0580655038356781
22160,0.3947164714336395,0.2286415547132492,0.07994208484888077,-0.022346997633576393,-0.04315584897994995,-0.016214706003665924,-0.07895657420158386,-0.05233888328075409,0.054616786539554596,0.059475015848875046
22180,0.3946262001991272,0.2286987453699112,0.0799923986196518,-0.02233956754207611,-0.043191589415073395,-0.01620637997984886,-0.07897431403398514,-0.05236127972602844,0.054238684475421906,0.058645375072956085
22200,0.39451831579208374,0.22857259213924408,0.08006563037633896,-0.022315703332424164,-0.04319066181778908,-0.016216011717915535,-0.07900182157754898,-0.052380308508872986,0.05255958437919617,0.05799020081758499
22220,0.3944503664970398,0.22854982316493988,0.08005591481924057,-0.02230176143348217,-0.04323997348546982,-0.016256539151072502,-0.07903674244880676,-0.052403710782527924,0.055824361741542816,0.05862870067358017
22240,0.39447107911109924,0.2285783290863037,0.08007896691560745,-0.02230898290872574,-0.04328140616416931,-0.016272645443677902,-0.07907029241323471,-0.052423473447561264,0.0542793869972229,0.05750454589724541
22260,0.3943166136741638,0.2284734845161438,0.08003456890583038,-0.022338280454277992,-0.04331209138035774,-0.016309957951307297,-0.07910460978746414,-0.05244172737002373,0.05597136169672012,0.05880039185285568
22280,0.3942796587944031,0.22848805785179138,0.08012823760509491,-0.02231963723897934,-0.04336679354310036,-0.01636800728738308,-0.07912600785493851,-0.0524662509560585,0.05386248230934143,0.05743248015642166
22300,0.39438727498054504,0.22843050956726074,0.08014466613531113,-0.022408047690987587,-0.04340529069304466,-0.01640445366501808,-0.07916165143251419,-0.05248570814728737,0.05467095598578453,0.06221465766429901
22320,0.3943503201007843,0.22846858203411102,0.08027499169111252,-0.022395407781004906,-0.04342521354556084,-0.016419056802988052,-0.07917608320713043,-0.05249623581767082,0.05205215886235237,0.06041879206895828
22340,0.3943738639354706,0.22845377027988434,0.08020982891321182,-0.022478202357888222,-0.04343608766794205,-0.016454461961984634,-0.07920482754707336,-0.052521079778671265,0.05539815127849579,0.058335915207862854
22360,0.3943438231945038,0.2284395545721054,0.08020919561386108,-0.022563757374882698,-0.04348856583237648,-0.016500871628522873,-0.07924548536539078,-0.05255657061934471,0.05461415648460388,0.05879008024930954
22380,0.39429232478141785,0.22844533622264862,0.08025933057069778,-0.022592872381210327,-0.043553225696086884,-0.016536755487322807,-0.07926806062459946,-0.05259108170866966,0.05422234535217285,0.05880606919527054
22400,0.3941156268119812,0.2284369319677353,0.08030180633068085,-0.022588912397623062,-0.04358645901083946,-0.016565194353461266,-0.07929801195859909,-0.05260864645242691,0.05285648629069328,0.05725770443677902
22420,0.3941098153591156,0.22845155000686646,0.08030421286821365,-0.022618424147367477,-0.043635010719299316,-0.016607040539383888,-0.07932604104280472,-0.05261833593249321,0.05469496548175812,0.060560718178749084
22440,0.39410239458084106,0.22842901945114136,0.08035240322351456,-0.022654185071587563,-0.04370395839214325,-0.016620051115751266,-0.07935512065887451,-0.05263896659016609,0.052348099648952484,0.05773995444178581
22460,0.39408332109451294,0.2284000813961029,0.08031358569860458,-0.022654414176940918,-0.04372638091444969,-0.016617339104413986,-0.07939019054174423,-0.05265801027417183,0.05514559522271156,0.06144053488969803
22480,0.39402124285697937,0.22833538055419922,0.080387644469738,-0.022670909762382507,-0.04376542568206787,-0.016630444675683975,-0.07941417396068573,-0.052666619420051575,0.05273934453725815,0.058796003460884094
22500,0.3940201699733734,0.2283027172088623,0.08039996773004532,-0.02261088788509369,-0.043826136738061905,-0.01665429398417473,-0.07942359894514084,-0.0526740700006485,0.05293932557106018,0.05780196934938431
22520,0.39403772354125977,0.22831515967845917,0.080485038459301,-0.02262140065431595,-0.04384521767497063,-0.016654303297400475,-0.07944240421056747,-0.052692145109176636,0.05502451956272125,0.05726756900548935
22540,0.39397573471069336,0.22830632328987122,0.08044671267271042,-0.022658711299300194,-0.04384865611791611,-0.016677917912602425,-0.0794634073972702,-0.05272263288497925,0.05184685438871384,0.056637976318597794
22560,0.39394935965538025,0.22832635045051575,0.08048700541257858,-0.022651048377156258,-0.04387664794921875,-0.016704011708498,-0.07949244230985641,-0.05274626612663269,0.056357499212026596,0.0607631616294384
22580,0.39405831694602966,0.22836987674236298,0.08054875582456589,-0.022637348622083664,-0.04387423023581505,-0.01669362001121044,-0.07952894270420074,-0.052763454616069794,0.05329442769289017,0.06057777255773544
22600,0.39405539631843567,0.22833482921123505,0.08062651008367538,-0.022676849737763405,-0.043863680213689804,-0.016716811805963516,-0.07957641780376434,-0.052781302481889725,0.056006550788879395,0.05964494124054909
22620,0.394037127494812,0.22836315631866455,0.08069838583469391,-0.0226315725594759,-0.04388390854001045,-0.016760891303420067,-0.07961637526750565,-0.0528094507753849,0.05373092740774155,0.0597175657749176
22640,0.39397603273391724,0.22833964228630066,0.08079462498426437,-0.022662946954369545,-0.04395456612110138,-0.016800379380583763,-0.07964181900024414,-0.05284068360924721,0.05435813218355179,0.057685740292072296
22660,0.39401689171791077,0.22829970717430115,0.0808836817741394,-0.022652756422758102,-0.04396207630634308,-0.016828205436468124,-0.07967928051948547,-0.0528552383184433,0.053358905017375946,0.05724558234214783
22680,0.3938937187194824,0.22829946875572205,0.08086317777633667,-0.022733893245458603,-0.04400068521499634,-0.016866421326994896,-0.07971414923667908,-0.052885059267282486,0.0562516413629055,0.06129845231771469
22700,0.3938523828983307,0.22839492559432983,0.0808679386973381,-0.022723183035850525,-0.04406028613448143,-0.016894381493330002,-0.07973084598779678,-0.05291545018553734,0.0521852970123291,0.06016692519187927
22720,0.3937741219997406,0.22827132046222687,0.08075619488954544,-0.022827740758657455,-0.04411625117063522,-0.016916759312152863,-0.07976701110601425,-0.05292893201112747,0.05576455965638161,0.06007375568151474
22740,0.39384591579437256,0.22827686369419098,0.08078818023204803,-0.02281155250966549,-0.04410816356539726,-0.016930706799030304,-0.07978672534227371,-0.052941109985113144,0.054737940430641174,0.058707624673843384
22760,0.39386412501335144,0.22828368842601776,0.0807611346244812,-0.022832389920949936,-0.04411676898598671,-0.01694069430232048,-0.07980062067508698,-0.052943963557481766,0.05364648252725601,0.057430822402238846
22780,0.3938789665699005,0.22822535037994385,0.08079051971435547,-0.022853638976812363,-0.04416820779442787,-0.01697416789829731,-0.07982783764600754,-0.05296896770596504,0.05608276277780533,0.0587579645216465
22800,0.3938778042793274,0.2282487004995346,0.08087199926376343,-0.022885791957378387,-0.04420451074838638,-0.016980068758130074,-0.07987021654844284,-0.052994776517152786,0.052560970187187195,0.059254568070173264
22820,0.39373835921287537,0.22822344303131104,0.08088961243629456,-0.022883793339133263,-0.0442286916077137,-0.016995996236801147,-0.07989618182182312,-0.05301956087350845,0.05422256141901016,0.05804141238331795
22840,0.3937292993068695,0.22826342284679413,0.08084587752819061,-0.0229108314961195,-0.044233258813619614,-0.01701260171830654,-0.07992970198392868,-0.053035471588373184,0.05443767458200455,0.05915351212024689
22860,0.39362525939941406,0.22823895514011383,0.08087918162345886,-0.022951578721404076,-0.04421944171190262,-0.017028912901878357,-0.07992807030677795,-0.0530526228249073,0.0542403906583786,0.06144241988658905
22880,0.393404483795166,0.22827114164829254,0.08082282543182373,-0.02296559512615204,-0.04427163302898407,-0.017053252086043358,-0.07995260506868362,-0.05306548252701759,0.051853664219379425,0.05856814980506897
22900,0.3934147357940674,0.2282947450876236,0.0808822363615036,-0.022991875186562538,-0.044276122003793716,-0.017065661028027534,-0.07997602969408035,-0.053087975829839706,0.0521821454167366,0.058412425220012665
22920,0.3933909833431244,0.22835880517959595,0.08084991574287415,-0.023043666034936905,-0.04431847482919693,-0.017088981345295906,-0.08001065254211426,-0.05310238152742386,0.05376308038830757,0.057719141244888306
22940,0.39325547218322754,0.22834132611751556,0.08092635869979858,-0.023070666939020157,-0.04437403008341789,-0.017141355201601982,-0.08002401888370514,-0.05312494561076164,0.05413675308227539,0.05751786381006241
22960,0.39330750703811646,0.2282789647579193,0.0809679627418518,-0.023120218887925148,-0.04443340376019478,-0.017170293256640434,-0.08004121482372284,-0.05313585326075554,0.0550445020198822,0.058375027030706406
22980,0.3934577703475952,0.22831612825393677,0.0809502825140953,-0.02315663918852806,-0.04447648301720619,-0.017191722989082336,-0.08006792515516281,-0.053145356476306915,0.053330112248659134,0.0580013208091259
23000,0.39340877532958984,0.22826603055000305,0.08096259087324142,-0.023152559995651245,-0.04452064260840416,-0.017214655876159668,-0.08009607344865799,-0.053175102919340134,0.054478805512189865,0.06166354566812515
23020,0.39334937930107117,0.22827023267745972,0.08096962422132492,-0.02312290482223034,-0.044552698731422424,-0.017248917371034622,-0.08013013750314713,-0.05318829417228699,0.053659819066524506,0.059734128415584564
23040,0.393269419670105,0.22829696536064148,0.08092013001441956,-0.02310606837272644,-0.04461244121193886,-0.01727856509387493,-0.0801692083477974,-0.05319111794233322,0.05304468050599098,0.05831514671444893
23060,0.3931075632572174,0.22817562520503998,0.0809338167309761,-0.023074597120285034,-0.0446350984275341,-0.017296791076660156,-0.08020120859146118,-0.05319106578826904,0.05376652255654335,0.05946720018982887
23080,0.3931502103805542,0.2282247692346573,0.08092615753412247,-0.02307501621544361,-0.044650278985500336,-0.01732107810676098,-0.08021830022335052,-0.053213659673929214,0.0541490875184536,0.05805479735136032
23100,0.3930603265762329,0.22817067801952362,0.08098999410867691,-0.023023495450615883,-0.04464999586343765,-0.017346039414405823,-0.08024077117443085,-0.05321663245558739,0.05431133881211281,0.05960625037550926
23120,0.39306873083114624,0.22824427485466003,0.08104898035526276,-0.023058580234646797,-0.044677697122097015,-0.017375322058796883,-0.08027375489473343,-0.053219884634017944,0.053437795490026474,0.05786930024623871
23140,0.3930516541004181,0.22815358638763428,0.08100324869155884,-0.023064959794282913,-0.044700540602207184,-0.017409514635801315,-0.08030015230178833,-0.053240686655044556,0.05438173934817314,0.059530019760131836
23160,0.3930973410606384,0.22824706137180328,0.08111242949962616,-0.023083779960870743,-0.04473184794187546,-0.01745484210550785,-0.08032222837209702,-0.053261347115039825,0.05390138179063797,0.05695323273539543
23180,0.3929804563522339,0.2282893806695938,0.08107069134712219,-0.023057419806718826,-0.0447915755212307,-0.017473921179771423,-0.08033637702465057,-0.05328565090894699,0.052705347537994385,0.057342492043972015
23200,0.3928837478160858,0.2282511591911316,0.08098945766687393,-0.023028390482068062,-0.04485910385847092,-0.017507784068584442,-0.08035807311534882,-0.05331899970769882,0.05089416727423668,0.05877501145005226
23220,0.3929130733013153,0.22825774550437927,0.0811019316315651,-0.023041270673274994,-0.04492328315973282,-0.017511876299977303,-0.08038760721683502,-0.05335000157356262,0.05330398678779602,0.05841486528515816
23240,0.39290565252304077,0.22820723056793213,0.08117552101612091,-0.023068608716130257,-0.04494244605302811,-0.017508026212453842,-0.08041701465845108,-0.05338003486394882,0.05352974310517311,0.059264276176691055
23260,0.3928713798522949,0.22827564179897308,0.08115175366401672,-0.023083921521902084,-0.04499746859073639,-0.017521852627396584,-0.08045084774494171,-0.053411923348903656,0.05283563584089279,0.059987153857946396
23280,0.39272841811180115,0.2282661646604538,0.08118366450071335,-0.023017609491944313,-0.045025087893009186,-0.017543094232678413,-0.08048015087842941,-0.05342703312635422,0.05279994383454323,0.061254724860191345
23300,0.3927813768386841,0.22824867069721222,0.08117824792861938,-0.023052720353007317,-0.04504379257559776,-0.01756601780653,-0.08050810545682907,-0.05344129353761673,0.05578638240695,0.059624072164297104
23320,0.39282503724098206,0.22827978432178497,0.08121321350336075,-0.023035364225506783,-0.04505949839949608,-0.017591681331396103,-0.08053552359342575,-0.05345860868692398,0.053068872541189194,0.05693737417459488
23340,0.3927754759788513,0.2281951606273651,0.08110404759645462,-0.023038873448967934,-0.04506556689739227,-0.017616620287299156,-0.08056370913982391,-0.053475916385650635,0.05621528625488281,0.05929625406861305
23360,0.3927919566631317,0.22830481827259064,0.08117247372865677,-0.023077677935361862,-0.045056913048028946,-0.017609581351280212,-0.08057422190904617,-0.053501974791288376,0.054666027426719666,0.06225793808698654
23380,0.3928850293159485,0.22831612825393677,0.08127432316541672,-0.023075321689248085,-0.04508783295750618,-0.017611486837267876,-0.08061060309410095,-0.05351879075169563,0.05573360249400139,0.06216832250356674
23400,0.39280468225479126,0.22828122973442078,0.08124680072069168,-0.023071594536304474,-0.04511379823088646,-0.017631947994232178,-0.08063437789678574,-0.05353587120771408,0.054252997040748596,0.05709458887577057
23420,0.39281558990478516,0.22815777361392975,0.08123987913131714,-0.023066801950335503,-0.045104216784238815,-0.017644127830863,-0.0806785598397255,-0.05356185883283615,0.053501006215810776,0.0584428533911705
23440,0.3927445709705353,0.22819754481315613,0.08125163614749908,-0.02309473045170307,-0.04515102505683899,-0.017661990597844124,-0.08072064816951752,-0.05359259620308876,0.05496615171432495,0.0582323893904686
23460,0.392693430185318,0.22816509008407593,0.08132544904947281,-0.02313133515417576,-0.04518626630306244,-0.017701255157589912,-0.08075763285160065,-0.053614675998687744,0.054243654012680054,0.058624267578125
23480,0.39276254177093506,0.22814086079597473,0.08128826320171356,-0.023201053962111473,-0.04528805613517761,-0.017757052555680275,-0.08078840374946594,-0.053647711873054504,0.053848907351493835,0.05942286550998688
23500,0.3926701843738556,0.22813010215759277,0.08134280145168304,-0.023170441389083862,-0.045307863503694534,-0.017782988026738167,-0.08081759512424469,-0.053657855838537216,0.053765919059515,0.060378674417734146
23520,0.39259442687034607,0.22808586061000824,0.08130498975515366,-0.023067664355039597,-0.045343052595853806,-0.01780756562948227,-0.08084352314472198,-0.053668465465307236,0.054926417768001556,0.05717500299215317
23540,0.3927050530910492,0.22811420261859894,0.08142957836389542,-0.02298513427376747,-0.04534665495157242,-0.017818227410316467,-0.08085786551237106,-0.053682148456573486,0.05441560223698616,0.06180497258901596
23560,0.3927460014820099,0.22816134989261627,0.0815247893333435,-0.022878244519233704,-0.045344624668359756,-0.017852291464805603,-0.08087829500436783,-0.05369482934474945,0.05527345463633537,0.05898291990160942
23580,0.39272552728652954,0.22809255123138428,0.08158495277166367,-0.02288791723549366,-0.045320212841033936,-0.017866062000393867,-0.08090972900390625,-0.053720321506261826,0.05435772240161896,0.05797862634062767
23600,0.39258965849876404,0.22805340588092804,0.08154970407485962,-0.022915735840797424,-0.04536588490009308,-0.017896903678774834,-0.0809246376156807,-0.05373525246977806,0.05624828487634659,0.057687632739543915
23620,0.3925440013408661,0.22803767025470734,0.08159644156694412,-0.022925296798348427,-0.04538562521338463,-0.01793340966105461,-0.08095600455999374,-0.053749121725559235,0.05497084930539131,0.05768171697854996
23640,0.39256197214126587,0.22795532643795013,0.0815105065703392,-0.02293948084115982,-0.04541190341114998,-0.017966190353035927,-0.08097346127033234,-0.05377372354269028,0.053046442568302155,0.05731620639562607
23660,0.3924548327922821,0.22802115976810455,0.08138707280158997,-0.02297237701714039,-0.04543866589665413,-0.01798815093934536,-0.08100946992635727,-0.05379706621170044,0.05528168007731438,0.058477357029914856
23680,0.39242786169052124,0.22796742618083954,0.08149749785661697,-0.02298211306333542,-0.0454864501953125,-0.01801835186779499,-0.08103973418474197,-0.05382230505347252,0.05340966209769249,0.05766516923904419
23700,0.3924117684364319,0.22799280285835266,0.08148164302110672,-0.022989820688962936,-0.04553787782788277,-0.01805385760962963,-0.08108776807785034,-0.053839024156332016,0.052866850048303604,0.058299265801906586
23720,0.3923279643058777,0.22804969549179077,0.08146243542432785,-0.0230061374604702,-0.04557211324572563,-0.018055975437164307,-0.08112899959087372,-0.05386415868997574,0.05410509929060936,0.05873262137174606
23740,0.39232826232910156,0.22806623578071594,0.081540547311306,-0.02305094338953495,-0.045629214495420456,-0.018069377169013023,-0.08112795650959015,-0.05388568714261055,0.0511956512928009,0.060325443744659424
23760,0.3923623263835907,0.22814707458019257,0.08149871975183487,-0.023050423711538315,-0.04563446715474129,-0.01809423416852951,-0.08115534484386444,-0.05389788746833801,0.05161468684673309,0.05733594298362732
23780,0.3922584354877472,0.22807879745960236,0.08151604235172272,-0.02307768352329731,-0.04567430540919304,-0.018136119470000267,-0.08118823170661926,-0.05391605570912361,0.050923414528369904,0.05657389387488365
23800,0.3923051655292511,0.22803127765655518,0.08151736855506897,-0.023113945499062538,-0.04570047929883003,-0.018159450963139534,-0.08120010048151016,-0.05394631624221802,0.054183267056941986,0.05739567428827286
23820,0.3921792507171631,0.22799107432365417,0.08150409162044525,-0.023084206506609917,-0.04575340449810028,-0.018166152760386467,-0.0812179446220398,-0.05396287888288498,0.05521116405725479,0.058376457542181015
23840,0.3922964632511139,0.22806110978126526,0.08156576752662659,-0.02315269596874714,-0.04577687382698059,-0.018189862370491028,-0.08123794198036194,-0.053985368460416794,0.05322185158729553,0.060260042548179626
23860,0.39228639006614685,0.22797726094722748,0.08162257075309753,-0.02317698299884796,-0.045789822936058044,-0.018211103975772858,-0.08125533908605576,-0.05400365591049194,0.05323461815714836,0.05814884603023529
23880,0.3922381103038788,0.2279304414987564,0.08162076771259308,-0.023211555555462837,-0.04580828547477722,-0.01822555996477604,-0.08126109093427658,-0.05401790514588356,0.053599923849105835,0.05885445326566696
23900,0.3922499716281891,0.22788232564926147,0.081547811627388,-0.02326396480202675,-0.045821413397789,-0.01826412044465542,-0.08127772808074951,-0.05405007675290108,0.05109803378582001,0.0639573410153389
23920,0.3924030661582947,0.22798968851566315,0.08161526918411255,-0.023221900686621666,-0.045803532004356384,-0.018273845314979553,-0.08130934089422226,-0.054066237062215805,0.050619736313819885,0.0579916313290596
23940,0.392353355884552,0.22792024910449982,0.08163590729236603,-0.023181190714240074,-0.04583479091525078,-0.01830151677131653,-0.08133826404809952,-0.054081086069345474,0.05440432205796242,0.05922998860478401
23960,0.39223989844322205,0.22797612845897675,0.08159158378839493,-0.02326158620417118,-0.045889515429735184,-0.018308492377400398,-0.08137070387601852,-0.054103728383779526,0.053406599909067154,0.06030101329088211
23980,0.39228105545043945,0.22795370221138,0.08162638545036316,-0.023263392969965935,-0.04589683189988136,-0.01832139864563942,-0.0813927873969078,-0.054139669984579086,0.05507057532668114,0.05935592204332352
24000,0.39229151606559753,0.22785809636116028,0.08161244541406631,-0.0233008936047554,-0.045955587178468704,-0.018351467326283455,-0.08142919838428497,-0.05417654663324356,0.05246003344655037,0.05900188162922859
24020,0.39219582080841064,0.2278982251882553,0.08161334693431854,-0.02332523837685585,-0.045974962413311005,-0.01838783733546734,-0.08145177364349365,-0.054196275770664215,0.05184226855635643,0.05742017924785614
24040,0.39203014969825745,0.22783607244491577,0.08161445707082748,-0.023363463580608368,-0.0460243821144104,-0.018435603007674217,-0.08147164434194565,-0.0542229525744915,0.0518878735601902,0.05786143243312836
24060,0.39193230867385864,0.22781403362751007,0.08160801976919174,-0.023290641605854034,-0.046071428805589676,-0.018451856449246407,-0.08149393647909164,-0.05424043536186218,0.05246831849217415,0.05757218971848488
24080,0.39179518818855286,0.22777289152145386,0.0815204381942749,-0.023272963240742683,-0.04616452381014824,-0.018482008948922157,-0.08151304721832275,-0.05426233261823654,0.05264024809002876,0.05788964778184891
24100,0.39182525873184204,0.22773586213588715,0.08158150315284729,-0.023284366354346275,-0.04621270298957825,-0.018491417169570923,-0.08154885470867157,-0.054283928126096725,0.05371773988008499,0.05835273116827011
24120,0.3918411135673523,0.22777406871318817,0.0815277025103569,-0.02323255129158497,-0.04624341428279877,-0.018506959080696106,-0.08160343021154404,-0.054292693734169006,0.0550086535513401,0.05927883833646774
24140,0.3918757736682892,0.2278355360031128,0.08160310238599777,-0.023247990757226944,-0.04623269662261009,-0.018512094393372536,-0.08163104206323624,-0.05430232733488083,0.05264507606625557,0.05853486806154251
24160,0.3918237090110779,0.22792604565620422,0.08157967776060104,-0.023229338228702545,-0.046251080930233,-0.018551306799054146,-0.08166412264108658,-0.054330114275217056,0.051784947514534,0.05953136086463928
24180,0.39178764820098877,0.2278735339641571,0.08160942047834396,-0.023278694599866867,-0.046295247972011566,-0.018565580248832703,-0.08167889714241028,-0.05436176061630249,0.05290617793798447,0.056796953082084656
24200,0.39171239733695984,0.2277805209159851,0.08160333335399628,-0.023254822939634323,-0.046317603439092636,-0.018597444519400597,-0.08170808851718903,-0.05439411476254463,0.053720783442258835,0.05989864096045494
24220,0.39171287417411804,0.22768670320510864,0.08163641393184662,-0.023205356672406197,-0.04631482809782028,-0.018610632047057152,-0.08174823224544525,-0.05442197993397713,0.05585978180170059,0.05804625153541565
24240,0.3916231393814087,0.22767169773578644,0.08162980526685715,-0.023264789953827858,-0.04635673761367798,-0.018646130338311195,-0.08179764449596405,-0.054449424147605896,0.0542953722178936,0.05856149643659592
24260,0.39171701669692993,0.22766029834747314,0.08168207854032516,-0.023273704573512077,-0.046364832669496536,-0.018672727048397064,-0.08184889703989029,-0.05447908118367195,0.053187619894742966,0.06471152603626251
24280,0.3916613459587097,0.22772178053855896,0.08169038593769073,-0.02328823320567608,-0.04638443887233734,-0.01869807578623295,-0.08186723291873932,-0.05451422557234764,0.05434652045369148,0.0575701929628849
24300,0.39170488715171814,0.2277602255344391,0.08175022155046463,-0.023253308609128,-0.04643841087818146,-0.018735455349087715,-0.08189728856086731,-0.05453598499298096,0.05231667309999466,0.06192120909690857
24320,0.3917188048362732,0.2277384251356125,0.08183778822422028,-0.02325989305973053,-0.04644842818379402,-0.018764197826385498,-0.08191689103841782,-0.05454517900943756,0.05277898907661438,0.0578901544213295
24340,0.391679972410202,0.2277001589536667,0.08180522918701172,-0.023299336433410645,-0.04651140421628952,-0.018751399591565132,-0.08193781226873398,-0.05456267297267914,0.052037354558706284,0.060151107609272
24360,0.3917675018310547,0.2277621030807495,0.0818369910120964,-0.02330048196017742,-0.046560581773519516,-0.01876913197338581,-0.08196961134672165,-0.05457571893930435,0.05330776795744896,0.05880818888545036
24380,0.3917149305343628,0.2277178168296814,0.08187790960073471,-0.023315902799367905,-0.04655761271715164,-0.018783031031489372,-0.08199933916330338,-0.05459168553352356,0.053375568240880966,0.05824769288301468
24400,0.39150476455688477,0.22764374315738678,0.08182863146066666,-0.02334393374621868,-0.04659360647201538,-0.01878810115158558,-0.0820160061120987,-0.05460945516824722,0.051542729139328,0.05693311244249344
24420,0.39144083857536316,0.22766409814357758,0.08184554427862167,-0.023395590484142303,-0.046658746898174286,-0.018825672566890717,-0.08203040808439255,-0.05462569370865822,0.05668225139379501,0.058533668518066406
24440,0.39141666889190674,0.22766470909118652,0.08184508234262466,-0.023419324308633804,-0.04668043926358223,-0.018846791237592697,-0.0820598378777504,-0.05464886501431465,0.051958318799734116,0.057256657630205154
24460,0.3914179503917694,0.22761374711990356,0.08187057077884674,-0.023489588871598244,-0.04672996699810028,-0.018855148926377296,-0.08206770569086075,-0.054663144052028656,0.05308760330080986,0.060511667281389236
24480,0.39143604040145874,0.22760669887065887,0.08194249868392944,-0.023514145985245705,-0.04677850753068924,-0.01886855624616146,-0.08209607005119324,-0.0546768419444561,0.0529690720140934,0.057326167821884155
24500,0.3914664387702942,0.22764503955841064,0.0818726196885109,-0.023455463349819183,-0.04679930955171585,-0.01887579821050167,-0.08213333040475845,-0.054691679775714874,0.051754847168922424,0.058399543166160583
24520,0.3914567530155182,0.2277766466140747,0.08182386308908463,-0.02341974899172783,-0.046854760497808456,-0.01892814412713051,-0.08216934651136398,-0.05470972880721092,0.053357210010290146,0.05595172941684723
24540,0.3912924528121948,0.22771607339382172,0.08184517174959183,-0.023500904440879822,-0.04692888632416725,-0.018930023536086082,-0.08218363672494888,-0.054719168692827225,0.05302649363875389,0.058732304722070694
24560,0.3912545442581177,0.2276398092508316,0.08191896229982376,-0.023501887917518616,-0.046968355774879456,-0.018968161195516586,-0.08220579475164413,-0.05473863333463669,0.05140034854412079,0.0572906956076622
24580,0.3911430239677429,0.22765479981899261,0.08191046863794327,-0.023510124534368515,-0.04698929190635681,-0.018995488062500954,-0.08223119378089905,-0.05475836247205734,0.05364559218287468,0.058582331985235214
24600,0.39115995168685913,0.2277001142501831,0.08189337700605392,-0.023562071844935417,-0.04702131077647209,-0.019018055871129036,-0.0822620540857315,-0.05478781834244728,0.05374987795948982,0.0588630847632885
24620,0.3912636637687683,0.22768959403038025,0.08192083239555359,-0.023554496467113495,-0.04703550040721893,-0.019025295972824097,-0.08230115473270416,-0.05480542778968811,0.05190349742770195,0.057433754205703735
24640,0.39126038551330566,0.22771885991096497,0.0819394662976265,-0.023526111617684364,-0.047065626829862595,-0.019071681424975395,-0.08233862370252609,-0.05482553690671921,0.054848138242959976,0.056672144681215286
24660,0.39121705293655396,0.22770075500011444,0.08199092745780945,-0.023457776755094528,-0.04705804958939552,-0.01910058595240116,-0.08235041052103043,-0.05483737215399742,0.054250940680503845,0.058531537652015686
24680,0.3912769854068756,0.2276608943939209,0.08205839991569519,-0.023452073335647583,-0.04705456644296646,-0.019109079614281654,-0.08235669881105423,-0.05485888198018074,0.05095340311527252,0.05996280163526535
24700,0.39122626185417175,0.22757022082805634,0.08200052380561829,-0.023515896871685982,-0.04708965867757797,-0.01914508081972599,-0.08238764107227325,-0.05488016456365585,0.053663499653339386,0.05893697589635849
24720,0.39132148027420044,0.22778268158435822,0.08208669722080231,-0.023559866473078728,-0.047103822231292725,-0.019178209826350212,-0.08243028074502945,-0.054896824061870575,0.055724311619997025,0.05728127807378769
24740,0.3912951350212097,0.22789520025253296,0.08212292194366455,-0.02358049899339676,-0.04713412746787071,-0.01921330951154232,-0.08245861530303955,-0.05491326376795769,0.05331946536898613,0.05704255402088165
24760,0.39121776819229126,0.22787438333034515,0.082194484770298,-0.023611407727003098,-0.047127436846494675,-0.01922605000436306,-0.08246836066246033,-0.05492711439728737,0.053358566015958786,0.05888659507036209
24780,0.3910684287548065,0.2279166281223297,0.08228227496147156,-0.023632487282156944,-0.04718073457479477,-0.019245216622948647,-0.08249706029891968,-0.05495402589440346,0.05201094597578049,0.05998212844133377
24800,0.39110609889030457,0.2279290109872818,0.08229047060012817,-0.02367362566292286,-0.047205258160829544,-0.019258907064795494,-0.08250962197780609,-0.05499023199081421,0.05335809290409088,0.057840876281261444
24820,0.3909308910369873,0.2277713268995285,0.0823301449418068,-0.02365543693304062,-0.04718690738081932,-0.019283903762698174,-0.08251693844795227,-0.05501091107726097,0.05195508152246475,0.05897281691431999
24840,0.39088019728660583,0.22780513763427734,0.08238121122121811,-0.023675013333559036,-0.047199737280607224,-0.01932627335190773,-0.0825173407793045,-0.05503983050584793,0.05157911032438278,0.05865179002285004
24860,0.3908683657646179,0.2277878075838089,0.08238653093576431,-0.023647604510188103,-0.0472416952252388,-0.019368620589375496,-0.08255024254322052,-0.05507107079029083,0.05288402736186981,0.0583755262196064
24880,0.39084193110466003,0.22782854735851288,0.0824517235159874,-0.023645931854844093,-0.047280583530664444,-0.01940900832414627,-0.08255608379840851,-0.055088091641664505,0.05346640944480896,0.05675356835126877
24900,0.3908586800098419,0.22777853906154633,0.08245054632425308,-0.02367740124464035,-0.047306738793849945,-0.019446484744548798,-0.08255641907453537,-0.05509674549102783,0.05391279608011246,0.058354638516902924
24920,0.3907305598258972,0.22774577140808105,0.08250317722558975,-0.023650381714105606,-0.047337938100099564,-0.01947111263871193,-0.0825841948390007,-0.055101025849580765,0.05341231822967529,0.05852123349905014
24940,0.3906818628311157,0.22771400213241577,0.08250527828931808,-0.023660432547330856,-0.047371819615364075,-0.019493816420435905,-0.08260709047317505,-0.0551120899617672,0.05292515456676483,0.05740063637495041
24960,0.3906611204147339,0.2276686728000641,0.08247141540050507,-0.023694410920143127,-0.04738154634833336,-0.019516145810484886,-0.08263224363327026,-0.05512576177716255,0.05084451660513878,0.05842364951968193
24980,0.390634149312973,0.22766715288162231,0.08252206444740295,-0.023717090487480164,-0.047404833137989044,-0.019560808315873146,-0.08265229314565659,-0.055155832320451736,0.050410881638526917,0.05793725699186325
25000,0.39057689905166626,0.2276490479707718,0.08260462433099747,-0.023704752326011658,-0.04747393727302551,-0.019583649933338165,-0.0826726108789444,-0.05517732724547386,0.05114154890179634,0.05622294917702675
25020,0.3905762732028961,0.2276238054037094,0.08248864114284515,-0.023713385686278343,-0.04753527417778969,-0.01963161863386631,-0.08269418776035309,-0.05518842861056328,0.05301057547330856,0.059787362813949585
25040,0.3906494677066803,0.22763904929161072,0.08250419795513153,-0.023682856932282448,-0.047570567578077316,-0.019625991582870483,-0.08271346241235733,-0.055201396346092224,0.052445460110902786,0.05702986195683479
25060,0.39071422815322876,0.22773180902004242,0.0824853852391243,-0.023706307634711266,-0.04758632928133011,-0.01963278278708458,-0.08274286240339279,-0.05523831024765968,0.05519630387425423,0.05981025472283363
25080,0.39060935378074646,0.22776618599891663,0.08254894614219666,-0.023699143901467323,-0.04759800806641579,-0.01964705064892769,-0.08274967968463898,-0.05526621267199516,0.05415654927492142,0.056555215269327164
25100,0.3906281292438507,0.22782978415489197,0.08255016803741455,-0.023751698434352875,-0.04761478677392006,-0.019639315083622932,-0.08277337998151779,-0.05529756471514702,0.05431769788265228,0.057459086179733276
25120,0.39065057039260864,0.2277844250202179,0.08260171115398407,-0.023712854832410812,-0.04764228314161301,-0.01964302733540535,-0.08280231058597565,-0.05530993267893791,0.0524451844394207,0.05987369269132614
25140,0.390689492225647,0.22779807448387146,0.08266736567020416,-0.023719383403658867,-0.04764711856842041,-0.019657986238598824,-0.0828528180718422,-0.05531831830739975,0.052691150456666946,0.05634694546461105
25160,0.39060214161872864,0.22773495316505432,0.08263886719942093,-0.02369191311299801,-0.04766186326742172,-0.019685575738549232,-0.08289138972759247,-0.05533492937684059,0.05066937953233719,0.057799629867076874
25180,0.3905109465122223,0.22769874334335327,0.08262874186038971,-0.02369929850101471,-0.047715041786432266,-0.0197311919182539,-0.0829012393951416,-0.05535294860601425,0.05265592783689499,0.0581345297396183
25200,0.39049777388572693,0.2276564985513687,0.08262353390455246,-0.02374066226184368,-0.047730956226587296,-0.01975313201546669,-0.08292470127344131,-0.05537710338830948,0.05296808481216431,0.05602617934346199
25220,0.390392541885376,0.2276849001646042,0.08252774178981781,-0.02371250092983246,-0.04779155179858208,-0.0197908878326416,-0.08294545859098434,-0.05540042370557785,0.052937231957912445,0.056787505745887756
25240,0.3904826045036316,0.22773446142673492,0.08255511522293091,-0.02368619106709957,-0.0478108786046505,-0.01980571635067463,-0.0829588919878006,-0.05541510507464409,0.05330362170934677,0.05815592408180237
25260,0.3905160427093506,0.22776615619659424,0.08255648612976074,-0.02369898371398449,-0.04782797768712044,-0.01983427070081234,-0.08299071341753006,-0.055443037301301956,0.05318182706832886,0.06224481761455536
25280,0.3904989957809448,0.22782489657402039,0.08262595534324646,-0.023723430931568146,-0.04784151539206505,-0.01986989565193653,-0.08301489055156708,-0.05546673759818077,0.05062158778309822,0.057142242789268494
25300,0.3903825879096985,0.2277655005455017,0.08262334764003754,-0.023703716695308685,-0.0478881299495697,-0.01987600512802601,-0.08303484320640564,-0.05548365041613579,0.05502026528120041,0.056435614824295044
25320,0.3903104066848755,0.2276964783668518,0.08264276385307312,-0.023714685812592506,-0.047930605709552765,-0.019917888566851616,-0.08306600153446198,-0.055502649396657944,0.05208517611026764,0.05697118490934372
25340,0.3902098834514618,0.227666437625885,0.08262728899717331,-0.023756185546517372,-0.047980960458517075,-0.0199352465569973,-0.08309139311313629,-0.055524468421936035,0.052860479801893234,0.0590478777885437
25360,0.39020052552223206,0.22763706743717194,0.08267565071582794,-0.023759348317980766,-0.04803775995969772,-0.019970566034317017,-0.08312313258647919,-0.05555204302072525,0.05332474783062935,0.058733019977808
25380,0.3900860846042633,0.22760449349880219,0.08275041729211807,-0.023786377161741257,-0.0480540506541729,-0.019995979964733124,-0.08313774317502975,-0.05557173117995262,0.05520738661289215,0.05663731321692467
25400,0.39022353291511536,0.22762975096702576,0.0827130451798439,-0.023760834708809853,-0.048081863671541214,-0.020023087039589882,-0.08316577225923538,-0.055583689361810684,0.05245460197329521,0.05663766339421272
25420,0.3901411294937134,0.22759784758090973,0.08271908760070801,-0.02382853254675865,-0.04811868816614151,-0.02003946155309677,-0.08317579329013824,-0.0556134358048439,0.0521148256957531,0.0590132400393486
25440,0.3901612162590027,0.2275630682706833,0.08267322182655334,-0.02384640835225582,-0.048137128353118896,-0.02006332390010357,-0.08319199085235596,-0.05564679950475693,0.05174778401851654,0.05658364295959473
25460,0.3901466429233551,0.22764594852924347,0.08263086527585983,-0.023852204903960228,-0.04815270006656647,-0.02008194476366043,-0.0832335501909256,-0.05566761642694473,0.054185304790735245,0.060192402452230453
25480,0.39014101028442383,0.22765882313251495,0.08279857039451599,-0.023843389004468918,-0.04818294942378998,-0.020117582753300667,-0.08327307552099228,-0.055680688470602036,0.05557592213153839,0.05945034325122833
25500,0.3901912569999695,0.22765949368476868,0.08284913748502731,-0.023838741704821587,-0.04818447306752205,-0.020164335146546364,-0.08330819755792618,-0.055702634155750275,0.05164554715156555,0.05664704740047455
25520,0.3900855779647827,0.22754807770252228,0.08292964100837708,-0.023865606635808945,-0.048229169100522995,-0.020180832594633102,-0.08332695811986923,-0.05572744086384773,0.05437064543366432,0.057435959577560425
25540,0.39003807306289673,0.22748878598213196,0.0829121470451355,-0.023874424397945404,-0.048255324363708496,-0.020208554342389107,-0.083350770175457,-0.05575282499194145,0.05289989709854126,0.0580303892493248
25560,0.3900318145751953,0.22744417190551758,0.08295276015996933,-0.0238789115101099,-0.048258621245622635,-0.02023853175342083,-0.083374984562397,-0.05577960982918739,0.0521443746984005,0.05635441467165947
25580,0.3900296688079834,0.22753645479679108,0.08295898139476776,-0.023892594501376152,-0.04828972369432449,-0.020244942978024483,-0.08341191709041595,-0.0558047816157341,0.05046866089105606,0.06321995705366135
25600,0.39013293385505676,0.22750549018383026,0.08303526043891907,-0.023990573361516,-0.04832062870264053,-0.020280592143535614,-0.08344384282827377,-0.05583098158240318,0.05252234265208244,0.06320223957300186
25620,0.39006999135017395,0.2275320440530777,0.08316034823656082,-0.023921722546219826,-0.048356521874666214,-0.02029391936957836,-0.08345653861761093,-0.055849090218544006,0.05457492172718048,0.06040210649371147
25640,0.3901485800743103,0.22749333083629608,0.08307226747274399,-0.02392750419676304,-0.048397187143564224,-0.020319506525993347,-0.08347625285387039,-0.05586295574903488,0.05084509775042534,0.05851646512746811
25660,0.3900671601295471,0.22742639482021332,0.08308058977127075,-0.023880327120423317,-0.04839767515659332,-0.020302705466747284,-0.08347810059785843,-0.055879559367895126,0.05213286355137825,0.057087190449237823
25680,0.3900173306465149,0.22745944559574127,0.08303295075893402,-0.02392876148223877,-0.048394836485385895,-0.020276056602597237,-0.08349630236625671,-0.055909641087055206,0.05156644806265831,0.05807606130838394
25700,0.3900359570980072,0.2273578941822052,0.08304934948682785,-0.02390787936747074,-0.04840381070971489,-0.02030523493885994,-0.08352674543857574,-0.05591876804828644,0.050503045320510864,0.056550055742263794
25720,0.38999852538108826,0.22736236453056335,0.08304555714130402,-0.023925727233290672,-0.04845143482089043,-0.020366625860333443,-0.0835501030087471,-0.055940642952919006,0.05134465917944908,0.05628252401947975
25740,0.39000609517097473,0.22733736038208008,0.08309362828731537,-0.02387036383152008,-0.04845423996448517,-0.02037765458226204,-0.08357401192188263,-0.05595055967569351,0.052755456417798996,0.058228932321071625
25760,0.3899115025997162,0.22736988961696625,0.08310995250940323,-0.02393757551908493,-0.04850761219859123,-0.020412566140294075,-0.08359838277101517,-0.05596071109175682,0.051028408110141754,0.06060236319899559
25780,0.3900314271450043,0.22739621996879578,0.08308786898851395,-0.02393481135368347,-0.04852171614766121,-0.020415890961885452,-0.08362755179405212,-0.05597414821386337,0.053470347076654434,0.05720412731170654
25800,0.3898905813694,0.2274196594953537,0.08308885991573334,-0.02391374111175537,-0.04853843152523041,-0.02045426145195961,-0.08365614712238312,-0.0559912845492363,0.050186168402433395,0.05813150852918625
25820,0.38978511095046997,0.22736585140228271,0.08309345692396164,-0.023983696475625038,-0.0485786534845829,-0.020491408184170723,-0.08367470651865005,-0.05601204186677933,0.05259894207119942,0.05758098512887955
25840,0.3897280693054199,0.22738075256347656,0.08309545367956161,-0.02398763969540596,-0.04861721023917198,-0.020502841100096703,-0.08366935700178146,-0.05602489039301872,0.053478848189115524,0.055653031915426254
25860,0.3896263837814331,0.22737163305282593,0.08313407003879547,-0.024089453741908073,-0.04867525026202202,-0.020535966381430626,-0.08367450535297394,-0.05603569746017456,0.051484737545251846,0.05795878916978836
25880,0.3896188735961914,0.22731918096542358,0.08312242478132248,-0.024115338921546936,-0.048730362206697464,-0.020560380071401596,-0.08368367701768875,-0.05605662986636162,0.05073217302560806,0.059810932725667953
25900,0.3896529972553253,0.22732463479042053,0.08312968909740448,-0.02409662865102291,-0.04874854162335396,-0.02060399204492569,-0.08370636403560638,-0.05607054755091667,0.05681785196065903,0.056238189339637756
25920,0.3896084129810333,0.22746993601322174,0.08327756822109222,-0.02407509833574295,-0.04876543581485748,-0.020623501390218735,-0.08374819159507751,-0.05608230456709862,0.05188984051346779,0.05563691258430481
25940,0.38953477144241333,0.22749988734722137,0.08325417339801788,-0.024104459211230278,-0.048796821385622025,-0.020653866231441498,-0.08376758545637131,-0.056105148047208786,0.05196370929479599,0.05743607133626938
25960,0.3896584212779999,0.22749990224838257,0.08323462307453156,-0.02408418245613575,-0.048808664083480835,-0.02067744918167591,-0.08378225564956665,-0.05612346529960632,0.051575079560279846,0.05956657975912094
25980,0.38952264189720154,0.2273687869310379,0.08325548470020294,-0.02405882067978382,-0.048805784434080124,-0.020710701122879982,-0.08378062397241592,-0.056149519979953766,0.05158757418394089,0.0555088110268116
26000,0.3894844651222229,0.22722195088863373,0.08322545140981674,-0.024092083796858788,-0.04884304106235504,-0.02072933502495289,-0.08379626274108887,-0.056174956262111664,0.051681485027074814,0.056250859051942825
26020,0.3894815146923065,0.22720128297805786,0.08315250277519226,-0.024109330028295517,-0.048863187432289124,-0.020753677934408188,-0.08382705599069595,-0.056190069764852524,0.05125974491238594,0.057401325553655624
26040,0.3893878161907196,0.22720429301261902,0.08319593966007233,-0.02413029968738556,-0.04888776317238808,-0.020758505910634995,-0.083851158618927,-0.05620621517300606,0.05145275592803955,0.05718972161412239
26060,0.3893842101097107,0.22724388539791107,0.08322149515151978,-0.02413521334528923,-0.048928726464509964,-0.020812515169382095,-0.08387013524770737,-0.0562291145324707,0.05635268986225128,0.06171667203307152
26080,0.38949745893478394,0.22728367149829865,0.08333101868629456,-0.024135036394000053,-0.048930637538433075,-0.0208125077188015,-0.08389797806739807,-0.05624326691031456,0.05192547291517258,0.05848371610045433
26100,0.3893468976020813,0.22728724777698517,0.08330456167459488,-0.024183914065361023,-0.04898016154766083,-0.020827045664191246,-0.08392298966646194,-0.056257300078868866,0.05088292062282562,0.0569162592291832
26120,0.38934215903282166,0.22727946937084198,0.08341052383184433,-0.02422351948916912,-0.048990145325660706,-0.020846055820584297,-0.08393482863903046,-0.05626765266060829,0.050853338092565536,0.0569290928542614
26140,0.38926494121551514,0.2272588014602661,0.08346015214920044,-0.02425495535135269,-0.049013372510671616,-0.020851237699389458,-0.0839494839310646,-0.05628150328993797,0.051542360335588455,0.05652640759944916
26160,0.3893240690231323,0.22721360623836517,0.08337751775979996,-0.02430771477520466,-0.04905365779995918,-0.020889798179268837,-0.08396060764789581,-0.05629508197307587,0.051474861800670624,0.05807153880596161
26180,0.38934004306793213,0.22721275687217712,0.08338865637779236,-0.02424287609755993,-0.04908035695552826,-0.02092178910970688,-0.0839943140745163,-0.056302499026060104,0.052039217203855515,0.05731400102376938
26200,0.3892819285392761,0.22715502977371216,0.08331336081027985,-0.024252349510788918,-0.04912737011909485,-0.02095799893140793,-0.08400236815214157,-0.05632590129971504,0.052215106785297394,0.058269716799259186
26220,0.38923364877700806,0.2271062284708023,0.08328501880168915,-0.024242425337433815,-0.04913376271724701,-0.02097742259502411,-0.08401378989219666,-0.056339722126722336,0.05136673524975777,0.05964961275458336
26240,0.3890983760356903,0.2270307093858719,0.08316910266876221,-0.024311402812600136,-0.04916231706738472,-0.02098880708217621,-0.0840224027633667,-0.05635913088917732,0.05192452669143677,0.0584094263613224
26260,0.38905200362205505,0.2270200103521347,0.08320072293281555,-0.02428613416850567,-0.04919667914509773,-0.02100875787436962,-0.08404391258955002,-0.05637722462415695,0.05199343338608742,0.05606177821755409
26280,0.38896214962005615,0.2270861119031906,0.08319442719221115,-0.024301009252667427,-0.04921076074242592,-0.02103547565639019,-0.0840606540441513,-0.05639607459306717,0.05214357003569603,0.05633477494120598
26300,0.3889450430870056,0.22701884806156158,0.08322074264287949,-0.02425299398601055,-0.049251534044742584,-0.021075839176774025,-0.08407430350780487,-0.056403063237667084,0.05263744667172432,0.05680530145764351
26320,0.38906896114349365,0.22697535157203674,0.0832764133810997,-0.024254070594906807,-0.049302682280540466,-0.021131785586476326,-0.0840914249420166,-0.0564168244600296,0.05144094303250313,0.05644991248846054
26340,0.38903623819351196,0.22702986001968384,0.08330129086971283,-0.024280520156025887,-0.049344152212142944,-0.021153664216399193,-0.08411163091659546,-0.05644584074616432,0.05326222628355026,0.05650267377495766
26360,0.38902050256729126,0.22710400819778442,0.08340407907962799,-0.024231834337115288,-0.0493687242269516,-0.02116789110004902,-0.0841343104839325,-0.05647758021950722,0.05143170431256294,0.05705676227807999
26380,0.3889961838722229,0.22712135314941406,0.08340642601251602,-0.02422916516661644,-0.04938078299164772,-0.021211475133895874,-0.0841544046998024,-0.05649660900235176,0.05124589055776596,0.05785967409610748
26400,0.3889143764972687,0.22706080973148346,0.08339713513851166,-0.02422349341213703,-0.049398645758628845,-0.02125084400177002,-0.08415527641773224,-0.05651392042636871,0.05185551941394806,0.05630481243133545
26420,0.3888832628726959,0.22698929905891418,0.08340835571289062,-0.024213584139943123,-0.04944153502583504,-0.021277761086821556,-0.08419108390808105,-0.056533925235271454,0.05162262171506882,0.0591423436999321
26440,0.38883671164512634,0.2269989401102066,0.08351065963506699,-0.02420882321894169,-0.049455996602773666,-0.021315502002835274,-0.08419756591320038,-0.05655946210026741,0.05183718353509903,0.05596141517162323
26460,0.38882142305374146,0.22696492075920105,0.08339869976043701,-0.024223603308200836,-0.04946669936180115,-0.0213595200330019,-0.08419787883758545,-0.05659245327115059,0.0518997460603714,0.05678139254450798
26480,0.38882505893707275,0.22694870829582214,0.08331594616174698,-0.024234728887677193,-0.049498300999403,-0.02138204127550125,-0.08421105146408081,-0.05660829693078995,0.052308276295661926,0.05791453272104263
26500,0.38873180747032166,0.22700800001621246,0.08335188776254654,-0.0242837555706501,-0.04953940212726593,-0.021383479237556458,-0.08422907441854477,-0.056625716388225555,0.05089441314339638,0.0557311475276947
26520,0.3886986970901489,0.2270619422197342,0.08331669121980667,-0.024304931983351707,-0.04959215596318245,-0.021407440304756165,-0.0842515081167221,-0.05663607269525528,0.0527753122150898,0.056589946150779724
26540,0.3887367248535156,0.22710438072681427,0.08336075395345688,-0.024287020787596703,-0.04961230978369713,-0.021408522501587868,-0.08427464962005615,-0.05664534121751785,0.051338400691747665,0.06073808670043945
26560,0.38873815536499023,0.2270740419626236,0.08340351283550262,-0.024326637387275696,-0.049631766974925995,-0.021433131769299507,-0.08432067930698395,-0.056678347289562225,0.05146917700767517,0.0606079064309597
26580,0.3887198567390442,0.2270687222480774,0.08346538245677948,-0.02430189587175846,-0.04964079707860947,-0.021444659680128098,-0.08435627073049545,-0.05667887628078461,0.0526241771876812,0.056371234357357025
26600,0.3886832892894745,0.22702591121196747,0.08357565850019455,-0.02424623630940914,-0.049659233540296555,-0.02146846242249012,-0.08435507863759995,-0.05670268088579178,0.052727654576301575,0.05792463570833206
26620,0.38864293694496155,0.22699861228466034,0.083546482026577,-0.024243943393230438,-0.04970157518982887,-0.0214635469019413,-0.08436545729637146,-0.05672292038798332,0.051594920456409454,0.05564533919095993
26640,0.38850006461143494,0.22695182263851166,0.08363532274961472,-0.024215303361415863,-0.04970329999923706,-0.021464141085743904,-0.08438847959041595,-0.05674584582448006,0.054135724902153015,0.05736810714006424
26660,0.38858863711357117,0.22696474194526672,0.08354288339614868,-0.02424747869372368,-0.049706485122442245,-0.021483134478330612,-0.08439936488866806,-0.056757133454084396,0.0503031387925148,0.0593922957777977
26680,0.38864198327064514,0.2270212322473526,0.08359021693468094,-0.024170884862542152,-0.049702487885951996,-0.021497925743460655,-0.08443326503038406,-0.05676265433430672,0.052828822284936905,0.0574178472161293
26700,0.38855433464050293,0.227044939994812,0.08361876755952835,-0.024085842072963715,-0.04968740791082382,-0.021515553817152977,-0.08445809781551361,-0.05677807331085205,0.05202836915850639,0.058193158358335495
26720,0.3885044753551483,0.2270503044128418,0.08371928334236145,-0.024054912850260735,-0.04972442612051964,-0.0215445589274168,-0.08448578417301178,-0.056792210787534714,0.05203010141849518,0.054593246430158615
26740,0.3884594738483429,0.22701536118984222,0.08375492691993713,-0.02406250685453415,-0.04976559430360794,-0.0215693898499012,-0.0845140889286995,-0.056806668639183044,0.05584186688065529,0.05668829381465912
26760,0.388513445854187,0.22707991302013397,0.08375119417905807,-0.024065880104899406,-0.04978160932660103,-0.021568112075328827,-0.08452259749174118,-0.05681817606091499,0.051554854959249496,0.05658673495054245
26780,0.3884834945201874,0.2270967662334442,0.08370406925678253,-0.024112818762660027,-0.04984551668167114,-0.02159770205616951,-0.08454331755638123,-0.05684056505560875,0.050807878375053406,0.05632077530026436
26800,0.3885018825531006,0.2270667403936386,0.08369442820549011,-0.024118788540363312,-0.04983493685722351,-0.021607913076877594,-0.08456386625766754,-0.056866541504859924,0.05241019278764725,0.055887386202812195
26820,0.38848695158958435,0.2270982414484024,0.08375489711761475,-0.0241532139480114,-0.04984792321920395,-0.02162003144621849,-0.08457231521606445,-0.05689559876918793,0.05555269867181778,0.06582851707935333
26840,0.38843002915382385,0.22710353136062622,0.08387971669435501,-0.024159494787454605,-0.049853160977363586,-0.021616928279399872,-0.08461354672908783,-0.056921422481536865,0.051533784717321396,0.05742533132433891
26860,0.3884260058403015,0.22697210311889648,0.08383480459451675,-0.024210531264543533,-0.049849145114421844,-0.02166590839624405,-0.08462012559175491,-0.05693640187382698,0.05301544442772865,0.060102660208940506
26880,0.3882993459701538,0.22694085538387299,0.08385059237480164,-0.02418702095746994,-0.04988297447562218,-0.021707290783524513,-0.08462437987327576,-0.056935589760541916,0.05092235654592514,0.05679389834403992
26900,0.38818374276161194,0.22693851590156555,0.08390943706035614,-0.024128681048750877,-0.049921292811632156,-0.021720344200730324,-0.08464004844427109,-0.056952375918626785,0.05079009756445885,0.05577430874109268
26920,0.38814812898635864,0.2268957942724228,0.08385924249887466,-0.024104077368974686,-0.04992898553609848,-0.021735232323408127,-0.08464708179235458,-0.056958165019750595,0.05332550033926964,0.05605252459645271
26940,0.3881604075431824,0.22690318524837494,0.08377614617347717,-0.024045050144195557,-0.04998258873820305,-0.021742118522524834,-0.08466794341802597,-0.05697977542877197,0.05048568919301033,0.05833148956298828
26960,0.3881092369556427,0.2268383502960205,0.08374954015016556,-0.024060267955064774,-0.05005115643143654,-0.02176942490041256,-0.08469295501708984,-0.05698631331324577,0.051241327077150345,0.059580981731414795
26980,0.3880273997783661,0.22685526311397552,0.08382263779640198,-0.02403387241065502,-0.050060808658599854,-0.021788546815514565,-0.08472070842981339,-0.05698737874627113,0.05244344100356102,0.055879123508930206
27000,0.38806870579719543,0.22683605551719666,0.08382588624954224,-0.023969613015651703,-0.050078924745321274,-0.02179405279457569,-0.08475712686777115,-0.05699372664093971,0.051531028002500534,0.0567701980471611
27020,0.3880331516265869,0.22679218649864197,0.08377355337142944,-0.02398082986474037,-0.05014856904745102,-0.021826816722750664,-0.08476250618696213,-0.05700604245066643,0.050087977200746536,0.056426770985126495
27040,0.3879934847354889,0.2267879694700241,0.08379648625850677,-0.024018200114369392,-0.05014655366539955,-0.021847981959581375,-0.08477887511253357,-0.05701455473899841,0.04973667114973068,0.05711715668439865
27060,0.38789743185043335,0.22677871584892273,0.08381464332342148,-0.024091118946671486,-0.050187382847070694,-0.021862834692001343,-0.08481015264987946,-0.057030610740184784,0.04993569478392601,0.05851847678422928
27080,0.3877904415130615,0.22675257921218872,0.08378580957651138,-0.02412343956530094,-0.05024271458387375,-0.02188398316502571,-0.08482810854911804,-0.05704570189118385,0.05158647522330284,0.05741190165281296
27100,0.3877772390842438,0.22685708105564117,0.08379539102315903,-0.024141086265444756,-0.050272610038518906,-0.02188229002058506,-0.08483949303627014,-0.0570710189640522,0.051437173038721085,0.060504619032144547
27120,0.38765624165534973,0.2268194705247879,0.08371601998806,-0.024131128564476967,-0.05030423030257225,-0.02192608453333378,-0.08486973494291306,-0.05706753954291344,0.052645791321992874,0.05570214241743088
27140,0.38764169812202454,0.22686709463596344,0.08376368135213852,-0.02409054897725582,-0.050321560353040695,-0.02192401885986328,-0.08489841222763062,-0.05707674100995064,0.051927193999290466,0.05726423114538193
27160,0.38769423961639404,0.2269667088985443,0.0837663859128952,-0.024146463721990585,-0.05039195343852043,-0.02195613831281662,-0.08492658287286758,-0.05709243565797806,0.04957211762666702,0.05735042691230774
27180,0.38761815428733826,0.2269052416086197,0.08367205411195755,-0.02412070520222187,-0.05043480172753334,-0.021963907405734062,-0.0849345251917839,-0.057117756456136703,0.05122586339712143,0.05566459521651268
27200,0.38754141330718994,0.2267960011959076,0.08365777879953384,-0.02412288263440132,-0.05046723037958145,-0.021974068135023117,-0.08496444672346115,-0.05713576823472977,0.05060659721493721,0.056523844599723816
27220,0.38751667737960815,0.22685179114341736,0.08371394127607346,-0.02415076456964016,-0.05049147456884384,-0.02200591377913952,-0.08499646931886673,-0.05715399980545044,0.052533648908138275,0.056153472512960434
27240,0.387516051530838,0.2267841100692749,0.08366917818784714,-0.024136651307344437,-0.050529006868600845,-0.02205975353717804,-0.08501279354095459,-0.05717642605304718,0.05149563029408455,0.057768307626247406
27260,0.3875141441822052,0.22685407102108002,0.08380056172609329,-0.024116868153214455,-0.05054059997200966,-0.02206985466182232,-0.08504146337509155,-0.057200100272893906,0.0513816773891449,0.05633961781859398
27280,0.38745835423469543,0.22693762183189392,0.08374942094087601,-0.02412320114672184,-0.050568386912345886,-0.02208077162504196,-0.08506672829389572,-0.05722382292151451,0.049538157880306244,0.05737302452325821
27300,0.3874349892139435,0.2269366979598999,0.08372308313846588,-0.024126190692186356,-0.050576213747262955,-0.02212967909872532,-0.08509264886379242,-0.0572514571249485,0.0509529747068882,0.057442959398031235
27320,0.3874167501926422,0.22695675492286682,0.08377141505479813,-0.024165218695998192,-0.0505906380712986,-0.022154876962304115,-0.0851050391793251,-0.05727166309952736,0.049671512097120285,0.0554472878575325
27340,0.387341171503067,0.22692318260669708,0.08374476432800293,-0.024172676727175713,-0.05064477026462555,-0.022180991247296333,-0.08513586968183517,-0.05728905647993088,0.05342726781964302,0.058483559638261795
27360,0.3873242139816284,0.22682401537895203,0.08380846679210663,-0.02409631572663784,-0.05067169666290283,-0.02222076617181301,-0.08517006039619446,-0.057296447455883026,0.05112124979496002,0.05675555393099785
27380,0.38724851608276367,0.2268250733613968,0.08374306559562683,-0.02408703975379467,-0.05069918558001518,-0.02224620431661606,-0.08520591259002686,-0.057314347475767136,0.05137630179524422,0.057243041694164276
27400,0.3872791826725006,0.22688524425029755,0.08387020975351334,-0.024059753865003586,-0.05069589987397194,-0.022266965359449387,-0.08520976454019547,-0.05734633281826973,0.05564937740564346,0.0605291910469532
27420,0.38732632994651794,0.22686193883419037,0.08385758101940155,-0.024093549698591232,-0.05071703717112541,-0.022294042631983757,-0.08521708846092224,-0.057358019053936005,0.05017765238881111,0.05550061911344528
27440,0.3872902989387512,0.22689978778362274,0.08388934284448624,-0.024077225476503372,-0.05071122199296951,-0.022304655984044075,-0.08522830158472061,-0.05737002193927765,0.05404949560761452,0.05962200462818146
27460,0.3872101604938507,0.2269151657819748,0.08385913819074631,-0.024055983871221542,-0.05071443319320679,-0.022345207631587982,-0.08522467315196991,-0.057384192943573,0.05289344862103462,0.056083761155605316
27480,0.38711878657341003,0.22677206993103027,0.08397504687309265,-0.024026017636060715,-0.050728410482406616,-0.02238069474697113,-0.08524112403392792,-0.057390354573726654,0.05517733842134476,0.056142982095479965
27500,0.3871316611766815,0.2268194556236267,0.08399996161460876,-0.024059845134615898,-0.0507119782269001,-0.022386547178030014,-0.08525878936052322,-0.057403936982154846,0.04970864951610565,0.05603041127324104
27520,0.3871811032295227,0.22681595385074615,0.08397932350635529,-0.024096744135022163,-0.05074850097298622,-0.022414812818169594,-0.08528987318277359,-0.05740368738770485,0.051624443382024765,0.05984042212367058
27540,0.38720703125,0.22683249413967133,0.08392342180013657,-0.02408604696393013,-0.0507432222366333,-0.022425789386034012,-0.08530458062887192,-0.057410113513469696,0.04963412880897522,0.05540105700492859
27560,0.3871130347251892,0.22674717009067535,0.08387170732021332,-0.024110041558742523,-0.050799574702978134,-0.022474654018878937,-0.08533066511154175,-0.057450104504823685,0.05084116384387016,0.05850808322429657
27580,0.38708120584487915,0.22679592669010162,0.0839766412973404,-0.02412506751716137,-0.05079260841012001,-0.022467022761702538,-0.08535480499267578,-0.0574713796377182,0.05148692429065704,0.057147275656461716
27600,0.38698530197143555,0.22677423059940338,0.08392789959907532,-0.024159405380487442,-0.05084270238876343,-0.022498808801174164,-0.08537254482507706,-0.05748538672924042,0.05155770853161812,0.06043940782546997
27620,0.3870408535003662,0.2268056869506836,0.08401071280241013,-0.024135714396834373,-0.050853170454502106,-0.02250598929822445,-0.08539701253175735,-0.05749616026878357,0.053492411971092224,0.06133538484573364
27640,0.38713952898979187,0.22690458595752716,0.08409124612808228,-0.024128053337335587,-0.0508405975997448,-0.022525563836097717,-0.08541099727153778,-0.05751827731728554,0.05158191919326782,0.057971060276031494
27660,0.3872903287410736,0.22701378166675568,0.08409787714481354,-0.024132337421178818,-0.05087119713425636,-0.02252856083214283,-0.08543586730957031,-0.057530228048563004,0.05334646999835968,0.055462222546339035
27680,0.3871796131134033,0.2270035594701767,0.0841069296002388,-0.02413277141749859,-0.05088476836681366,-0.02252698503434658,-0.08546692878007889,-0.0575539730489254,0.050636447966098785,0.060654450207948685
27700,0.38717618584632874,0.2269732505083084,0.08405902236700058,-0.02415918931365013,-0.05091894045472145,-0.02256937138736248,-0.08550538122653961,-0.05757398158311844,0.051952823996543884,0.057325780391693115
27720,0.3870660066604614,0.22684608399868011,0.08405037969350815,-0.024162646383047104,-0.05095583572983742,-0.022578291594982147,-0.0855434387922287,-0.057587362825870514,0.05090692639350891,0.056488797068595886
27740,0.3868713676929474,0.22684180736541748,0.0840635597705841,-0.02412310801446438,-0.05099630728363991,-0.022624777629971504,-0.08556699752807617,-0.05761491134762764,0.051357004791498184,0.05748094618320465
27760,0.3869331479072571,0.22690774500370026,0.08406730741262436,-0.024092163890600204,-0.0510391965508461,-0.02266225777566433,-0.0855901911854744,-0.0576317198574543,0.05081901699304581,0.05648774653673172
27780,0.3868716061115265,0.22687365114688873,0.0840834528207779,-0.024092022329568863,-0.05107331648468971,-0.022694410756230354,-0.0856218934059143,-0.05764545872807503,0.05155152827501297,0.05766611546278
27800,0.3868452310562134,0.22684943675994873,0.0841059759259224,-0.024139178916811943,-0.05109269917011261,-0.022697042673826218,-0.0856238529086113,-0.05766962468624115,0.049582868814468384,0.05735688656568527
27820,0.38679957389831543,0.22683964669704437,0.08407502621412277,-0.02413160726428032,-0.051102202385663986,-0.022707903757691383,-0.08564160019159317,-0.057680826634168625,0.050091858953237534,0.05589648336172104
27840,0.3866671621799469,0.2267061322927475,0.0840851366519928,-0.024159584194421768,-0.05112306401133537,-0.022726304829120636,-0.08564238250255585,-0.05771011859178543,0.05119166150689125,0.061119310557842255
27860,0.38666263222694397,0.22679544985294342,0.08413544297218323,-0.024101832881569862,-0.051141347736120224,-0.022764697670936584,-0.08563650399446487,-0.057731810957193375,0.052113115787506104,0.05838385224342346
27880,0.38688400387763977,0.22676357626914978,0.08425551652908325,-0.02406499534845352,-0.051149483770132065,-0.022813716903328896,-0.08564276248216629,-0.057757869362831116,0.05214294046163559,0.05788438022136688
27900,0.3868122100830078,0.22682319581508636,0.08435860276222229,-0.024108748883008957,-0.05117099732160568,-0.022851210087537766,-0.08564642816781998,-0.057786040008068085,0.0492183081805706,0.05555371940135956
27920,0.386652410030365,0.22673240303993225,0.08437328040599823,-0.024069570004940033,-0.05118052288889885,-0.022876648232340813,-0.08566953241825104,-0.057802844792604446,0.054135650396347046,0.05497189611196518
27940,0.3865368664264679,0.226692333817482,0.08428845554590225,-0.02412712574005127,-0.051180385053157806,-0.02289479225873947,-0.08568884432315826,-0.05782090499997139,0.0565963089466095,0.056846413761377335
27960,0.38642439246177673,0.22669929265975952,0.0842895358800888,-0.024113206192851067,-0.05121111497282982,-0.022942526265978813,-0.08569521456956863,-0.05783217027783394,0.049957334995269775,0.05657041445374489
27980,0.38629522919654846,0.2265361100435257,0.08428629487752914,-0.024032967165112495,-0.05124056339263916,-0.022958414629101753,-0.08571618795394897,-0.057844214141368866,0.05106804147362709,0.056152671575546265
28000,0.3862505555152893,0.2264324575662613,0.08429264277219772,-0.02405712753534317,-0.051273513585329056,-0.023006616160273552,-0.08572005480527878,-0.05785234272480011,0.05134350806474686,0.0579536147415638
28020,0.38623765110969543,0.22639557719230652,0.08435051143169403,-0.024029726162552834,-0.051309749484062195,-0.02302120067179203,-0.08572282642126083,-0.057873766869306564,0.05140808969736099,0.05578502267599106
28040,0.3862402141094208,0.2263968139886856,0.08441520482301712,-0.024021906778216362,-0.05132240056991577,-0.023047059774398804,-0.08571061491966248,-0.05789618939161301,0.05125339701771736,0.055426329374313354
28060,0.3861861526966095,0.2263370007276535,0.08433349430561066,-0.02401302009820938,-0.05139705911278725,-0.023079458624124527,-0.08573506772518158,-0.05791986361145973,0.05259982496500015,0.05770210921764374
28080,0.38618984818458557,0.2264639139175415,0.08437575399875641,-0.023956594988703728,-0.05141150951385498,-0.023082176223397255,-0.08576632291078568,-0.05795187130570412,0.05157192796468735,0.057438816875219345
28100,0.386242151260376,0.2264423817396164,0.08433905988931656,-0.0239432193338871,-0.05142158269882202,-0.023096298798918724,-0.08576586097478867,-0.057975996285676956,0.054490622133016586,0.05664032697677612
28120,0.3862599730491638,0.22644250094890594,0.08437196165323257,-0.023976653814315796,-0.05143829062581062,-0.023122647777199745,-0.08577142655849457,-0.05799344554543495,0.05025610700249672,0.05482620745897293
28140,0.3862316906452179,0.2263975888490677,0.08430246263742447,-0.023987362161278725,-0.05148004740476608,-0.023153815418481827,-0.08579883724451065,-0.058014996349811554,0.05211138725280762,0.05623501166701317
28160,0.3862193524837494,0.22642280161380768,0.0843065083026886,-0.02406202256679535,-0.0515059269964695,-0.023173118010163307,-0.08582819998264313,-0.05803772434592247,0.05189967527985573,0.056962717324495316
28180,0.3862162232398987,0.22651004791259766,0.08432532101869583,-0.024073194712400436,-0.05154307931661606,-0.023210832849144936,-0.08585412055253983,-0.05805506184697151,0.04888542369008064,0.056719936430454254
28200,0.38623979687690735,0.2265714555978775,0.08426328748464584,-0.023991137742996216,-0.05156649276614189,-0.02325376868247986,-0.08586657792329788,-0.05806814134120941,0.05009201914072037,0.05632111802697182
28220,0.3861468434333801,0.2265750765800476,0.08420956879854202,-0.024027016013860703,-0.05159900709986687,-0.0232476145029068,-0.08587078005075455,-0.05807599797844887,0.05329233035445213,0.05670104920864105
28240,0.3860699236392975,0.2265346199274063,0.08422040939331055,-0.024071209132671356,-0.05161764845252037,-0.023263365030288696,-0.08588480204343796,-0.058103352785110474,0.0507349893450737,0.05521436035633087
28260,0.3860287070274353,0.22653168439865112,0.08420176059007645,-0.02409788966178894,-0.051662322133779526,-0.023305052891373634,-0.08589980006217957,-0.05813678726553917,0.05118463560938835,0.05930985510349274
28280,0.38609495759010315,0.22655747830867767,0.08427797257900238,-0.024113290011882782,-0.05165727436542511,-0.023315059021115303,-0.08590808510780334,-0.05816788971424103,0.051465973258018494,0.05646120011806488
28300,0.38609275221824646,0.22657231986522675,0.08437803387641907,-0.02408439852297306,-0.051650699228048325,-0.023361308500170708,-0.08594085276126862,-0.058179233223199844,0.05070359259843826,0.055783919990062714
28320,0.3860829770565033,0.2266077846288681,0.08433028310537338,-0.024136435240507126,-0.05170101299881935,-0.023403266444802284,-0.08595647662878036,-0.058204859495162964,0.04913335293531418,0.05522076413035393
28340,0.3860180079936981,0.22651484608650208,0.084343820810318,-0.02417861297726631,-0.051698293536901474,-0.023430874571204185,-0.08597598969936371,-0.058231841772794724,0.049307677894830704,0.05669569596648216
28360,0.3860227167606354,0.22642585635185242,0.08434157073497772,-0.024202506989240646,-0.05170716345310211,-0.02346104569733143,-0.08599665760993958,-0.05826108530163765,0.05173957347869873,0.057462699711322784
28380,0.38603121042251587,0.2265719771385193,0.08443999290466309,-0.024146024137735367,-0.05172354727983475,-0.023475617170333862,-0.08603183925151825,-0.05826423689723015,0.05432521179318428,0.05662358179688454
28400,0.38596630096435547,0.22654201090335846,0.084394671022892,-0.02412049099802971,-0.05174045264720917,-0.023506464436650276,-0.08606904745101929,-0.05827830731868744,0.05187998339533806,0.05828235298395157
28420,0.38589656352996826,0.22644752264022827,0.08448520302772522,-0.02407762221992016,-0.05175295099616051,-0.02350337989628315,-0.08608835935592651,-0.058297377079725266,0.05130118876695633,0.057793229818344116
28440,0.38578176498413086,0.22642606496810913,0.08449398726224899,-0.024038439616560936,-0.05177779868245125,-0.02353048510849476,-0.08610928058624268,-0.058314017951488495,0.05412124842405319,0.05763334780931473
28460,0.38579636812210083,0.22643929719924927,0.0845104530453682,-0.0240962915122509,-0.05179140344262123,-0.023515118286013603,-0.08612260967493057,-0.05832937732338905,0.05176432803273201,0.06035105884075165
28480,0.3858577013015747,0.2264186590909958,0.08448643237352371,-0.024015458300709724,-0.05183308199048042,-0.02353920415043831,-0.08615149557590485,-0.05834244564175606,0.05178328976035118,0.0563502237200737
28500,0.38570913672447205,0.22644400596618652,0.08453308045864105,-0.02401958405971527,-0.05186527594923973,-0.023562131449580193,-0.08616015315055847,-0.0583595335483551,0.04891311749815941,0.055337823927402496
28520,0.3857629895210266,0.2264067530632019,0.08458069711923599,-0.023990383371710777,-0.05184217914938927,-0.023572636768221855,-0.0861838161945343,-0.05837898701429367,0.05199774354696274,0.05881395563483238
28540,0.3857603073120117,0.2264353334903717,0.08462914824485779,-0.024027571082115173,-0.05185675248503685,-0.023591123521327972,-0.08621624857187271,-0.058400958776474,0.05139459669589996,0.05565182864665985
28560,0.38575509190559387,0.22645613551139832,0.08464110642671585,-0.02408631332218647,-0.05186121538281441,-0.02362802065908909,-0.08622639626264572,-0.058415308594703674,0.051739174872636795,0.05606665834784508
28580,0.3856266438961029,0.2263418734073639,0.08466828614473343,-0.024045873433351517,-0.05190671235322952,-0.023670554161071777,-0.08626215904951096,-0.058431170880794525,0.05006901174783707,0.05541147664189339
28600,0.38559281826019287,0.2262827605009079,0.08470595628023148,-0.02403881773352623,-0.05191731080412865,-0.02367662452161312,-0.08629302680492401,-0.05844695121049881,0.050264857709407806,0.0558871254324913
28620,0.38547077775001526,0.2262442260980606,0.08470053225755692,-0.024132171645760536,-0.051968034356832504,-0.02368941158056259,-0.08632538467645645,-0.05847279727458954,0.050408441573381424,0.0548221729695797
28640,0.3854934275150299,0.2263679802417755,0.08476702123880386,-0.024148693308234215,-0.052011363208293915,-0.023706350475549698,-0.0863415077328682,-0.05849543213844299,0.0492657795548439,0.05555613711476326
28660,0.38544782996177673,0.22630706429481506,0.08469907194375992,-0.024132125079631805,-0.05205613374710083,-0.02373015321791172,-0.08636260032653809,-0.058514613658189774,0.04939892888069153,0.059349749237298965
28680,0.38534408807754517,0.22632427513599396,0.08470112830400467,-0.024097371846437454,-0.0520780012011528,-0.023750320076942444,-0.08636651933193207,-0.05853390321135521,0.05231635645031929,0.05583280324935913
28700,0.38530322909355164,0.2262091338634491,0.08470041304826736,-0.024076450616121292,-0.05212679132819176,-0.023779744282364845,-0.08639490604400635,-0.05855657905340195,0.05050528049468994,0.057141631841659546
28720,0.3853115141391754,0.22623145580291748,0.08481378108263016,-0.024070164188742638,-0.05211300775408745,-0.023784736171364784,-0.08640367537736893,-0.058576542884111404,0.05074155703186989,0.05662429332733154
28740,0.38529524207115173,0.22629977762699127,0.084807850420475,-0.023987602442502975,-0.0521622896194458,-0.023807812482118607,-0.0864294245839119,-0.058590952306985855,0.05006693676114082,0.05607164651155472
28760,0.38534054160118103,0.22635336220264435,0.0849299356341362,-0.02394736371934414,-0.05220555141568184,-0.023829836398363113,-0.08645313233137131,-0.05861140415072441,0.05527719482779503,0.05802348628640175
28780,0.38534483313560486,0.2263670414686203,0.08495963364839554,-0.023949816823005676,-0.05221854895353317,-0.023849764838814735,-0.08645142614841461,-0.05862877890467644,0.049228448420763016,0.05627065151929855
28800,0.3853064477443695,0.22640912234783173,0.08490467071533203,-0.024014094844460487,-0.05224314704537392,-0.023874295875430107,-0.0864584669470787,-0.05864264443516731,0.05042437091469765,0.055443279445171356
28820,0.3852507472038269,0.22638393938541412,0.08481033146381378,-0.02399572543799877,-0.05228724703192711,-0.023902980610728264,-0.08648776262998581,-0.05864900350570679,0.0509602352976799,0.05610256642103195
28840,0.3852304518222809,0.22638358175754547,0.08482363820075989,-0.02402457967400551,-0.05230884253978729,-0.023932982236146927,-0.08652427047491074,-0.05866768956184387,0.054427821189165115,0.05682982876896858
28860,0.3852180540561676,0.22638636827468872,0.08495316654443741,-0.02397795580327511,-0.05233672261238098,-0.023945903405547142,-0.08654695004224777,-0.05867974832653999,0.0482490099966526,0.0551891028881073
28880,0.38504141569137573,0.22637607157230377,0.08497538417577744,-0.023996351286768913,-0.052366312593221664,-0.023964866995811462,-0.08656132966279984,-0.05870135873556137,0.05014422908425331,0.056274645030498505
28900,0.3850063979625702,0.22635476291179657,0.08494716882705688,-0.024017691612243652,-0.05238156393170357,-0.023994633927941322,-0.08657439053058624,-0.058722469955682755,0.04870893806219101,0.05611107125878334
28920,0.3850124776363373,0.22629477083683014,0.0849093571305275,-0.024022364988923073,-0.0523792989552021,-0.024008357897400856,-0.08658180385828018,-0.058747876435518265,0.050141673535108566,0.05465325713157654
28940,0.3849838674068451,0.226246640086174,0.08490724861621857,-0.023997316136956215,-0.05238080769777298,-0.02405269630253315,-0.08659369498491287,-0.05875415727496147,0.0491432286798954,0.05487335845828056
28960,0.3849218189716339,0.2262016087770462,0.08496394753456116,-0.02403983287513256,-0.052396006882190704,-0.024070167914032936,-0.08659341931343079,-0.05876368284225464,0.05044626072049141,0.05587005242705345
28980,0.38500702381134033,0.22609855234622955,0.08495844900608063,-0.024039391428232193,-0.05242809280753136,-0.02410457469522953,-0.08661703020334244,-0.05877415090799332,0.05232003703713417,0.05559391528367996
29000,0.3850814700126648,0.22615525126457214,0.08498929440975189,-0.02404140867292881,-0.05245411396026611,-0.02414223738014698,-0.08664560317993164,-0.05879337340593338,0.04903947561979294,0.05583564192056656
29020,0.3850870728492737,0.2260528951883316,0.08507533371448517,-0.02396794594824314,-0.05247141420841217,-0.024201054126024246,-0.08664736896753311,-0.058811649680137634,0.05135864391922951,0.056092798709869385
29040,0.38510099053382874,0.226026713848114,0.08517009764909744,-0.02396424673497677,-0.05250236764550209,-0.024178752675652504,-0.08666451275348663,-0.05882726609706879,0.0509900227189064,0.0554085299372673
29060,0.3850097060203552,0.22598479688167572,0.08512628823518753,-0.024001440033316612,-0.05257904902100563,-0.024199889972805977,-0.08667361736297607,-0.05884583294391632,0.050750721246004105,0.054961539804935455
29080,0.3850686550140381,0.22592437267303467,0.08513904362916946,-0.023905398324131966,-0.05256378650665283,-0.024186475202441216,-0.08667775988578796,-0.05886465683579445,0.05370860919356346,0.06116636097431183
29100,0.3851805329322815,0.2260718047618866,0.08514828979969025,-0.02394050732254982,-0.052602704614400864,-0.02418978326022625,-0.08670267462730408,-0.05887468159198761,0.05247482657432556,0.05535458028316498
29120,0.38504743576049805,0.22614964842796326,0.08510167896747589,-0.02392560802400112,-0.05262220650911331,-0.024200627580285072,-0.08669967204332352,-0.058884672820568085,0.049919337034225464,0.05616278573870659
29140,0.3849390745162964,0.22614438831806183,0.08501662313938141,-0.02392163872718811,-0.05267176404595375,-0.0242107305675745,-0.08669889718294144,-0.05889051407575607,0.049389977008104324,0.057340625673532486
29160,0.3848874866962433,0.22611448168754578,0.08500521630048752,-0.023952020332217216,-0.05273234471678734,-0.024246249347925186,-0.08670539408922195,-0.05891764536499977,0.050216685980558395,0.05720970034599304
29180,0.3849705457687378,0.2261371612548828,0.08514095842838287,-0.023969192057847977,-0.05275668948888779,-0.02428618259727955,-0.08672238141298294,-0.05894255265593529,0.051244862377643585,0.06012548506259918
29200,0.3847861588001251,0.22608453035354614,0.08514005690813065,-0.023946091532707214,-0.052786681801080704,-0.024321604520082474,-0.08674653619527817,-0.058951232582330704,0.05000157281756401,0.055555056780576706
29220,0.3847784996032715,0.22612962126731873,0.08517535775899887,-0.023956531658768654,-0.05279138311743736,-0.024352898821234703,-0.08676094561815262,-0.058967284858226776,0.04948151484131813,0.05838805064558983
29240,0.38468918204307556,0.22602739930152893,0.08522988855838776,-0.023947078734636307,-0.052830036729574203,-0.02440335787832737,-0.08678118139505386,-0.05898377299308777,0.050404299050569534,0.057573363184928894
29260,0.3846536874771118,0.22603079676628113,0.08526011556386948,-0.023977922275662422,-0.05287938565015793,-0.024419674649834633,-0.08679614961147308,-0.05899783968925476,0.05203140527009964,0.054984256625175476
29280,0.38460949063301086,0.22610513865947723,0.0852794423699379,-0.02407483011484146,-0.05288976803421974,-0.024470709264278412,-0.0868152305483818,-0.059019140899181366,0.05007975921034813,0.05692457780241966
29300,0.38458094000816345,0.22594229876995087,0.08532822877168655,-0.024096081033349037,-0.0528983399271965,-0.024494359269738197,-0.0868467390537262,-0.05904015526175499,0.048803333193063736,0.055141523480415344
29320,0.3845401108264923,0.22589050233364105,0.0852748304605484,-0.024122588336467743,-0.052940547466278076,-0.02453642524778843,-0.08687547594308853,-0.059064291417598724,0.050161030143499374,0.055398814380168915
29340,0.3844852149486542,0.2259104698896408,0.085231713950634,-0.024164658039808273,-0.052954334765672684,-0.024555843323469162,-0.08689751476049423,-0.05909733846783638,0.04934823885560036,0.05508152022957802
29360,0.38433605432510376,0.2258431315422058,0.08529899269342422,-0.024148544296622276,-0.05297651141881943,-0.024582063779234886,-0.08690296113491058,-0.059122662991285324,0.05389023944735527,0.05556903034448624
29380,0.3844303786754608,0.2258741855621338,0.08533506095409393,-0.024142101407051086,-0.05299790948629379,-0.024590732529759407,-0.08692831546068192,-0.059136927127838135,0.04924285411834717,0.05570066720247269
29400,0.38432684540748596,0.22595205903053284,0.0852578803896904,-0.024136735126376152,-0.053050536662340164,-0.024606939405202866,-0.08695083856582642,-0.05915364995598793,0.05087900906801224,0.05586904659867287
29420,0.38438868522644043,0.22583214938640594,0.08523892611265182,-0.024165896698832512,-0.053067587316036224,-0.024634506553411484,-0.08698518574237823,-0.059176355600357056,0.049811456352472305,0.05591828376054764
29440,0.38440656661987305,0.22580789029598236,0.08525275439023972,-0.02421431988477707,-0.053095512092113495,-0.024674970656633377,-0.08701647818088531,-0.05918903276324272,0.04976022616028786,0.055308543145656586
29460,0.38438284397125244,0.2258058488368988,0.08532330393791199,-0.024163497611880302,-0.053115084767341614,-0.024684568867087364,-0.08702654391527176,-0.059208162128925323,0.05142625793814659,0.05614475905895233
29480,0.3843808174133301,0.22580495476722717,0.08528948575258255,-0.024151941761374474,-0.05313878878951073,-0.024668723344802856,-0.08703067898750305,-0.05922436714172363,0.04966442659497261,0.0552990548312664
29500,0.38427647948265076,0.22574356198310852,0.085199274122715,-0.02417503297328949,-0.05320687219500542,-0.02469019964337349,-0.08703743666410446,-0.05923425033688545,0.04989935830235481,0.055227767676115036
29520,0.3841928243637085,0.2257183939218521,0.08527230471372604,-0.02415448985993862,-0.05322219058871269,-0.024716507643461227,-0.08705810457468033,-0.05924136936664581,0.047708120197057724,0.054930344223976135
29540,0.3842208981513977,0.22579970955848694,0.08521503210067749,-0.024128824472427368,-0.05325283855199814,-0.024746758863329887,-0.08709389716386795,-0.05927218124270439,0.04986580088734627,0.056276291608810425
29560,0.3842349946498871,0.2259076088666916,0.08523836731910706,-0.024141531437635422,-0.05325398966670036,-0.024756530299782753,-0.08710988610982895,-0.05928610637784004,0.050860445946455,0.05683913081884384
29580,0.38414931297302246,0.22585216164588928,0.08532868325710297,-0.024131735786795616,-0.05327747389674187,-0.02479255013167858,-0.08712741732597351,-0.059299055486917496,0.04983028024435043,0.05630416423082352
29600,0.38409969210624695,0.22578848898410797,0.08532146364450455,-0.02409849688410759,-0.05327052250504494,-0.024792784824967384,-0.08715301752090454,-0.05930348113179207,0.0505329854786396,0.05656731128692627
29620,0.38417017459869385,0.22579425573349,0.0853874459862709,-0.02409927360713482,-0.05328211188316345,-0.024827249348163605,-0.08716339617967606,-0.05931202694773674,0.05117814615368843,0.057796791195869446
29640,0.3841871917247772,0.22588197886943817,0.08532105386257172,-0.024147402495145798,-0.05331627279520035,-0.024833794683218002,-0.08717181533575058,-0.059335775673389435,0.048418376594781876,0.06116268411278725
29660,0.3841679096221924,0.22582317888736725,0.0853186771273613,-0.0240875743329525,-0.05332035943865776,-0.024835649877786636,-0.08716835081577301,-0.059353481978178024,0.051267385482788086,0.05707468092441559
29680,0.3841707408428192,0.22578419744968414,0.08538883924484253,-0.024088218808174133,-0.05333278700709343,-0.024823278188705444,-0.08718375116586685,-0.05937425419688225,0.05157383158802986,0.055445678532123566
29700,0.38408660888671875,0.2258179932832718,0.08540470898151398,-0.024077950045466423,-0.053342413157224655,-0.024843595921993256,-0.08717980235815048,-0.05938594043254852,0.04995547607541084,0.05653804540634155
29720,0.3840380609035492,0.22580906748771667,0.08540068566799164,-0.02407526597380638,-0.053391698747873306,-0.024864299222826958,-0.08718835562467575,-0.059399884194135666,0.05087069794535637,0.05403345450758934
29740,0.38399091362953186,0.22581566870212555,0.08541087061166763,-0.02402501180768013,-0.05342013016343117,-0.024904482066631317,-0.08721420913934708,-0.059407975524663925,0.049955401569604874,0.056290533393621445
29760,0.3839128911495209,0.22586874663829803,0.08532663434743881,-0.024065112695097923,-0.053474877029657364,-0.02494432032108307,-0.08722622692584991,-0.05943220853805542,0.05185199901461601,0.056500568985939026
29780,0.3839568495750427,0.225856751203537,0.08543815463781357,-0.024062832817435265,-0.05346814543008804,-0.024952126666903496,-0.08723768591880798,-0.05944865942001343,0.051187947392463684,0.05596205219626427
29800,0.38387438654899597,0.22579669952392578,0.08537387102842331,-0.024077197536826134,-0.053475622087717056,-0.02497544139623642,-0.08723735809326172,-0.059465110301971436,0.05137958005070686,0.05508320406079292
29820,0.383946031332016,0.22585774958133698,0.08544501662254333,-0.02403041534125805,-0.053505755960941315,-0.025012150406837463,-0.08725129812955856,-0.05947662889957428,0.05035688355565071,0.055676355957984924
29840,0.3838668167591095,0.22580820322036743,0.085323266685009,-0.024041835218667984,-0.05353353172540665,-0.025028705596923828,-0.0872722938656807,-0.0594860315322876,0.05045345425605774,0.05599900335073471
29860,0.3837949335575104,0.22586601972579956,0.08537164330482483,-0.02408408559858799,-0.05354335159063339,-0.025074977427721024,-0.0872783288359642,-0.0594906359910965,0.04865363612771034,0.05649550259113312
29880,0.38386455178260803,0.2258254587650299,0.08536568284034729,-0.024116599932312965,-0.05353976786136627,-0.025105202570557594,-0.08730119466781616,-0.059505730867385864,0.049744077026844025,0.05470237135887146
29900,0.38376525044441223,0.22581857442855835,0.08537540584802628,-0.024088963866233826,-0.05355212837457657,-0.025115152820944786,-0.0872843861579895,-0.05951836332678795,0.05073381960391998,0.05468674376606941
29920,0.38367950916290283,0.22585409879684448,0.08539865165948868,-0.024020781740546227,-0.05359624698758125,-0.02513936534523964,-0.08729729056358337,-0.059532150626182556,0.048465337604284286,0.056185103952884674
29940,0.38364723324775696,0.2258947193622589,0.08543001115322113,-0.024000585079193115,-0.05365467444062233,-0.025150179862976074,-0.08732271939516068,-0.059544116258621216,0.0517859049141407,0.05486753582954407
29960,0.38359636068344116,0.2257412225008011,0.08542311191558838,-0.023950230330228806,-0.05367188900709152,-0.025191064924001694,-0.0873534083366394,-0.05955451726913452,0.05033993721008301,0.05732516199350357
29980,0.38365811109542847,0.2256874293088913,0.08545833081007004,-0.024020858108997345,-0.053702134639024734,-0.025244547054171562,-0.08738274872303009,-0.05957002192735672,0.04851636663079262,0.057150036096572876
30000,0.38370242714881897,0.22572313249111176,0.0855080857872963,-0.024015646427869797,-0.05373973026871681,-0.02525690384209156,-0.08741264790296555,-0.05959135293960571,0.05023336783051491,0.05636651813983917
