Step,gamma0,gamma1,gamma2,gamma3,gamma4,gamma5,gamma6,gamma7,loss(train),loss(validate)
20,0.0012469332432374358,9.834724914981052e-05,0.00013418393791653216,-0.0004839223111048341,0.0005251999828033149,-0.00015480058209504932,0.00013257151294965297,-4.406008520163596e-05,0.5841356515884399,0.5834947824478149
40,0.0031888429075479507,0.00027371669420972466,0.00028123336960561574,-0.0006824302254244685,0.0027726078405976295,-0.00030150930979289114,0.00016390708333346993,-5.886152939638123e-05,0.5122584700584412,0.5144765973091125
60,0.006580721121281385,0.0005486495210789144,0.00035507860593497753,-0.0007163239642977715,0.0058358521200716496,-0.00036013987846672535,0.00023493413755204529,-5.1432896725600585e-05,0.43824517726898193,0.4656606912612915
80,0.011505035683512688,0.000996406888589263,0.0007232133066281676,-0.0008014069753699005,0.008428875356912613,1.0471530913491733e-05,0.0005537031101994216,-0.00015683197125326842,0.3778671622276306,0.431357204914093
100,0.01794416457414627,0.0016053864965215325,0.0014986725291237235,-0.0008000632515177131,0.010875839740037918,0.0004855193546973169,0.0008115251548588276,-0.00035598923568613827,0.34048378467559814,0.4044385552406311
120,0.025601249188184738,0.0024118816945701838,0.0022562616504728794,-0.0006887015188112855,0.012814221903681755,0.0009967125952243805,0.0010179986711591482,-0.0004885986563749611,0.31228503584861755,0.38248351216316223
140,0.033057086169719696,0.0035578045062720776,0.0027231783606112003,-0.000567656010389328,0.014099443331360817,0.0015090794768184423,0.00108811364043504,-0.0005334598827175796,0.2785358726978302,0.3676826059818268
160,0.039239078760147095,0.005075534339994192,0.0029512059409171343,-0.0005320545169524848,0.014871172606945038,0.001956569030880928,0.0010637860978022218,-0.0005791309522464871,0.2567731440067291,0.35721060633659363
180,0.04498833790421486,0.006810507271438837,0.0031140015926212072,-0.0005479989340528846,0.015404457226395607,0.002375618787482381,0.0010535108158364892,-0.0006398011464625597,0.23253004252910614,0.35259580612182617
200,0.05067751184105873,0.008869015611708164,0.0033222725614905357,-0.0005770610878244042,0.01572413370013237,0.002735655754804611,0.001011886284686625,-0.0007184114074334502,0.21024280786514282,0.3459598422050476
220,0.05621881037950516,0.011083233170211315,0.003571799723431468,-0.0005755241145379841,0.015895405784249306,0.003011643188074231,0.0009247331763617694,-0.0008007387514226139,0.2024078667163849,0.3379056751728058
240,0.06195775792002678,0.013357625342905521,0.0038653931114822626,-0.0005362380761653185,0.016104379668831825,0.00324147567152977,0.0008020909735932946,-0.0008762380457483232,0.20001107454299927,0.32207873463630676
260,0.06763392686843872,0.015516955405473709,0.00414617033675313,-0.0004601525724865496,0.016407351940870285,0.003447933355346322,0.0006998909520916641,-0.0009441834408789873,0.18296387791633606,0.31019794940948486
280,0.07304462045431137,0.017557775601744652,0.004402242600917816,-0.0003457265847828239,0.016700778156518936,0.003670566948130727,0.0005353598389774561,-0.0010128484573215246,0.1844726949930191,0.3002563416957855
300,0.07848045974969864,0.019567005336284637,0.0046811532229185104,-0.0001892714499263093,0.017054390162229538,0.003907606936991215,0.0003747768932953477,-0.001067991484887898,0.19383691251277924,0.29274502396583557
320,0.08408327400684357,0.021527864038944244,0.00496243080124259,3.1626219424651936e-05,0.017484907060861588,0.0041392408311367035,0.00024149894306901842,-0.0011072758352383971,0.16142630577087402,0.2817712128162384
340,0.08893143385648727,0.023322515189647675,0.005228911992162466,0.000294162193313241,0.017746765166521072,0.004375021439045668,4.923917731503025e-05,-0.0011465210700407624,0.17305408418178558,0.2612670660018921
360,0.09342809021472931,0.025064362213015556,0.005520953331142664,0.0006073786644265056,0.018049484118819237,0.004604632500559092,-0.0001633672945899889,-0.0011896116193383932,0.1576995700597763,0.25736263394355774
380,0.09847411513328552,0.026786761358380318,0.00585049157962203,0.0009826032910495996,0.018291160464286804,0.004891236778348684,-0.00036979830474592745,-0.0012290490558370948,0.15888680517673492,0.23065799474716187
400,0.10291118919849396,0.028428087010979652,0.0061583565548062325,0.0013837370788678527,0.01862051710486412,0.005131508689373732,-0.000553092104382813,-0.001270069507881999,0.14604471623897552,0.21303561329841614
420,0.10706958919763565,0.030011363327503204,0.006460185162723064,0.0018772368784993887,0.018807081505656242,0.005421014968305826,-0.0007943634409457445,-0.0013063352089375257,0.15343736112117767,0.19345824420452118
440,0.11103276908397675,0.031587857753038406,0.006815136875957251,0.002331885974854231,0.019053509458899498,0.005686270073056221,-0.0010119962971657515,-0.0013397510629147291,0.14235332608222961,0.18295657634735107
460,0.11483134329319,0.033063825219869614,0.007145269308239222,0.0028860727325081825,0.019248411059379578,0.005965022835880518,-0.00121998880058527,-0.001375773805193603,0.13877630233764648,0.17689040303230286
480,0.118304044008255,0.03449953719973564,0.00747980922460556,0.003427531337365508,0.019441938027739525,0.0062612732872366905,-0.0014092462370172143,-0.0014038339722901583,0.13520021736621857,0.16866016387939453
500,0.12189380824565887,0.03597724810242653,0.00786253996193409,0.003982205409556627,0.01963956654071808,0.006554036401212215,-0.001590779866091907,-0.0014358644839376211,0.13283179700374603,0.15225273370742798
520,0.1251503825187683,0.037414293736219406,0.008240614086389542,0.004584132228046656,0.01978742517530918,0.00686158100143075,-0.0017505513969808817,-0.0014652161626145244,0.12663382291793823,0.16018354892730713
540,0.12836557626724243,0.038844313472509384,0.00862196460366249,0.005164611618965864,0.01995757967233658,0.007164848502725363,-0.0018751028692349792,-0.0014966395683586597,0.13003376126289368,0.147346630692482
560,0.1316472887992859,0.040271684527397156,0.009000328369438648,0.005763128865510225,0.020139066502451897,0.00746725732460618,-0.0019950345158576965,-0.0015308386646211147,0.13354037702083588,0.14495036005973816
580,0.1349966824054718,0.04178842529654503,0.009409192018210888,0.0064040119759738445,0.02037093974649906,0.007781810127198696,-0.002080312930047512,-0.0015590065158903599,0.12387198954820633,0.13904020190238953
600,0.13844536244869232,0.043253421783447266,0.009798750281333923,0.007015381008386612,0.020581936463713646,0.008090809918940067,-0.002132868394255638,-0.001584380865097046,0.1248169094324112,0.14504824578762054
620,0.14169283211231232,0.04468468949198723,0.010212390683591366,0.007667680270969868,0.020792759954929352,0.008401450701057911,-0.0022001289762556553,-0.0016123546520248055,0.12239266186952591,0.1323188841342926
640,0.1448715478181839,0.04615173116326332,0.010593785904347897,0.008334464393556118,0.021000107750296593,0.008719327859580517,-0.0022156292106956244,-0.0016378517029806972,0.11866386979818344,0.131613090634346
660,0.14770102500915527,0.04752305895090103,0.01096410397440195,0.009011175483465195,0.021196994930505753,0.009058719500899315,-0.0022402286995202303,-0.0016572825843468308,0.1199825331568718,0.1276891827583313
680,0.15033118426799774,0.048847924917936325,0.011342808604240417,0.009690806269645691,0.021369386464357376,0.00939545501023531,-0.002290537813678384,-0.0016796339768916368,0.1097850650548935,0.12873952090740204
700,0.153404101729393,0.050265416502952576,0.011742418631911278,0.01031149085611105,0.02157605066895485,0.009729704819619656,-0.0023257003631442785,-0.0016960423672571778,0.11508700996637344,0.1341613531112671
720,0.15628711879253387,0.051622018218040466,0.01214270107448101,0.010994132608175278,0.021754521876573563,0.010088286362588406,-0.002345114480704069,-0.001704018795862794,0.11466284841299057,0.1291472166776657
740,0.1587454080581665,0.05289207771420479,0.012507595121860504,0.011699894443154335,0.02191062644124031,0.010408001020550728,-0.0023474995978176594,-0.0017198763089254498,0.10914832353591919,0.12534582614898682
760,0.16148459911346436,0.05416605994105339,0.012897339649498463,0.01238911785185337,0.02212982438504696,0.010754180140793324,-0.0023219685535877943,-0.0017279430758208036,0.10995729267597198,0.12292774766683578
780,0.16446852684020996,0.05558028817176819,0.01330141443759203,0.013044632039964199,0.022346962243318558,0.011102435179054737,-0.0023483869154006243,-0.0017231953097507358,0.12552563846111298,0.12474561482667923
800,0.1673995852470398,0.05689174309372902,0.013718274421989918,0.013776431791484356,0.02256733551621437,0.011466293595731258,-0.002336507895961404,-0.0017297695158049464,0.10526106506586075,0.11761549860239029
820,0.16983143985271454,0.05811600014567375,0.014078830368816853,0.014519496820867062,0.02273680828511715,0.011822943575680256,-0.002271033590659499,-0.001736143254674971,0.10645980387926102,0.12287189066410065
840,0.17243459820747375,0.0593673437833786,0.014461451210081577,0.015193864703178406,0.02294125221669674,0.012159484438598156,-0.0022517386823892593,-0.001737445592880249,0.10909880697727203,0.11681482195854187
860,0.1749137043952942,0.06062241271138191,0.014832966960966587,0.015914306044578552,0.023144958540797234,0.012504152953624725,-0.0022065523080527782,-0.0017418457427993417,0.10800980031490326,0.11706045269966125
880,0.17730319499969482,0.061816710978746414,0.01518956758081913,0.016597241163253784,0.02334791049361229,0.012856298126280308,-0.0021508035715669394,-0.0017429741565138102,0.10550490021705627,0.1103527694940567
900,0.17965367436408997,0.06296665966510773,0.015566027723252773,0.017324579879641533,0.02353677526116371,0.013204441405832767,-0.0021002411376684904,-0.0017447342397645116,0.11296942830085754,0.11904575675725937
920,0.18214356899261475,0.06417220085859299,0.015914803370833397,0.018014417961239815,0.02376486174762249,0.013559426181018353,-0.0020108052995055914,-0.0017413408495485783,0.10718443244695663,0.10653334856033325
940,0.18457143008708954,0.06533342599868774,0.01630586013197899,0.01874510571360588,0.02397550456225872,0.013919241726398468,-0.001933448831550777,-0.0017290337709710002,0.10190378129482269,0.10438545048236847
960,0.1865188330411911,0.06646372377872467,0.01662152260541916,0.019407443702220917,0.02414609119296074,0.014234020374715328,-0.0018299848306924105,-0.0017316422890871763,0.10139623284339905,0.10316649824380875
980,0.1887432038784027,0.06753882020711899,0.016969949007034302,0.020121339708566666,0.024323202669620514,0.014557469636201859,-0.0017513050697743893,-0.0017279806779697537,0.10374892503023148,0.10245589911937714
1000,0.19072455167770386,0.06865721940994263,0.017306802794337273,0.020817287266254425,0.02451005019247532,0.014867691323161125,-0.0016412073746323586,-0.0017262075562030077,0.09994138032197952,0.10310245305299759
1020,0.19271932542324066,0.06971313059329987,0.017657103016972542,0.021478042006492615,0.024704789742827415,0.015180805698037148,-0.0015179780311882496,-0.001722465269267559,0.10256795585155487,0.10006853938102722
1040,0.19481125473976135,0.07083505392074585,0.018017861992120743,0.022174717858433723,0.024904992431402206,0.01550256460905075,-0.001412486075423658,-0.0017168790800496936,0.10036640614271164,0.10093435645103455
1060,0.19669388234615326,0.07185573130846024,0.01837197132408619,0.022863345220685005,0.025118842720985413,0.01584455370903015,-0.0012725172564387321,-0.001723035704344511,0.09658784419298172,0.10525142401456833
1080,0.1989005208015442,0.07292472571134567,0.018751099705696106,0.02355305291712284,0.02532314509153366,0.016147442162036896,-0.0011638267897069454,-0.0017156560206785798,0.09673286229372025,0.09870629757642746
1100,0.20069637894630432,0.07396787405014038,0.019085031002759933,0.024208085611462593,0.025526536628603935,0.016436072066426277,-0.0009981875773519278,-0.0017093789065256715,0.0974164605140686,0.09845338016748428
1120,0.20279395580291748,0.07501507550477982,0.019451912492513657,0.024909138679504395,0.025732461363077164,0.016749558970332146,-0.0008919571409933269,-0.001702815992757678,0.09595222771167755,0.10421036183834076
1140,0.20473593473434448,0.07607286423444748,0.01978730782866478,0.0255496334284544,0.025909654796123505,0.017044685781002045,-0.000767481280490756,-0.0016952847363427281,0.09162633866071701,0.09543965756893158
1160,0.20649242401123047,0.07699914276599884,0.020125050097703934,0.026248924434185028,0.026095274835824966,0.017336277291178703,-0.0006249836878851056,-0.0016852134140208364,0.09383305162191391,0.09470517933368683
1180,0.20863299071788788,0.0780997946858406,0.020457429811358452,0.026916030794382095,0.02627633698284626,0.017607172951102257,-0.00047616419033147395,-0.00167760846670717,0.09341777116060257,0.09752391278743744
1200,0.2104032337665558,0.07901320606470108,0.02080530673265457,0.027569349855184555,0.02646884322166443,0.01797023043036461,-0.00029105396242812276,-0.0016749044880270958,0.09512217342853546,0.09359429776668549
1220,0.21216227114200592,0.07996606081724167,0.02110319584608078,0.028232712298631668,0.026637954637408257,0.01824761927127838,-9.865088941296563e-05,-0.0016813615802675486,0.09172702580690384,0.09894872456789017
1240,0.2139597088098526,0.08088286966085434,0.021403677761554718,0.028893200680613518,0.026829436421394348,0.018538247793912888,5.1161190640414134e-05,-0.0016778287244960666,0.09492769092321396,0.09377557039260864
1260,0.21568576991558075,0.08183647692203522,0.021781325340270996,0.029541015625,0.02706567756831646,0.018838360905647278,0.00023995658557396382,-0.0016678939573466778,0.09083142876625061,0.09337104856967926
1280,0.2173442244529724,0.08277750015258789,0.022098887711763382,0.030191322788596153,0.027220305055379868,0.019128533080220222,0.00043518387246876955,-0.0016558667412027717,0.0914672464132309,0.09323287755250931
1300,0.2191433310508728,0.08368762582540512,0.022396976128220558,0.030824901536107063,0.027454130351543427,0.01944921724498272,0.0005902357515878975,-0.001648342120461166,0.09219719469547272,0.0938657596707344
1320,0.2209089994430542,0.0846332311630249,0.022755539044737816,0.031507596373558044,0.027648432180285454,0.01972910575568676,0.0008019107044674456,-0.0016506743850186467,0.09239964187145233,0.0934952050447464
1340,0.2227938175201416,0.08548195660114288,0.023057477548718452,0.03206278383731842,0.02783028781414032,0.020050102844834328,0.0009801972191780806,-0.0016472897259518504,0.09229359030723572,0.09548142552375793
1360,0.22495800256729126,0.08641570061445236,0.02339252457022667,0.03261841461062431,0.028035998344421387,0.02033715508878231,0.0011789090931415558,-0.0016379031585529447,0.08986221998929977,0.09782454371452332
1380,0.22674152255058289,0.08730057626962662,0.023741094395518303,0.03321138769388199,0.02824528142809868,0.020643142983317375,0.0013804920017719269,-0.0016327466582879424,0.08908019214868546,0.08849065005779266
1400,0.22815603017807007,0.08812836557626724,0.02403246983885765,0.033796146512031555,0.028444668278098106,0.02091650292277336,0.0015678922645747662,-0.0016382819740101695,0.09316479414701462,0.08962342888116837
1420,0.229585662484169,0.08891964703798294,0.024329213425517082,0.03440449759364128,0.02860928326845169,0.0211950670927763,0.001767556183040142,-0.0016471092822030187,0.08495444059371948,0.08714801073074341
1440,0.231139674782753,0.08971785008907318,0.02461225911974907,0.034987397491931915,0.028788039460778236,0.021484049037098885,0.001940172049216926,-0.001646880409680307,0.09314670413732529,0.08825089037418365
1460,0.23300765454769135,0.09064142405986786,0.024999205023050308,0.0355658233165741,0.028992582112550735,0.021774107590317726,0.002113140420988202,-0.001651200233027339,0.08931125700473785,0.09163884073495865
1480,0.2348688542842865,0.09145186096429825,0.02534937672317028,0.03615935146808624,0.02915670908987522,0.022110648453235626,0.002344545442610979,-0.0016541224904358387,0.08587709814310074,0.08801861852407455
1500,0.2365497648715973,0.09232974797487259,0.02568577043712139,0.03678770735859871,0.029370490461587906,0.022408248856663704,0.002572197001427412,-0.0016599484952166677,0.08445814996957779,0.0868740975856781
1520,0.23817986249923706,0.09320376813411713,0.025977976620197296,0.037307366728782654,0.02955518662929535,0.022691890597343445,0.002759760245680809,-0.0016695688245818019,0.08422145247459412,0.08530537784099579
1540,0.2394358217716217,0.09399821609258652,0.026311596855521202,0.037857260555028915,0.029701508581638336,0.02294705994427204,0.002937731333076954,-0.0016728246118873358,0.08467161655426025,0.08636939525604248
1560,0.24087804555892944,0.09472731500864029,0.026592854410409927,0.03843502327799797,0.029877617955207825,0.023239988833665848,0.0031362310983240604,-0.0016813431866467,0.08441198617219925,0.08505692332983017
1580,0.24219126999378204,0.09549308568239212,0.026873722672462463,0.03898691013455391,0.03005608730018139,0.023497821763157845,0.003339112736284733,-0.0016877736197784543,0.08451683074235916,0.0850919783115387
1600,0.24378181993961334,0.09631562232971191,0.02716244012117386,0.03954320400953293,0.030226772651076317,0.02379346266388893,0.0035520466044545174,-0.0016950981225818396,0.0838419571518898,0.08598759025335312
1620,0.2450597733259201,0.09705755114555359,0.027480054646730423,0.04011743515729904,0.030405277386307716,0.02407057024538517,0.0037669932935386896,-0.0016995242331176996,0.0827675610780716,0.08560331910848618
1640,0.2464764267206192,0.09778916835784912,0.027733754366636276,0.04063558578491211,0.030575096607208252,0.02436080388724804,0.003971148282289505,-0.0017196451080963016,0.08052200078964233,0.08481893688440323
1660,0.24801628291606903,0.0986056923866272,0.028071746230125427,0.04114069044589996,0.030760174617171288,0.024625059217214584,0.004161755554378033,-0.0017302620690315962,0.08626458793878555,0.08380703628063202
1680,0.2491820603609085,0.09930969029664993,0.02838272973895073,0.04166250303387642,0.030937431380152702,0.02491801418364048,0.004409695975482464,-0.0017438140930607915,0.08365822583436966,0.08929358422756195
1700,0.25093141198158264,0.10012627393007278,0.028694836422801018,0.04221091791987419,0.03111121989786625,0.025163637474179268,0.004626390989869833,-0.0017555559752508998,0.08234450221061707,0.0826297402381897
1720,0.2523925006389618,0.10082874447107315,0.028974704444408417,0.04273487627506256,0.031237725168466568,0.025455016642808914,0.004851741716265678,-0.0017656326526775956,0.08354576677083969,0.08712854981422424
1740,0.2538549304008484,0.10154349356889725,0.029298905283212662,0.04330235719680786,0.03144503012299538,0.025749193504452705,0.005048200022429228,-0.001771709299646318,0.08072870224714279,0.08421202749013901
1760,0.25511327385902405,0.10227799415588379,0.029596995562314987,0.04385753348469734,0.03165382146835327,0.02604633942246437,0.005249673034995794,-0.0017810193821787834,0.08099590986967087,0.08303819596767426
1780,0.2564786672592163,0.10299893468618393,0.029919354245066643,0.04431943967938423,0.031796302646398544,0.02633238025009632,0.005451014265418053,-0.0018087307689711452,0.07762857526540756,0.08410962671041489
1800,0.25797203183174133,0.1037391945719719,0.030232179909944534,0.044851865619421005,0.03198488429188728,0.026603979989886284,0.005666275974363089,-0.001817364594899118,0.08019176870584488,0.08168400824069977
1820,0.2592676877975464,0.10451798886060715,0.030521366745233536,0.045396894216537476,0.0321417935192585,0.026883427053689957,0.005897338502109051,-0.0018224978120997548,0.07980065792798996,0.0813579186797142
1840,0.26071783900260925,0.10519261658191681,0.030824795365333557,0.045872267335653305,0.0322980172932148,0.02717413939535618,0.0061264908872544765,-0.0018289739964529872,0.08401545882225037,0.08371414989233017
1860,0.26208654046058655,0.10591462254524231,0.031149065122008324,0.04633180424571037,0.032495640218257904,0.027444180101156235,0.006359770428389311,-0.0018379708053544164,0.08264686167240143,0.08332986384630203
1880,0.2634688913822174,0.10661832988262177,0.03144251927733421,0.046875108033418655,0.0326613187789917,0.02774687111377716,0.006580706220120192,-0.0018446564208716154,0.07931014150381088,0.07849203795194626
1900,0.2645150125026703,0.10731936991214752,0.03175884112715721,0.047413405030965805,0.03282896429300308,0.027997715398669243,0.006796765606850386,-0.0018600631738081574,0.0770520269870758,0.0791046991944313
1920,0.2657514810562134,0.10800235718488693,0.032045114785432816,0.04790867865085602,0.032990653067827225,0.02825484424829483,0.007003439590334892,-0.0018698752392083406,0.08447224646806717,0.08026240766048431
1940,0.2670312821865082,0.10874044895172119,0.03239085525274277,0.048437245190143585,0.033149782568216324,0.028526771813631058,0.007226729299873114,-0.0018903876189142466,0.08056274801492691,0.08181558549404144
1960,0.2682550847530365,0.10936380177736282,0.03266412764787674,0.04896456003189087,0.03332730382680893,0.028816694393754005,0.007453433703631163,-0.0018964139744639397,0.08231674879789352,0.08121303468942642
1980,0.269547700881958,0.11001268029212952,0.032950662076473236,0.04941758140921593,0.033492427319288254,0.029065368697047234,0.007692418992519379,-0.0019094926537945867,0.07478056848049164,0.07968796789646149
2000,0.270686537027359,0.11067347228527069,0.033226825296878815,0.049912139773368835,0.033633001148700714,0.029327090829610825,0.007901334203779697,-0.0019247573800384998,0.07779223471879959,0.08985462784767151
2020,0.2720808982849121,0.11139868199825287,0.03354782238602638,0.05044158548116684,0.033795226365327835,0.029603539034724236,0.008133198134601116,-0.0019308185437694192,0.078435018658638,0.07748300582170486
2040,0.2732219398021698,0.11205480247735977,0.033822525292634964,0.05089588090777397,0.03394698724150658,0.029881279915571213,0.008348205126821995,-0.001947655575349927,0.07695873826742172,0.08571656793355942
2060,0.274777352809906,0.11279536038637161,0.03410305082798004,0.051314909011125565,0.034070346504449844,0.030154284089803696,0.008584181778132915,-0.001953267492353916,0.08021002262830734,0.07978388667106628
2080,0.27590715885162354,0.1135796383023262,0.03450560197234154,0.05177684500813484,0.034231655299663544,0.03043339215219021,0.008797887712717056,-0.001970128621906042,0.07826080173254013,0.07986435294151306
2100,0.2768470048904419,0.11421287804841995,0.03478493541479111,0.05223185569047928,0.03438367322087288,0.03068976104259491,0.009012407623231411,-0.001991713186725974,0.07722004503011703,0.07666977494955063
2120,0.2776992619037628,0.1148323267698288,0.03508935123682022,0.05275498330593109,0.034541480243206024,0.030940517783164978,0.009245800785720348,-0.0020029530860483646,0.07630673050880432,0.07621544599533081
2140,0.27886638045310974,0.11546766012907028,0.03534215688705444,0.05316239595413208,0.0346880704164505,0.03121407888829708,0.00945504941046238,-0.0020199951250106096,0.0747789666056633,0.07993841171264648
2160,0.27983397245407104,0.11602286249399185,0.035635385662317276,0.05360341817140579,0.03482787683606148,0.031467609107494354,0.00968259759247303,-0.0020393298473209143,0.07273674011230469,0.07635217905044556
2180,0.2807804346084595,0.11665362864732742,0.03594595193862915,0.054082468152046204,0.035005178302526474,0.03172655031085014,0.009892660193145275,-0.0020610408391803503,0.07853922992944717,0.07613134384155273
2200,0.28171107172966003,0.11725587397813797,0.03620466962456703,0.054539065808057785,0.03513999283313751,0.032039158046245575,0.010082513093948364,-0.002072888659313321,0.0726507157087326,0.07631474733352661
2220,0.28268951177597046,0.11790799349546432,0.03649572283029556,0.054948583245277405,0.035270918160676956,0.03229420632123947,0.010301985777914524,-0.0020898920483887196,0.07105427235364914,0.07712529599666595
2240,0.283630907535553,0.11854322999715805,0.036800749599933624,0.05541698634624481,0.03540985286235809,0.03254518657922745,0.01051653828471899,-0.0021035470999777317,0.07442373037338257,0.07643059641122818
2260,0.2849755585193634,0.11917197704315186,0.037103526294231415,0.05582426115870476,0.035537995398044586,0.032815445214509964,0.010766945779323578,-0.0021180256735533476,0.08047883957624435,0.07758545875549316
2280,0.28605175018310547,0.11975271254777908,0.03739876672625542,0.05628151446580887,0.03569760173559189,0.03308488428592682,0.011001978069543839,-0.002139471238479018,0.07402058690786362,0.07387414574623108
2300,0.2869999408721924,0.12036252021789551,0.03765169158577919,0.05670486390590668,0.03585318103432655,0.03333882614970207,0.011228065937757492,-0.002154486021026969,0.07527929544448853,0.0781714990735054
2320,0.28800448775291443,0.12095782905817032,0.037977710366249084,0.05723501741886139,0.0359940342605114,0.03358377143740654,0.011445092968642712,-0.0021626390516757965,0.07507309317588806,0.07611628621816635
2340,0.28918731212615967,0.12159153074026108,0.03827548399567604,0.05765174701809883,0.03613479062914848,0.03383922204375267,0.01164509542286396,-0.002178216353058815,0.07667586207389832,0.07553301751613617
2360,0.2904464900493622,0.12227039784193039,0.03857554867863655,0.05810185521841049,0.03627892583608627,0.03410313278436661,0.011847717687487602,-0.002192927524447441,0.08026713877916336,0.07739242166280746
2380,0.2919294536113739,0.12289246916770935,0.038932472467422485,0.05853992700576782,0.036450933665037155,0.034359291195869446,0.012062779627740383,-0.0022095784079283476,0.07647477835416794,0.07690547406673431
2400,0.2929791212081909,0.12347545474767685,0.03925950825214386,0.05901588872075081,0.0366072952747345,0.03466351330280304,0.012304996140301228,-0.0022288889158517122,0.07532281428575516,0.0765308290719986
2420,0.2939513325691223,0.12408996373414993,0.03957722336053848,0.059370845556259155,0.03674430027604103,0.03494623303413391,0.01250716857612133,-0.002243204740807414,0.07416882365942001,0.07496949285268784
2440,0.29480957984924316,0.12467196583747864,0.03987623006105423,0.05978022515773773,0.0368943028151989,0.03521442040801048,0.012727607972919941,-0.002252586418762803,0.06946287304162979,0.07480950653553009
2460,0.29561808705329895,0.12528221309185028,0.040198974311351776,0.06024094671010971,0.037036411464214325,0.03547247126698494,0.012921017594635487,-0.002261250978335738,0.07492654770612717,0.07317543029785156
2480,0.2966586947441101,0.12586383521556854,0.040481939911842346,0.06059333309531212,0.037161536514759064,0.035707078874111176,0.013134964741766453,-0.0022766883485019207,0.07324782758951187,0.07612034678459167
2500,0.2977055013179779,0.12641222774982452,0.040784500539302826,0.06103641912341118,0.03728613629937172,0.03596194460988045,0.013346710242331028,-0.0022901897318661213,0.07269768416881561,0.07466040551662445
2520,0.2984030842781067,0.1270216554403305,0.0410720519721508,0.061499517410993576,0.03742773458361626,0.03622908890247345,0.013574541546404362,-0.00231106486171484,0.06968140602111816,0.07391645014286041
2540,0.2992682158946991,0.12755492329597473,0.041358448565006256,0.0619179904460907,0.037561673671007156,0.036502450704574585,0.013789445161819458,-0.0023212565574795008,0.07356857508420944,0.07339925318956375
2560,0.3000043034553528,0.12815546989440918,0.04167266562581062,0.06233343109488487,0.03770285099744797,0.0367475189268589,0.013996237888932228,-0.002335095312446356,0.07314655929803848,0.07563847303390503
2580,0.30106884241104126,0.12877991795539856,0.04201054200530052,0.06265537440776825,0.0378338061273098,0.03698675334453583,0.014167221263051033,-0.0023467454593628645,0.07149668037891388,0.07522633671760559
2600,0.3022876977920532,0.12936529517173767,0.04227306693792343,0.06305346637964249,0.03796308860182762,0.03724494203925133,0.014348745346069336,-0.00235210033133626,0.07064814865589142,0.07619445770978928
2620,0.3031478524208069,0.12994347512722015,0.042578283697366714,0.06352197378873825,0.03809740021824837,0.03748933970928192,0.014573190361261368,-0.0023613576777279377,0.07141643017530441,0.07190306484699249
2640,0.3039802312850952,0.1305260807275772,0.04288545623421669,0.06395021826028824,0.038217928260564804,0.03773384168744087,0.01478743925690651,-0.002376261865720153,0.0722448006272316,0.0731973797082901
2660,0.3048299551010132,0.1311126947402954,0.043183326721191406,0.06434828042984009,0.038378454744815826,0.03800071403384209,0.01500896830111742,-0.0023915234487503767,0.07209416478872299,0.07091312855482101
2680,0.30560562014579773,0.13159751892089844,0.043418966233730316,0.06471296399831772,0.03846273571252823,0.038229119032621384,0.015221325680613518,-0.002408465836197138,0.07182545959949493,0.07323020696640015
2700,0.30646640062332153,0.1322498321533203,0.043758079409599304,0.06500396132469177,0.038588762283325195,0.0384511798620224,0.01541044656187296,-0.002420941134914756,0.06873639672994614,0.07246074080467224
2720,0.3073970377445221,0.13281598687171936,0.044072702527046204,0.06542768329381943,0.038760725408792496,0.03872586414217949,0.015622831881046295,-0.002430942375212908,0.07071919739246368,0.07249981164932251
2740,0.30818313360214233,0.13332536816596985,0.04434532672166824,0.06581413000822067,0.03888127580285072,0.038989558815956116,0.015827607363462448,-0.0024413831997662783,0.07044081389904022,0.07293850183486938
2760,0.3090202510356903,0.13390125334262848,0.044570185244083405,0.06617571413516998,0.03902226686477661,0.03922795504331589,0.016016382724046707,-0.0024466030299663544,0.06834281980991364,0.07311607897281647
2780,0.30958667397499084,0.1344447135925293,0.04489462450146675,0.06661316007375717,0.039134543389081955,0.039438121020793915,0.016226310282945633,-0.002457557013258338,0.06985823065042496,0.07271242141723633
2800,0.3105809688568115,0.1350635439157486,0.045203354209661484,0.06700103729963303,0.03927993029356003,0.03969185799360275,0.0164345633238554,-0.002469241851940751,0.07134480774402618,0.07032421231269836
2820,0.3117203712463379,0.13562308251857758,0.04544687271118164,0.06731974333524704,0.03941868618130684,0.03991329297423363,0.016618957743048668,-0.0024798293597996235,0.07060164958238602,0.07248834520578384
2840,0.3123067617416382,0.13611839711666107,0.04580668732523918,0.06775640696287155,0.03955882415175438,0.04017489403486252,0.01682976633310318,-0.0024871767964214087,0.07083339989185333,0.06991441547870636
2860,0.313151091337204,0.1366182118654251,0.046042975038290024,0.06811418384313583,0.03967597708106041,0.040408626198768616,0.01701594516634941,-0.002498377813026309,0.06878906488418579,0.06995921581983566
2880,0.3138098120689392,0.1371915191411972,0.04637523740530014,0.06851407885551453,0.03980128467082977,0.04065252095460892,0.017181890085339546,-0.0025143169332295656,0.06996406614780426,0.07174889743328094
2900,0.31475475430488586,0.13776575028896332,0.046649910509586334,0.0688692256808281,0.03992488235235214,0.04087606817483902,0.017381172627210617,-0.0025311969220638275,0.07025578618049622,0.0715135782957077
2920,0.3154037892818451,0.1383373737335205,0.04694805666804314,0.06921354681253433,0.04009070619940758,0.041116341948509216,0.017592908814549446,-0.00253574107773602,0.06724478304386139,0.07086583971977234
2940,0.3160977065563202,0.13885530829429626,0.04721224680542946,0.06956600397825241,0.04019392281770706,0.041345056146383286,0.01777724362909794,-0.0025448750238865614,0.07024083286523819,0.07239504903554916
2960,0.31688612699508667,0.139367014169693,0.047553811222314835,0.06997747719287872,0.04033784940838814,0.041563067585229874,0.017969805747270584,-0.002550823614001274,0.06777174770832062,0.06920880824327469
2980,0.3175378441810608,0.13992027938365936,0.047855302691459656,0.07034315168857574,0.04045984521508217,0.04179466515779495,0.018162617459893227,-0.0025630013551563025,0.06797637045383453,0.07020487636327744
3000,0.31828930974006653,0.14042437076568604,0.04815371334552765,0.07072710990905762,0.040571607649326324,0.042031850665807724,0.018360592424869537,-0.002572953235358,0.06637132167816162,0.06947643309831619
3020,0.3192042112350464,0.14095692336559296,0.04848448559641838,0.07111342251300812,0.0406985841691494,0.042265500873327255,0.018567340448498726,-0.002572450553998351,0.07091980427503586,0.06778185069561005
3040,0.3198598623275757,0.14151263236999512,0.048797160387039185,0.07147976011037827,0.040851347148418427,0.04248666390776634,0.01878431625664234,-0.002587189432233572,0.0670212134718895,0.0678548738360405
3060,0.32059991359710693,0.1420469433069229,0.0490507148206234,0.07183296978473663,0.0409754179418087,0.04273081198334694,0.018980244174599648,-0.0025989145506173372,0.06994644552469254,0.069187231361866
3080,0.32108473777770996,0.14251095056533813,0.049336496740579605,0.07216636091470718,0.041083924472332,0.04295999929308891,0.019145824015140533,-0.0026203158777207136,0.06724786013364792,0.06906268745660782
3100,0.321527361869812,0.14298705756664276,0.04965461045503616,0.0725271999835968,0.0412113294005394,0.043185461312532425,0.019327929243445396,-0.002632106887176633,0.06669723242521286,0.0690343827009201
3120,0.32211196422576904,0.1434304416179657,0.04988407343626022,0.07287853211164474,0.04132350906729698,0.043390944600105286,0.01951245591044426,-0.0026367066893726587,0.06720542162656784,0.07034707814455032
3140,0.32286596298217773,0.14397554099559784,0.050214484333992004,0.07321813702583313,0.041469089686870575,0.04365387558937073,0.01968909613788128,-0.002641616854816675,0.06799869239330292,0.07000091671943665
3160,0.3236440122127533,0.14446423947811127,0.05048811808228493,0.0736120194196701,0.041598156094551086,0.043866921216249466,0.019856074824929237,-0.00265257665887475,0.06729310750961304,0.07328364253044128
3180,0.324340283870697,0.1450129747390747,0.05082359537482262,0.07394557446241379,0.041719041764736176,0.04411538690328598,0.020020227879285812,-0.002659208606928587,0.06933990120887756,0.06725580245256424
3200,0.3250577449798584,0.14552395045757294,0.05110565200448036,0.07424923032522202,0.041836608201265335,0.04433538019657135,0.020212192088365555,-0.0026714103296399117,0.06677180528640747,0.0669684112071991
3220,0.3256375193595886,0.14599665999412537,0.05140461027622223,0.07457203418016434,0.04195322468876839,0.04454359412193298,0.02039903774857521,-0.002682370599359274,0.06568416208028793,0.06817661970853806
3240,0.3262102007865906,0.1465650349855423,0.05173220485448837,0.07491357624530792,0.042090144008398056,0.0447411946952343,0.020601661875844002,-0.0026941634714603424,0.06553752720355988,0.06781412661075592
3260,0.32696497440338135,0.1471138447523117,0.05203470215201378,0.07526719570159912,0.04220769554376602,0.0449620820581913,0.02076568268239498,-0.0026973807252943516,0.06965258717536926,0.06910356879234314
3280,0.327653706073761,0.14754100143909454,0.052308302372694016,0.07562181353569031,0.04235291853547096,0.045222293585538864,0.020943010225892067,-0.0026987381279468536,0.06618060916662216,0.0710390955209732
3300,0.3283129930496216,0.14802414178848267,0.05254698544740677,0.07595475018024445,0.042482826858758926,0.045455705374479294,0.021147942170500755,-0.0026983993593603373,0.06508442014455795,0.06733191013336182
3320,0.3287851810455322,0.1485106348991394,0.05280895158648491,0.07628565281629562,0.04255910962820053,0.04566226527094841,0.021319936960935593,-0.002702370285987854,0.06667274981737137,0.06744857877492905
3340,0.32941582798957825,0.1489638388156891,0.05307880416512489,0.07667893916368484,0.042691707611083984,0.045904990285634995,0.021503575146198273,-0.0027140493039041758,0.06518785655498505,0.06615198403596878
3360,0.3298381268978119,0.14947757124900818,0.0533447191119194,0.07703819125890732,0.042801160365343094,0.04611111432313919,0.021680587902665138,-0.0027255029417574406,0.0643225833773613,0.06583787500858307
3380,0.3302416205406189,0.14996597170829773,0.05366487801074982,0.07737252861261368,0.04291710630059242,0.046316031366586685,0.021881939843297005,-0.0027330464217811823,0.06481070071458817,0.06713633984327316
3400,0.33090072870254517,0.15040165185928345,0.053901512175798416,0.07765964418649673,0.043018948286771774,0.04652518779039383,0.022079728543758392,-0.0027453696820884943,0.06516315042972565,0.06628593057394028
3420,0.3313971161842346,0.1509047895669937,0.0541846863925457,0.0779963955283165,0.04314592480659485,0.04676837474107742,0.02224191650748253,-0.0027569883968681097,0.0648520439863205,0.0684671401977539
3440,0.3320522904396057,0.15135712921619415,0.05450551211833954,0.07832780480384827,0.04325820878148079,0.046966444700956345,0.02239558845758438,-0.002764308825135231,0.06420157104730606,0.06639585644006729
3460,0.33255183696746826,0.15185058116912842,0.05482183024287224,0.07867748290300369,0.04338415712118149,0.04717032611370087,0.022613849490880966,-0.0027692809235304594,0.06387557834386826,0.06571175158023834
3480,0.3328339457511902,0.1522403508424759,0.05506601557135582,0.07903648912906647,0.043506965041160583,0.04740963131189346,0.02275697886943817,-0.002762517658993602,0.06621676683425903,0.06685307621955872
3500,0.33337438106536865,0.15279972553253174,0.05535763129591942,0.07927823066711426,0.043612513691186905,0.04758497327566147,0.02295912802219391,-0.0027825264260172844,0.06479591876268387,0.06721441447734833
3520,0.3338734805583954,0.153241366147995,0.05565226078033447,0.07959675043821335,0.043712861835956573,0.04779859259724617,0.023110199719667435,-0.0027858885005116463,0.06392540037631989,0.06898399442434311
3540,0.33428144454956055,0.15368667244911194,0.055962543934583664,0.07993833720684052,0.04383010417222977,0.048027753829956055,0.023295249789953232,-0.0027884398587048054,0.0641954243183136,0.06542649865150452
3560,0.3349234461784363,0.1542401760816574,0.05625675618648529,0.08018193393945694,0.043927088379859924,0.04821750894188881,0.02343401312828064,-0.0027921171858906746,0.06569747626781464,0.06723301112651825
3580,0.33558550477027893,0.15466266870498657,0.05658607557415962,0.0804995745420456,0.044046834111213684,0.04844262823462486,0.02365262806415558,-0.0027956701815128326,0.06545362621545792,0.065724678337574
3600,0.33603277802467346,0.15516573190689087,0.056877605617046356,0.08079789578914642,0.0441632978618145,0.048644568771123886,0.023853059858083725,-0.002806837437674403,0.06249856948852539,0.06482168287038803
3620,0.33655276894569397,0.15560798346996307,0.05714896693825722,0.08107063919305801,0.04425071179866791,0.04883762076497078,0.023981163278222084,-0.002814139239490032,0.06325482577085495,0.06667910516262054
3640,0.33698225021362305,0.1560615748167038,0.0574314147233963,0.08142503350973129,0.04438772052526474,0.04902258142828941,0.024179058149456978,-0.0028178507927805185,0.06364727765321732,0.06565534323453903
3660,0.3373877704143524,0.15660957992076874,0.057758696377277374,0.08175453543663025,0.044481564313173294,0.04922099784016609,0.024348489940166473,-0.00282523431815207,0.062431223690509796,0.06749065965414047
3680,0.3381694555282593,0.15698586404323578,0.057966649532318115,0.08201459050178528,0.044634100049734116,0.04946226626634598,0.024498527869582176,-0.0028221241664141417,0.06582196801900864,0.06544945389032364
3700,0.3386509120464325,0.157424196600914,0.05826755613088608,0.08236447721719742,0.04474817216396332,0.0496586412191391,0.024697525426745415,-0.0028353685047477484,0.06228338181972504,0.06571926921606064
3720,0.3391152322292328,0.15793107450008392,0.05857642740011215,0.0826566219329834,0.04483211413025856,0.04982490837574005,0.024844013154506683,-0.002837246051058173,0.0633559599518776,0.06394653022289276
3740,0.3394778370857239,0.15832529962062836,0.05878538265824318,0.08294892311096191,0.04496143013238907,0.050060927867889404,0.025037623941898346,-0.0028392544481903315,0.06291192770004272,0.0644930824637413
3760,0.3397916853427887,0.15881727635860443,0.05907021835446358,0.08321339637041092,0.04506437107920647,0.05025487765669823,0.025183135643601418,-0.0028477695304900408,0.06568242609500885,0.06548909842967987
3780,0.34050846099853516,0.15926305949687958,0.05937149375677109,0.0834951400756836,0.04514630511403084,0.05044184625148773,0.02532898262143135,-0.002855931641533971,0.06474635750055313,0.06741297990083694
3800,0.34104371070861816,0.15977708995342255,0.059699319303035736,0.08379672467708588,0.045278046280145645,0.05061981827020645,0.025531090795993805,-0.00286111724562943,0.062117502093315125,0.06538587808609009
3820,0.3416827917098999,0.1601998209953308,0.05992220342159271,0.08406765013933182,0.045382868498563766,0.05084246024489403,0.025693504139780998,-0.0028641694225370884,0.06247438117861748,0.06379011273384094
3840,0.3420269787311554,0.16060082614421844,0.06021429970860481,0.08434583991765976,0.04549717158079147,0.05106865242123604,0.0258732158690691,-0.002861736575141549,0.06234651058912277,0.06275634467601776
3860,0.3425958454608917,0.16100293397903442,0.06047907471656799,0.08459290117025375,0.04562821239233017,0.05128155276179314,0.025993432849645615,-0.0028727450408041477,0.06353157013654709,0.06404943764209747
3880,0.3428938388824463,0.16140305995941162,0.06079143285751343,0.08491344004869461,0.04573545232415199,0.05148675665259361,0.02620713599026203,-0.002881696680560708,0.06094177067279816,0.06252100318670273
3900,0.3432276248931885,0.16178378462791443,0.0610186830163002,0.08517131209373474,0.045831482857465744,0.0516798160970211,0.02637261524796486,-0.002888729562982917,0.06238539144396782,0.06285159289836884
3920,0.34359994530677795,0.1621709167957306,0.061308637261390686,0.08544540405273438,0.04590918868780136,0.05188602954149246,0.02652541734278202,-0.0029004206880927086,0.06050622835755348,0.06413470208644867
3940,0.3439736068248749,0.16262170672416687,0.061558108776807785,0.085743248462677,0.0460071787238121,0.05209758132696152,0.02667981944978237,-0.0028944096993654966,0.0641612708568573,0.06709563732147217
3960,0.3443785011768341,0.16311493515968323,0.061861228197813034,0.08600862324237823,0.046131428331136703,0.052281685173511505,0.02684333361685276,-0.0028952371794730425,0.06286998093128204,0.06501427292823792
3980,0.3449017107486725,0.16353824734687805,0.06215764209628105,0.08628740161657333,0.046250391751527786,0.052511200308799744,0.02700880914926529,-0.0029012951999902725,0.06285842508077621,0.06510086357593536
4000,0.3453060984611511,0.1639217883348465,0.06244320422410965,0.0865829661488533,0.046324651688337326,0.05268052592873573,0.02720646560192108,-0.0029169139452278614,0.06022809073328972,0.06371745467185974
4020,0.345547616481781,0.16432629525661469,0.06269143521785736,0.08681178092956543,0.04642535746097565,0.052894141525030136,0.027378598228096962,-0.0029240187723189592,0.06087435409426689,0.06259939819574356
4040,0.3457607924938202,0.16468548774719238,0.06294997781515121,0.0870996043086052,0.04653653874993324,0.05307174474000931,0.02754306234419346,-0.002933711977675557,0.060212016105651855,0.06584621965885162
4060,0.34618130326271057,0.1651514619588852,0.06325326859951019,0.08735226839780807,0.046627722680568695,0.05325860157608986,0.027708595618605614,-0.0029497186187654734,0.06136336922645569,0.0664890855550766
4080,0.34655311703681946,0.16559511423110962,0.06351803243160248,0.08761031180620193,0.04671594873070717,0.05346712842583656,0.02790226601064205,-0.002953283255919814,0.060512080788612366,0.06477565318346024
4100,0.34706252813339233,0.16606956720352173,0.06378576904535294,0.08788887411355972,0.046801306307315826,0.05363238602876663,0.028069021180272102,-0.0029657180421054363,0.06029655784368515,0.06433572620153427
4120,0.3475320637226105,0.16650259494781494,0.06406180560588837,0.08816525340080261,0.04691152647137642,0.053801897913217545,0.02827414870262146,-0.002975026611238718,0.05929189547896385,0.06410941481590271
4140,0.3477768301963806,0.16689136624336243,0.06433331221342087,0.0884334146976471,0.04701115936040878,0.05399240180850029,0.02845708653330803,-0.002978080650791526,0.06257499009370804,0.0662323385477066
4160,0.34829533100128174,0.1673164814710617,0.0645727813243866,0.08866280317306519,0.04713912308216095,0.05423056334257126,0.028598368167877197,-0.002983261365443468,0.06098122522234917,0.07125376909971237
4180,0.34878790378570557,0.16785044968128204,0.0648951381444931,0.08894453942775726,0.0472506582736969,0.054425835609436035,0.028780996799468994,-0.0029883941169828176,0.0616181455552578,0.06404578685760498
4200,0.3492140471935272,0.16827809810638428,0.06518112123012543,0.08917752653360367,0.04737318679690361,0.054629020392894745,0.02896099165081978,-0.0029860271606594324,0.05865803733468056,0.0661390870809555
4220,0.3497706651687622,0.1686682254076004,0.06542740762233734,0.0894487276673317,0.047463830560445786,0.05481402203440666,0.029137952253222466,-0.0029956449288874865,0.061762988567352295,0.06471557915210724
4240,0.35030636191368103,0.16911546885967255,0.06576614081859589,0.08970139175653458,0.04759221896529198,0.05501699447631836,0.02927684597671032,-0.0029888262506574392,0.05904284119606018,0.06665906310081482
4260,0.350811630487442,0.16951341927051544,0.0659986063838005,0.08993248641490936,0.047666553407907486,0.05522635206580162,0.02946959063410759,-0.002987911459058523,0.058715615421533585,0.06237393617630005
4280,0.35111284255981445,0.16990093886852264,0.06626163423061371,0.09016776084899902,0.04775083810091019,0.055391907691955566,0.029606744647026062,-0.002989049069583416,0.06189190596342087,0.06451019644737244
4300,0.35153523087501526,0.17036020755767822,0.06654702872037888,0.09043343365192413,0.04785509407520294,0.05558780953288078,0.02976664900779724,-0.0029897335916757584,0.06006598100066185,0.061091095209121704
4320,0.35172849893569946,0.17069408297538757,0.06683392077684402,0.09073292464017868,0.047956209629774094,0.05576587840914726,0.029910020530223846,-0.0029892034363001585,0.059286944568157196,0.061719976365566254
4340,0.3519752621650696,0.1711304932832718,0.06713342666625977,0.09094756841659546,0.04806694760918617,0.05595726519823074,0.03005240485072136,-0.0029883142560720444,0.06139787286520004,0.06476135551929474
4360,0.35231536626815796,0.17151184380054474,0.06738677620887756,0.09120997786521912,0.048188216984272,0.056141868233680725,0.030236776918172836,-0.0029866881668567657,0.05949106067419052,0.06134187430143356
4380,0.35273873805999756,0.17191733419895172,0.06763320416212082,0.09144411981105804,0.04825712740421295,0.056313637644052505,0.030380049720406532,-0.0029818739276379347,0.0608871728181839,0.061105985194444656
4400,0.3531261384487152,0.17231321334838867,0.06787686794996262,0.09165017306804657,0.048344358801841736,0.05650303140282631,0.03050752356648445,-0.0029917529318481684,0.05784066393971443,0.06342299282550812
4420,0.35334211587905884,0.1728350967168808,0.06824982911348343,0.0919460877776146,0.04846132546663284,0.056652914732694626,0.030671345070004463,-0.0029968037270009518,0.059945520013570786,0.06186438351869583
4440,0.3537130653858185,0.17315994203090668,0.06847072392702103,0.09213657677173615,0.048574298620224,0.05686863884329796,0.03082345798611641,-0.0029953368939459324,0.06112446263432503,0.06134021282196045
4460,0.35387516021728516,0.1735466867685318,0.06873027235269547,0.09240125119686127,0.048684775829315186,0.05705719441175461,0.03100661002099514,-0.0029962584376335144,0.059064965695142746,0.060321543365716934
4480,0.35421231389045715,0.17389929294586182,0.06898947060108185,0.0926319807767868,0.04874364659190178,0.05725574120879173,0.031160999089479446,-0.003001998644322157,0.058321498334407806,0.06045497581362724
4500,0.354522168636322,0.17419902980327606,0.06920626014471054,0.0928831547498703,0.048841968178749084,0.0574379488825798,0.0313311442732811,-0.0030009006150066853,0.059691090136766434,0.060690879821777344
4520,0.35462823510169983,0.17463241517543793,0.06947854161262512,0.09314262121915817,0.048944540321826935,0.05759761855006218,0.03148013353347778,-0.003005723701789975,0.059394776821136475,0.0628393217921257
4540,0.35509297251701355,0.17502473294734955,0.0697384849190712,0.093403659760952,0.04905452951788902,0.057797204703092575,0.031598061323165894,-0.003010377986356616,0.058804865926504135,0.06090548262000084
4560,0.3555924892425537,0.17535868287086487,0.0699944719672203,0.09362202137708664,0.04914889112114906,0.057982418686151505,0.0317620113492012,-0.0030163300689309835,0.057903531938791275,0.06565825641155243
4580,0.3560279905796051,0.17576375603675842,0.07028115540742874,0.09387373179197311,0.04928688704967499,0.05821046978235245,0.03191160410642624,-0.0030166753567755222,0.060597874224185944,0.06152117997407913
4600,0.35611867904663086,0.17614969611167908,0.07062563300132751,0.09420185536146164,0.049397531896829605,0.05837560445070267,0.03211529180407524,-0.003012903733178973,0.05714422091841698,0.0633341521024704
4620,0.35649505257606506,0.1765027642250061,0.07086317241191864,0.09439265727996826,0.04944354668259621,0.058571480214595795,0.03226544335484505,-0.00301438313908875,0.0572381392121315,0.06114459037780762
4640,0.3566730320453644,0.17693576216697693,0.0711485743522644,0.09462948143482208,0.04952656477689743,0.05876154825091362,0.0323840007185936,-0.003012227127328515,0.05711367353796959,0.06039796024560928
4660,0.3568091094493866,0.17733843624591827,0.07137423008680344,0.09482073783874512,0.04963531345129013,0.05889982357621193,0.032510049641132355,-0.003011765656992793,0.05766817927360535,0.060136862099170685
4680,0.357094943523407,0.1776500642299652,0.07159145921468735,0.09504440426826477,0.04970487207174301,0.05905868485569954,0.03264932706952095,-0.0030151132959872484,0.05893507972359657,0.060714997351169586
4700,0.35733142495155334,0.17809756100177765,0.07192792743444443,0.09526355564594269,0.04981614649295807,0.05922373756766319,0.03279485926032066,-0.0030231554992496967,0.06124889850616455,0.061114221811294556
4720,0.357807457447052,0.17848140001296997,0.07218286395072937,0.09544891119003296,0.04989728331565857,0.059382420033216476,0.03292911872267723,-0.0030298884958028793,0.05752095207571983,0.05976197123527527
4740,0.35808518528938293,0.17881548404693604,0.07240122556686401,0.09569734334945679,0.05000096559524536,0.05957465618848801,0.03305504471063614,-0.003027818165719509,0.05872601643204689,0.05971994251012802
4760,0.3582541346549988,0.17916080355644226,0.07267697155475616,0.09593257308006287,0.05008438974618912,0.05975446105003357,0.03320753201842308,-0.00303275091573596,0.0562208816409111,0.060264959931373596
4780,0.3587360084056854,0.17956501245498657,0.07294923812150955,0.09608706086874008,0.05017971247434616,0.059881534427404404,0.03338411822915077,-0.0030361595563590527,0.05967829376459122,0.0639042854309082
4800,0.358959436416626,0.17992191016674042,0.07318691909313202,0.09629163891077042,0.05026427283883095,0.06005937233567238,0.03352170065045357,-0.003039599396288395,0.05758041888475418,0.06252345442771912
4820,0.3593110740184784,0.18033553659915924,0.07346686720848083,0.09651355445384979,0.050363656133413315,0.060222797095775604,0.03367146477103233,-0.003046828554943204,0.05640745908021927,0.06354862451553345
4840,0.35952579975128174,0.18067508935928345,0.07373994588851929,0.09673834592103958,0.05046342685818672,0.06039049103856087,0.033803682774305344,-0.003058837493881583,0.05966243892908096,0.0624154731631279
4860,0.3599492013454437,0.1810154914855957,0.07396053522825241,0.09689729660749435,0.050559382885694504,0.06057841330766678,0.03393185883760452,-0.0030626612715423107,0.056136585772037506,0.060036953538656235
4880,0.36033788323402405,0.18145312368869781,0.07424478977918625,0.09713388979434967,0.050651665776968,0.0607486367225647,0.034068141132593155,-0.0030628445092588663,0.058654382824897766,0.06325782835483551
4900,0.3607844412326813,0.18174514174461365,0.0745302215218544,0.0973716527223587,0.05075737461447716,0.06093433126807213,0.03422904759645462,-0.0030650680419057608,0.05843549594283104,0.05967973917722702
4920,0.36115673184394836,0.1820676028728485,0.07479052245616913,0.09756844490766525,0.050844259560108185,0.061135027557611465,0.03435249254107475,-0.0030632575508207083,0.05698142573237419,0.0614330992102623
4940,0.36129140853881836,0.18249323964118958,0.07504663616418839,0.09775187820196152,0.05094096437096596,0.06132987514138222,0.03446786478161812,-0.003064885502681136,0.05999291315674782,0.0617869570851326
4960,0.36167964339256287,0.18287570774555206,0.0753699392080307,0.09794879704713821,0.051058560609817505,0.06148891523480415,0.034639373421669006,-0.0030603690538555384,0.05803921818733215,0.06098932772874832
4980,0.36201611161231995,0.18319450318813324,0.0755586102604866,0.0981321632862091,0.051148250699043274,0.06167086958885193,0.0347711518406868,-0.0030602309852838516,0.05562814697623253,0.059398021548986435
5000,0.3622194826602936,0.18363116681575775,0.07580424845218658,0.09832476824522018,0.051237646490335464,0.061823226511478424,0.034876395016908646,-0.003058065427467227,0.058110278099775314,0.060844726860523224
5020,0.3621981739997864,0.18394221365451813,0.07608553022146225,0.09851757436990738,0.05130419880151749,0.06198533996939659,0.035034891217947006,-0.0030671339482069016,0.05679821968078613,0.05919482186436653
5040,0.36235740780830383,0.1842557042837143,0.07633616030216217,0.09872087091207504,0.05138164758682251,0.06211163103580475,0.035175275057554245,-0.0030767228454351425,0.059319157153367996,0.05899272486567497
5060,0.3624532222747803,0.18454618752002716,0.07658534497022629,0.0989183709025383,0.05149071663618088,0.06229032576084137,0.03533501550555229,-0.003083006013184786,0.05624096840620041,0.05923968926072121
5080,0.3626771867275238,0.18488967418670654,0.07681472599506378,0.09911654889583588,0.051556866616010666,0.06241358071565628,0.035449348390102386,-0.0030869387555867434,0.054411500692367554,0.059010595083236694
5100,0.3631012737751007,0.18531309068202972,0.07708290219306946,0.09926395118236542,0.051627133041620255,0.06256452947854996,0.03553874045610428,-0.0030920421704649925,0.05900111794471741,0.06006847694516182
5120,0.36312592029571533,0.18566754460334778,0.07731606066226959,0.09948556870222092,0.05173379182815552,0.0627676323056221,0.035713955760002136,-0.003089010715484619,0.05747140198945999,0.059125594794750214
5140,0.3633747696876526,0.18592828512191772,0.07755681127309799,0.09971550107002258,0.0518372468650341,0.0629224106669426,0.035842545330524445,-0.0030958163551986217,0.0611240491271019,0.0580621063709259
5160,0.36361533403396606,0.18624405562877655,0.0778355747461319,0.0998990535736084,0.05193345993757248,0.06307853758335114,0.03601544350385666,-0.003097632434219122,0.05594697222113609,0.06039779633283615
5180,0.3639499545097351,0.18656429648399353,0.07809700816869736,0.10008402913808823,0.052025556564331055,0.06323723495006561,0.03618869185447693,-0.0031040532048791647,0.05730133503675461,0.06048990413546562
5200,0.36400893330574036,0.18690289556980133,0.0783795490860939,0.10031934827566147,0.052131880074739456,0.063395194709301,0.036294810473918915,-0.0031009111553430557,0.05800854042172432,0.05894409492611885
5220,0.3643124997615814,0.1873306781053543,0.07862044125795364,0.10049064457416534,0.05221224203705788,0.063551165163517,0.0364183709025383,-0.003100902307778597,0.05556262657046318,0.060565486550331116
5240,0.36443397402763367,0.1876544952392578,0.07884100824594498,0.1007063165307045,0.052296239882707596,0.06373641639947891,0.03658182919025421,-0.0031036536674946547,0.05563745275139809,0.058603737503290176
5260,0.36452099680900574,0.1879199743270874,0.07908539474010468,0.10089060664176941,0.05236421525478363,0.06391051411628723,0.03671238198876381,-0.003103135386481881,0.052619364112615585,0.058753322809934616
5280,0.36464351415634155,0.18825311958789825,0.07930433750152588,0.10116016864776611,0.05246914550662041,0.06403756886720657,0.03681541979312897,-0.0031076318118721247,0.056400641798973083,0.05940689146518707
5300,0.3648946285247803,0.188545823097229,0.07955589145421982,0.10133986175060272,0.052533917129039764,0.06418099999427795,0.03694642335176468,-0.0031096774619072676,0.055565789341926575,0.05816991254687309
5320,0.36518606543540955,0.18891333043575287,0.07978514581918716,0.10147066414356232,0.052605919539928436,0.06429140269756317,0.03706388920545578,-0.003118138760328293,0.05634543299674988,0.05826544016599655
5340,0.36517810821533203,0.18923085927963257,0.08001955598592758,0.10166354477405548,0.05268508940935135,0.0644310787320137,0.037175845354795456,-0.0031215965282171965,0.05689772963523865,0.06028855964541435
5360,0.3654921352863312,0.1894713193178177,0.08026506006717682,0.10187836736440659,0.05278591811656952,0.06459653377532959,0.037305060774087906,-0.0031305919401347637,0.055602047592401505,0.0612366609275341
5380,0.3655960261821747,0.18980582058429718,0.08046739548444748,0.10208307951688766,0.05287592113018036,0.06475037336349487,0.03742818534374237,-0.003134600818157196,0.05629242956638336,0.058417800813913345
5400,0.36591437458992004,0.1901392787694931,0.08072321861982346,0.10229047387838364,0.05298398807644844,0.06490912288427353,0.03751777112483978,-0.0031380802392959595,0.05479518324136734,0.058504313230514526
5420,0.36611440777778625,0.19044777750968933,0.08098456263542175,0.1024174690246582,0.05303224176168442,0.06503712385892868,0.03762839362025261,-0.003136587096378207,0.05389535799622536,0.05941278487443924
5440,0.3665839731693268,0.19070874154567719,0.08118212223052979,0.10256488621234894,0.05314755067229271,0.06522170454263687,0.03775281086564064,-0.003138207830488682,0.05386246740818024,0.061553485691547394
5460,0.36670294404029846,0.19110429286956787,0.08145003020763397,0.10278431326150894,0.05325084179639816,0.06539454311132431,0.03789601847529411,-0.003140495391562581,0.05588565394282341,0.05851179361343384
5480,0.36693117022514343,0.19146864116191864,0.08174179494380951,0.1029418334364891,0.05335341766476631,0.06552166491746902,0.03802815452218056,-0.003141214605420828,0.05600270256400108,0.058360304683446884
5500,0.3670288622379303,0.1918150633573532,0.08195649832487106,0.10309944301843643,0.0534389428794384,0.06564179807901382,0.03814683482050896,-0.0031435247510671616,0.05589700862765312,0.05839356780052185
5520,0.3672621548175812,0.19215841591358185,0.08218017220497131,0.103253573179245,0.05352088063955307,0.06576566398143768,0.038299232721328735,-0.0031456078868359327,0.0550382025539875,0.058304741978645325
5540,0.3674447536468506,0.1925014853477478,0.08241919428110123,0.10345138609409332,0.05359681695699692,0.06592752784490585,0.03842141851782799,-0.0031445680651813745,0.05580553039908409,0.0589529424905777
5560,0.36785584688186646,0.19291456043720245,0.08266506344079971,0.1036011353135109,0.05370005592703819,0.0660482868552208,0.03853830695152283,-0.0031563478987663984,0.05465034022927284,0.05871591344475746
5580,0.36803117394447327,0.19316282868385315,0.08288784325122833,0.10380926728248596,0.053787462413311005,0.06621905416250229,0.038699034601449966,-0.0031555655878037214,0.05777697637677193,0.05798774212598801
5600,0.3682858645915985,0.1935182809829712,0.08312610536813736,0.10392778366804123,0.053878046572208405,0.0663708969950676,0.0388137586414814,-0.003148007672280073,0.0565233938395977,0.05871147662401199
5620,0.36854204535484314,0.1939237266778946,0.08339443057775497,0.1040915995836258,0.05395602434873581,0.06648708879947662,0.038973744958639145,-0.0031495848670601845,0.05346090346574783,0.05839349702000618
5640,0.36861589550971985,0.1942375898361206,0.08364355564117432,0.10429690778255463,0.054061826318502426,0.0666729286313057,0.039124663919210434,-0.0031533101573586464,0.054769035428762436,0.05829199403524399
5660,0.3688090145587921,0.19455793499946594,0.0838717445731163,0.10441866517066956,0.054114215075969696,0.0667935460805893,0.03925291821360588,-0.003158937906846404,0.05260739475488663,0.05722750723361969
5680,0.36895838379859924,0.19481955468654633,0.0840856060385704,0.1046009436249733,0.054175250232219696,0.06695932894945145,0.039354193955659866,-0.0031658257357776165,0.055594392120838165,0.05901707336306572
5700,0.3690528869628906,0.19509662687778473,0.08430548757314682,0.10479109734296799,0.05426362529397011,0.06708838045597076,0.039490941911935806,-0.0031746935565024614,0.05538233369588852,0.05717531964182854
5720,0.36923375725746155,0.19542455673217773,0.08455013483762741,0.10490338504314423,0.05431991070508957,0.06722884625196457,0.039625756442546844,-0.0031798253767192364,0.0555068776011467,0.0593385323882103
5740,0.36951109766960144,0.19565871357917786,0.08477295190095901,0.10508827865123749,0.054408952593803406,0.06734628975391388,0.0397370345890522,-0.0031877101864665747,0.0559895895421505,0.05757691711187363
5760,0.369540274143219,0.19594694674015045,0.08498462289571762,0.10528324544429779,0.054506316781044006,0.0674823671579361,0.03987666964530945,-0.0031883453484624624,0.05490235984325409,0.05683114379644394
5780,0.36964085698127747,0.19623269140720367,0.08521010726690292,0.10545740276575089,0.05458572879433632,0.06762838363647461,0.03997113183140755,-0.003191243391484022,0.05395921692252159,0.0577361136674881
5800,0.3697793781757355,0.19658365845680237,0.08542591333389282,0.10558054596185684,0.05465268716216087,0.06773796677589417,0.04005476459860802,-0.0031966310925781727,0.054284077137708664,0.05841238796710968
5820,0.370010644197464,0.19684049487113953,0.08563553541898727,0.10574928671121597,0.05473970249295235,0.06788627058267593,0.04019030183553696,-0.003199911443516612,0.054662760347127914,0.058005668222904205
5840,0.3701135516166687,0.19717897474765778,0.08585025370121002,0.10592912137508392,0.05479416623711586,0.06799312680959702,0.04028583690524101,-0.0032070802990347147,0.05370976775884628,0.06014776974916458
5860,0.370464950799942,0.19749173521995544,0.08610537648200989,0.10607045143842697,0.054895784705877304,0.06813251227140427,0.04039080813527107,-0.0032080248929560184,0.0522601380944252,0.05815716087818146
5880,0.3704639971256256,0.19776688516139984,0.08634135127067566,0.10618509352207184,0.054969366639852524,0.06828591227531433,0.040506988763809204,-0.0032127138692885637,0.05692034214735031,0.059341877698898315
5900,0.37090298533439636,0.19802558422088623,0.08654655516147614,0.10636015236377716,0.05507105961441994,0.06846816837787628,0.04061591252684593,-0.003204547567293048,0.05390269681811333,0.05701114982366562
5920,0.371014267206192,0.19836100935935974,0.08673582226037979,0.10651189833879471,0.05517905205488205,0.06861910969018936,0.040766019374132156,-0.003207705682143569,0.05277613177895546,0.056602902710437775
5940,0.37101835012435913,0.19865868985652924,0.08704240620136261,0.10673926770687103,0.055245984345674515,0.06873925775289536,0.04089227691292763,-0.00320521742105484,0.05591767281293869,0.056738726794719696
5960,0.37110376358032227,0.198903888463974,0.08726014196872711,0.10694899410009384,0.055324312299489975,0.06889341026544571,0.04103495925664902,-0.0032012525480240583,0.05401282757520676,0.05707675963640213
5980,0.3711998164653778,0.19923743605613708,0.08750217407941818,0.10704945772886276,0.05537838861346245,0.0690295547246933,0.04114953801035881,-0.003205183893442154,0.05299560725688934,0.05673285201191902
6000,0.3713848888874054,0.19952163100242615,0.08772062510251999,0.1072523221373558,0.0554581955075264,0.06914278864860535,0.041279446333646774,-0.003208004403859377,0.052335500717163086,0.05745428055524826
6020,0.3714602589607239,0.1998782455921173,0.08795421570539474,0.10738590359687805,0.055525679141283035,0.06925281137228012,0.04137328267097473,-0.0032151949126273394,0.05611061304807663,0.05606820061802864
6040,0.3715904951095581,0.20012167096138,0.08819727599620819,0.10761900246143341,0.05562399700284004,0.06942985206842422,0.04149814322590828,-0.003217935562133789,0.05657210201025009,0.0561990961432457
6060,0.3715560734272003,0.20039002597332,0.08842476457357407,0.10778581351041794,0.0556834414601326,0.06955432146787643,0.0416221022605896,-0.0032139059621840715,0.05419572815299034,0.05739044398069382
6080,0.3719119429588318,0.2006317675113678,0.08862435072660446,0.10791286081075668,0.055784501135349274,0.06969039887189865,0.04173186421394348,-0.0032203064765781164,0.05245865136384964,0.056308649480342865
6100,0.3720458149909973,0.20094478130340576,0.0888020396232605,0.108009934425354,0.055879853665828705,0.06980405747890472,0.04182403162121773,-0.003223702311515808,0.05414600297808647,0.05663929507136345
6120,0.3722207248210907,0.20121091604232788,0.08903239667415619,0.10818956047296524,0.055990882217884064,0.06992362439632416,0.041932880878448486,-0.003225839463993907,0.05425555631518364,0.05831523239612579
6140,0.37256669998168945,0.20163452625274658,0.08930371701717377,0.10830288380384445,0.056055303663015366,0.07004322856664658,0.04204673320055008,-0.0032233388628810644,0.05287272110581398,0.06071525439620018
6160,0.3727559745311737,0.20187008380889893,0.08952269703149796,0.10843081772327423,0.0562034510076046,0.07022412866353989,0.04218854010105133,-0.003226497210562229,0.053593117743730545,0.05723222717642784
6180,0.3728480339050293,0.20216237008571625,0.08977187424898148,0.10860549658536911,0.05626322329044342,0.07039645314216614,0.04232552647590637,-0.003224326064810157,0.054250482469797134,0.056302379816770554
6200,0.3729568123817444,0.20234616100788116,0.08997295796871185,0.1088082566857338,0.05635716766119003,0.07054296135902405,0.04246624931693077,-0.003231085604056716,0.05283056199550629,0.05758592486381531
6220,0.3731255829334259,0.20262596011161804,0.09017913043498993,0.10891542583703995,0.05643760412931442,0.07069578766822815,0.042563796043395996,-0.003235823241993785,0.05167827010154724,0.055766791105270386
6240,0.3731623589992523,0.20286151766777039,0.09044457972049713,0.10906967520713806,0.05649777129292488,0.07083722203969955,0.04270391911268234,-0.0032385890372097492,0.05301695317029953,0.05802563577890396
6260,0.37354424595832825,0.2031824290752411,0.09060323983430862,0.10919992625713348,0.05658574029803276,0.07093807309865952,0.04279389604926109,-0.003241433296352625,0.053512126207351685,0.05605679005384445
6280,0.37364518642425537,0.20342154800891876,0.090827077627182,0.10941685736179352,0.05666466802358627,0.07106372714042664,0.04292730987071991,-0.0032361329067498446,0.053226593881845474,0.05694902688264847
6300,0.37370026111602783,0.2037133425474167,0.09103657305240631,0.10949230939149857,0.05673395097255707,0.07118269056081772,0.04305988550186157,-0.0032405927777290344,0.052115295082330704,0.05790690332651138
6320,0.37388017773628235,0.2040424942970276,0.09132775664329529,0.10963562875986099,0.05682004243135452,0.07128788530826569,0.04317598417401314,-0.00324110290966928,0.05231252685189247,0.05748429894447327
6340,0.37409278750419617,0.204386904835701,0.09155234694480896,0.10982781648635864,0.05694025382399559,0.07142852991819382,0.04323507845401764,-0.0032420014031231403,0.052113018929958344,0.05684792250394821
6360,0.37419840693473816,0.20469771325588226,0.09172467887401581,0.10998371243476868,0.05702768638730049,0.0715780109167099,0.043389592319726944,-0.0032462161034345627,0.053748905658721924,0.055961184203624725
6380,0.3742203414440155,0.20500464737415314,0.09190800040960312,0.11009994149208069,0.05708231404423714,0.07172046601772308,0.04352870211005211,-0.003251385875046253,0.05426977947354317,0.055308930575847626
6400,0.3742865025997162,0.20519854128360748,0.09212597459554672,0.11024778336286545,0.0571756437420845,0.07183843851089478,0.04363616555929184,-0.0032610816415399313,0.05238829925656319,0.05598243325948715
6420,0.3743400573730469,0.20541328191757202,0.09233216196298599,0.11042553186416626,0.057248666882514954,0.07197305560112,0.04371459037065506,-0.0032649522181600332,0.05234619975090027,0.05660659447312355
6440,0.3744622468948364,0.20569069683551788,0.09252459555864334,0.11061226576566696,0.05734165012836456,0.07210944592952728,0.04382840171456337,-0.0032650623470544815,0.05059404298663139,0.05687033385038376
6460,0.374551922082901,0.20597225427627563,0.09277966618537903,0.11070618778467178,0.05740366503596306,0.07222214341163635,0.04390927031636238,-0.003272069850936532,0.05200725048780441,0.056007079780101776
6480,0.37467795610427856,0.20624282956123352,0.09300314635038376,0.11086764931678772,0.05748062580823898,0.07230840623378754,0.04403812438249588,-0.003272474277764559,0.05179045349359512,0.05564862862229347
6500,0.3749367594718933,0.2064363658428192,0.09317903220653534,0.11097729206085205,0.05759037286043167,0.07248906791210175,0.04413779452443123,-0.0032760989852249622,0.05839710310101509,0.055395934730768204
6520,0.3750442862510681,0.206757590174675,0.09343714267015457,0.11107998341321945,0.0576859712600708,0.07260827720165253,0.044290319085121155,-0.0032859810162335634,0.05284164473414421,0.05638352036476135
6540,0.3751786947250366,0.20698052644729614,0.09363856911659241,0.11125869303941727,0.05778594687581062,0.0727253407239914,0.04436716437339783,-0.00328932236880064,0.05369460582733154,0.05516989156603813
6560,0.3751508891582489,0.2072780877351761,0.09381694346666336,0.11139696091413498,0.057853590697050095,0.07283734530210495,0.044497400522232056,-0.003298067254945636,0.05369745194911957,0.056247010827064514
6580,0.37538406252861023,0.2074848711490631,0.09401567280292511,0.1115141436457634,0.05795770883560181,0.07295437157154083,0.04461502656340599,-0.0033005117438733578,0.05084778741002083,0.05654776841402054
6600,0.3754459619522095,0.2077602744102478,0.0942375436425209,0.11165482550859451,0.05805375054478645,0.07308287918567657,0.044729698449373245,-0.003303761826828122,0.05163745954632759,0.056462205946445465
6620,0.3756345212459564,0.2080073207616806,0.09441109001636505,0.11182575672864914,0.05812995508313179,0.07322390377521515,0.044864311814308167,-0.0033081271685659885,0.05295012146234512,0.05686049163341522
6640,0.37581026554107666,0.20831526815891266,0.09462475031614304,0.11192190647125244,0.05821717157959938,0.0733746662735939,0.0449489951133728,-0.0033055951353162527,0.05413331836462021,0.056089624762535095
6660,0.37595969438552856,0.20865142345428467,0.09490001201629639,0.1120593249797821,0.05829903110861778,0.07351477444171906,0.04504304751753807,-0.0033108224160969257,0.05182262882590294,0.05564494803547859
6680,0.3759362995624542,0.20880088210105896,0.09512074291706085,0.1122431829571724,0.05840324983000755,0.07366073876619339,0.04516348987817764,-0.0033136005513370037,0.05069369450211525,0.0564475953578949
6700,0.3759481906890869,0.20905539393424988,0.09527398645877838,0.11234781891107559,0.05847293511033058,0.07375923544168472,0.04525475203990936,-0.00331415724940598,0.05106412246823311,0.05702345073223114
6720,0.3761225640773773,0.20931512117385864,0.09547816216945648,0.11246131360530853,0.058563921600580215,0.07390353083610535,0.04536177217960358,-0.0033145092893391848,0.0508045069873333,0.056572139263153076
6740,0.3762299418449402,0.2095194309949875,0.09571444243192673,0.1126125305891037,0.058642737567424774,0.07401106506586075,0.045465972274541855,-0.003316299756988883,0.050613436847925186,0.05532192438840866
6760,0.3763328492641449,0.2097814679145813,0.09588710963726044,0.11274773627519608,0.05870809406042099,0.07410878688097,0.04553952440619469,-0.003317448776215315,0.0520944707095623,0.05545343831181526
6780,0.37644514441490173,0.21000419557094574,0.09614254534244537,0.11282216757535934,0.058759331703186035,0.07421306520700455,0.045618318021297455,-0.0033310092985630035,0.050213735550642014,0.056747641414403915
6800,0.3765997886657715,0.21018995344638824,0.09626451134681702,0.11296892911195755,0.058839406818151474,0.07436233758926392,0.045730408281087875,-0.0033309662248939276,0.05292389541864395,0.05579536035656929
6820,0.37670937180519104,0.21045760810375214,0.09649500995874405,0.11313503235578537,0.05892980098724365,0.07449199259281158,0.045836467295885086,-0.003334643552079797,0.051104266196489334,0.05709155648946762
6840,0.37682652473449707,0.21075734496116638,0.09671833366155624,0.11325027048587799,0.059008046984672546,0.07461947947740555,0.04596482962369919,-0.0033305503893643618,0.052444010972976685,0.055053990334272385
6860,0.3769582211971283,0.21103639900684357,0.09694693982601166,0.11335935443639755,0.05911325663328171,0.07474193722009659,0.04603898897767067,-0.0033380284439772367,0.050360552966594696,0.05577998608350754
6880,0.37707024812698364,0.21128420531749725,0.09716249257326126,0.11347462981939316,0.05918169394135475,0.07484171539545059,0.04614628851413727,-0.003339947434142232,0.05166943743824959,0.054974112659692764
6900,0.3771798610687256,0.21154573559761047,0.09736083447933197,0.11356376111507416,0.05923755094408989,0.07495483756065369,0.04627901688218117,-0.003353288397192955,0.051965221762657166,0.056432366371154785
6920,0.37738704681396484,0.21171443164348602,0.09755266457796097,0.11370893567800522,0.05936068296432495,0.07511050999164581,0.04637311026453972,-0.0033572958782315254,0.05086321383714676,0.056103114038705826
6940,0.37734201550483704,0.21201764047145844,0.09774632006883621,0.1138308122754097,0.05942079797387123,0.07521041482686996,0.046506356447935104,-0.0033612356055527925,0.05130886286497116,0.054323047399520874
6960,0.3775101900100708,0.2121572196483612,0.09793049842119217,0.11399156600236893,0.05951683968305588,0.07535841315984726,0.0466093048453331,-0.003364982083439827,0.05149351432919502,0.055668652057647705
6980,0.3776127099990845,0.21242904663085938,0.09815803915262222,0.11410452425479889,0.059616971760988235,0.07548650354146957,0.04670240730047226,-0.0033680195920169353,0.050330545753240585,0.05400543659925461
7000,0.37752005457878113,0.21265344321727753,0.09834969788789749,0.11423754692077637,0.05967633053660393,0.075607530772686,0.04679844155907631,-0.0033642046619206667,0.05016389861702919,0.054279666393995285
7020,0.37758156657218933,0.21285155415534973,0.09855325520038605,0.11431048810482025,0.05974433571100235,0.07571877539157867,0.046911463141441345,-0.0033668361138552427,0.053025685250759125,0.05413554981350899
7040,0.3776741325855255,0.21302145719528198,0.09869914501905441,0.11445394158363342,0.0598427839577198,0.07583259046077728,0.0470350943505764,-0.0033712778240442276,0.05096043646335602,0.05346953496336937
7060,0.37782081961631775,0.21327076852321625,0.09888879954814911,0.11453313380479813,0.059905845671892166,0.0759163349866867,0.047128256410360336,-0.003375313011929393,0.05209265649318695,0.054407596588134766
7080,0.3778667747974396,0.21349242329597473,0.09908248484134674,0.11469459533691406,0.060001522302627563,0.0760434940457344,0.04719504714012146,-0.00337074208073318,0.05141981691122055,0.054466672241687775
7100,0.3780251741409302,0.21373417973518372,0.09929443150758743,0.11474373936653137,0.06010172888636589,0.07616361975669861,0.047250665724277496,-0.003380109090358019,0.05402970314025879,0.056831397116184235
7120,0.3784724771976471,0.21393871307373047,0.09947219491004944,0.11488491296768188,0.0601622648537159,0.07629138231277466,0.04737555608153343,-0.0033868872560560703,0.048459138721227646,0.05549231544137001
7140,0.3786320388317108,0.2142632156610489,0.09970998764038086,0.11502988636493683,0.060261186212301254,0.07643456757068634,0.047451313585042953,-0.0033888639882206917,0.04951774701476097,0.05846692621707916
7160,0.37864065170288086,0.21456623077392578,0.09990342706441879,0.11517467349767685,0.060356080532073975,0.07655777037143707,0.047557368874549866,-0.003388999728485942,0.05072883516550064,0.05479603260755539
7180,0.3787534236907959,0.21477103233337402,0.10008984059095383,0.11525983363389969,0.06040002778172493,0.07668125629425049,0.04767097160220146,-0.0033985734917223454,0.05004327744245529,0.055617932230234146
7200,0.3789811134338379,0.21497173607349396,0.10021369159221649,0.11530862003564835,0.06048126891255379,0.0767834410071373,0.047789182513952255,-0.0034044214989989996,0.05167578533291817,0.054079923778772354
7220,0.3788566291332245,0.2152053713798523,0.10043738037347794,0.11541713774204254,0.06060105562210083,0.07687505334615707,0.047908395528793335,-0.0034103798680007458,0.05294597148895264,0.056412603706121445
7240,0.3790426552295685,0.2154175341129303,0.10068157315254211,0.11556564271450043,0.06070515513420105,0.07699098438024521,0.04799879342317581,-0.003409395692870021,0.04838641732931137,0.05357113480567932
7260,0.3791920840740204,0.2156493067741394,0.10084472596645355,0.11572946608066559,0.060767762362957,0.0771401971578598,0.048099078238010406,-0.003405584953725338,0.05050869286060333,0.05458851903676987
7280,0.37933555245399475,0.21589039266109467,0.1010306105017662,0.11577881127595901,0.060834575444459915,0.07722712308168411,0.048177655786275864,-0.0034082052297890186,0.05316084623336792,0.05550743639469147
7300,0.3793986141681671,0.216123566031456,0.10121980309486389,0.11592470109462738,0.06093106046319008,0.07739642262458801,0.04829613119363785,-0.0034054697025567293,0.05194636061787605,0.055021241307258606
7320,0.37939462065696716,0.2163752168416977,0.10149139165878296,0.11606567353010178,0.06098778173327446,0.07750269025564194,0.04837064445018768,-0.003405181225389242,0.05013537406921387,0.05397653579711914
7340,0.37956058979034424,0.21661297976970673,0.10165584087371826,0.11618746072053909,0.061087049543857574,0.077613465487957,0.04846872016787529,-0.0034106329549103975,0.051114391535520554,0.05655008181929588
7360,0.3797283470630646,0.21688082814216614,0.10189114511013031,0.11630213260650635,0.061199482530355453,0.0777621790766716,0.0485648550093174,-0.0034130578860640526,0.050421133637428284,0.05483102798461914
7380,0.3797180652618408,0.21718727052211761,0.10213344544172287,0.116481713950634,0.06128140538930893,0.07790791988372803,0.048674698919057846,-0.0034109591506421566,0.05064624175429344,0.05555956810712814
7400,0.3797129690647125,0.21737714111804962,0.10230427235364914,0.11660101264715195,0.06136103346943855,0.07799296826124191,0.04880785569548607,-0.003415863262489438,0.05047278106212616,0.0548374280333519
7420,0.3797798454761505,0.21762841939926147,0.10250331461429596,0.11670443415641785,0.06141265481710434,0.07807784527540207,0.048920925706624985,-0.0034128197003155947,0.05028364434838295,0.05373525246977806
7440,0.38004976511001587,0.2178359031677246,0.10266213864088058,0.11680962890386581,0.06150539964437485,0.07821477204561234,0.04901028051972389,-0.0034169424325227737,0.050503164529800415,0.055106084793806076
7460,0.3799026906490326,0.21806763112545013,0.10285783559083939,0.11696941405534744,0.06157994270324707,0.07826539129018784,0.0490722693502903,-0.003410613862797618,0.04937218129634857,0.05307568237185478
7480,0.38001149892807007,0.2182488888502121,0.10308294743299484,0.1171036958694458,0.061651475727558136,0.07832245528697968,0.04917830228805542,-0.0034174732863903046,0.05049540102481842,0.05359339714050293
7500,0.380126953125,0.21846280992031097,0.10326698422431946,0.11717669665813446,0.06172429025173187,0.07844360917806625,0.04924815148115158,-0.0034152159933000803,0.049095239490270615,0.055099837481975555
7520,0.38023778796195984,0.21856623888015747,0.10344374924898148,0.11735059320926666,0.061809882521629333,0.07857287675142288,0.04937484487891197,-0.003416219027712941,0.04898199811577797,0.053498730063438416
7540,0.3802134692668915,0.21879218518733978,0.10358212143182755,0.11742659658193588,0.061866965144872665,0.07866917550563812,0.04944485425949097,-0.0034164991229772568,0.049216531217098236,0.053133122622966766
7560,0.38017383217811584,0.21899200975894928,0.10379531234502792,0.11754307895898819,0.0619528703391552,0.07874660193920135,0.04953296482563019,-0.003420460969209671,0.0520656444132328,0.05375790223479271
7580,0.38027632236480713,0.21910476684570312,0.10397086292505264,0.11768211424350739,0.06204984337091446,0.07887469977140427,0.04965120181441307,-0.0034180916845798492,0.05139928311109543,0.05524660274386406
7600,0.38040691614151,0.21936339139938354,0.10415521264076233,0.11771568655967712,0.06210504472255707,0.07896752655506134,0.04969729855656624,-0.003427682677283883,0.049010809510946274,0.05345579609274864
7620,0.3805871307849884,0.21947500109672546,0.10434521734714508,0.11791925877332687,0.062201082706451416,0.07906011492013931,0.04979191720485687,-0.0034287313465029,0.05071308836340904,0.05337013304233551
7640,0.38037458062171936,0.21966417133808136,0.10451673716306686,0.11802118271589279,0.0622815303504467,0.07919906079769135,0.04987401142716408,-0.003426598384976387,0.048798538744449615,0.05477398633956909
7660,0.3806909918785095,0.21992865204811096,0.1047133281826973,0.11806489527225494,0.06233462318778038,0.07927893847227097,0.049965694546699524,-0.003432295983657241,0.0497666671872139,0.05428868159651756
7680,0.38064515590667725,0.22006598114967346,0.10490261018276215,0.11823892593383789,0.06238452345132828,0.07936824858188629,0.05005025863647461,-0.0034360913559794426,0.05058283358812332,0.054461847990751266
7700,0.3806997239589691,0.22038376331329346,0.10510848462581635,0.1183745488524437,0.062485579401254654,0.07943782955408096,0.050103809684515,-0.00343576748855412,0.05014811456203461,0.05442706495523453
7720,0.38057681918144226,0.22064070403575897,0.10529360920190811,0.11843360960483551,0.06256008893251419,0.07952666282653809,0.05021074414253235,-0.003443051129579544,0.04845573753118515,0.05491155385971069
7740,0.3808043599128723,0.22082531452178955,0.10548536479473114,0.11852802336215973,0.06267260015010834,0.079600490629673,0.05029899626970291,-0.003446777118369937,0.04887235537171364,0.05313437804579735
7760,0.38084980845451355,0.22094029188156128,0.1056278869509697,0.11860904842615128,0.06274973601102829,0.07968340069055557,0.050379667431116104,-0.0034481477923691273,0.0513998344540596,0.054202787578105927
7780,0.3807837665081024,0.22115406394004822,0.10584115982055664,0.11877898126840591,0.06282461434602737,0.0797959566116333,0.050458550453186035,-0.0034480257891118526,0.04861852154135704,0.05435153841972351
7800,0.3807843327522278,0.2213250994682312,0.10600689798593521,0.11882152408361435,0.06287728995084763,0.07987896353006363,0.05054818466305733,-0.0034558263141661882,0.048829786479473114,0.0530315563082695
7820,0.3807660937309265,0.22160588204860687,0.10622012615203857,0.1189267486333847,0.0629730299115181,0.0800023302435875,0.050632886588573456,-0.0034637884236872196,0.04962313175201416,0.05398169904947281
7840,0.3810623586177826,0.22181469202041626,0.10632821172475815,0.11898104846477509,0.06305158138275146,0.08008451759815216,0.050734709948301315,-0.0034665782004594803,0.05028991773724556,0.05384624004364014
7860,0.38092365860939026,0.2219715565443039,0.10648857057094574,0.11909479647874832,0.06309616565704346,0.08021226525306702,0.05085146054625511,-0.003469158196821809,0.04897792264819145,0.05357702076435089
7880,0.38108861446380615,0.22218066453933716,0.10668820887804031,0.11920805275440216,0.06317108869552612,0.0802917629480362,0.050936970859766006,-0.0034788011107593775,0.047837670892477036,0.0534248873591423
7900,0.3811591863632202,0.22245074808597565,0.10693206638097763,0.11931345611810684,0.06324579566717148,0.0803755521774292,0.05101104453206062,-0.0034846251364797354,0.05026581883430481,0.05288713425397873
7920,0.38135966658592224,0.2225264310836792,0.10703091323375702,0.11945074796676636,0.06331928819417953,0.08049478381872177,0.05107484012842178,-0.0034908836241811514,0.049039795994758606,0.054744601249694824
7940,0.38149547576904297,0.2228553742170334,0.10732166469097137,0.11956321448087692,0.06339544802904129,0.0805630162358284,0.05118263140320778,-0.003490010043606162,0.05031396076083183,0.05473928153514862
7960,0.38154011964797974,0.22302547097206116,0.10742313414812088,0.11975535750389099,0.06348716467618942,0.08070123195648193,0.0512453094124794,-0.0034837087150663137,0.05231589078903198,0.054057493805885315
7980,0.3816221356391907,0.22320139408111572,0.1076597049832344,0.1199076920747757,0.06358247250318527,0.08085846900939941,0.05136395990848541,-0.0034761507995426655,0.048266999423503876,0.05441881716251373
8000,0.3816799521446228,0.22332900762557983,0.10780458897352219,0.11999215185642242,0.06366962939500809,0.08096766471862793,0.051451023668050766,-0.003473090473562479,0.04792061820626259,0.05318964645266533
8020,0.3816927373409271,0.2235136330127716,0.10798035562038422,0.12011214345693588,0.06374839693307877,0.08104618638753891,0.05154198408126831,-0.0034802339505404234,0.048481911420822144,0.05343230068683624
8040,0.38180240988731384,0.22376276552677155,0.10815958678722382,0.12014657258987427,0.0638139620423317,0.08112292736768723,0.05161498859524727,-0.003481094026938081,0.048004720360040665,0.05206946283578873
8060,0.38173240423202515,0.22389589250087738,0.1083235889673233,0.12032636255025864,0.06388991326093674,0.08123977482318878,0.051707394421100616,-0.0034821094013750553,0.04760714992880821,0.053927943110466
8080,0.3819259703159332,0.22405512630939484,0.10846585035324097,0.12041699886322021,0.06395366787910461,0.0813530683517456,0.05177959427237511,-0.0034817729610949755,0.046420618891716,0.053680419921875
8100,0.38196343183517456,0.22421930730342865,0.10863175988197327,0.12053652852773666,0.0640377551317215,0.08145154267549515,0.05185462534427643,-0.003482351778075099,0.047453202307224274,0.0531642772257328
8120,0.38194721937179565,0.22439280152320862,0.10885227471590042,0.12061578035354614,0.06410428881645203,0.08155433088541031,0.05193472281098366,-0.003490125061944127,0.048872776329517365,0.05283953249454498
8140,0.3820609748363495,0.22456073760986328,0.10903983563184738,0.12067677825689316,0.06416108459234238,0.08162103593349457,0.05202847719192505,-0.0034927937667816877,0.050016239285469055,0.053306255489587784
8160,0.3819662034511566,0.22469845414161682,0.10915842652320862,0.12078233063220978,0.06423268467187881,0.08176720142364502,0.05212234705686569,-0.0034869047813117504,0.05066235736012459,0.05534328520298004
8180,0.38215240836143494,0.22502024471759796,0.10940741747617722,0.12090308219194412,0.06430734694004059,0.08187326043844223,0.05216899886727333,-0.003484707325696945,0.04778794199228287,0.053636737167835236
8200,0.3822389841079712,0.22523370385169983,0.10954409837722778,0.12100371718406677,0.06438658386468887,0.08195585757493973,0.05225478485226631,-0.0034858975559473038,0.04939106106758118,0.05244257673621178
8220,0.3823537528514862,0.2254185676574707,0.1096763163805008,0.12112528830766678,0.06444837898015976,0.0820494070649147,0.05235007777810097,-0.003488987684249878,0.04815271869301796,0.05179963260889053
8240,0.3822317123413086,0.22559483349323273,0.10983232408761978,0.12122718244791031,0.06450445204973221,0.08215875923633575,0.05240873619914055,-0.0034863781183958054,0.0476226881146431,0.051994167268276215
8260,0.38231533765792847,0.22572311758995056,0.11000868678092957,0.12141264230012894,0.06461333483457565,0.08222798258066177,0.05247507989406586,-0.003485181601718068,0.048618607223033905,0.05319685861468315
8280,0.38233205676078796,0.2259727567434311,0.11019182950258255,0.12146520614624023,0.06467987596988678,0.08230533450841904,0.05254821106791496,-0.00348734762519598,0.04859830066561699,0.05340876430273056
8300,0.3823191821575165,0.2261011004447937,0.11033477634191513,0.12159028649330139,0.0647459477186203,0.08236221969127655,0.052655309438705444,-0.0034865932539105415,0.04748116061091423,0.0523788146674633
8320,0.38217443227767944,0.22625066339969635,0.1105065867304802,0.12172076106071472,0.0648268386721611,0.08243075758218765,0.052790556102991104,-0.0034893383271992207,0.04866395518183708,0.05289221927523613
8340,0.38216063380241394,0.22641651332378387,0.11068189889192581,0.12186093628406525,0.06490498036146164,0.08251747488975525,0.05284188315272331,-0.0034955553710460663,0.047996729612350464,0.05184774100780487
8360,0.38226741552352905,0.2266528159379959,0.11084484308958054,0.1218796968460083,0.06495026499032974,0.08258526772260666,0.05293700844049454,-0.003495739074423909,0.04877951368689537,0.0527387410402298
8380,0.3825063705444336,0.22679683566093445,0.11097700893878937,0.1219811886548996,0.06504353135824203,0.08267316967248917,0.05301528424024582,-0.003503286512568593,0.049204252660274506,0.05300789326429367
8400,0.3826240599155426,0.2269844263792038,0.11117075383663177,0.12204559892416,0.06510358303785324,0.0827537477016449,0.053066905587911606,-0.0035001288633793592,0.04712069034576416,0.05181092768907547
8420,0.38245102763175964,0.2271157056093216,0.11137273907661438,0.12217634916305542,0.06515984982252121,0.08287510275840759,0.05316074565052986,-0.0034948880784213543,0.04764290153980255,0.05226188898086548
8440,0.3827187418937683,0.2272835373878479,0.11153830587863922,0.12227879464626312,0.06524135172367096,0.08295884728431702,0.053169168531894684,-0.003502926789224148,0.048383764922618866,0.0520324632525444
8460,0.3826824128627777,0.22740499675273895,0.11169228702783585,0.12232334911823273,0.06530681997537613,0.08301906287670135,0.053271252661943436,-0.0035094646736979485,0.04687083512544632,0.05266960710287094
8480,0.3827211558818817,0.2276008278131485,0.11183808743953705,0.12245672941207886,0.06538316607475281,0.08312537521123886,0.05333583056926727,-0.00350695988163352,0.048877764493227005,0.05302254483103752
8500,0.3829405903816223,0.22770485281944275,0.11197519302368164,0.12252894788980484,0.06544170528650284,0.0831945389509201,0.05341510847210884,-0.0035124297719448805,0.04859171435236931,0.05344096198678017
8520,0.3828156888484955,0.2278635948896408,0.11212663352489471,0.12262702733278275,0.06551986187696457,0.08328794687986374,0.0535203255712986,-0.003513589734211564,0.047257278114557266,0.05206897109746933
8540,0.38283154368400574,0.22795888781547546,0.11225144565105438,0.12274797260761261,0.06558997184038162,0.08340641111135483,0.05357467010617256,-0.0035178354009985924,0.0473029799759388,0.05261077731847763
8560,0.3828313946723938,0.22815580666065216,0.11246397346258163,0.12286905199289322,0.06568270921707153,0.08351002633571625,0.05367467924952507,-0.003519310150295496,0.04745309054851532,0.053471606224775314
8580,0.3829677402973175,0.22840635478496552,0.11265327781438828,0.122963547706604,0.06578974425792694,0.08358053863048553,0.053725626319646835,-0.0035272061359137297,0.04843016713857651,0.05294007062911987
8600,0.38308700919151306,0.22856785356998444,0.1128036230802536,0.12308107316493988,0.06586187332868576,0.08366440236568451,0.05377138778567314,-0.0035316282883286476,0.04826900735497475,0.052665889263153076
8620,0.38290929794311523,0.22881127893924713,0.11309826374053955,0.12319068610668182,0.06593406200408936,0.08377968519926071,0.05384017899632454,-0.0035335139837116003,0.046603791415691376,0.05152146890759468
8640,0.3831557333469391,0.228947252035141,0.11320008337497711,0.12326383590698242,0.06595007330179214,0.08386068046092987,0.05388565734028816,-0.0035283199977129698,0.04830470681190491,0.05593638867139816
8660,0.38320568203926086,0.22915123403072357,0.11341862380504608,0.12338941544294357,0.06601862609386444,0.0839487612247467,0.053988032042980194,-0.0035270575899630785,0.04732845351099968,0.05267992988228798
8680,0.3832434117794037,0.22930742800235748,0.11351076513528824,0.12348952889442444,0.06610677391290665,0.08404318988323212,0.054062385112047195,-0.0035300422459840775,0.04749976471066475,0.05235046520829201
8700,0.3833710849285126,0.22941437363624573,0.11368606239557266,0.12360312044620514,0.06619373708963394,0.08414126187562943,0.05415840819478035,-0.0035319144371896982,0.04660608619451523,0.05254606902599335
8720,0.3833237290382385,0.22956332564353943,0.11381641030311584,0.12373479455709457,0.06626410037279129,0.08424145728349686,0.054212793707847595,-0.0035297030117362738,0.046743571758270264,0.05107075721025467
8740,0.3833564221858978,0.22970172762870789,0.11400333046913147,0.12380547821521759,0.06629227846860886,0.08431638032197952,0.05430137366056442,-0.0035266210325062275,0.046847227960824966,0.05299447476863861
8760,0.3831689953804016,0.22984236478805542,0.11414507776498795,0.12394826114177704,0.06636948138475418,0.08437895029783249,0.05438724160194397,-0.003527033142745495,0.04718385264277458,0.05194522440433502
8780,0.383152574300766,0.22996486723423004,0.11431163549423218,0.12402326613664627,0.06643091887235641,0.0844624862074852,0.054493144154548645,-0.0035270103253424168,0.04620363935828209,0.051349423825740814
8800,0.38316139578819275,0.2301027476787567,0.11439616233110428,0.12411206215620041,0.06653262674808502,0.08453419059515,0.05455484241247177,-0.0035249623470008373,0.04929831996560097,0.05245466157793999
8820,0.3833169639110565,0.23029397428035736,0.11458227783441544,0.12419653683900833,0.0666162446141243,0.08461766690015793,0.05460585281252861,-0.003526967018842697,0.04832097887992859,0.05187372863292694
8840,0.38319528102874756,0.23046532273292542,0.11483001708984375,0.12428465485572815,0.06670895218849182,0.08472087979316711,0.05465357005596161,-0.0035295209381729364,0.04656742140650749,0.052537739276885986
8860,0.38331741094589233,0.23065462708473206,0.11499147862195969,0.12430387735366821,0.06676546484231949,0.0847831666469574,0.0547553114593029,-0.003535832278430462,0.0485043004155159,0.052366964519023895
8880,0.38337475061416626,0.230782613158226,0.11513108015060425,0.12442319840192795,0.06686088442802429,0.08482834696769714,0.0548388846218586,-0.0035367535892874002,0.046820495277643204,0.05386429652571678
8900,0.3834731876850128,0.2309861034154892,0.11529834568500519,0.12449917197227478,0.06692744046449661,0.08491643518209457,0.05487412214279175,-0.003539585042744875,0.047343045473098755,0.05185376852750778
8920,0.3836408853530884,0.231166809797287,0.11540776491165161,0.12459582835435867,0.06700494140386581,0.08500351756811142,0.05493176355957985,-0.003537854878231883,0.049998942762613297,0.05187340825796127
8940,0.383543998003006,0.23129938542842865,0.11556855589151382,0.12467166036367416,0.06706976145505905,0.08509525656700134,0.05502588674426079,-0.0035383228678256273,0.0467013418674469,0.050964757800102234
8960,0.3836080729961395,0.23143228888511658,0.11573460698127747,0.1247965469956398,0.06714599579572678,0.08515120297670364,0.05506770312786102,-0.0035354543942958117,0.0473114550113678,0.05247671902179718
8980,0.3835762143135071,0.23157037794589996,0.11586053669452667,0.12490474432706833,0.06718612462282181,0.08526015281677246,0.05514858663082123,-0.003540369216352701,0.047527339309453964,0.05195310339331627
9000,0.38357385993003845,0.23171047866344452,0.11602608859539032,0.12499629706144333,0.06726629287004471,0.08534286171197891,0.0551958903670311,-0.003549420740455389,0.04685565456748009,0.0523691289126873
9020,0.3837474584579468,0.23186466097831726,0.11616551876068115,0.1250368356704712,0.06732169538736343,0.08538103103637695,0.05526148900389671,-0.00355851324275136,0.046376220881938934,0.05290506035089493
9040,0.38372036814689636,0.23197846114635468,0.11635183542966843,0.12516213953495026,0.06740223616361618,0.08548584580421448,0.05534671992063522,-0.0035599078983068466,0.046652767807245255,0.051958631724119186
9060,0.3836519420146942,0.2322045862674713,0.11650180071592331,0.12524977326393127,0.06749024242162704,0.0855482742190361,0.05542528256773949,-0.0035608254838734865,0.04672127589583397,0.05224636569619179
9080,0.3838232755661011,0.23232394456863403,0.11668048053979874,0.12537381052970886,0.06756508350372314,0.08561306446790695,0.055510327219963074,-0.0035664935130625963,0.04955390468239784,0.05302221700549126
9100,0.38390836119651794,0.23243986070156097,0.11677414178848267,0.12538392841815948,0.06762657314538956,0.08570781350135803,0.05559254437685013,-0.0035701761953532696,0.04841020330786705,0.05250547453761101
9120,0.38399019837379456,0.23257490992546082,0.11693298816680908,0.1254647672176361,0.06768843531608582,0.08579825609922409,0.05565636232495308,-0.0035779292229562998,0.047004926949739456,0.05213083326816559
9140,0.38397493958473206,0.23280420899391174,0.11710677295923233,0.12550631165504456,0.06778153032064438,0.0858706682920456,0.05573340877890587,-0.0035818926990032196,0.04498574510216713,0.051873885095119476
9160,0.3838667571544647,0.23297682404518127,0.11723797023296356,0.12566106021404266,0.06784544140100479,0.08593714237213135,0.05582967400550842,-0.0035774644929915667,0.04699919372797012,0.05138162896037102
9180,0.3840337097644806,0.2331327348947525,0.11738135665655136,0.1257103830575943,0.06791902333498001,0.08596377074718475,0.05589587241411209,-0.003580020507797599,0.04621944576501846,0.051445066928863525
9200,0.3836624026298523,0.2332562655210495,0.11755950003862381,0.125898540019989,0.06800907850265503,0.08607365936040878,0.05596432462334633,-0.0035792668350040913,0.04435005784034729,0.05050127953290939
9220,0.38370850682258606,0.23338252305984497,0.11767628788948059,0.12596096098423004,0.06806078553199768,0.0861014723777771,0.05600891262292862,-0.003580843098461628,0.047002486884593964,0.05176116153597832
9240,0.3837857246398926,0.23347023129463196,0.11776261031627655,0.12611012160778046,0.06815004348754883,0.08619678765535355,0.056100595742464066,-0.0035813581198453903,0.047490257769823074,0.051501378417015076
9260,0.3839617371559143,0.23364569246768951,0.11795565485954285,0.12613993883132935,0.0682189092040062,0.08627048134803772,0.0561438649892807,-0.0035970464814454317,0.04603344947099686,0.05144694447517395
9280,0.3839612305164337,0.2338055968284607,0.1181020513176918,0.12624530494213104,0.06830372661352158,0.0863746702671051,0.056246526539325714,-0.003595010144636035,0.046499647200107574,0.05163569003343582
9300,0.38413918018341064,0.23390844464302063,0.11826369911432266,0.1264067143201828,0.06837064772844315,0.0864647701382637,0.056311968713998795,-0.0036016148515045643,0.04703045263886452,0.05122686177492142
9320,0.3843025267124176,0.2340060919523239,0.11833389103412628,0.126491978764534,0.068457692861557,0.0865759626030922,0.0564006082713604,-0.0036062647122889757,0.04721919074654579,0.05045032873749733
9340,0.38437649607658386,0.2341715544462204,0.11847560107707977,0.1266120821237564,0.06852719187736511,0.08662913739681244,0.05647268146276474,-0.0036151481326669455,0.04508554935455322,0.05192570760846138
9360,0.3843594193458557,0.2342948168516159,0.11869768798351288,0.12669484317302704,0.06860585510730743,0.08670781552791595,0.05655344948172569,-0.0036186520010232925,0.047205448150634766,0.051905058324337006
9380,0.38443657755851746,0.23442575335502625,0.11881916970014572,0.12674686312675476,0.06869387626647949,0.08680518716573715,0.05662762001156807,-0.0036234785802662373,0.045218367129564285,0.05116524547338486
9400,0.3844032883644104,0.23469218611717224,0.11895287036895752,0.1268721967935562,0.0687611997127533,0.08691363036632538,0.056679390370845795,-0.003627876751124859,0.04616178572177887,0.05143561586737633
9420,0.38442209362983704,0.2348063737154007,0.11912499368190765,0.12695710361003876,0.06884150207042694,0.08692456036806107,0.05673520639538765,-0.0036282497458159924,0.04660175368189812,0.05192559212446213
9440,0.38439035415649414,0.23494359850883484,0.11922229826450348,0.12705720961093903,0.06891200691461563,0.08700753003358841,0.05681120231747627,-0.0036281240172684193,0.04508563131093979,0.0525362528860569
9460,0.3846152722835541,0.23509779572486877,0.11934961378574371,0.12713345885276794,0.06896963715553284,0.08706720918416977,0.05690917745232582,-0.0036313573364168406,0.04658982902765274,0.05095415562391281
9480,0.3846522271633148,0.23523449897766113,0.11958291381597519,0.12722736597061157,0.06903384625911713,0.08711978793144226,0.0569768026471138,-0.0036358332727104425,0.04771270602941513,0.05300351232290268
9500,0.3846917450428009,0.23533615469932556,0.11970429122447968,0.1272781640291214,0.06912083923816681,0.0872008204460144,0.05708006024360657,-0.003634259570389986,0.04631707817316055,0.05339478328824043
9520,0.3847602605819702,0.23544903099536896,0.11989045143127441,0.12727652490139008,0.06918376684188843,0.08727678656578064,0.0571318045258522,-0.003635262604802847,0.04483748972415924,0.05176061764359474
9540,0.38469043374061584,0.23555932939052582,0.12002204358577728,0.12742461264133453,0.06924667209386826,0.08734840899705887,0.057188380509614944,-0.003635413944721222,0.04498550668358803,0.050998520106077194
9560,0.38466110825538635,0.23560144007205963,0.12016214430332184,0.12750950455665588,0.06930729746818542,0.08742500096559525,0.057244960218667984,-0.003632272593677044,0.04790131375193596,0.05144333839416504
9580,0.38460874557495117,0.23583146929740906,0.1203957200050354,0.12760944664478302,0.0693911612033844,0.08749251067638397,0.057297851890325546,-0.0036320907529443502,0.04543101042509079,0.0510428324341774
9600,0.38475367426872253,0.23588696122169495,0.12047335505485535,0.1276852935552597,0.06948578357696533,0.08756256103515625,0.05736906826496124,-0.003633642802014947,0.048021670430898666,0.05172214284539223
9620,0.38484901189804077,0.23606117069721222,0.12063093483448029,0.12776118516921997,0.06959178298711777,0.0876426249742508,0.05745084956288338,-0.0036375331692397594,0.04477953538298607,0.051662519574165344
9640,0.38479527831077576,0.2361363172531128,0.12078572064638138,0.1278793215751648,0.06964869052171707,0.08774437755346298,0.05754568427801132,-0.0036394756752997637,0.04525354132056236,0.055917978286743164
9660,0.38505247235298157,0.23631501197814941,0.12093159556388855,0.12792593240737915,0.06972770392894745,0.08780352026224136,0.05758240073919296,-0.0036407257430255413,0.047449659556150436,0.053817689418792725
9680,0.3850533962249756,0.2365390956401825,0.12114610522985458,0.12806227803230286,0.0698281079530716,0.08786625415086746,0.05764170363545418,-0.0036438542883843184,0.047259457409381866,0.051691681146621704
9700,0.38498714566230774,0.23656490445137024,0.12125131487846375,0.12811046838760376,0.06987569481134415,0.08796875178813934,0.05769816040992737,-0.0036416184157133102,0.0470869317650795,0.051342085003852844
9720,0.38504159450531006,0.2367641180753708,0.12139608711004257,0.12822413444519043,0.06995482742786407,0.08804747462272644,0.05775176361203194,-0.003647353732958436,0.04593907669186592,0.050788767635822296
9740,0.38513657450675964,0.236922025680542,0.12151684612035751,0.12829233705997467,0.07002890855073929,0.08810041099786758,0.0577939972281456,-0.003649624064564705,0.04877043515443802,0.05123467743396759
9760,0.38521793484687805,0.23708568513393402,0.12173281610012054,0.12836456298828125,0.07011287659406662,0.08819124102592468,0.05787933990359306,-0.0036461506970226765,0.04535482078790665,0.05053582414984703
9780,0.3852531611919403,0.23719941079616547,0.12188122421503067,0.12843067944049835,0.07017889618873596,0.0882934033870697,0.05795927718281746,-0.00365530326962471,0.04603973776102066,0.05015822872519493
9800,0.38527336716651917,0.23726248741149902,0.1220245361328125,0.1285235732793808,0.07026497274637222,0.08837448060512543,0.05804060027003288,-0.003654767759144306,0.04619181156158447,0.05108371004462242
9820,0.3851533830165863,0.2374395877122879,0.12219943851232529,0.12858280539512634,0.0703321024775505,0.08843988180160522,0.05810963734984398,-0.0036564141046255827,0.04772075265645981,0.05094866454601288
9840,0.3852856755256653,0.23760944604873657,0.12230672687292099,0.12867826223373413,0.07039985805749893,0.08849964290857315,0.05817291513085365,-0.003656732849776745,0.045176491141319275,0.05161569267511368
9860,0.3853839039802551,0.23779094219207764,0.12247481942176819,0.12872135639190674,0.0704905167222023,0.08857011795043945,0.05818237364292145,-0.0036584637127816677,0.04524512588977814,0.05215272679924965
9880,0.3854038715362549,0.23787260055541992,0.12257160246372223,0.12883131206035614,0.07056432217359543,0.08862900733947754,0.05828885734081268,-0.0036623170599341393,0.04413538798689842,0.05077473446726799
9900,0.38532623648643494,0.23798201978206635,0.12269976735115051,0.12893134355545044,0.07061221450567245,0.08870159834623337,0.05833446606993675,-0.003663880517706275,0.04633605480194092,0.050446245819330215
9920,0.3852645456790924,0.23808196187019348,0.12282329797744751,0.12902414798736572,0.07070238888263702,0.0887707993388176,0.058378916233778,-0.003666894743219018,0.045087218284606934,0.05019023269414902
9940,0.38540998101234436,0.23823139071464539,0.12291701883077621,0.12911447882652283,0.07072994858026505,0.08883900195360184,0.05843102186918259,-0.003673312719911337,0.045282769948244095,0.05217835679650307
9960,0.3853705823421478,0.23836347460746765,0.12315116822719574,0.1291784644126892,0.0707874447107315,0.08888757228851318,0.05850784108042717,-0.003671414451673627,0.04594424366950989,0.05039624497294426
9980,0.38539642095565796,0.2385317087173462,0.12323979288339615,0.12918621301651,0.07085328549146652,0.08895367383956909,0.058602944016456604,-0.0036717893090099096,0.04817161709070206,0.05196167528629303
10000,0.3854677677154541,0.23854640126228333,0.12338466197252274,0.12925194203853607,0.07090559601783752,0.08903493732213974,0.05865669250488281,-0.0036776848137378693,0.046445947140455246,0.051652368158102036
10020,0.385379821062088,0.23870867490768433,0.12357467412948608,0.12940120697021484,0.07100604474544525,0.08911050111055374,0.05874064564704895,-0.0036861991975456476,0.04363927245140076,0.052091050893068314
10040,0.3854736089706421,0.23878881335258484,0.12369994819164276,0.12945285439491272,0.0710669681429863,0.0892164409160614,0.05879700928926468,-0.003689719596877694,0.04318036884069443,0.0510188527405262
10060,0.3855229914188385,0.23882892727851868,0.12380395084619522,0.1295337975025177,0.07115601003170013,0.08928316831588745,0.05887387692928314,-0.0036855079233646393,0.04444464296102524,0.050685156136751175
10080,0.3856186866760254,0.2389994114637375,0.12384383380413055,0.12963810563087463,0.07122204452753067,0.08933054655790329,0.05891137570142746,-0.0036809733137488365,0.046904876828193665,0.05111632123589516
10100,0.38551583886146545,0.23916345834732056,0.12402327358722687,0.12967625260353088,0.07130512595176697,0.08940500766038895,0.05894528329372406,-0.0036894360091537237,0.044708844274282455,0.051359739154577255
10120,0.38548895716667175,0.23924599587917328,0.12415138632059097,0.1297549307346344,0.07137812674045563,0.08947902172803879,0.05899357795715332,-0.0036933214869350195,0.04387038201093674,0.05121035501360893
10140,0.3856014609336853,0.2393917441368103,0.12424637377262115,0.129755899310112,0.07143592834472656,0.08954760432243347,0.05908166617155075,-0.00369081343524158,0.04598395898938179,0.05093545466661453
10160,0.3857072591781616,0.23948203027248383,0.12438374012708664,0.12982964515686035,0.07151934504508972,0.08957209438085556,0.059131477028131485,-0.0036938150878995657,0.0438564158976078,0.05025570094585419
10180,0.38556554913520813,0.23963166773319244,0.12456277012825012,0.13001748919487,0.07160571217536926,0.08965490758419037,0.059217143803834915,-0.003693576669320464,0.04578772559762001,0.05198942869901657
10200,0.38561853766441345,0.23971529304981232,0.12464165687561035,0.1301020383834839,0.071677066385746,0.08969999104738235,0.05925950035452843,-0.0036948362831026316,0.04551594331860542,0.05100340023636818
10220,0.38582080602645874,0.23986098170280457,0.12486077845096588,0.13019877672195435,0.07173469662666321,0.08976548910140991,0.05931955203413963,-0.003696054220199585,0.04506353288888931,0.05126325786113739
10240,0.3858790993690491,0.2399810254573822,0.12499552965164185,0.13027158379554749,0.07179433852434158,0.08980981260538101,0.059388648718595505,-0.00369470426812768,0.04450318589806557,0.050293173640966415
10260,0.3858806788921356,0.24014519155025482,0.12515683472156525,0.13033601641654968,0.07186994701623917,0.08988390117883682,0.05944615975022316,-0.0036961606238037348,0.04412441328167915,0.05072531849145889
10280,0.38576769828796387,0.24026751518249512,0.12532854080200195,0.13040171563625336,0.0719451904296875,0.08996324241161346,0.059502750635147095,-0.0037031027022749186,0.04433205723762512,0.0501837432384491
10300,0.3857020437717438,0.24031437933444977,0.12542647123336792,0.1304735541343689,0.072004035115242,0.09003153443336487,0.05955692380666733,-0.0037141707725822926,0.0449962243437767,0.050810158252716064
10320,0.3859172463417053,0.24046838283538818,0.1255728304386139,0.1305370181798935,0.07208314538002014,0.09006348252296448,0.05957303196191788,-0.0037151197902858257,0.04614326357841492,0.05224892497062683
10340,0.385926216840744,0.24056167900562286,0.12569008767604828,0.13066916167736053,0.07219099253416061,0.09012463688850403,0.05965571105480194,-0.0037082957569509745,0.0435246042907238,0.052221015095710754
10360,0.38598594069480896,0.24061881005764008,0.1257312148809433,0.13066366314888,0.07228992879390717,0.09019296616315842,0.05974870175123215,-0.003710644319653511,0.04634544998407364,0.05075860023498535
10380,0.3860584795475006,0.2407311052083969,0.12582439184188843,0.13077904284000397,0.0723404511809349,0.09027489274740219,0.05978473275899887,-0.003717251820489764,0.04519610106945038,0.05136296898126602
10400,0.3859231173992157,0.24089379608631134,0.12593507766723633,0.13093262910842896,0.07242212444543839,0.09035395085811615,0.05982128530740738,-0.003717044834047556,0.044209063053131104,0.05069060996174812
10420,0.3858673870563507,0.2409462332725525,0.12607578933238983,0.13102029263973236,0.072475366294384,0.0904504805803299,0.059890784323215485,-0.0037149928975850344,0.04484020546078682,0.04999822378158569
10440,0.385844886302948,0.2410619705915451,0.12623055279254913,0.1310845911502838,0.0725250169634819,0.0905100405216217,0.05996082350611687,-0.0037216106429696083,0.04369980841875076,0.05034340173006058
10460,0.3859245181083679,0.24112440645694733,0.12633420526981354,0.13115854561328888,0.07260524481534958,0.09054671227931976,0.05998450145125389,-0.0037266546860337257,0.04604339972138405,0.05029928311705589
10480,0.3858542740345001,0.24126309156417847,0.12645284831523895,0.13123424351215363,0.07267364114522934,0.09061787277460098,0.06006591022014618,-0.0037280351389199495,0.04521121457219124,0.05063233524560928
10500,0.38575994968414307,0.2414003312587738,0.12659063935279846,0.13127711415290833,0.07274128496646881,0.09069709479808807,0.06009916961193085,-0.003722846508026123,0.044512417167425156,0.04999174922704697
10520,0.38583245873451233,0.24139855802059174,0.12667152285575867,0.13136012852191925,0.07279568165540695,0.09076317399740219,0.06014202907681465,-0.0037338167894631624,0.043662987649440765,0.05015150457620621
10540,0.38570696115493774,0.24149158596992493,0.12682636082172394,0.13145063817501068,0.07284950464963913,0.09080350399017334,0.06020704656839371,-0.0037383672315627337,0.043254878371953964,0.05041666701436043
10560,0.38577497005462646,0.2416001856327057,0.12696391344070435,0.13154998421669006,0.07291702926158905,0.09086059033870697,0.06023778021335602,-0.0037454580888152122,0.042949434369802475,0.05440302938222885
10580,0.3857234716415405,0.24168016016483307,0.1270374357700348,0.1316070854663849,0.07298588007688522,0.09092533588409424,0.06029866263270378,-0.003748589428141713,0.042699892073869705,0.050622910261154175
10600,0.3857143223285675,0.24181045591831207,0.1272377073764801,0.13169686496257782,0.07305044680833817,0.0909532979130745,0.06035482883453369,-0.0037529771216213703,0.04400407522916794,0.04995162412524223
10620,0.3858017027378082,0.2418503314256668,0.12728331983089447,0.1317131221294403,0.07310506701469421,0.09102144837379456,0.0603838786482811,-0.0037623546086251736,0.04484829306602478,0.05078691989183426
10640,0.38576409220695496,0.24199531972408295,0.1275043487548828,0.13179463148117065,0.07316689938306808,0.0910818874835968,0.06040448322892189,-0.003760235384106636,0.04506474360823631,0.05069196969270706
10660,0.38576146960258484,0.24210521578788757,0.12766389548778534,0.1318867951631546,0.07323300093412399,0.09119052439928055,0.06045537441968918,-0.0037568870466202497,0.04431000351905823,0.05125775188207626
10680,0.38584423065185547,0.24224114418029785,0.12778340280056,0.13191066682338715,0.07329671829938889,0.0912284404039383,0.06049813702702522,-0.0037607846315950155,0.045114997774362564,0.05150729790329933
10700,0.3859140872955322,0.24233569204807281,0.1279255449771881,0.1319389045238495,0.07337068766355515,0.09127693623304367,0.060527291148900986,-0.003758861916139722,0.04611598327755928,0.05017293989658356
10720,0.38595452904701233,0.24246646463871002,0.1280132681131363,0.13201110064983368,0.07343962043523788,0.09137503057718277,0.06059451028704643,-0.0037555021699517965,0.04511614516377449,0.050027187913656235
10740,0.3858368694782257,0.24251814186573029,0.12816007435321808,0.13212265074253082,0.07351444661617279,0.09144053608179092,0.060657795518636703,-0.003750261152163148,0.042207781225442886,0.05108480155467987
10760,0.38585901260375977,0.24268493056297302,0.12823490798473358,0.13220836222171783,0.07360389828681946,0.09149198234081268,0.06073283776640892,-0.0037495859432965517,0.04349381476640701,0.05049308016896248
10780,0.3858622610569,0.24280591309070587,0.12837713956832886,0.1322622001171112,0.07364027947187424,0.0915321558713913,0.060771260410547256,-0.0037454806733876467,0.04461110383272171,0.04990838095545769
10800,0.38600724935531616,0.24285463988780975,0.12849880754947662,0.1323174685239792,0.07370901852846146,0.09158430993556976,0.06081756204366684,-0.0037448015064001083,0.043992865830659866,0.051976628601551056
10820,0.3861369788646698,0.24292586743831635,0.12860052287578583,0.13233989477157593,0.07375231385231018,0.09161800891160965,0.060848891735076904,-0.0037384890019893646,0.04573536664247513,0.04989183694124222
10840,0.3859502971172333,0.24302269518375397,0.12873421609401703,0.13245415687561035,0.07385052740573883,0.09172872453927994,0.06091618910431862,-0.0037428487557917833,0.04263720288872719,0.04935641214251518
10860,0.3860354721546173,0.24305318295955658,0.12880359590053558,0.13251011073589325,0.07389263063669205,0.09176009148359299,0.060951534658670425,-0.0037493957206606865,0.04407104104757309,0.04933152720332146
10880,0.3859187960624695,0.24314641952514648,0.1288997381925583,0.1326291561126709,0.07398422062397003,0.09181146323680878,0.06099579110741615,-0.0037551340647041798,0.04417743161320686,0.04965810477733612
10900,0.3859812617301941,0.24330563843250275,0.12903475761413574,0.1326502412557602,0.07407332211732864,0.0918501764535904,0.06103319674730301,-0.0037568677216768265,0.044701073318719864,0.05063515901565552
10920,0.3860841989517212,0.243430957198143,0.12915591895580292,0.13266021013259888,0.07413051277399063,0.09189305454492569,0.061092980206012726,-0.0037566213868558407,0.04480555281043053,0.050953879952430725
10940,0.3860166668891907,0.24341364204883575,0.12918514013290405,0.13276684284210205,0.07419314235448837,0.09198686480522156,0.06115633621811867,-0.0037593550514429808,0.045321375131607056,0.04908934608101845
10960,0.386083722114563,0.24354992806911469,0.12926450371742249,0.13281404972076416,0.0742698460817337,0.09204268455505371,0.06119413301348686,-0.0037614242173731327,0.04482712969183922,0.051223259419202805
10980,0.38618117570877075,0.24356374144554138,0.12936082482337952,0.13292601704597473,0.07435394823551178,0.09211893379688263,0.06125311926007271,-0.0037615555338561535,0.044683344662189484,0.051181335002183914
11000,0.38619253039360046,0.24371683597564697,0.12947240471839905,0.13304130733013153,0.07442006468772888,0.09215902537107468,0.061290401965379715,-0.0037681092508137226,0.04430355876684189,0.049479804933071136
11020,0.3861098289489746,0.2438908815383911,0.12965205311775208,0.13313335180282593,0.07450664788484573,0.0922030657529831,0.06134617328643799,-0.003764720167964697,0.04345247894525528,0.051777444779872894
11040,0.3860834836959839,0.24390630424022675,0.12974049150943756,0.13319644331932068,0.07458902150392532,0.09226740151643753,0.06139829009771347,-0.003767770016565919,0.043246567249298096,0.049158725887537
11060,0.38595959544181824,0.24404816329479218,0.1298656165599823,0.13327081501483917,0.07464112341403961,0.09231480211019516,0.061446383595466614,-0.003772807540372014,0.04612293466925621,0.049941446632146835
11080,0.3860112726688385,0.24409595131874084,0.12999066710472107,0.13328486680984497,0.07470283657312393,0.09237842261791229,0.06147581338882446,-0.003769767004996538,0.045372575521469116,0.049713969230651855
11100,0.3860650956630707,0.2442387342453003,0.13015618920326233,0.13340376317501068,0.0747690498828888,0.09245282411575317,0.0615365095436573,-0.0037661322858184576,0.04717952013015747,0.05117519944906235
11120,0.3860446512699127,0.2443164438009262,0.1303044855594635,0.13348226249217987,0.07483229041099548,0.09252498298883438,0.06161031499505043,-0.003769243136048317,0.04490070044994354,0.05052780359983444
11140,0.38596341013908386,0.2443716824054718,0.13040708005428314,0.13355310261249542,0.07488440722227097,0.09256434440612793,0.06166879087686539,-0.003770857583731413,0.04239197075366974,0.0501382052898407
11160,0.3859824538230896,0.2444591373205185,0.13050377368927002,0.1336367428302765,0.07495387643575668,0.09264229983091354,0.0617326945066452,-0.003776197787374258,0.04315930977463722,0.05171138048171997
11180,0.38603562116622925,0.2446054071187973,0.13061420619487762,0.13368631899356842,0.07503897696733475,0.09269697219133377,0.061786800622940063,-0.0037771472707390785,0.042148079723119736,0.05138999968767166
11200,0.3859754800796509,0.24468885362148285,0.13078394532203674,0.13372494280338287,0.07507076859474182,0.09272144734859467,0.06184159964323044,-0.0037817435804754496,0.04377379268407822,0.05171459540724754
11220,0.3860703408718109,0.24484194815158844,0.13089340925216675,0.133835107088089,0.07515501230955124,0.09279993921518326,0.06189601495862007,-0.0037919487804174423,0.043252795934677124,0.05047215521335602
11240,0.3860575258731842,0.24486896395683289,0.1309555470943451,0.1338784545660019,0.07522256672382355,0.0928594097495079,0.06193923205137253,-0.003794938325881958,0.043673768639564514,0.05011430382728577
11260,0.38625645637512207,0.2449387162923813,0.13109779357910156,0.13392843306064606,0.07528084516525269,0.09288113564252853,0.0619756318628788,-0.003793656127527356,0.044879548251628876,0.04954719543457031
11280,0.3861149251461029,0.24505090713500977,0.1312454789876938,0.13399763405323029,0.07534975558519363,0.09293894469738007,0.06204474717378616,-0.0037982361391186714,0.041646141558885574,0.05013130232691765
11300,0.38615554571151733,0.24510666728019714,0.13134920597076416,0.1340886801481247,0.07541734725236893,0.09301604330539703,0.06207228824496269,-0.003804238745942712,0.04524175077676773,0.04984787106513977
11320,0.3863341212272644,0.2452785074710846,0.13146397471427917,0.13412722945213318,0.07549335062503815,0.09303860366344452,0.0620991587638855,-0.003813842311501503,0.04303287714719772,0.05089586228132248
11340,0.38642552495002747,0.24534204602241516,0.13156884908676147,0.13418850302696228,0.0755641758441925,0.0931389257311821,0.062139663845300674,-0.0038153110072016716,0.04460830241441727,0.05037003010511398
11360,0.38623809814453125,0.2453688234090805,0.13172109425067902,0.13433468341827393,0.07563631981611252,0.09320691227912903,0.06220833957195282,-0.003816064679995179,0.04316484183073044,0.04960525035858154
11380,0.38624608516693115,0.24542470276355743,0.13187022507190704,0.13442277908325195,0.07572177052497864,0.09324614703655243,0.06226658448576927,-0.0038201261777430773,0.04358011484146118,0.04924380034208298
11400,0.38624095916748047,0.24544969201087952,0.1319180727005005,0.13447333872318268,0.07576236128807068,0.09327143430709839,0.06228504329919815,-0.0038217308465391397,0.045090340077877045,0.04974154755473137
11420,0.3862256109714508,0.24558238685131073,0.1320362538099289,0.13455964624881744,0.07579933106899261,0.09335601329803467,0.062322065234184265,-0.00382638000883162,0.04403224214911461,0.049287550151348114
11440,0.3862569034099579,0.24567799270153046,0.1321839839220047,0.13462357223033905,0.07589247822761536,0.0933729037642479,0.0623493418097496,-0.0038266966585069895,0.04518056660890579,0.04943110793828964
11460,0.3862791657447815,0.24567118287086487,0.1322808414697647,0.13465343415737152,0.07597175985574722,0.09342815726995468,0.062428511679172516,-0.0038294941186904907,0.04264899715781212,0.05032148212194443
11480,0.38633209466934204,0.24581795930862427,0.13234737515449524,0.1346835345029831,0.0760389044880867,0.09348360449075699,0.06244632601737976,-0.003834203816950321,0.04487986117601395,0.048651959747076035
11500,0.3862544894218445,0.24593600630760193,0.13250461220741272,0.13477854430675507,0.07606542110443115,0.09350373595952988,0.0625116154551506,-0.0038325099740177393,0.04313018172979355,0.04903286695480347
11520,0.3861922323703766,0.24595218896865845,0.13260288536548615,0.13479626178741455,0.07614431530237198,0.09356295317411423,0.06255621463060379,-0.003821144113317132,0.04259811341762543,0.05064884573221207
11540,0.38617852330207825,0.24605344235897064,0.13272753357887268,0.1348973512649536,0.07625719904899597,0.09361708909273148,0.06258151680231094,-0.0038273280952125788,0.04508311673998833,0.04976414144039154
11560,0.3862447738647461,0.24606594443321228,0.13282647728919983,0.1349508911371231,0.07630586624145508,0.09364262223243713,0.06266206502914429,-0.0038295877166092396,0.04463969171047211,0.04974965378642082
11580,0.3863277733325958,0.2461676299571991,0.13285501301288605,0.13502773642539978,0.07640502601861954,0.09370166808366776,0.06269322335720062,-0.003827327862381935,0.04289086535573006,0.049881868064403534
11600,0.386211097240448,0.24630185961723328,0.13299572467803955,0.13512122631072998,0.07647490501403809,0.09377269446849823,0.06274856626987457,-0.003827800741419196,0.04233802482485771,0.049246035516262054
11620,0.386303186416626,0.24640624225139618,0.13307467103004456,0.13514477014541626,0.07651346921920776,0.09379290044307709,0.06277736276388168,-0.003834279254078865,0.04294801503419876,0.04911288619041443
11640,0.38618770241737366,0.24638043344020844,0.1331958919763565,0.13522814214229584,0.07656291127204895,0.09384912997484207,0.06286259740591049,-0.003842864651232958,0.041887834668159485,0.048870839178562164
11660,0.3860688805580139,0.24653677642345428,0.13327322900295258,0.13528670370578766,0.07663309574127197,0.09386099874973297,0.06288354843854904,-0.003842948004603386,0.04546770825982094,0.04900999367237091
11680,0.3860713839530945,0.2465691715478897,0.13338427245616913,0.13533490896224976,0.07670749723911285,0.0938926637172699,0.06292109936475754,-0.003845199244096875,0.04283926635980606,0.049733202904462814
11700,0.3861136734485626,0.24672605097293854,0.13346002995967865,0.1353706270456314,0.07677426934242249,0.09393090754747391,0.06295982003211975,-0.003843589685857296,0.04241611063480377,0.0485997274518013
11720,0.38609543442726135,0.2467595487833023,0.13358040153980255,0.135482057929039,0.0768279954791069,0.09399130195379257,0.06299535185098648,-0.0038502339739352465,0.04335685819387436,0.04879973083734512
11740,0.3860888183116913,0.24687717854976654,0.13374614715576172,0.13557755947113037,0.07687164843082428,0.09403098374605179,0.06304486840963364,-0.003857208648696542,0.042709942907094955,0.050408985465765
11760,0.38600954413414,0.2469816356897354,0.13383738696575165,0.13560056686401367,0.07693018764257431,0.09408797323703766,0.06306826323270798,-0.0038619835395365953,0.04316717013716698,0.050966743379831314
11780,0.3862035870552063,0.24702881276607513,0.133913055062294,0.1356990933418274,0.07699449360370636,0.09414849430322647,0.06311243027448654,-0.0038723303005099297,0.04224546253681183,0.04973496124148369
11800,0.38615429401397705,0.24717603623867035,0.13406921923160553,0.13572074472904205,0.07706142216920853,0.09417016804218292,0.06317289918661118,-0.003874456277117133,0.04323004558682442,0.04937580227851868
11820,0.3860391676425934,0.24733993411064148,0.13416698575019836,0.1358211785554886,0.07713090628385544,0.09424833953380585,0.06319499760866165,-0.0038817599415779114,0.042998675256967545,0.04882458969950676
11840,0.3861255347728729,0.2473938763141632,0.13424549996852875,0.1359129399061203,0.07719387859106064,0.09429538249969482,0.06324142962694168,-0.003880439093336463,0.04234861209988594,0.050447314977645874
11860,0.3863060176372528,0.24750077724456787,0.13440093398094177,0.13594864308834076,0.0772860050201416,0.09436387568712234,0.06328292936086655,-0.0038847248069941998,0.046184588223695755,0.051119834184646606
11880,0.3862704634666443,0.24745461344718933,0.1344955563545227,0.13607114553451538,0.07736872136592865,0.09444671124219894,0.06336158514022827,-0.0038864368107169867,0.04540492594242096,0.04998974874615669
11900,0.3862658143043518,0.24758043885231018,0.13461972773075104,0.13610969483852386,0.07740186899900436,0.09450829029083252,0.06337958574295044,-0.0038850479759275913,0.04218313843011856,0.04901725426316261
11920,0.38627707958221436,0.24762332439422607,0.13476428389549255,0.13615795969963074,0.07748331129550934,0.09454593062400818,0.06344745308160782,-0.003884500591084361,0.04092593491077423,0.04926862567663193
11940,0.3862728476524353,0.24765649437904358,0.13483229279518127,0.136211097240448,0.07753991335630417,0.09465663880109787,0.06348969042301178,-0.003886108286678791,0.04378727823495865,0.051755838096141815
11960,0.38633161783218384,0.24771837890148163,0.1349395364522934,0.13629120588302612,0.07763250917196274,0.09470153599977493,0.06351069360971451,-0.003889427287504077,0.04437628760933876,0.049288805574178696
11980,0.38634032011032104,0.247844398021698,0.13510902225971222,0.13626904785633087,0.07768840342760086,0.0947621688246727,0.06358114629983902,-0.0038924901746213436,0.04307037591934204,0.0488303117454052
12000,0.3862597942352295,0.24795524775981903,0.1352449208498001,0.13635201752185822,0.07775042951107025,0.09485090523958206,0.06360462307929993,-0.0038922475650906563,0.043051160871982574,0.05032218247652054
12020,0.3862142264842987,0.24797822535037994,0.13532035052776337,0.13646230101585388,0.07781786471605301,0.09487739950418472,0.06364817172288895,-0.0038861141074448824,0.044379036873579025,0.048970118165016174
12040,0.3865029215812683,0.2479913830757141,0.13544924557209015,0.1364585906267166,0.07789190858602524,0.09488967806100845,0.06367548555135727,-0.0038795426953583956,0.04208388552069664,0.04958803206682205
12060,0.38648855686187744,0.24801385402679443,0.13552580773830414,0.136531263589859,0.07794053852558136,0.09497249871492386,0.06370995938777924,-0.003882246557623148,0.042388513684272766,0.048998504877090454
12080,0.3864523768424988,0.24823130667209625,0.1357191503047943,0.1366163045167923,0.07803592085838318,0.09501767158508301,0.06370828300714493,-0.0038877748884260654,0.04244154691696167,0.04977094754576683
12100,0.386553019285202,0.24830126762390137,0.13582704961299896,0.13668698072433472,0.07808537781238556,0.09503237903118134,0.06375882774591446,-0.003886544844135642,0.04196828231215477,0.049657851457595825
12120,0.38650834560394287,0.24846422672271729,0.13597016036510468,0.13675257563591003,0.07817258685827255,0.095113106071949,0.06383465230464935,-0.003886160207912326,0.044618554413318634,0.0499798059463501
12140,0.3864579498767853,0.24847325682640076,0.13607122004032135,0.13684895634651184,0.07821574062108994,0.09515616297721863,0.06387357413768768,-0.0038932927418500185,0.042825620621442795,0.04830528050661087
12160,0.3863944709300995,0.24860510230064392,0.13619500398635864,0.1368809938430786,0.07828181982040405,0.09521296620368958,0.06396647542715073,-0.0038905844558030367,0.043118249624967575,0.04851442575454712
12180,0.3865745961666107,0.2486449033021927,0.13625769317150116,0.13689692318439484,0.07834628969430923,0.09524651616811752,0.06397289782762527,-0.0038937695790082216,0.0442199744284153,0.04963301122188568
12200,0.3865582048892975,0.24869771301746368,0.13639280200004578,0.13696755468845367,0.07839455455541611,0.09529753774404526,0.06401421129703522,-0.0038985772989690304,0.04352491348981857,0.049417443573474884
12220,0.3864545226097107,0.24886009097099304,0.1365288347005844,0.13697856664657593,0.07844480127096176,0.09529657661914825,0.06409108638763428,-0.0039030357729643583,0.0435255728662014,0.04997521638870239
12240,0.38650810718536377,0.24886953830718994,0.13659512996673584,0.13702630996704102,0.07850402593612671,0.09536559879779816,0.06417109817266464,-0.0039020865224301815,0.04117715358734131,0.04910247400403023
12260,0.3864613175392151,0.24890758097171783,0.13668733835220337,0.1371324211359024,0.07855520397424698,0.0954265147447586,0.06417929381132126,-0.00390630355104804,0.04106258600950241,0.04922803118824959
12280,0.38644570112228394,0.24903957545757294,0.13679581880569458,0.13721083104610443,0.07859082520008087,0.0954400822520256,0.06424354761838913,-0.0039049615152180195,0.04308132454752922,0.048728328198194504
12300,0.38635778427124023,0.24917834997177124,0.13689833879470825,0.13730357587337494,0.0786701887845993,0.09548509120941162,0.06426015496253967,-0.003909316845238209,0.04268226772546768,0.049648791551589966
12320,0.38640549778938293,0.24918195605278015,0.13695821166038513,0.13735006749629974,0.07873314619064331,0.09552382677793503,0.06429646164178848,-0.003912614192813635,0.040048930794000626,0.04896640032529831
12340,0.3863481283187866,0.24927112460136414,0.1371077299118042,0.13740059733390808,0.0787997916340828,0.09555752575397491,0.06432563066482544,-0.003914378117769957,0.04308938980102539,0.04916972666978836
12360,0.38651323318481445,0.2493322491645813,0.1371733546257019,0.13748669624328613,0.07886281609535217,0.09557142853736877,0.06436488777399063,-0.0039162118919193745,0.042343370616436005,0.05105605348944664
12380,0.38646140694618225,0.24944725632667542,0.1373026967048645,0.13752953708171844,0.07895642518997192,0.09561430662870407,0.06437689065933228,-0.003916698973625898,0.04211846739053726,0.04836822301149368
12400,0.3864994943141937,0.24940969049930573,0.13733115792274475,0.13760456442832947,0.07903018593788147,0.0956825241446495,0.06443369388580322,-0.003917894326150417,0.041834570467472076,0.048548176884651184
12420,0.38650187849998474,0.24950116872787476,0.13746027648448944,0.13764633238315582,0.07911504805088043,0.09576360136270523,0.06449063122272491,-0.003918149042874575,0.04134167358279228,0.04890831187367439
12440,0.38639891147613525,0.24955332279205322,0.13761766254901886,0.13768738508224487,0.07914803177118301,0.095781609416008,0.06451568752527237,-0.003915208391845226,0.04082660749554634,0.048322610557079315
12460,0.38629698753356934,0.2495880424976349,0.13769888877868652,0.1377711296081543,0.0792018324136734,0.09582462161779404,0.0645672082901001,-0.00391489127650857,0.043951380997896194,0.04887225478887558
12480,0.38638246059417725,0.24972495436668396,0.13784635066986084,0.1377953439950943,0.07927083224058151,0.0958663672208786,0.06459865719079971,-0.003915068227797747,0.04214854538440704,0.048971027135849
12500,0.3863280415534973,0.2497432976961136,0.13789969682693481,0.13779999315738678,0.07934354245662689,0.09589526057243347,0.0646292194724083,-0.003916524350643158,0.04166513681411743,0.04916262626647949
12520,0.38627371191978455,0.24985221028327942,0.13805054128170013,0.13792674243450165,0.07943763583898544,0.09595157951116562,0.06465785205364227,-0.003914379980415106,0.043269768357276917,0.05023333802819252
12540,0.38623344898223877,0.249848410487175,0.1381201446056366,0.137955442070961,0.07950152456760406,0.09602367132902145,0.06469012796878815,-0.003914000000804663,0.04077047482132912,0.049472399055957794
12560,0.3863648772239685,0.24986957013607025,0.1381407082080841,0.13796889781951904,0.0795394629240036,0.09604291617870331,0.06472144275903702,-0.003916522022336721,0.04199732840061188,0.0493694432079792
12580,0.3862943649291992,0.24993394315242767,0.13826638460159302,0.13804088532924652,0.07961209118366241,0.09610062837600708,0.06474946439266205,-0.003920366056263447,0.04196123406291008,0.0491558313369751
12600,0.3864332139492035,0.24996474385261536,0.13833977282047272,0.13811007142066956,0.07965654879808426,0.09615425765514374,0.0647861585021019,-0.003922678995877504,0.04139337316155434,0.050910450518131256
12620,0.3864355683326721,0.250063419342041,0.13845889270305634,0.13821810483932495,0.0797235369682312,0.09619712829589844,0.06480452418327332,-0.00391614343971014,0.04434458538889885,0.04974059388041496
12640,0.3864659070968628,0.2501736879348755,0.13862623274326324,0.13831253349781036,0.079820416867733,0.0962350144982338,0.06487954407930374,-0.003922217059880495,0.04185900092124939,0.04878323897719383
12660,0.3863829970359802,0.2502056360244751,0.1386929601430893,0.13831980526447296,0.07987143844366074,0.0962749645113945,0.06492602825164795,-0.0039258175529539585,0.04264499619603157,0.04898715764284134
12680,0.38642945885658264,0.2501884996891022,0.13871653378009796,0.13840334117412567,0.07993431389331818,0.09635866433382034,0.06494862586259842,-0.003928388934582472,0.041849344968795776,0.049047715961933136
12700,0.386467307806015,0.2502405047416687,0.13876290619373322,0.13844043016433716,0.07997237890958786,0.09641721099615097,0.06500191986560822,-0.0039224023930728436,0.0404340960085392,0.04825795441865921
12720,0.3863666355609894,0.25038984417915344,0.13886119425296783,0.13845518231391907,0.08003779500722885,0.09640874713659286,0.06499502062797546,-0.003923249896615744,0.04175420477986336,0.04825633019208908
12740,0.3864678740501404,0.25036177039146423,0.1389477550983429,0.13857200741767883,0.08010727167129517,0.09645876288414001,0.0650392547249794,-0.003923831973224878,0.042316973209381104,0.048964597284793854
12760,0.3864322006702423,0.25036564469337463,0.13899238407611847,0.1386362761259079,0.08019284158945084,0.09651613980531693,0.06506041437387466,-0.003929941449314356,0.040894780308008194,0.0483386404812336
12780,0.38653266429901123,0.25043949484825134,0.1390897035598755,0.13872233033180237,0.0802326649427414,0.09658559411764145,0.06508101522922516,-0.00393637316301465,0.041206225752830505,0.048565346747636795
12800,0.38672348856925964,0.2506554424762726,0.13922235369682312,0.1386624127626419,0.08029302954673767,0.09660734236240387,0.06511890143156052,-0.0039467839524149895,0.0443609319627285,0.0494929663836956
12820,0.3868137001991272,0.25066956877708435,0.13937371969223022,0.13878169655799866,0.08037558197975159,0.09664847701787949,0.06515742093324661,-0.003948516678065062,0.04133483022451401,0.048432495445013046
12840,0.38678500056266785,0.2507838010787964,0.13942815363407135,0.13886456191539764,0.08044912666082382,0.09671109169721603,0.06522442400455475,-0.003953179810196161,0.04226700961589813,0.04896947741508484
12860,0.3868323862552643,0.25080886483192444,0.13949938118457794,0.1389140784740448,0.08051341772079468,0.09677251428365707,0.06526274979114532,-0.00395825132727623,0.04395805671811104,0.04972183704376221
12880,0.386764258146286,0.2508891820907593,0.1396523267030716,0.1389560103416443,0.08056392520666122,0.09683158993721008,0.06529460102319717,-0.003963867202401161,0.040940552949905396,0.048908598721027374
12900,0.3867497742176056,0.2510151267051697,0.13983455300331116,0.1390761286020279,0.08062779158353806,0.09686043858528137,0.065337173640728,-0.003968580160290003,0.04267793521285057,0.04920875281095505
12920,0.3868429362773895,0.25104954838752747,0.13989128172397614,0.13909773528575897,0.08067227900028229,0.09687865525484085,0.06534019857645035,-0.003970178309828043,0.04133619740605354,0.04851265251636505
12940,0.38704586029052734,0.25108179450035095,0.13991214334964752,0.13913594186306,0.08071018010377884,0.0968959629535675,0.06542683392763138,-0.003970659337937832,0.04143621027469635,0.048700980842113495
12960,0.3869284689426422,0.2511526048183441,0.14003747701644897,0.13921049237251282,0.08079742640256882,0.09694353491067886,0.06548602133989334,-0.003971567377448082,0.041417963802814484,0.04827633872628212
12980,0.3868405520915985,0.2512209713459015,0.14017081260681152,0.13922619819641113,0.08085976541042328,0.09701304882764816,0.06548497825860977,-0.003974671475589275,0.04232814908027649,0.04944446682929993
13000,0.38671234250068665,0.25126656889915466,0.14031021296977997,0.13922780752182007,0.08092712610960007,0.0970233678817749,0.0655522570014,-0.0039802794344723225,0.042266830801963806,0.04827474057674408
13020,0.3865808844566345,0.25135213136672974,0.14037658274173737,0.13923294842243195,0.08096892386674881,0.09709008038043976,0.06559398025274277,-0.0039849416352808475,0.04033992812037468,0.0482858270406723
13040,0.38661298155784607,0.2515002191066742,0.1404852718114853,0.13928943872451782,0.08103137463331223,0.09711875766515732,0.06559110432863235,-0.003987746778875589,0.04247038811445236,0.050402890890836716
13060,0.3868064880371094,0.2515583634376526,0.14053216576576233,0.13935820758342743,0.08107060194015503,0.09713941812515259,0.06562977284193039,-0.003995875827968121,0.040580280125141144,0.04921545088291168
13080,0.38675811886787415,0.25158339738845825,0.14064738154411316,0.1393863707780838,0.08114205300807953,0.097175732254982,0.0656869113445282,-0.004000408109277487,0.04157077148556709,0.04864213615655899
13100,0.3866584002971649,0.2516408860683441,0.14068812131881714,0.13949325680732727,0.08123087137937546,0.09723075479269028,0.06571938842535019,-0.0039971452206373215,0.042193397879600525,0.0488867461681366
13120,0.3866029977798462,0.25165095925331116,0.14077699184417725,0.13952530920505524,0.08129178732633591,0.09724993258714676,0.0657658576965332,-0.004000179469585419,0.04255101829767227,0.04858773574233055
13140,0.38657689094543457,0.25176170468330383,0.14092734456062317,0.13955898582935333,0.08135341852903366,0.09728530049324036,0.06580758094787598,-0.004002818837761879,0.04374432936310768,0.04825116693973541
13160,0.38668587803840637,0.2517718970775604,0.1409490704536438,0.1395743489265442,0.08140287548303604,0.09731119871139526,0.06586181372404099,-0.0040022530592978,0.042462412267923355,0.052116602659225464
13180,0.3866407871246338,0.2518711984157562,0.14114943146705627,0.13964200019836426,0.08151227235794067,0.0973866656422615,0.06585792452096939,-0.004001652356237173,0.040015727281570435,0.04824394732713699
13200,0.3867412209510803,0.25185462832450867,0.14120540022850037,0.13972917199134827,0.0815252810716629,0.09742584079504013,0.06593027710914612,-0.004005650524049997,0.0402350015938282,0.0488586500287056
13220,0.38679689168930054,0.25188806653022766,0.14121907949447632,0.13977819681167603,0.08155293017625809,0.097483329474926,0.06597663462162018,-0.004007026553153992,0.04236471652984619,0.0481330007314682
13240,0.3866347372531891,0.2519308626651764,0.1413753479719162,0.13986803591251373,0.08163042366504669,0.09751780331134796,0.06599956750869751,-0.004007977433502674,0.04139852523803711,0.04998810589313507
13260,0.3866707384586334,0.2519889175891876,0.14143799245357513,0.13988013565540314,0.08167832344770432,0.09757889062166214,0.06599663943052292,-0.004007766488939524,0.04047857224941254,0.04941150173544884
13280,0.38673636317253113,0.25209638476371765,0.14153064787387848,0.13990341126918793,0.08172536641359329,0.09761668741703033,0.06601986289024353,-0.0040161157958209515,0.04128512367606163,0.04799295961856842
13300,0.3866068720817566,0.2520884573459625,0.1416279673576355,0.14001363515853882,0.08178506046533585,0.09763865917921066,0.06605768948793411,-0.004022319335490465,0.041627541184425354,0.04833977669477463
13320,0.38664212822914124,0.2521399259567261,0.14174003899097443,0.14009778201580048,0.08187013119459152,0.09767185896635056,0.06611105799674988,-0.004023264162242413,0.040484294295310974,0.048207301646471024
13340,0.3866932690143585,0.2522144019603729,0.14182685315608978,0.14011693000793457,0.08188769966363907,0.09770470857620239,0.06612463295459747,-0.004025490488857031,0.04016902670264244,0.047504883259534836
13360,0.3866291642189026,0.2522519528865814,0.14186877012252808,0.14013177156448364,0.08190576732158661,0.09771862626075745,0.06616406887769699,-0.004025355447083712,0.041653431951999664,0.04757223650813103
13380,0.38655537366867065,0.25227802991867065,0.14191657304763794,0.14021699130535126,0.08198370784521103,0.09775525331497192,0.06618862599134445,-0.0040305075235664845,0.04076017811894417,0.04770132154226303
13400,0.38652142882347107,0.2523643374443054,0.14206957817077637,0.14025016129016876,0.08204476535320282,0.09781558066606522,0.06621367484331131,-0.004031953867524862,0.04021934047341347,0.050193533301353455
13420,0.3865773677825928,0.2523372769355774,0.1420907825231552,0.14028297364711761,0.0820818766951561,0.0978403091430664,0.06621693074703217,-0.004031147342175245,0.04071053862571716,0.048861440271139145
13440,0.38648197054862976,0.2523742616176605,0.14218473434448242,0.14041109383106232,0.08215745538473129,0.09787971526384354,0.06628233194351196,-0.004035265184938908,0.041137345135211945,0.04876619577407837
13460,0.386476069688797,0.252375990152359,0.14224036037921906,0.1404350847005844,0.08219598978757858,0.09792190790176392,0.06627711653709412,-0.004039273597300053,0.04327144846320152,0.05037596449255943
13480,0.3864181935787201,0.2525690197944641,0.14238764345645905,0.1404533088207245,0.08227845281362534,0.09794492274522781,0.06630263477563858,-0.004043384920805693,0.04071715101599693,0.04916364699602127
13500,0.3864128887653351,0.25257402658462524,0.1424073576927185,0.14049032330513,0.08233935385942459,0.09801948815584183,0.06633936613798141,-0.004048453643918037,0.04147979989647865,0.048551496118307114
13520,0.38640281558036804,0.2526370584964752,0.1424853801727295,0.14054100215435028,0.0824054479598999,0.09803201258182526,0.06635599583387375,-0.004047219175845385,0.04127126932144165,0.05030588060617447
13540,0.38645243644714355,0.2527298927307129,0.14264006912708282,0.14058180153369904,0.08245847374200821,0.0980503186583519,0.06641493737697601,-0.004051268100738525,0.04129182547330856,0.050424832850694656
13560,0.3865826725959778,0.25280267000198364,0.1427570879459381,0.14064212143421173,0.08250700682401657,0.09808113425970078,0.06644723564386368,-0.004057597368955612,0.04075905680656433,0.04810328036546707
13580,0.38649243116378784,0.2528814971446991,0.14280173182487488,0.14063692092895508,0.08257514983415604,0.09811075031757355,0.0664994865655899,-0.004055823665112257,0.04332389310002327,0.04914882406592369
13600,0.3865976929664612,0.2529545724391937,0.14291271567344666,0.1406770497560501,0.08263703435659409,0.09817087650299072,0.06653060019016266,-0.004056986887007952,0.04081157222390175,0.04781121760606766
13620,0.3864310681819916,0.2529781460762024,0.143037810921669,0.14080704748630524,0.08268663287162781,0.0981694683432579,0.06657162308692932,-0.0040599275380373,0.04154328629374504,0.04730185866355896
13640,0.3862797021865845,0.2529005706310272,0.14306898415088654,0.14091312885284424,0.08273126184940338,0.09819724410772324,0.06660826504230499,-0.004061458166688681,0.042100146412849426,0.04749174416065216
13660,0.3863893449306488,0.2530081868171692,0.1431848555803299,0.14087261259555817,0.08279439806938171,0.0982220470905304,0.06660612672567368,-0.0040709166787564754,0.04312413930892944,0.04849463701248169
13680,0.38637182116508484,0.25307926535606384,0.14315001666545868,0.14093180000782013,0.08285064995288849,0.09822586923837662,0.06665309518575668,-0.004071790724992752,0.04080362990498543,0.047829002141952515
13700,0.3863547146320343,0.25313085317611694,0.1432543843984604,0.14101023972034454,0.08292872458696365,0.09826979041099548,0.06668128073215485,-0.004071551840752363,0.040835894644260406,0.048063620924949646
13720,0.3863517940044403,0.25312286615371704,0.14334926009178162,0.14109763503074646,0.08298175036907196,0.09830193966627121,0.06671486794948578,-0.004073943477123976,0.04182549566030502,0.047755297273397446
13740,0.38645878434181213,0.2531702220439911,0.1433914303779602,0.14114882051944733,0.08303874731063843,0.0983431413769722,0.06674008816480637,-0.004076123703271151,0.04078665003180504,0.04798273742198944
13760,0.3866431713104248,0.25327959656715393,0.14343316853046417,0.14115993678569794,0.08309713751077652,0.0983995720744133,0.06678131222724915,-0.004074690863490105,0.039740487933158875,0.04767509922385216
13780,0.3864530026912689,0.2532983124256134,0.14354069530963898,0.14125701785087585,0.08317308872938156,0.09848712384700775,0.06683456897735596,-0.004077928606420755,0.041510310024023056,0.04831927642226219
13800,0.3864790201187134,0.25336453318595886,0.14368855953216553,0.14126339554786682,0.08318505436182022,0.09847559779882431,0.0668635219335556,-0.004084048792719841,0.03975681960582733,0.04839952290058136
13820,0.38650059700012207,0.25343719124794006,0.14375145733356476,0.14127373695373535,0.08321881294250488,0.09846214950084686,0.0668824091553688,-0.004098287783563137,0.04049549996852875,0.04900139570236206
13840,0.3863447308540344,0.2534823417663574,0.1438237875699997,0.1414012461900711,0.0832846611738205,0.09852416068315506,0.06693307310342789,-0.004088320769369602,0.041191499680280685,0.04788009449839592
13860,0.3865920305252075,0.2534482777118683,0.14388877153396606,0.14148449897766113,0.0833049863576889,0.09853050112724304,0.06695632636547089,-0.004093232098966837,0.041218508034944534,0.04693855345249176
13880,0.3865198791027069,0.25351160764694214,0.14398570358753204,0.1415383368730545,0.0833931416273117,0.09856075793504715,0.06696289032697678,-0.004094005562365055,0.04073014110326767,0.048683539032936096
13900,0.38666290044784546,0.2534995973110199,0.14406153559684753,0.14160865545272827,0.08343807607889175,0.09859991818666458,0.06698118150234222,-0.004088734742254019,0.03923690691590309,0.04783334955573082
13920,0.38643521070480347,0.25359952449798584,0.14415939152240753,0.14163826406002045,0.08351278305053711,0.09865321964025497,0.06698573380708694,-0.00410035764798522,0.04011460021138191,0.048206575214862823
13940,0.3863571584224701,0.2536366879940033,0.14421455562114716,0.14170342683792114,0.08355513960123062,0.09866994619369507,0.06700707972049713,-0.004104488529264927,0.040000561624765396,0.04826497659087181
13960,0.3864457309246063,0.25362566113471985,0.14431758224964142,0.14176304638385773,0.08361788839101791,0.0987139642238617,0.0670345276594162,-0.004106858745217323,0.041222743690013885,0.04985412210226059
13980,0.38645264506340027,0.2537446618080139,0.14441727101802826,0.14180730283260345,0.0836944505572319,0.0987623855471611,0.0670875832438469,-0.0041090198792517185,0.04198819771409035,0.04790768027305603
14000,0.3865058124065399,0.25365209579467773,0.14450494945049286,0.1418718844652176,0.08374825119972229,0.09876218438148499,0.06712085753679276,-0.004117380362004042,0.04058815538883209,0.04738892987370491
14020,0.38637593388557434,0.2537161409854889,0.14454905688762665,0.14192131161689758,0.08378943055868149,0.09877937287092209,0.06713119149208069,-0.004124003928154707,0.03998255357146263,0.04894937947392464
14040,0.38645684719085693,0.25381866097450256,0.14468514919281006,0.1419065147638321,0.08382571488618851,0.0988016203045845,0.06716790795326233,-0.004126257263123989,0.03960815444588661,0.04756111279129982
14060,0.38650578260421753,0.25387969613075256,0.14474128186702728,0.14191628992557526,0.08389385044574738,0.09882621467113495,0.06718738377094269,-0.004131858702749014,0.040926091372966766,0.04788189008831978
14080,0.386525422334671,0.25394219160079956,0.14482790231704712,0.14201495051383972,0.08397644758224487,0.09884403645992279,0.06724745035171509,-0.0041337101720273495,0.03988140448927879,0.047437798231840134
14100,0.3863808810710907,0.2540023922920227,0.14494462311267853,0.14204634726047516,0.08402558416128159,0.09885740280151367,0.06726192682981491,-0.004143697675317526,0.042579829692840576,0.047930680215358734
14120,0.38638749718666077,0.25402316451072693,0.1449546217918396,0.14206601679325104,0.0840388685464859,0.09888038039207458,0.06730615347623825,-0.0041384645737707615,0.04157770052552223,0.04801361262798309
14140,0.38651180267333984,0.25403308868408203,0.14505763351917267,0.14215676486492157,0.08408709615468979,0.0989280417561531,0.06732506304979324,-0.004142655525356531,0.04379468411207199,0.04821627587080002
14160,0.38664865493774414,0.2540585398674011,0.14511404931545258,0.14217638969421387,0.08414313197135925,0.09897342324256897,0.0673346072435379,-0.004141426179558039,0.042554810643196106,0.04797641932964325
14180,0.38670024275779724,0.25415560603141785,0.14517511427402496,0.14218290150165558,0.0842108353972435,0.09902402013540268,0.06737721711397171,-0.004138862248510122,0.041995592415332794,0.047807727009058
14200,0.38649412989616394,0.2542126774787903,0.14532051980495453,0.14228780567646027,0.08425932377576828,0.09907104820013046,0.06738719344139099,-0.004142162390053272,0.041828736662864685,0.0478995218873024
14220,0.3865269124507904,0.25423985719680786,0.14537355303764343,0.14237532019615173,0.08433333784341812,0.09907722473144531,0.0674036294221878,-0.004143956117331982,0.04023947939276695,0.04792526364326477
14240,0.38637086749076843,0.2543652355670929,0.1454966515302658,0.1424332708120346,0.08439803123474121,0.09910803288221359,0.06742706149816513,-0.004142824560403824,0.03908457234501839,0.047603148967027664
14260,0.3865312933921814,0.2544153332710266,0.14559052884578705,0.14237713813781738,0.08441688865423203,0.09909968823194504,0.06742668896913528,-0.004143917467445135,0.043044671416282654,0.048228971660137177
14280,0.38647225499153137,0.254509836435318,0.14572377502918243,0.14254571497440338,0.08449850231409073,0.0991649329662323,0.06744543462991714,-0.004138005897402763,0.04069669544696808,0.04792370647192001
14300,0.3864670395851135,0.25445541739463806,0.14573988318443298,0.142613485455513,0.08455412834882736,0.09918734431266785,0.06743180006742477,-0.00415017968043685,0.039134714752435684,0.04687586799263954
14320,0.38636189699172974,0.2545115053653717,0.1458350419998169,0.1426687091588974,0.08455342054367065,0.0992027148604393,0.0674784779548645,-0.004152286797761917,0.04047954082489014,0.048724159598350525
14340,0.3865493834018707,0.2544904351234436,0.14588312804698944,0.14269369840621948,0.08463766425848007,0.09922200441360474,0.06749292463064194,-0.004158580210059881,0.04017885774374008,0.04823193699121475
14360,0.38653096556663513,0.25445613265037537,0.1459636241197586,0.14273644983768463,0.08471933752298355,0.09931354224681854,0.06754279881715775,-0.00416205171495676,0.03971865028142929,0.0484703928232193
14380,0.3865096867084503,0.25456687808036804,0.146028533577919,0.14269831776618958,0.08477763831615448,0.09937687963247299,0.06755723059177399,-0.004166171420365572,0.040840428322553635,0.048054225742816925
14400,0.386432409286499,0.25461167097091675,0.1461535096168518,0.14273907244205475,0.0848231315612793,0.09937687963247299,0.06761058419942856,-0.0041706920601427555,0.03956352546811104,0.0470907986164093
14420,0.3863535523414612,0.2546371817588806,0.1462322622537613,0.14277005195617676,0.08485883474349976,0.09940697997808456,0.06761607527732849,-0.00417847977951169,0.03864438459277153,0.047437459230422974
14440,0.3862452507019043,0.2546103596687317,0.14628371596336365,0.1428450047969818,0.08495639264583588,0.09944479167461395,0.06764523684978485,-0.004185967613011599,0.04128627851605415,0.047533005475997925
14460,0.38640129566192627,0.25469064712524414,0.14635273814201355,0.1427951455116272,0.08502916246652603,0.09949226677417755,0.06769401580095291,-0.004192260093986988,0.04035171866416931,0.04716865345835686
14480,0.3863583207130432,0.2546917498111725,0.14645648002624512,0.14285102486610413,0.08508647978305817,0.09949896484613419,0.06773437559604645,-0.004197045229375362,0.03921908140182495,0.04800126701593399
14500,0.38639724254608154,0.2546810507774353,0.14648909866809845,0.14293846487998962,0.08512334525585175,0.09951913356781006,0.06776904314756393,-0.00419625686481595,0.03978034481406212,0.04798698052763939
14520,0.38638442754745483,0.25480368733406067,0.14657267928123474,0.14297057688236237,0.08519960194826126,0.09954184293746948,0.06779757142066956,-0.004196968395262957,0.04041801020503044,0.047207631170749664
14540,0.3863522410392761,0.25487828254699707,0.14668382704257965,0.14302243292331696,0.08523812890052795,0.09956353157758713,0.06785286217927933,-0.004204671364277601,0.04009513929486275,0.04787332937121391
14560,0.386245995759964,0.2548941373825073,0.14674495160579681,0.14307963848114014,0.08527431637048721,0.09959246963262558,0.06787952035665512,-0.004202074371278286,0.04037845507264137,0.04712238162755966
14580,0.3861013650894165,0.2548852264881134,0.146775022149086,0.14317400753498077,0.08532600104808807,0.09964139759540558,0.06788875162601471,-0.0042061517015099525,0.04103165492415428,0.04718862846493721
14600,0.38614919781684875,0.25495097041130066,0.14684395492076874,0.14322948455810547,0.08536754548549652,0.09965980798006058,0.06795220077037811,-0.00421004556119442,0.04035026580095291,0.047063760459423065
14620,0.3861750662326813,0.25501343607902527,0.1469438523054123,0.14332261681556702,0.08543036878108978,0.09967290610074997,0.06795405596494675,-0.004212542437016964,0.040190134197473526,0.048677146434783936
14640,0.3860687017440796,0.25497135519981384,0.1470174491405487,0.14341382682323456,0.08548026531934738,0.09973476827144623,0.06801564991474152,-0.0042133335955441,0.0388663187623024,0.047455500811338425
14660,0.3861691951751709,0.2549929916858673,0.14704449474811554,0.14345702528953552,0.08553124219179153,0.09976544231176376,0.06801573187112808,-0.004209417849779129,0.03886404633522034,0.04747604578733444
14680,0.38623350858688354,0.2550274729728699,0.14717751741409302,0.14348538219928741,0.08557214587926865,0.09978804737329483,0.06805361062288284,-0.00421964842826128,0.03961324319243431,0.047702606767416
14700,0.38609832525253296,0.2550482451915741,0.14721158146858215,0.14356110990047455,0.0856349915266037,0.09983901679515839,0.06805215030908585,-0.004223040770739317,0.04068455100059509,0.047522012144327164
14720,0.3861316442489624,0.2550904154777527,0.14740712940692902,0.14355921745300293,0.08567121624946594,0.0998690277338028,0.06807974725961685,-0.004226196091622114,0.04039902240037918,0.048195987939834595
14740,0.38612043857574463,0.2551197409629822,0.14744368195533752,0.14360366761684418,0.08573585003614426,0.09995219111442566,0.06811188161373138,-0.004232736770063639,0.03857943043112755,0.048269122838974
14760,0.3861510157585144,0.2552632689476013,0.14755608141422272,0.14358922839164734,0.08576329797506332,0.09992127120494843,0.0681300014257431,-0.004233759827911854,0.040379349142313004,0.050295520573854446
14780,0.38595327734947205,0.2552635073661804,0.14759206771850586,0.14359638094902039,0.08581429719924927,0.09995650500059128,0.06815475225448608,-0.0042283739894628525,0.03939629718661308,0.0486302524805069
14800,0.38613322377204895,0.25520625710487366,0.1475941389799118,0.14366242289543152,0.08586131036281586,0.10000395029783249,0.0681820958852768,-0.004232876934111118,0.03905155509710312,0.04768252372741699
14820,0.3861334025859833,0.25533419847488403,0.1477060317993164,0.1437203586101532,0.08591709285974503,0.1000039353966713,0.06821154057979584,-0.004239480011165142,0.03959749639034271,0.0473441518843174
14840,0.3862585127353668,0.255283385515213,0.1477510780096054,0.1438196301460266,0.08599245548248291,0.10005048662424088,0.06826108694076538,-0.00424219761043787,0.039049357175827026,0.04748194292187691
14860,0.3861815631389618,0.2553415894508362,0.14788135886192322,0.14388982951641083,0.08603913336992264,0.10008236020803452,0.06824536621570587,-0.004245833493769169,0.04118705168366432,0.04725880175828934
14880,0.3860428035259247,0.255432665348053,0.14798814058303833,0.14394167065620422,0.0860561802983284,0.10009320825338364,0.06829852610826492,-0.00424870103597641,0.040999844670295715,0.046935953199863434
14900,0.38600584864616394,0.2554290294647217,0.14803892374038696,0.14396214485168457,0.08611525595188141,0.10009421408176422,0.06831862777471542,-0.004254423547536135,0.039770275354385376,0.04747101664543152
14920,0.385998010635376,0.25547823309898376,0.14808964729309082,0.14405019581317902,0.08619888126850128,0.10015032440423965,0.06830736249685287,-0.004259227309376001,0.039824195206165314,0.047654516994953156
14940,0.38589125871658325,0.25548240542411804,0.1481332778930664,0.1440449208021164,0.08624959737062454,0.10017170011997223,0.06838115304708481,-0.004256507381796837,0.03871412202715874,0.0477486327290535
14960,0.3857675790786743,0.25551071763038635,0.14816752076148987,0.14402782917022705,0.08628936856985092,0.10019876807928085,0.0683971494436264,-0.004257396329194307,0.03974365070462227,0.04842700436711311
14980,0.38573044538497925,0.2555573582649231,0.14828641712665558,0.14408235251903534,0.08637015521526337,0.10024496912956238,0.06839466094970703,-0.00426099356263876,0.03909476473927498,0.048240698873996735
15000,0.38582220673561096,0.2556288242340088,0.14834438264369965,0.14410841464996338,0.08641491085290909,0.10024604201316833,0.06844180822372437,-0.00426475377753377,0.041086748242378235,0.04708273336291313
15020,0.38581717014312744,0.25563040375709534,0.14836657047271729,0.14416563510894775,0.08647488802671432,0.10026750713586807,0.06843597441911697,-0.004272717982530594,0.038896288722753525,0.04752892255783081
15040,0.3858222961425781,0.25555968284606934,0.14844447374343872,0.14422982931137085,0.08655475080013275,0.10032051801681519,0.06847187876701355,-0.004273540806025267,0.0396539643406868,0.04792584851384163
15060,0.38567301630973816,0.25560206174850464,0.1484576314687729,0.14430157840251923,0.08662210404872894,0.10038738697767258,0.06848606467247009,-0.004279458895325661,0.041350506246089935,0.047060757875442505
15080,0.3857770264148712,0.2557341158390045,0.14855073392391205,0.14432063698768616,0.0866674855351448,0.100391685962677,0.06852022558450699,-0.004283699207007885,0.04021142050623894,0.04830489307641983
15100,0.385661244392395,0.255733460187912,0.1485597789287567,0.1444081813097,0.08671704679727554,0.10047144442796707,0.06857647746801376,-0.004281059373170137,0.04030037298798561,0.047294314950704575
15120,0.3856036365032196,0.25571680068969727,0.14863136410713196,0.1444377899169922,0.08674540370702744,0.10046472400426865,0.06858902424573898,-0.004282429348677397,0.04027794674038887,0.04713686928153038
15140,0.385566383600235,0.2556796073913574,0.14864137768745422,0.14449618756771088,0.08678381890058517,0.10047225654125214,0.06859531998634338,-0.004282238893210888,0.03714103624224663,0.047012340277433395
15160,0.38550931215286255,0.2557663321495056,0.14874255657196045,0.1445479691028595,0.08683468401432037,0.10046570003032684,0.06860603392124176,-0.004287424962967634,0.04096083343029022,0.047438278794288635
15180,0.38570722937583923,0.25587573647499084,0.14880529046058655,0.1445583552122116,0.08687989413738251,0.10048443078994751,0.06859387457370758,-0.0042888810858130455,0.04121211916208267,0.04842059686779976
15200,0.3856782615184784,0.2558632791042328,0.1488436758518219,0.1446385681629181,0.08696131408214569,0.10055036842823029,0.06865614652633667,-0.004287810064852238,0.04044470191001892,0.04669075831770897
15220,0.3856412470340729,0.25590866804122925,0.14896751940250397,0.14462216198444366,0.08699557185173035,0.10054252296686172,0.06867999583482742,-0.004295792896300554,0.039353493601083755,0.047041647136211395
15240,0.3856295049190521,0.2559681534767151,0.14907482266426086,0.14468729496002197,0.08704450726509094,0.10055629163980484,0.06871823221445084,-0.0042989738285541534,0.03893929347395897,0.0473235622048378
15260,0.3856675326824188,0.2559283971786499,0.14909344911575317,0.1446928232908249,0.08711686730384827,0.1006225124001503,0.06870162487030029,-0.004309999290853739,0.04008578136563301,0.04826800525188446
15280,0.385541707277298,0.25604069232940674,0.14918993413448334,0.14473119378089905,0.08714931458234787,0.10066646337509155,0.0687103420495987,-0.004310058429837227,0.04048065468668938,0.04792559891939163
15300,0.3856852054595947,0.25604742765426636,0.14924439787864685,0.14479048550128937,0.08719394356012344,0.10067678987979889,0.06873244047164917,-0.0043075066059827805,0.04002631455659866,0.046881694346666336
15320,0.38550758361816406,0.2560090124607086,0.14930768311023712,0.1448548436164856,0.08725033700466156,0.10072627663612366,0.06875131279230118,-0.004307588096708059,0.03864249214529991,0.04796751216053963
15340,0.3855510354042053,0.2560802698135376,0.14936448633670807,0.14492861926555634,0.08734200894832611,0.10075180232524872,0.06877013295888901,-0.004312789998948574,0.03820367902517319,0.04701107367873192
15360,0.3855685591697693,0.25612539052963257,0.14937521517276764,0.14496169984340668,0.08737365156412125,0.10077665746212006,0.06879495829343796,-0.004320634063333273,0.03952472284436226,0.04783826321363449
15380,0.3855159878730774,0.25616884231567383,0.14949411153793335,0.14500775933265686,0.08741031587123871,0.10079947859048843,0.06882193684577942,-0.0043172165751457214,0.03991495817899704,0.04922795668244362
15400,0.38560014963150024,0.25625503063201904,0.14960983395576477,0.14503739774227142,0.0875038430094719,0.10081936419010162,0.0689137876033783,-0.00431550107896328,0.04065466299653053,0.048422299325466156
15420,0.38559848070144653,0.2562701106071472,0.14971031248569489,0.14503031969070435,0.08754459023475647,0.10087945312261581,0.06896021962165833,-0.0043186768889427185,0.03934761881828308,0.04750335216522217
15440,0.38569316267967224,0.2563270628452301,0.14973415434360504,0.14505816996097565,0.0875672772526741,0.10090165585279465,0.0689796432852745,-0.004317633807659149,0.03895992785692215,0.047244828194379807
15460,0.3856556713581085,0.2562929093837738,0.1497868001461029,0.1450885683298111,0.0876142755150795,0.10091296583414078,0.06901998817920685,-0.004318241495639086,0.03777136281132698,0.0474809855222702
15480,0.3855302929878235,0.25626641511917114,0.14985261857509613,0.1451050341129303,0.08762684464454651,0.10097489506006241,0.06907498836517334,-0.004319100175052881,0.0376245379447937,0.04791140556335449
15500,0.38557368516921997,0.25634390115737915,0.1499442458152771,0.14508697390556335,0.08768817782402039,0.10096869617700577,0.06909257918596268,-0.004320758394896984,0.038747016340494156,0.04748065397143364
15520,0.385428786277771,0.25637948513031006,0.1500428020954132,0.14517399668693542,0.08775199949741364,0.10099772363901138,0.06911173462867737,-0.00432179169729352,0.04120360314846039,0.04699499532580376
15540,0.38572850823402405,0.25631606578826904,0.15004192292690277,0.14521963894367218,0.08778867870569229,0.10102373361587524,0.06913295388221741,-0.004330191761255264,0.04067648574709892,0.04994843155145645
15560,0.3857157230377197,0.256426602602005,0.1501459777355194,0.14524781703948975,0.08787484467029572,0.10109469294548035,0.06919526308774948,-0.004332016222178936,0.041285667568445206,0.04720760136842728
15580,0.3856528103351593,0.2564510405063629,0.15022005140781403,0.14530408382415771,0.08789876103401184,0.10113412141799927,0.06920028477907181,-0.004337462130934,0.039789292961359024,0.04748675227165222
15600,0.3857654333114624,0.25643277168273926,0.15024618804454803,0.14532242715358734,0.08792694658041,0.10112864524126053,0.06925442069768906,-0.004336039535701275,0.039515260607004166,0.04683125019073486
15620,0.3856305480003357,0.25646841526031494,0.15036915242671967,0.14535629749298096,0.0879974216222763,0.10112158209085464,0.06928524374961853,-0.004337894730269909,0.03968570753931999,0.04720848798751831
15640,0.3856685161590576,0.2564999759197235,0.15041020512580872,0.14532047510147095,0.08804086595773697,0.1011512503027916,0.06930313259363174,-0.00434332387521863,0.03873438015580177,0.04676331579685211
15660,0.3855045735836029,0.2565111815929413,0.15052446722984314,0.14539450407028198,0.08809489011764526,0.10118573904037476,0.069351427257061,-0.004343291278928518,0.03999515622854233,0.048344388604164124
15680,0.3855608403682709,0.25648584961891174,0.15053193271160126,0.14542505145072937,0.08814840018749237,0.10120312124490738,0.06937843561172485,-0.0043457443825900555,0.040546953678131104,0.04695643484592438
15700,0.38544976711273193,0.25645363330841064,0.1505374014377594,0.14547809958457947,0.08819114416837692,0.1012461856007576,0.06936115026473999,-0.004342994652688503,0.03810260072350502,0.04715980589389801
15720,0.38542449474334717,0.2565094232559204,0.150610089302063,0.14554092288017273,0.08823748677968979,0.10121577978134155,0.06934866309165955,-0.004352195654064417,0.038623370230197906,0.04631989449262619
15740,0.3854122757911682,0.2565496563911438,0.1507330685853958,0.14554114639759064,0.08826389908790588,0.10122621059417725,0.06933549791574478,-0.004354400560259819,0.03974000737071037,0.046960778534412384
15760,0.38536137342453003,0.25656983256340027,0.1507512331008911,0.14553840458393097,0.08830555528402328,0.10124651342630386,0.06937810033559799,-0.004358513280749321,0.03921351581811905,0.0478251613676548
15780,0.38532909750938416,0.256664901971817,0.15086771547794342,0.14559964835643768,0.08836917579174042,0.10126543045043945,0.06940773874521255,-0.004360829945653677,0.038676172494888306,0.04650462791323662
15800,0.3852580785751343,0.2566686272621155,0.15085236728191376,0.14562125504016876,0.08839225023984909,0.10127478837966919,0.06941021978855133,-0.004362799692898989,0.038963060826063156,0.04730239138007164
15820,0.38525423407554626,0.2567441463470459,0.15096928179264069,0.14562244713306427,0.0884127989411354,0.10128851979970932,0.06941170245409012,-0.004369594622403383,0.0376223549246788,0.0472666397690773
15840,0.38514572381973267,0.25671839714050293,0.15100955963134766,0.1456785649061203,0.08849866688251495,0.10135741531848907,0.06940873712301254,-0.00436628982424736,0.03914181888103485,0.04729058966040611
15860,0.3852940499782562,0.2568245828151703,0.1511162966489792,0.14568907022476196,0.08853267878293991,0.10137477517127991,0.06942255049943924,-0.00437410082668066,0.03836647793650627,0.0489487461745739
15880,0.3854835033416748,0.25686922669410706,0.15114720165729523,0.14572221040725708,0.08861899375915527,0.10142870247364044,0.06945652514696121,-0.004376447759568691,0.03780115768313408,0.046796396374702454
15900,0.3853619694709778,0.25683456659317017,0.15116870403289795,0.14580915868282318,0.08866436034440994,0.10145005583763123,0.06950020790100098,-0.0043746777810156345,0.0382625050842762,0.046991344541311264
15920,0.38538098335266113,0.25691160559654236,0.15125499665737152,0.1458115428686142,0.08869366347789764,0.10142453759908676,0.06950939446687698,-0.004378579556941986,0.0392061285674572,0.04671146720647812
15940,0.3853243589401245,0.2569291293621063,0.15134084224700928,0.14586353302001953,0.08875468373298645,0.101450614631176,0.06955202668905258,-0.004377302248030901,0.040759164839982986,0.05078737437725067
15960,0.3853698670864105,0.25692182779312134,0.1514059156179428,0.14591771364212036,0.08880028128623962,0.10148582607507706,0.06955309212207794,-0.004380817525088787,0.0388609804213047,0.04756976664066315
15980,0.38531938195228577,0.25701454281806946,0.15147703886032104,0.14599011838436127,0.0888776034116745,0.10152412950992584,0.06957782804965973,-0.004376554396003485,0.03849203512072563,0.04741222783923149
16000,0.3854241967201233,0.2570353150367737,0.15151315927505493,0.14601165056228638,0.08893828839063644,0.10152915120124817,0.06959234923124313,-0.004380153492093086,0.03771783038973808,0.04688549414277077
16020,0.3852851390838623,0.25709158182144165,0.1516125500202179,0.14604192972183228,0.08899477124214172,0.10152553766965866,0.06962629407644272,-0.0043807062320411205,0.03902547433972359,0.04877938702702522
16040,0.3852991461753845,0.2570764720439911,0.15167629718780518,0.14610573649406433,0.08903753012418747,0.10158783942461014,0.06961896270513535,-0.004375013522803783,0.039741046726703644,0.04713921621441841
16060,0.38523855805397034,0.25708499550819397,0.151675283908844,0.14612993597984314,0.08908753842115402,0.10160251706838608,0.06961807608604431,-0.004370210692286491,0.039772991091012955,0.04727989435195923
16080,0.38528430461883545,0.2570053040981293,0.15165318548679352,0.1461869329214096,0.08916433900594711,0.10161294043064117,0.0696699395775795,-0.004376021679490805,0.03755128011107445,0.04842621088027954
16100,0.3852950632572174,0.25703510642051697,0.15173226594924927,0.1462475210428238,0.08919186145067215,0.10165031254291534,0.06971298158168793,-0.004375949967652559,0.03812490403652191,0.046636249870061874
16120,0.385288268327713,0.25704047083854675,0.15176846086978912,0.14620742201805115,0.08924458920955658,0.10165608674287796,0.0697169229388237,-0.004380922764539719,0.03893417492508888,0.04786084592342377
16140,0.3851546347141266,0.25712618231773376,0.15183734893798828,0.1463482826948166,0.08930064737796783,0.10167576372623444,0.06971685588359833,-0.004379361402243376,0.038631610572338104,0.047543805092573166
16160,0.385100394487381,0.25712305307388306,0.1518891155719757,0.1463281214237213,0.08934368938207626,0.10169227421283722,0.06974069029092789,-0.004379305988550186,0.039835698902606964,0.04727933928370476
16180,0.3850439190864563,0.25707823038101196,0.1519630402326584,0.1463167518377304,0.08937898278236389,0.10167963802814484,0.06979222595691681,-0.004383881576359272,0.03740978240966797,0.04675092175602913
16200,0.3851378262042999,0.25713565945625305,0.15201234817504883,0.14630988240242004,0.0894232988357544,0.101686492562294,0.0698246955871582,-0.004389795009046793,0.039035141468048096,0.04696238040924072
16220,0.3850311040878296,0.2572144567966461,0.15209247171878815,0.14636346697807312,0.08944129198789597,0.10169828683137894,0.06985354423522949,-0.004389648325741291,0.03724624961614609,0.04663170129060745
16240,0.3851758539676666,0.25732138752937317,0.15213678777217865,0.14634321630001068,0.08947013318538666,0.10172085464000702,0.06988933682441711,-0.004394371993839741,0.03909499570727348,0.04892321303486824
16260,0.38490059971809387,0.25731638073921204,0.15226145088672638,0.14637146890163422,0.08955911546945572,0.10176324099302292,0.06989584118127823,-0.004401728510856628,0.03888579085469246,0.0471615344285965
16280,0.38502687215805054,0.2572827637195587,0.15224359929561615,0.14642567932605743,0.08962147682905197,0.10181445628404617,0.06991775333881378,-0.004403588827699423,0.039474114775657654,0.0477987602353096
16300,0.385043740272522,0.25732341408729553,0.15221431851387024,0.14644548296928406,0.08963010460138321,0.10181700438261032,0.06993304193019867,-0.0044072396121919155,0.038293395191431046,0.0484483540058136
16320,0.38505521416664124,0.2573719322681427,0.15234050154685974,0.1465286910533905,0.08967740088701248,0.10183277726173401,0.06997086107730865,-0.004411044996231794,0.0399581640958786,0.04760169982910156
16340,0.3850284516811371,0.2573920488357544,0.15237388014793396,0.14648330211639404,0.0897279605269432,0.10188482701778412,0.06999684870243073,-0.0044187745079398155,0.03833984583616257,0.04724564775824547
16360,0.3850156366825104,0.2574129104614258,0.15245309472084045,0.14652034640312195,0.08977128565311432,0.10189028084278107,0.06999776512384415,-0.004418512806296349,0.040157970041036606,0.04849236458539963
16380,0.38508808612823486,0.2574378252029419,0.15256038308143616,0.1465180516242981,0.08980166167020798,0.10191056877374649,0.07003683596849442,-0.00442137848585844,0.03961782902479172,0.04716784507036209
16400,0.38505321741104126,0.2575058341026306,0.1526699662208557,0.14651735126972198,0.08986600488424301,0.10195175558328629,0.07003801316022873,-0.004430295899510384,0.03822997584939003,0.04753910005092621
16420,0.38498926162719727,0.25754231214523315,0.1526995450258255,0.1465500444173813,0.08991897106170654,0.10195782035589218,0.07005862146615982,-0.004436338786035776,0.037895575165748596,0.047084249556064606
16440,0.384945809841156,0.25756508111953735,0.1527521163225174,0.14664144814014435,0.08999314904212952,0.10198651254177094,0.07010100036859512,-0.004437001422047615,0.03816556558012962,0.046092741191387177
16460,0.38491663336753845,0.2576161324977875,0.15275470912456512,0.1466243863105774,0.09005070477724075,0.10201510787010193,0.07011706382036209,-0.004435195121914148,0.03926846385002136,0.046859707683324814
16480,0.38507094979286194,0.2576533854007721,0.15283174812793732,0.14660613238811493,0.09006081521511078,0.10200062394142151,0.070144422352314,-0.004437524825334549,0.03908635303378105,0.046633634716272354
16500,0.38504523038864136,0.2576996088027954,0.15287835896015167,0.1467117816209793,0.09009131789207458,0.10204809159040451,0.07015039026737213,-0.004442106932401657,0.03943914920091629,0.04615924134850502
16520,0.3850271701812744,0.25767314434051514,0.1529243290424347,0.14670337736606598,0.09013267606496811,0.10210202634334564,0.07018603384494781,-0.004441905301064253,0.03921368345618248,0.047003015875816345
16540,0.38498109579086304,0.2576417326927185,0.15300457179546356,0.1466933786869049,0.0901881605386734,0.10214923322200775,0.07019294053316116,-0.004441308788955212,0.03812674805521965,0.04740925878286362
16560,0.3848879933357239,0.2576873004436493,0.15304383635520935,0.14672529697418213,0.09025730192661285,0.10217509418725967,0.07016550004482269,-0.004440608434379101,0.03816017508506775,0.04697984457015991
16580,0.38478904962539673,0.25766634941101074,0.1531238704919815,0.14681680500507355,0.09031035751104355,0.10216822475194931,0.07017884403467178,-0.0044451006688177586,0.037030767649412155,0.046244315803050995
16600,0.38485604524612427,0.25780022144317627,0.1532098948955536,0.14684277772903442,0.09034057706594467,0.10217435657978058,0.07018820196390152,-0.004445368889719248,0.04034886881709099,0.04677727445960045
16620,0.3847726583480835,0.257728636264801,0.15325409173965454,0.14689616858959198,0.09040804952383041,0.10219255834817886,0.07020486891269684,-0.004451161716133356,0.039283283054828644,0.04742633178830147
16640,0.3848288655281067,0.2577713131904602,0.153323695063591,0.14691807329654694,0.09042158722877502,0.10218495875597,0.07021211087703705,-0.004452069289982319,0.0391513928771019,0.04653698951005936
16660,0.3848373293876648,0.2578185498714447,0.15339048206806183,0.1469869762659073,0.0904523953795433,0.1022181585431099,0.0702349990606308,-0.00446227565407753,0.03994793817400932,0.04658280313014984
16680,0.3847697973251343,0.25785088539123535,0.15346486866474152,0.14693814516067505,0.09045890718698502,0.10222481936216354,0.07023696601390839,-0.0044668810442090034,0.0387219563126564,0.04644978418946266
16700,0.3847934305667877,0.25789302587509155,0.1535365879535675,0.14695928990840912,0.09053798019886017,0.1022459864616394,0.07026277482509613,-0.004471525549888611,0.039261315017938614,0.04724666476249695
16720,0.3848288357257843,0.25794219970703125,0.15362949669361115,0.1470598727464676,0.0906129851937294,0.10226240754127502,0.07025635987520218,-0.004468700382858515,0.03890051320195198,0.04720334708690643
16740,0.38490426540374756,0.2580597698688507,0.1536601185798645,0.14711469411849976,0.09065260738134384,0.10227058082818985,0.07026726007461548,-0.004477867856621742,0.0388806015253067,0.04744386672973633
16760,0.3848842978477478,0.25810083746910095,0.15378119051456451,0.1471499502658844,0.09067333489656448,0.1023128554224968,0.07031787186861038,-0.004483410157263279,0.03715096414089203,0.047182224690914154
16780,0.3848990201950073,0.25801604986190796,0.15384168922901154,0.14719432592391968,0.0907735526561737,0.10233087092638016,0.07033997774124146,-0.004486031364649534,0.03820504993200302,0.04733111709356308
16800,0.3848319947719574,0.2580808103084564,0.15384697914123535,0.14720557630062103,0.09081803262233734,0.10236149281263351,0.070371113717556,-0.00448305020108819,0.03843213617801666,0.04660455510020256
16820,0.38459208607673645,0.25811129808425903,0.1538933366537094,0.14729757606983185,0.09087010473012924,0.1023636907339096,0.0704052597284317,-0.004477695096284151,0.040755417197942734,0.046833738684654236
16840,0.3847876787185669,0.2580638527870178,0.15394991636276245,0.14734694361686707,0.09093402326107025,0.10235196352005005,0.07039415091276169,-0.00448146415874362,0.0370093397796154,0.046484436839818954
16860,0.38463738560676575,0.25805872678756714,0.15402208268642426,0.14739085733890533,0.09095437824726105,0.10237638652324677,0.07042565196752548,-0.004480063449591398,0.03731580451130867,0.04627612978219986
16880,0.38466304540634155,0.2579966187477112,0.15405598282814026,0.14740848541259766,0.0909808799624443,0.10241158306598663,0.07041210681200027,-0.004477428738027811,0.037556298077106476,0.04666570574045181
16900,0.3846586346626282,0.2580856680870056,0.1541299670934677,0.1474335938692093,0.09101300686597824,0.1024160161614418,0.07041294872760773,-0.004478587303310633,0.03875891864299774,0.04739053174853325
16920,0.3847368657588959,0.25809207558631897,0.1541602611541748,0.1473901867866516,0.0910581648349762,0.1024361252784729,0.07044417411088943,-0.004481603391468525,0.038392651826143265,0.04737144336104393
16940,0.38468867540359497,0.25817227363586426,0.15430723130702972,0.14743945002555847,0.09113167971372604,0.1024678498506546,0.07047362625598907,-0.004483154974877834,0.037828002125024796,0.045873675495386124
16960,0.3846939206123352,0.258080393075943,0.15426357090473175,0.14750954508781433,0.09113776683807373,0.10249602794647217,0.07050139456987381,-0.004485679790377617,0.03870093822479248,0.046169184148311615
16980,0.38461047410964966,0.25810736417770386,0.15428833663463593,0.1475088745355606,0.09115741401910782,0.10250037163496017,0.07048674672842026,-0.004486925899982452,0.03699200600385666,0.04660051316022873
17000,0.3846732974052429,0.25810277462005615,0.1543215811252594,0.14759767055511475,0.09124455600976944,0.10254031419754028,0.07052222639322281,-0.004491994623094797,0.036880042403936386,0.04627150297164917
17020,0.3847227692604065,0.25805237889289856,0.15434937179088593,0.14760272204875946,0.0912715494632721,0.1025700494647026,0.07053489983081818,-0.004494932480156422,0.038202542811632156,0.046659521758556366
17040,0.38466450572013855,0.25819867849349976,0.1543949544429779,0.14753557741641998,0.09129972010850906,0.10257434844970703,0.07055274397134781,-0.00449769152328372,0.03722924739122391,0.04720301553606987
17060,0.3845762312412262,0.2581786513328552,0.15446247160434723,0.14758002758026123,0.09133215248584747,0.10256829112768173,0.07055170834064484,-0.0044949655421078205,0.03757837042212486,0.04563669487833977
17080,0.38450440764427185,0.25813421607017517,0.15448220074176788,0.14765878021717072,0.09137019515037537,0.10258015245199203,0.0705786645412445,-0.004486637189984322,0.0369085855782032,0.046201981604099274
17100,0.3844200670719147,0.25817084312438965,0.15450792014598846,0.14759580790996552,0.09140200912952423,0.10253672301769257,0.07060452550649643,-0.00449411291629076,0.03772600740194321,0.04628812521696091
17120,0.3844130337238312,0.2582550346851349,0.1545666605234146,0.14762866497039795,0.09145436435937881,0.10256779193878174,0.07061323523521423,-0.00450284406542778,0.038684237748384476,0.04708351194858551
17140,0.3844750225543976,0.2582522928714752,0.1546591967344284,0.14764706790447235,0.09149586409330368,0.10256881266832352,0.07062441855669022,-0.0045076473616063595,0.03787638619542122,0.04669102281332016
17160,0.3843918740749359,0.2581976652145386,0.15471623837947845,0.147698774933815,0.09151431918144226,0.10254532843828201,0.07064259797334671,-0.004512435290962458,0.03772097826004028,0.046944037079811096
17180,0.38439711928367615,0.25823667645454407,0.15475504100322723,0.14776428043842316,0.09157820791006088,0.1025848463177681,0.07063646614551544,-0.004508104175329208,0.03759971633553505,0.04597001522779465
17200,0.3843194842338562,0.2581937611103058,0.15475130081176758,0.14781585335731506,0.09160777181386948,0.10261402279138565,0.07063926011323929,-0.004508000332862139,0.03752445429563522,0.048332709819078445
17220,0.3844435214996338,0.25824111700057983,0.15480689704418182,0.14782196283340454,0.0916929766535759,0.10270201414823532,0.07068529725074768,-0.0045150276273489,0.03852856904268265,0.04744937643408775
17240,0.38443702459335327,0.25837376713752747,0.15487095713615417,0.14784789085388184,0.09173561632633209,0.10274385660886765,0.07072841376066208,-0.00451424578204751,0.03605552017688751,0.04663875699043274
17260,0.3843678832054138,0.25841909646987915,0.1549556404352188,0.14791293442249298,0.09176739305257797,0.10276032239198685,0.07071252167224884,-0.00451938109472394,0.037604160606861115,0.04799656197428703
17280,0.3843763768672943,0.2583843767642975,0.15500237047672272,0.14792750775814056,0.09181731194257736,0.10279221832752228,0.07072868198156357,-0.004528848920017481,0.03692147135734558,0.04607236757874489
17300,0.3842649757862091,0.25834083557128906,0.15503092110157013,0.14796088635921478,0.09188482165336609,0.10281482338905334,0.07077173888683319,-0.004532756749540567,0.03957618772983551,0.04719207435846329
17320,0.3842611610889435,0.2584417462348938,0.1550791710615158,0.14795127511024475,0.09189688414335251,0.10279965400695801,0.07075793296098709,-0.004535249900072813,0.037179093807935715,0.04645076394081116
17340,0.3843160569667816,0.25843459367752075,0.1551007181406021,0.1479659378528595,0.09193738549947739,0.10280909389257431,0.0707705169916153,-0.004540537018328905,0.036027926951646805,0.047079119831323624
17360,0.3842160105705261,0.2584477663040161,0.15511678159236908,0.14802275598049164,0.09194739162921906,0.10281892865896225,0.0707617849111557,-0.00453950697556138,0.038547661155462265,0.047682881355285645
17380,0.3842896819114685,0.2585383355617523,0.15521618723869324,0.1480673849582672,0.09201353788375854,0.10282794386148453,0.07075618207454681,-0.0045406692661345005,0.037781860679388046,0.04750560224056244
17400,0.3844221234321594,0.25860336422920227,0.15527936816215515,0.14807608723640442,0.0920334979891777,0.10285424441099167,0.07078228890895844,-0.004541356116533279,0.03718584030866623,0.04694871976971626
17420,0.3843061923980713,0.2585934102535248,0.15530496835708618,0.14814026653766632,0.0920635536313057,0.10288994014263153,0.07077419012784958,-0.004540387075394392,0.03842070326209068,0.046276748180389404
17440,0.38420993089675903,0.2585994005203247,0.15533573925495148,0.14812229573726654,0.0921030268073082,0.10291270166635513,0.07082011550664902,-0.004545204807072878,0.03713316470384598,0.0466497465968132
17460,0.3841538429260254,0.2585386335849762,0.15543702244758606,0.1481352150440216,0.09211792796850204,0.1029144749045372,0.0708283931016922,-0.0045459456741809845,0.03629219904541969,0.04627296328544617
17480,0.3841043710708618,0.2585837244987488,0.15552233159542084,0.14824752509593964,0.09216658025979996,0.10293225198984146,0.07087653875350952,-0.004548993427306414,0.038589030504226685,0.04759420454502106
17500,0.3841741383075714,0.2585567533969879,0.15555475652217865,0.14827008545398712,0.09219245612621307,0.10291608422994614,0.07086989283561707,-0.004547751508653164,0.03846894949674606,0.046964652836322784
17520,0.3841632008552551,0.2585795223712921,0.15557292103767395,0.14834809303283691,0.09223781526088715,0.10294550657272339,0.07090608030557632,-0.004549478646367788,0.03762054443359375,0.04593020677566528
17540,0.38423657417297363,0.2586110830307007,0.15566875040531158,0.1483268141746521,0.09228412806987762,0.10296760499477386,0.07093337923288345,-0.004551130812615156,0.03863333910703659,0.04773101210594177
17560,0.3842034935951233,0.25859349966049194,0.15571248531341553,0.1484091877937317,0.09233392030000687,0.10301599651575089,0.07093875855207443,-0.0045571839436888695,0.03722216933965683,0.04683123156428337
17580,0.38427937030792236,0.2585923671722412,0.1557188332080841,0.14848187565803528,0.09241284430027008,0.1030656024813652,0.0709647536277771,-0.00456086965277791,0.0367845743894577,0.046384911984205246
17600,0.3842824697494507,0.2586013972759247,0.15575523674488068,0.1484309732913971,0.09242011606693268,0.10308511555194855,0.07095865160226822,-0.004569389391690493,0.0370614156126976,0.04613629728555679
17620,0.3841956853866577,0.2585843503475189,0.1558273285627365,0.1484522819519043,0.09244141727685928,0.10309726744890213,0.07100676745176315,-0.00457336800172925,0.03662484139204025,0.04627176374197006
17640,0.38409674167633057,0.2586512565612793,0.1559002846479416,0.1485164612531662,0.0924869030714035,0.1031111627817154,0.0710190013051033,-0.00457729259505868,0.03553194925189018,0.04766954109072685
17660,0.384065717458725,0.2586035132408142,0.15590281784534454,0.14846588671207428,0.09250164031982422,0.10310311615467072,0.07105278968811035,-0.00458195386454463,0.0365503765642643,0.04628551006317139
17680,0.3840322196483612,0.25859880447387695,0.1560169905424118,0.1485624462366104,0.09257646650075912,0.10311974585056305,0.07104083895683289,-0.004582049325108528,0.03690725192427635,0.04599790275096893
17700,0.38401079177856445,0.25858035683631897,0.15609394013881683,0.14853064715862274,0.09260301291942596,0.10311689227819443,0.0710502564907074,-0.004589806776493788,0.03793264180421829,0.04839165136218071
17720,0.384106308221817,0.2586419880390167,0.15615962445735931,0.14862918853759766,0.09265778213739395,0.10317199677228928,0.07107385993003845,-0.004590712953358889,0.037874288856983185,0.04653694108128548
17740,0.3841836154460907,0.25871217250823975,0.15615051984786987,0.14865683019161224,0.09268206357955933,0.10316832363605499,0.0710979774594307,-0.004589850548654795,0.03734079748392105,0.04670082777738571
17760,0.38417014479637146,0.2586655020713806,0.15615811944007874,0.14872610569000244,0.09272225946187973,0.1031733900308609,0.07111287862062454,-0.0045941234566271305,0.03720813989639282,0.04571531340479851
17780,0.3839435875415802,0.2586459517478943,0.15627437829971313,0.1487187296152115,0.09273246675729752,0.10319390147924423,0.07114652544260025,-0.004594397731125355,0.036957528442144394,0.04734698683023453
17800,0.38395628333091736,0.25866076350212097,0.15628041326999664,0.14868716895580292,0.09276731312274933,0.10320492088794708,0.07113391160964966,-0.004603470675647259,0.03806021437048912,0.04746067523956299
17820,0.3839026689529419,0.258658230304718,0.15631480515003204,0.14873634278774261,0.09284543246030807,0.10324383527040482,0.07117462903261185,-0.004605959635227919,0.03663519397377968,0.0464622862637043
17840,0.38396450877189636,0.25872156023979187,0.15644848346710205,0.14876243472099304,0.09289854019880295,0.10323968529701233,0.07117486000061035,-0.004613333381712437,0.03828984498977661,0.047931794077157974
17860,0.3839294910430908,0.2587297260761261,0.1564551740884781,0.1487925946712494,0.09290814399719238,0.1032666265964508,0.0711972713470459,-0.004615034908056259,0.0383000522851944,0.0474051758646965
17880,0.38387423753738403,0.25871649384498596,0.15649831295013428,0.14881043136119843,0.09296437352895737,0.10327327251434326,0.0712510496377945,-0.004612375050783157,0.038887713104486465,0.04628463089466095
17900,0.3838450312614441,0.258658766746521,0.15653209388256073,0.14886479079723358,0.0930292159318924,0.10328651964664459,0.07124848663806915,-0.004613210912793875,0.0364072248339653,0.045796722173690796
17920,0.38380008935928345,0.25876808166503906,0.15660881996154785,0.14882394671440125,0.09304642677307129,0.10326041281223297,0.07124671339988708,-0.004612138960510492,0.03800145909190178,0.046779438853263855
17940,0.38395607471466064,0.2586783170700073,0.15665428340435028,0.14885374903678894,0.09310407936573029,0.10326061397790909,0.07125715911388397,-0.004608495160937309,0.038716185837984085,0.04590115696191788
17960,0.38378745317459106,0.2587796449661255,0.15668870508670807,0.1488851010799408,0.09315043687820435,0.10328834503889084,0.07129555940628052,-0.004607731942087412,0.038021281361579895,0.04726438969373703
17980,0.3839428722858429,0.25882694125175476,0.15666590631008148,0.14889194071292877,0.09322968125343323,0.10330968350172043,0.07131820917129517,-0.0046114083379507065,0.03887886926531792,0.04631783440709114
18000,0.3838886320590973,0.2589068114757538,0.15674501657485962,0.14896512031555176,0.09325709939002991,0.10331502556800842,0.07136694341897964,-0.0046158237382769585,0.036999817937612534,0.04610685259103775
18020,0.3837878108024597,0.2588338553905487,0.1567920744419098,0.14897945523262024,0.09329045563936234,0.10335051268339157,0.07136659324169159,-0.004620016552507877,0.03637826070189476,0.04745400324463844
18040,0.3837621510028839,0.2588485777378082,0.15686681866645813,0.1489841341972351,0.09334413707256317,0.10337751358747482,0.07136151939630508,-0.004623458720743656,0.03633396327495575,0.04612508416175842
18060,0.3837270438671112,0.25899961590766907,0.15697535872459412,0.14897266030311584,0.09338093549013138,0.10335791110992432,0.07137890160083771,-0.004615746438503265,0.03661182150244713,0.04621659964323044
18080,0.38379967212677,0.2589787244796753,0.1569642722606659,0.1490153819322586,0.09339189529418945,0.10339051485061646,0.07137180119752884,-0.004613982979208231,0.03717061132192612,0.046723488718271255
18100,0.3838717043399811,0.25897014141082764,0.1569785177707672,0.14903315901756287,0.09342728555202484,0.10341428220272064,0.07137054204940796,-0.004612607415765524,0.03680719807744026,0.04703669995069504
18120,0.3839775025844574,0.2589443624019623,0.157018780708313,0.14904101192951202,0.0934923067688942,0.10345330834388733,0.07141748070716858,-0.004611728712916374,0.037625089287757874,0.046504516154527664
18140,0.38391000032424927,0.2589764893054962,0.1570740044116974,0.14906591176986694,0.09352928400039673,0.10345003008842468,0.07141619920730591,-0.004616286139935255,0.037650950253009796,0.04713626950979233
18160,0.38380759954452515,0.25899291038513184,0.15711010992527008,0.1490665227174759,0.09355515241622925,0.10345818102359772,0.07144361734390259,-0.004619779996573925,0.036151353269815445,0.04567280411720276
18180,0.383709579706192,0.25898730754852295,0.15719957649707794,0.14909124374389648,0.09361832588911057,0.10343851149082184,0.071482814848423,-0.004620852880179882,0.03737282752990723,0.04623722285032272
18200,0.3838173449039459,0.2589031159877777,0.15725447237491608,0.14907701313495636,0.09365414083003998,0.10346689820289612,0.07149568945169449,-0.004628076683729887,0.03767856955528259,0.04703105241060257
18220,0.38373348116874695,0.25896620750427246,0.15725752711296082,0.14908215403556824,0.09371611475944519,0.10347603261470795,0.07150115817785263,-0.004629187751561403,0.03547942265868187,0.04666148126125336
18240,0.3836357295513153,0.25900739431381226,0.1572991907596588,0.14909781515598297,0.09374002367258072,0.10345835983753204,0.07154323160648346,-0.004631009418517351,0.03650708124041557,0.045631542801856995
18260,0.3835935592651367,0.25904273986816406,0.15730276703834534,0.1491653323173523,0.0937807559967041,0.103437140583992,0.07155056297779083,-0.004633782431483269,0.03759907931089401,0.04558582976460457
18280,0.38356882333755493,0.2590106129646301,0.15731103718280792,0.14919354021549225,0.09382513910531998,0.10344874113798141,0.07160986959934235,-0.004643527790904045,0.03706403821706772,0.046147171407938004
18300,0.3834152817726135,0.25909799337387085,0.15737570822238922,0.14920233190059662,0.09389142692089081,0.10345463454723358,0.07159840315580368,-0.0046488321386277676,0.03661093860864639,0.04659403860569
18320,0.3833073377609253,0.2590417265892029,0.15750563144683838,0.14922651648521423,0.09393083304166794,0.10347576439380646,0.07159963995218277,-0.0046547530218958855,0.03602945804595947,0.0460997149348259
18340,0.38320887088775635,0.2591194212436676,0.1575232744216919,0.1492677927017212,0.09396381676197052,0.10348912328481674,0.07161898910999298,-0.004661428742110729,0.03747464343905449,0.04578991234302521
18360,0.3834214508533478,0.2591519057750702,0.1575462818145752,0.1492464393377304,0.09398075938224792,0.10345928370952606,0.07165907323360443,-0.004662680439651012,0.036658138036727905,0.046082042157649994
18380,0.383216917514801,0.2591625154018402,0.1575530767440796,0.14928528666496277,0.09402228146791458,0.10347209125757217,0.07169650495052338,-0.004666612483561039,0.03635979816317558,0.047205377370119095
18400,0.3831387460231781,0.25911378860473633,0.15763075649738312,0.14935560524463654,0.09408431500196457,0.1034882590174675,0.07168781012296677,-0.004663378000259399,0.036299046128988266,0.046115465462207794
18420,0.38319331407546997,0.2591307759284973,0.15759579837322235,0.14936146140098572,0.09414578229188919,0.10350988060235977,0.07169856131076813,-0.004666444845497608,0.03630778566002846,0.04582693427801132
18440,0.38302749395370483,0.25908511877059937,0.15766280889511108,0.1493915468454361,0.09418080747127533,0.10352391749620438,0.07173074036836624,-0.004656039644032717,0.03786603733897209,0.045380473136901855
18460,0.3829926550388336,0.2590934634208679,0.15767091512680054,0.1494203507900238,0.09420984983444214,0.10351256281137466,0.07172540575265884,-0.004662040621042252,0.037091538310050964,0.04736856371164322
18480,0.3831494152545929,0.259052038192749,0.1577654480934143,0.149477019906044,0.0942545160651207,0.10351276397705078,0.07175717502832413,-0.004662959836423397,0.03896275907754898,0.045905664563179016
18500,0.38307249546051025,0.25915923714637756,0.1577972024679184,0.14944174885749817,0.0942823737859726,0.10356182605028152,0.07177339494228363,-0.004663865547627211,0.036079179495573044,0.04669579863548279
18520,0.38314032554626465,0.259140282869339,0.15776896476745605,0.1494436264038086,0.09431728720664978,0.1035868376493454,0.07176496088504791,-0.004666121676564217,0.03673271834850311,0.04719915613532066
18540,0.3831937611103058,0.2591998875141144,0.15782442688941956,0.1494767963886261,0.09434545785188675,0.1035919263958931,0.07179540395736694,-0.00466672470793128,0.03765415772795677,0.046132758259773254
18560,0.38322019577026367,0.2592185437679291,0.15786176919937134,0.14953327178955078,0.0943954810500145,0.10362011194229126,0.07178235799074173,-0.004668266978114843,0.03728711977601051,0.04560859128832817
18580,0.38321828842163086,0.2592281103134155,0.1579103320837021,0.14952805638313293,0.09444569051265717,0.10360065847635269,0.07181975245475769,-0.004668401088565588,0.0380542017519474,0.046254195272922516
18600,0.383247047662735,0.25921252369880676,0.15787531435489655,0.1495426893234253,0.0944739505648613,0.10359185934066772,0.07183931767940521,-0.004677575547248125,0.036077383905649185,0.04533746466040611
18620,0.3831806778907776,0.2592066526412964,0.1579122543334961,0.14953313767910004,0.09452806413173676,0.10361313819885254,0.07181920856237411,-0.004676139447838068,0.03673352301120758,0.0473284050822258
18640,0.3831908702850342,0.259231299161911,0.1579112559556961,0.14956174790859222,0.09454923123121262,0.10363388806581497,0.0718287006020546,-0.004674877505749464,0.03744968771934509,0.04595411941409111
18660,0.38312727212905884,0.25927022099494934,0.1579940766096115,0.1495724469423294,0.09460330754518509,0.10362036526203156,0.07184009253978729,-0.004679953679442406,0.036053720861673355,0.04590851441025734
18680,0.38309645652770996,0.25926244258880615,0.15801870822906494,0.14955967664718628,0.09462916851043701,0.10363591462373734,0.07184571027755737,-0.004679822362959385,0.03591977059841156,0.04635823518037796
18700,0.3830561339855194,0.25926831364631653,0.15810346603393555,0.14956782758235931,0.09469176083803177,0.10364111512899399,0.07183385640382767,-0.004681638441979885,0.03769102692604065,0.04556968808174133
18720,0.38292527198791504,0.25931933522224426,0.15815852582454681,0.14964476227760315,0.09469210356473923,0.10365159064531326,0.07186047732830048,-0.0046858093701303005,0.03671317547559738,0.04628553241491318
18740,0.38284361362457275,0.259324312210083,0.15818379819393158,0.14958502352237701,0.09471793472766876,0.10366793721914291,0.07184972614049911,-0.0046913172118365765,0.03833192214369774,0.0461667999625206
18760,0.38283684849739075,0.25924789905548096,0.15822698175907135,0.1496313363313675,0.09478505700826645,0.10371015965938568,0.0718734934926033,-0.004695083014667034,0.037540797144174576,0.04628872498869896
18780,0.3829061686992645,0.2593366801738739,0.158318430185318,0.14957483112812042,0.09479904174804688,0.10369601845741272,0.07186392694711685,-0.004705714527517557,0.03676819056272507,0.04589122161269188
18800,0.3829023241996765,0.2593432664871216,0.15833546221256256,0.14962229132652283,0.09481731057167053,0.10370606929063797,0.07187677919864655,-0.004706737585365772,0.03624684736132622,0.04620794579386711
18820,0.38275137543678284,0.2592673897743225,0.15835589170455933,0.14967410266399384,0.09484861046075821,0.10373865067958832,0.07188953459262848,-0.004711552523076534,0.0375012531876564,0.045745596289634705
18840,0.38276174664497375,0.2592945694923401,0.15837451815605164,0.149751678109169,0.09484725445508957,0.1037357896566391,0.07191720604896545,-0.004707401618361473,0.03639303520321846,0.04602421447634697
18860,0.38275694847106934,0.2592929005622864,0.15841703116893768,0.14983099699020386,0.09490372240543365,0.10374700278043747,0.07191862910985947,-0.004704702645540237,0.0374336913228035,0.0486101433634758
18880,0.38276517391204834,0.25932466983795166,0.1584949940443039,0.1498575508594513,0.0949413925409317,0.10372850298881531,0.07191343605518341,-0.004712439142167568,0.03636802360415459,0.046841930598020554
18900,0.3827885687351227,0.2593342661857605,0.15853793919086456,0.14991450309753418,0.0949745625257492,0.10370057076215744,0.07192091643810272,-0.0047109792940318584,0.03753572329878807,0.04631219804286957
18920,0.3828069567680359,0.25933343172073364,0.1585758775472641,0.14995096623897552,0.09502368420362473,0.10373348742723465,0.07194273173809052,-0.004719095770269632,0.03811256214976311,0.04676242172718048
18940,0.38269326090812683,0.2593359351158142,0.15854856371879578,0.14998455345630646,0.09507467597723007,0.10374390333890915,0.0719786286354065,-0.004723353311419487,0.03724730759859085,0.046292148530483246
18960,0.38269418478012085,0.2593500316143036,0.15855546295642853,0.14998993277549744,0.09509554505348206,0.10374995321035385,0.07201332598924637,-0.004721404984593391,0.037714142352342606,0.04521586745977402
18980,0.3825075030326843,0.259368896484375,0.15864503383636475,0.14998021721839905,0.0951627790927887,0.10377158969640732,0.07204019278287888,-0.004728854633867741,0.03609421104192734,0.04581820219755173
19000,0.3825991749763489,0.25932905077934265,0.1586223542690277,0.14995987713336945,0.09518066048622131,0.10377267748117447,0.07206158339977264,-0.004733385052531958,0.03727300092577934,0.04645984619855881
19020,0.3826153874397278,0.25932425260543823,0.1586637645959854,0.15000221133232117,0.09520842880010605,0.10376735031604767,0.07208181172609329,-0.004732300061732531,0.03631105273962021,0.046999964863061905
19040,0.38267356157302856,0.25934410095214844,0.15869103372097015,0.15006719529628754,0.09524985402822495,0.10382465273141861,0.07208825647830963,-0.004739945754408836,0.03643350303173065,0.04557056725025177
19060,0.3827715814113617,0.2593569755554199,0.15872721374034882,0.15007926523685455,0.0952790156006813,0.10381491482257843,0.07211360335350037,-0.004744214471429586,0.03715397045016289,0.0459609217941761
19080,0.3827250599861145,0.2593245506286621,0.15874867141246796,0.15008608996868134,0.09532458335161209,0.10385970026254654,0.072159044444561,-0.004750384483486414,0.03588182106614113,0.04581489786505699
19100,0.38266322016716003,0.2593699097633362,0.1587575078010559,0.1500706821680069,0.09534890949726105,0.10383793711662292,0.07219268381595612,-0.004760229028761387,0.0370049774646759,0.04769919812679291
19120,0.38245296478271484,0.2593885362148285,0.15883448719978333,0.15009671449661255,0.09538253396749496,0.10391521453857422,0.0721936821937561,-0.004758339375257492,0.03735106810927391,0.04593832790851593
19140,0.3826216161251068,0.25926536321640015,0.15881198644638062,0.15003634989261627,0.0953846126794815,0.10394806414842606,0.07217297703027725,-0.004762823693454266,0.03686273470520973,0.04640562832355499
19160,0.3824343979358673,0.2593333423137665,0.15891866385936737,0.15013854205608368,0.09544581174850464,0.1039508655667305,0.07219325751066208,-0.004759697709232569,0.03734947368502617,0.0475219301879406
19180,0.3825462758541107,0.259371817111969,0.15895135700702667,0.15012426674365997,0.09548354148864746,0.10394515097141266,0.07223726809024811,-0.004761093761771917,0.03639760613441467,0.048158928751945496
19200,0.3823865056037903,0.25929224491119385,0.15898385643959045,0.15013335645198822,0.09552619606256485,0.10396236181259155,0.07223765552043915,-0.004760382231324911,0.040430378168821335,0.04747581481933594
19220,0.3824519217014313,0.25936657190322876,0.1589936912059784,0.15013399720191956,0.0955657884478569,0.10397086292505264,0.07225453108549118,-0.004758410155773163,0.03706147149205208,0.04657113552093506
19240,0.3823135495185852,0.2593797743320465,0.15909139811992645,0.15017196536064148,0.09560295939445496,0.10397839546203613,0.0722864642739296,-0.004760044626891613,0.036649439483881,0.04626147076487541
19260,0.38230136036872864,0.259337842464447,0.15915070474147797,0.15020674467086792,0.0956207737326622,0.103978730738163,0.07235419005155563,-0.004765489138662815,0.037302058190107346,0.045392606407403946
19280,0.38241562247276306,0.2592619061470032,0.15908442437648773,0.15024538338184357,0.09564007073640823,0.10400888323783875,0.07234025746583939,-0.004768957383930683,0.03674290329217911,0.04511592909693718
19300,0.38237181305885315,0.2593025267124176,0.15913593769073486,0.15022873878479004,0.0956449955701828,0.10401125252246857,0.07233680784702301,-0.004774185363203287,0.03634723275899887,0.04599930718541145
19320,0.3823389410972595,0.25929880142211914,0.15917393565177917,0.15028069913387299,0.0956893265247345,0.10399360954761505,0.07234016060829163,-0.004778960719704628,0.03693820536136627,0.04647594317793846
19340,0.38224148750305176,0.2592581510543823,0.15921184420585632,0.15030689537525177,0.09576357901096344,0.10402493178844452,0.07235875725746155,-0.004783240146934986,0.036504097282886505,0.04597575590014458
19360,0.3823338449001312,0.25926169753074646,0.15928992629051208,0.15036465227603912,0.09579682350158691,0.10403870046138763,0.0723843201994896,-0.004783331882208586,0.03586933761835098,0.046473387628793716
19380,0.3822292983531952,0.25918668508529663,0.15928411483764648,0.1503800004720688,0.09585246443748474,0.10405243188142776,0.07237834483385086,-0.004789197351783514,0.036207377910614014,0.045966051518917084
19400,0.3822345733642578,0.2593342363834381,0.15934622287750244,0.15036125481128693,0.09589634090662003,0.10406505316495895,0.0723499208688736,-0.004792382009327412,0.03534071519970894,0.047324810177087784
19420,0.38215598464012146,0.25934162735939026,0.15940745174884796,0.15038271248340607,0.095932736992836,0.10409858077764511,0.07238610088825226,-0.004792015999555588,0.0357324555516243,0.04495571181178093
19440,0.3822256624698639,0.2593253254890442,0.15944866836071014,0.15038777887821198,0.09596189856529236,0.10408790409564972,0.07238128036260605,-0.004792667459696531,0.03672293201088905,0.045206278562545776
19460,0.38218531012535095,0.2592722773551941,0.15940384566783905,0.15043097734451294,0.09600140154361725,0.10410822927951813,0.07237151265144348,-0.004801799543201923,0.036207184195518494,0.04667229205369949
19480,0.38216108083724976,0.25933215022087097,0.1594610959291458,0.15046215057373047,0.09601566195487976,0.10410436987876892,0.07241107523441315,-0.004809636622667313,0.03610511124134064,0.045124150812625885
19500,0.3819480538368225,0.2593315541744232,0.15946675837039948,0.15049630403518677,0.09603945165872574,0.10414470732212067,0.07240626960992813,-0.0048129200004041195,0.0367690734565258,0.04714344069361687
19520,0.38190147280693054,0.2593623399734497,0.15952740609645844,0.15055756270885468,0.09607025235891342,0.1041538417339325,0.07238668203353882,-0.0048190695233643055,0.03631401062011719,0.04562988877296448
19540,0.3817910850048065,0.25934696197509766,0.1595579981803894,0.1506166160106659,0.09610611945390701,0.10412943363189697,0.07238645851612091,-0.0048201060853898525,0.03468896821141243,0.04557280242443085
19560,0.3818413019180298,0.2594415843486786,0.15962965786457062,0.15062233805656433,0.09613203257322311,0.10413952171802521,0.07238776981830597,-0.0048188716173172,0.03678544610738754,0.04792749136686325
19580,0.3819625973701477,0.2592894434928894,0.15961050987243652,0.15065084397792816,0.09616677463054657,0.10417491942644119,0.07243333011865616,-0.004823645111173391,0.035605210810899734,0.04614686220884323
19600,0.3818196952342987,0.2592765688896179,0.15964758396148682,0.1506834775209427,0.09623241424560547,0.10417822003364563,0.07247111201286316,-0.004830467980355024,0.03663843870162964,0.04582567512989044
19620,0.38184866309165955,0.2593373954296112,0.1597040742635727,0.1507359892129898,0.09625403583049774,0.10412999987602234,0.07248511165380478,-0.004834888037294149,0.035505808889865875,0.045242562890052795
19640,0.3818044066429138,0.25932809710502625,0.1597515046596527,0.1507345736026764,0.09629698842763901,0.10413698107004166,0.0724852904677391,-0.004840584937483072,0.03522230684757233,0.04562164843082428
19660,0.3816531002521515,0.2593030333518982,0.159750297665596,0.1508006900548935,0.0963316336274147,0.10411636531352997,0.07248419523239136,-0.004844364710152149,0.03531155735254288,0.04652787744998932
19680,0.3816271126270294,0.2592170834541321,0.1598176211118698,0.15074434876441956,0.09635604918003082,0.10414658486843109,0.07254888117313385,-0.004853174556046724,0.0363151878118515,0.04605560004711151
19700,0.3816773593425751,0.2592793405056,0.15987691283226013,0.15074938535690308,0.09637247771024704,0.10415633022785187,0.07252566516399384,-0.004856971558183432,0.03691699355840683,0.04562157392501831
19720,0.3818257451057434,0.2592836022377014,0.15993548929691315,0.15079931914806366,0.09643543511629105,0.10418175905942917,0.07256139069795609,-0.00485494127497077,0.03595651313662529,0.046456605195999146
19740,0.3817446529865265,0.25925907492637634,0.15994486212730408,0.15082083642482758,0.09645246714353561,0.10417156666517258,0.0725635215640068,-0.004861646797508001,0.035255320370197296,0.04517466947436333
19760,0.38162052631378174,0.2593103051185608,0.16000035405158997,0.15085098147392273,0.09650173783302307,0.1041664406657219,0.07254697382450104,-0.00486545218154788,0.036331262439489365,0.0457252562046051
19780,0.3815852701663971,0.25931939482688904,0.16002050042152405,0.1508382260799408,0.09652330726385117,0.10416378080844879,0.07256609201431274,-0.004864927381277084,0.03586955368518829,0.04597882926464081
19800,0.3815217912197113,0.25935375690460205,0.16005520522594452,0.1508832424879074,0.09654583781957626,0.10417026281356812,0.0725921168923378,-0.004866276867687702,0.035247400403022766,0.04680745303630829
19820,0.3815503716468811,0.2593457102775574,0.16008585691452026,0.15087467432022095,0.09657911211252213,0.10418158024549484,0.07259170711040497,-0.0048702070489525795,0.03587235510349274,0.04679643362760544
19840,0.3814052641391754,0.25938680768013,0.1602056920528412,0.1508670449256897,0.09662701934576035,0.10413617640733719,0.07261677831411362,-0.004874675069004297,0.03586918115615845,0.04789736494421959
19860,0.381507933139801,0.25928306579589844,0.16019831597805023,0.1508462280035019,0.09664830565452576,0.10414410382509232,0.07266990095376968,-0.004873653873801231,0.036860544234514236,0.045534923672676086
19880,0.3814547061920166,0.2593129277229309,0.16021570563316345,0.15088483691215515,0.09669123589992523,0.1041562631726265,0.07266775518655777,-0.004876153543591499,0.036564119160175323,0.046678945422172546
19900,0.38145115971565247,0.25930851697921753,0.16025714576244354,0.15092752873897552,0.09677305817604065,0.104149229824543,0.07267758250236511,-0.004878887441009283,0.03532060235738754,0.04557499662041664
19920,0.3814701437950134,0.25933533906936646,0.16027343273162842,0.15092457830905914,0.09675148129463196,0.10416074842214584,0.07267726212739944,-0.004883858375251293,0.03682192414999008,0.045851871371269226
19940,0.3812471628189087,0.25929373502731323,0.16036184132099152,0.1509719341993332,0.09679766744375229,0.1041748970746994,0.0726931020617485,-0.0048911720514297485,0.03557359427213669,0.04664164409041405
19960,0.38118475675582886,0.2593427896499634,0.1603541523218155,0.1509542614221573,0.09680011868476868,0.10417337715625763,0.07272353023290634,-0.004889290314167738,0.03753289952874184,0.04582073166966438
19980,0.38128793239593506,0.2593082785606384,0.16036997735500336,0.15102259814739227,0.09688693284988403,0.10420642793178558,0.07274165749549866,-0.004887393210083246,0.03605002909898758,0.04666440188884735
20000,0.3812369108200073,0.2592978775501251,0.16041377186775208,0.15102723240852356,0.09688355028629303,0.10420450568199158,0.07273074984550476,-0.004889957141131163,0.03798925131559372,0.04644729569554329
20020,0.3813544809818268,0.25920918583869934,0.16039304435253143,0.15108366310596466,0.09691867977380753,0.1042010635137558,0.07273395359516144,-0.004892432596534491,0.03773745521903038,0.04634437337517738
20040,0.3812507092952728,0.25933268666267395,0.16049756109714508,0.15112167596817017,0.09695369005203247,0.10418747365474701,0.0727381482720375,-0.0048959702253341675,0.03568840026855469,0.04613092914223671
20060,0.38139185309410095,0.2592662274837494,0.16054411232471466,0.15118342638015747,0.09700321406126022,0.10421010106801987,0.0727684274315834,-0.004897751845419407,0.0368569977581501,0.04587744176387787
20080,0.38139835000038147,0.25922244787216187,0.1605517566204071,0.15118972957134247,0.0970301702618599,0.10422176122665405,0.07284188270568848,-0.00489821145310998,0.03573255240917206,0.04659026861190796
20100,0.3813517987728119,0.25927889347076416,0.16058149933815002,0.15128789842128754,0.09705319255590439,0.10419114679098129,0.07284846156835556,-0.004894087556749582,0.03459088131785393,0.04548042267560959
20120,0.38133805990219116,0.2593476474285126,0.16063611209392548,0.15124453604221344,0.09707199037075043,0.10419950634241104,0.07281827181577682,-0.004904189612716436,0.03653629124164581,0.04614407196640968
20140,0.3813009560108185,0.25939345359802246,0.16066157817840576,0.15126945078372955,0.09711197763681412,0.10422515124082565,0.0728168860077858,-0.004903324879705906,0.035898685455322266,0.04536869004368782
20160,0.38126346468925476,0.2593476176261902,0.16066646575927734,0.15127906203269958,0.09716347604990005,0.1042310819029808,0.072828508913517,-0.004907175432890654,0.03492371365427971,0.046286944299936295
20180,0.3813175559043884,0.2592780590057373,0.16077330708503723,0.15128448605537415,0.09720493853092194,0.1042218953371048,0.0728537067770958,-0.004907826893031597,0.036520469933748245,0.04571228101849556
20200,0.38119012117385864,0.2593115568161011,0.1607677936553955,0.15128295123577118,0.09727111458778381,0.10422194749116898,0.07285517454147339,-0.004916039761155844,0.03512393310666084,0.045257940888404846
20220,0.38125550746917725,0.25936615467071533,0.16074009239673615,0.15127991139888763,0.09730130434036255,0.10425322502851486,0.0728239119052887,-0.004918346647173166,0.03652573749423027,0.04590979963541031
20240,0.381112664937973,0.2593357563018799,0.16071830689907074,0.15127255022525787,0.09735177457332611,0.10425704717636108,0.0728713870048523,-0.004923638887703419,0.03561098501086235,0.04612400382757187
20260,0.3811553418636322,0.2593134045600891,0.1607629358768463,0.1513272523880005,0.09741193056106567,0.10428116470575333,0.07287099212408066,-0.004927820060402155,0.03531716391444206,0.04637540876865387
20280,0.3810138702392578,0.259299099445343,0.1608283817768097,0.1513495147228241,0.0974346324801445,0.1042947843670845,0.07287313044071198,-0.004934046883136034,0.034993525594472885,0.045322127640247345
20300,0.38111236691474915,0.2592373788356781,0.16078992187976837,0.15131066739559174,0.09745825082063675,0.1042829155921936,0.0728512778878212,-0.004934435244649649,0.03567953407764435,0.045601360499858856
20320,0.381056547164917,0.25923168659210205,0.16087374091148376,0.15134692192077637,0.09751485288143158,0.1042892262339592,0.072868213057518,-0.0049392483197152615,0.03700050711631775,0.04517630487680435
20340,0.38106608390808105,0.2591882348060608,0.1608951985836029,0.15135475993156433,0.097531758248806,0.10429740697145462,0.07287133485078812,-0.00493885762989521,0.03942379355430603,0.04520580917596817
20360,0.3809698522090912,0.25930190086364746,0.16094131767749786,0.1513262391090393,0.09756577759981155,0.10429022461175919,0.07287539541721344,-0.004941723775118589,0.03551855310797691,0.04580385982990265
20380,0.3809945583343506,0.25926685333251953,0.1609576940536499,0.15138275921344757,0.09759994596242905,0.1042846217751503,0.07291723042726517,-0.004939096048474312,0.035596467554569244,0.04563743248581886
20400,0.38097408413887024,0.2593063414096832,0.1610047072172165,0.15138129889965057,0.09762324392795563,0.10430154949426651,0.07293077558279037,-0.0049400245770812035,0.03535520285367966,0.04591582715511322
20420,0.38091498613357544,0.25933754444122314,0.16099239885807037,0.15144070982933044,0.09769588708877563,0.10427594184875488,0.0729471892118454,-0.004946479573845863,0.03499956056475639,0.04561331123113632
20440,0.3810591697692871,0.2593283951282501,0.16098426282405853,0.1513856202363968,0.09772908687591553,0.10426359623670578,0.07294781506061554,-0.0049522253684699535,0.03766417130827904,0.046830061823129654
20460,0.3811197578907013,0.2593127489089966,0.16103622317314148,0.15138503909111023,0.09779684990644455,0.10434234887361526,0.07297221571207047,-0.004953280091285706,0.03481978178024292,0.04587607458233833
20480,0.3812292218208313,0.25944605469703674,0.1611393392086029,0.15142932534217834,0.09780668467283249,0.10430943220853806,0.0729992687702179,-0.004952877294272184,0.03612130507826805,0.0482756644487381
20500,0.38133856654167175,0.25940874218940735,0.16118313372135162,0.15151970088481903,0.09786521643400192,0.10432211309671402,0.07302195578813553,-0.004945253487676382,0.03603541478514671,0.04623102396726608
20520,0.3811902403831482,0.2593255341053009,0.16117483377456665,0.15150386095046997,0.09789078682661057,0.10434010624885559,0.07304684072732925,-0.004944336600601673,0.03478175401687622,0.04578845947980881
20540,0.38111552596092224,0.259333997964859,0.16125598549842834,0.15148472785949707,0.09793495386838913,0.10433617234230042,0.07308469712734222,-0.004951693117618561,0.03410862758755684,0.04565117880702019
20560,0.3810216784477234,0.25936296582221985,0.16131898760795593,0.15147481858730316,0.09795386344194412,0.10435540229082108,0.07309678941965103,-0.004951666574925184,0.03648923337459564,0.04642704874277115
20580,0.3810427486896515,0.25935110449790955,0.16134169697761536,0.15144427120685577,0.09799487888813019,0.1043592169880867,0.07309330999851227,-0.004958403762429953,0.03621749207377434,0.04728644713759422
20600,0.3811378479003906,0.2593734562397003,0.16139823198318481,0.1514473706483841,0.09801975637674332,0.10430919378995895,0.07311756908893585,-0.0049613299779593945,0.0371418222784996,0.0472082793712616
20620,0.3811672031879425,0.25938525795936584,0.16142453253269196,0.15149468183517456,0.09809031337499619,0.1043187752366066,0.07309287786483765,-0.004965289030224085,0.03563202545046806,0.045132771134376526
20640,0.3809545636177063,0.25933781266212463,0.16149091720581055,0.15153895318508148,0.09813619405031204,0.10434220731258392,0.07310964167118073,-0.004972813650965691,0.034522637724876404,0.04601191356778145
20660,0.38091546297073364,0.25938448309898376,0.16149531304836273,0.1515408456325531,0.09816417843103409,0.1043449118733406,0.07309898734092712,-0.004967654123902321,0.035358309745788574,0.046075575053691864
20680,0.3809266686439514,0.2593534588813782,0.1614876538515091,0.15157535672187805,0.098201222717762,0.10434582084417343,0.07311616092920303,-0.004971798975020647,0.03647307679057121,0.04532806575298309
20700,0.38106030225753784,0.2593391537666321,0.16144122183322906,0.15164302289485931,0.0982498973608017,0.10432717204093933,0.07311908900737762,-0.004973066039383411,0.035559386014938354,0.04668508470058441
20720,0.3809772729873657,0.25937724113464355,0.16146470606327057,0.1516057848930359,0.09830224514007568,0.10436117649078369,0.07315173000097275,-0.004975884687155485,0.035018645226955414,0.04533896967768669
20740,0.3810335397720337,0.25945010781288147,0.16152754426002502,0.15164367854595184,0.09831299632787704,0.10434920340776443,0.07318428158760071,-0.004979285411536694,0.03799552470445633,0.044926512986421585
20760,0.38100770115852356,0.2594427466392517,0.1614936739206314,0.15159977972507477,0.09833158552646637,0.1043575257062912,0.07319238781929016,-0.004983250983059406,0.03442714363336563,0.04678190499544144
20780,0.38091138005256653,0.2594817876815796,0.16159576177597046,0.15162570774555206,0.09840557724237442,0.10439130663871765,0.07318800687789917,-0.004975277464836836,0.03431281819939613,0.04652002826333046
20800,0.3808163106441498,0.25953415036201477,0.16167275607585907,0.15164920687675476,0.09842191636562347,0.10435318201780319,0.07322372496128082,-0.0049789343029260635,0.034062329679727554,0.04500289261341095
20820,0.3807581961154938,0.25953245162963867,0.16163893043994904,0.15163002908229828,0.09844190627336502,0.10433545708656311,0.07324225455522537,-0.004983223043382168,0.03557351231575012,0.04537792131304741
20840,0.38079968094825745,0.2595207393169403,0.16159754991531372,0.1515749841928482,0.09848101437091827,0.10436511039733887,0.07325850427150726,-0.0049886140041053295,0.037320200353860855,0.045351773500442505
20860,0.38065871596336365,0.25942352414131165,0.1616135686635971,0.15168598294258118,0.09855052083730698,0.10434620082378387,0.0732320174574852,-0.004990817978978157,0.034818749874830246,0.04487943649291992
20880,0.3807526230812073,0.25947073101997375,0.16166499257087708,0.15175341069698334,0.0985691249370575,0.10431913286447525,0.07321636378765106,-0.004995597526431084,0.03351535275578499,0.045329391956329346
20900,0.3805729150772095,0.25956490635871887,0.16173408925533295,0.15174803137779236,0.09859848767518997,0.10429491847753525,0.0732174813747406,-0.004993861075490713,0.034349601715803146,0.04543733596801758
20920,0.3805901110172272,0.25957927107810974,0.16175363957881927,0.15171891450881958,0.0986282005906105,0.10429069399833679,0.07324518263339996,-0.004994501825422049,0.03586077317595482,0.04518236964941025
20940,0.3804892897605896,0.2596188485622406,0.16182191669940948,0.15177135169506073,0.09862922877073288,0.10431423038244247,0.07328309863805771,-0.004989382345229387,0.035747628659009933,0.04694113880395889
20960,0.38041579723358154,0.25963592529296875,0.16187937557697296,0.15174522995948792,0.09865747392177582,0.10432492941617966,0.07326351851224899,-0.005001617129892111,0.03519703820347786,0.046006910502910614
20980,0.3805180788040161,0.25964170694351196,0.16192710399627686,0.15177500247955322,0.09868615120649338,0.10433563590049744,0.07326653599739075,-0.00500519759953022,0.03538704663515091,0.04557386040687561
21000,0.38048967719078064,0.25968894362449646,0.16193830966949463,0.15178510546684265,0.09868290275335312,0.10434696823358536,0.07329676300287247,-0.005017088260501623,0.03492361679673195,0.04557027667760849
21020,0.38055434823036194,0.259583443403244,0.16193127632141113,0.1518726944923401,0.09871071577072144,0.104354627430439,0.07334498316049576,-0.005020378157496452,0.03496915474534035,0.046810999512672424
21040,0.3806120753288269,0.2595885097980499,0.16196314990520477,0.15185338258743286,0.0987558364868164,0.10435910522937775,0.07333344966173172,-0.005027126520872116,0.034756168723106384,0.04619104787707329
21060,0.38049882650375366,0.2596658766269684,0.16201527416706085,0.15190233290195465,0.09876541048288345,0.10433357954025269,0.07332553714513779,-0.005022155586630106,0.03635994344949722,0.0456356406211853
21080,0.38042545318603516,0.25967904925346375,0.16202247142791748,0.1519223004579544,0.09880045056343079,0.10433127731084824,0.07335583120584488,-0.005021593067795038,0.03560801222920418,0.04630827158689499
21100,0.3803485333919525,0.2595880329608917,0.16203418374061584,0.15195943415164948,0.09884963929653168,0.10437843203544617,0.07333647459745407,-0.005019834265112877,0.034852221608161926,0.04515686258673668
21120,0.38038304448127747,0.2595369815826416,0.1621238738298416,0.1519809067249298,0.09887348860502243,0.10435914248228073,0.07334667444229126,-0.0050248047336936,0.03635004535317421,0.04514554888010025
21140,0.3803178071975708,0.2596000134944916,0.1621675193309784,0.1519627720117569,0.09890265017747879,0.10433592647314072,0.0733439028263092,-0.0050332131795585155,0.0353325717151165,0.04548732191324234
21160,0.3802816867828369,0.2595111131668091,0.16207686066627502,0.15194463729858398,0.09892510622739792,0.10434070229530334,0.07335863262414932,-0.005035453476011753,0.0340871699154377,0.04493378475308418
21180,0.3800446093082428,0.2596081793308258,0.1621779054403305,0.15196534991264343,0.09894342720508575,0.1043444573879242,0.0733739510178566,-0.005038592964410782,0.03446463868021965,0.044837478548288345
21200,0.3800900876522064,0.2596484422683716,0.1622287631034851,0.15198871493339539,0.09898960590362549,0.10435642302036285,0.07334838807582855,-0.005036596674472094,0.035893503576517105,0.046269506216049194
21220,0.380187064409256,0.2596498131752014,0.16218891739845276,0.15196773409843445,0.09899752587080002,0.10433469712734222,0.07333018630743027,-0.005044751800596714,0.0351894348859787,0.0458875373005867
21240,0.3801174461841583,0.25960683822631836,0.16226568818092346,0.15208682417869568,0.09904491156339645,0.10433467477560043,0.07336913049221039,-0.0050455015152692795,0.03404484689235687,0.045622147619724274
21260,0.3799741268157959,0.2595537006855011,0.16235417127609253,0.15214209258556366,0.09909062087535858,0.1043616384267807,0.07339654862880707,-0.005048387683928013,0.03568638116121292,0.04539979249238968
21280,0.3801991939544678,0.25954046845436096,0.16242145001888275,0.15205983817577362,0.09910216182470322,0.10433247685432434,0.07338982075452805,-0.005052170250564814,0.0344945453107357,0.04592670127749443
21300,0.38024041056632996,0.2595623731613159,0.1624022275209427,0.1520802527666092,0.0991702526807785,0.10437554121017456,0.07342817634344101,-0.005056710913777351,0.036047518253326416,0.045611292123794556
21320,0.3803303837776184,0.25953811407089233,0.16243131458759308,0.1521012932062149,0.09922489523887634,0.1043853759765625,0.07346629351377487,-0.005060461349785328,0.034928493201732635,0.04565022140741348
21340,0.38020747900009155,0.25940605998039246,0.1624712198972702,0.15210825204849243,0.09925378113985062,0.10439907759428024,0.07348430901765823,-0.005058540031313896,0.0340292751789093,0.04524426534771919
21360,0.38002273440361023,0.25950974225997925,0.16252288222312927,0.15210501849651337,0.0993017703294754,0.1044013500213623,0.07353784143924713,-0.005063510965555906,0.03493020683526993,0.04474618658423424
21380,0.3799828290939331,0.25946736335754395,0.16252340376377106,0.15211215615272522,0.09931731224060059,0.1043737381696701,0.07351694256067276,-0.005069265142083168,0.03496845066547394,0.045432306826114655
21400,0.3799194395542145,0.25945132970809937,0.16256345808506012,0.15211910009384155,0.09933696687221527,0.10437748581171036,0.07352759689092636,-0.005072638858109713,0.034529976546764374,0.0447688102722168
21420,0.3798615634441376,0.2594103515148163,0.16254426538944244,0.15212704241275787,0.0993671640753746,0.10438696295022964,0.07350368797779083,-0.005074328277260065,0.03541886433959007,0.046664003282785416
21440,0.38000065088272095,0.2594113051891327,0.16253727674484253,0.15210215747356415,0.09942649304866791,0.10438502579927444,0.07348914444446564,-0.005083783995360136,0.034046974033117294,0.04569131135940552
21460,0.37992486357688904,0.2593989074230194,0.16254565119743347,0.15211878716945648,0.09948129206895828,0.10436345636844635,0.07352835685014725,-0.005083960480988026,0.0350637324154377,0.04515419155359268
21480,0.3797470033168793,0.2593948543071747,0.1625531017780304,0.15215234458446503,0.09950736165046692,0.10436947643756866,0.07353051751852036,-0.005083079915493727,0.03471865877509117,0.04556325450539589
21500,0.37993308901786804,0.25933516025543213,0.16256743669509888,0.1521940976381302,0.0995577722787857,0.10434005409479141,0.0735187828540802,-0.0050841402262449265,0.03567066043615341,0.04550018534064293
21520,0.3799242377281189,0.2593758702278137,0.16265812516212463,0.1522083878517151,0.09961433708667755,0.10432689636945724,0.07353054732084274,-0.005085125099867582,0.03668797016143799,0.046412475407123566
21540,0.37976545095443726,0.25939303636550903,0.16270975768566132,0.1522063910961151,0.09963908791542053,0.10434406995773315,0.07354007661342621,-0.005088410805910826,0.03445415571331978,0.04603531211614609
21560,0.37983086705207825,0.2593308687210083,0.1626843959093094,0.15225131809711456,0.09968262165784836,0.10437250882387161,0.07353602349758148,-0.005095000844448805,0.03435276821255684,0.04504123330116272
21580,0.37974756956100464,0.2593342661857605,0.16271084547042847,0.1522361785173416,0.0996730774641037,0.10437723994255066,0.07355852425098419,-0.005094011314213276,0.03326670825481415,0.04527829587459564
21600,0.3797204792499542,0.2593485414981842,0.16278541088104248,0.1522655040025711,0.09970954805612564,0.10434462130069733,0.07356030493974686,-0.005097039509564638,0.0343969501554966,0.045073095709085464
21620,0.3798382878303528,0.25927531719207764,0.1626972109079361,0.15230132639408112,0.09973587095737457,0.10433606803417206,0.07352511584758759,-0.00509478198364377,0.03495144471526146,0.04617837071418762
21640,0.379677951335907,0.25934675335884094,0.1628403663635254,0.15227694809436798,0.09978882968425751,0.10436011105775833,0.07353538274765015,-0.005103398580104113,0.03413195163011551,0.04530589282512665
21660,0.37963834404945374,0.2592988908290863,0.16287913918495178,0.15234239399433136,0.09981990605592728,0.1043679267168045,0.07352399080991745,-0.0051071252673864365,0.0341915600001812,0.04573192074894905
21680,0.37972888350486755,0.25930190086364746,0.1628684401512146,0.15232937037944794,0.09986363351345062,0.10436608642339706,0.07353562861680984,-0.005105229560285807,0.034891899675130844,0.04584035649895668
21700,0.37964382767677307,0.25932973623275757,0.16289114952087402,0.15233631432056427,0.09989868104457855,0.10432734340429306,0.0735662654042244,-0.005108451470732689,0.03506830707192421,0.04496482014656067
21720,0.3797549307346344,0.25938576459884644,0.16294007003307343,0.15238438546657562,0.09992830455303192,0.10431939363479614,0.0735904648900032,-0.005115696229040623,0.035315632820129395,0.04751839488744736
21740,0.37985092401504517,0.25939929485321045,0.16284272074699402,0.1523439586162567,0.099928118288517,0.10431446880102158,0.0735592320561409,-0.005119472276419401,0.03407275676727295,0.045810870826244354
21760,0.37961727380752563,0.25937527418136597,0.1629221886396408,0.15245328843593597,0.10001876950263977,0.1043730080127716,0.07355388253927231,-0.005120798945426941,0.03498561307787895,0.04541128873825073
21780,0.3796192407608032,0.2593686878681183,0.1629563421010971,0.15243257582187653,0.10005681961774826,0.10434483736753464,0.07358840107917786,-0.005118520464748144,0.03480926528573036,0.04558282345533371
21800,0.3797127306461334,0.2593919634819031,0.16295573115348816,0.15247198939323425,0.10009028762578964,0.10439664125442505,0.07360460609197617,-0.005118668079376221,0.03442491218447685,0.04640084505081177
21820,0.37962770462036133,0.2593802511692047,0.1630135029554367,0.1524629145860672,0.10012325644493103,0.10435273498296738,0.07360275089740753,-0.005121214315295219,0.03398950397968292,0.04543931037187576
21840,0.379689484834671,0.2592494487762451,0.16292062401771545,0.152483731508255,0.10013794898986816,0.10438209772109985,0.07364924997091293,-0.00512677663937211,0.036836545914411545,0.04557967185974121
21860,0.37956467270851135,0.2592942416667938,0.1630602478981018,0.15253594517707825,0.10015133768320084,0.10437241941690445,0.073660708963871,-0.005126365460455418,0.034007832407951355,0.04470236971974373
21880,0.3794592320919037,0.2592126131057739,0.1630617082118988,0.15252158045768738,0.10017205029726028,0.10440165549516678,0.07364386320114136,-0.005127067677676678,0.035761505365371704,0.0461585707962513
21900,0.37967658042907715,0.25928574800491333,0.1630682349205017,0.15248367190361023,0.10020113736391068,0.10437990725040436,0.0736742839217186,-0.005129583645612001,0.03499915450811386,0.04527489095926285
21920,0.37968093156814575,0.25927895307540894,0.1630411148071289,0.15250162780284882,0.10023295134305954,0.10435298830270767,0.0737202987074852,-0.005130306351929903,0.03449849784374237,0.049381934106349945
21940,0.3796937167644501,0.2592836618423462,0.16309073567390442,0.15255765616893768,0.10031414777040482,0.10437940061092377,0.07372137159109116,-0.005130578763782978,0.03469495475292206,0.045592356473207474
21960,0.3796272575855255,0.259267121553421,0.16311965882778168,0.15257716178894043,0.10036615282297134,0.10439001023769379,0.0737774595618248,-0.005129981320351362,0.03428712487220764,0.04510793834924698
21980,0.379639595746994,0.2593407928943634,0.16308678686618805,0.15250824391841888,0.1003776490688324,0.10437458753585815,0.07375176250934601,-0.005142771173268557,0.034550804644823074,0.04512258991599083
22000,0.3795127868652344,0.25929704308509827,0.1631394326686859,0.15250979363918304,0.10037793219089508,0.10438222438097,0.07374896109104156,-0.005146220792084932,0.03372444212436676,0.04498763382434845
22020,0.379496306180954,0.25926780700683594,0.16316211223602295,0.15250302851200104,0.1004333645105362,0.10438203811645508,0.07373935729265213,-0.005147404037415981,0.03420480340719223,0.04556552320718765
22040,0.37933358550071716,0.25928232073783875,0.16319558024406433,0.15255148708820343,0.10050371289253235,0.10437790304422379,0.07376333326101303,-0.0051495046354830265,0.035296905785799026,0.0453004390001297
22060,0.37922775745391846,0.2593022286891937,0.16317497193813324,0.15255530178546906,0.10053510218858719,0.10441400855779648,0.07379961758852005,-0.005151535850018263,0.034600578248500824,0.044874805957078934
22080,0.37929680943489075,0.25932326912879944,0.16321010887622833,0.15255868434906006,0.10054544359445572,0.10439492017030716,0.07379047572612762,-0.005163374822586775,0.03469318896532059,0.045212045311927795
22100,0.37926286458969116,0.2592841386795044,0.1632644534111023,0.1525856852531433,0.10060770809650421,0.10436863452196121,0.0737994909286499,-0.005167299881577492,0.033819980919361115,0.04505503550171852
22120,0.3792833387851715,0.2591795325279236,0.16327114403247833,0.1525798738002777,0.10064558684825897,0.10438773781061172,0.07379195839166641,-0.005173496436327696,0.03431070223450661,0.04552433267235756
22140,0.37926584482192993,0.2591542899608612,0.16327990591526031,0.15261420607566833,0.10066647827625275,0.1044044941663742,0.07380050420761108,-0.005179638508707285,0.036846823990345,0.04504472762346268
22160,0.37926480174064636,0.2591344714164734,0.16338641941547394,0.1525750458240509,0.1006862223148346,0.1043734923005104,0.07379436492919922,-0.005183621775358915,0.034331925213336945,0.04529830068349838
22180,0.3792525827884674,0.25909754633903503,0.1634020209312439,0.15265260636806488,0.10073203593492508,0.10437627881765366,0.0738273561000824,-0.005181585438549519,0.03509347885847092,0.04588211327791214
22200,0.3791743218898773,0.2591269314289093,0.16339270770549774,0.15264807641506195,0.10074815154075623,0.10441766679286957,0.07386364787817001,-0.0051857102662324905,0.03399794548749924,0.04722868278622627
22220,0.37917235493659973,0.259086012840271,0.1634804606437683,0.1527094542980194,0.10079702734947205,0.1044110581278801,0.0739014521241188,-0.005190472584217787,0.033266495913267136,0.044479966163635254
22240,0.3792230486869812,0.25908783078193665,0.16352032124996185,0.15269885957241058,0.10081762820482254,0.10439293086528778,0.07389256358146667,-0.005188481882214546,0.035485442727804184,0.0449070930480957
22260,0.3791395425796509,0.2590646743774414,0.1635267585515976,0.152711883187294,0.1008361354470253,0.10439029335975647,0.07389036566019058,-0.005198437254875898,0.03326205536723137,0.04522097855806351
22280,0.37906304001808167,0.2590014934539795,0.1635647416114807,0.15269972383975983,0.1008598580956459,0.10437838733196259,0.07387173920869827,-0.005203276872634888,0.03463519364595413,0.04497988522052765
22300,0.3790501058101654,0.25902876257896423,0.16355487704277039,0.15270471572875977,0.10087700933218002,0.10437577217817307,0.07386279106140137,-0.005211448296904564,0.03445105254650116,0.046407800167798996
22320,0.3790273666381836,0.2591080069541931,0.16364198923110962,0.15271234512329102,0.10091743618249893,0.10440080612897873,0.07387679815292358,-0.005217278841882944,0.03421860188245773,0.046235207468271255
22340,0.3790822923183441,0.25911304354667664,0.16369710862636566,0.15270528197288513,0.10093982517719269,0.10439933091402054,0.0738472118973732,-0.0052108499221503735,0.03545662760734558,0.046317409723997116
22360,0.3790256679058075,0.2590436339378357,0.16380245983600616,0.15271268784999847,0.10098941624164581,0.10440908372402191,0.07386079430580139,-0.005222303327172995,0.033508770167827606,0.04578807204961777
22380,0.37900102138519287,0.25904354453086853,0.1637646108865738,0.1527387499809265,0.10102628916501999,0.10440376400947571,0.07386859506368637,-0.005223528482019901,0.03342096880078316,0.044938184320926666
22400,0.37901973724365234,0.2590520679950714,0.16385716199874878,0.15274977684020996,0.10100612789392471,0.10439281165599823,0.0739012062549591,-0.005223726853728294,0.034467026591300964,0.045614756643772125
22420,0.37885594367980957,0.25904586911201477,0.1638626754283905,0.1527562439441681,0.10105551034212112,0.10444875061511993,0.07388484477996826,-0.005223885644227266,0.03432745486497879,0.0454321913421154
22440,0.3789032995700836,0.258990079164505,0.163823664188385,0.15274541079998016,0.10110708326101303,0.10447319597005844,0.07389718294143677,-0.005231345072388649,0.03502359241247177,0.04545813053846359
22460,0.378747820854187,0.25900793075561523,0.16390052437782288,0.1528034657239914,0.101146399974823,0.10444377362728119,0.07394701987504959,-0.005238604731857777,0.03404660150408745,0.04538256302475929
22480,0.37880638241767883,0.25902673602104187,0.16389776766300201,0.152816504240036,0.1011740118265152,0.10444813221693039,0.07394644618034363,-0.005246263928711414,0.035144366323947906,0.04600989818572998
22500,0.37883079051971436,0.25901082158088684,0.16399787366390228,0.1528855711221695,0.10125305503606796,0.10447463393211365,0.07398109138011932,-0.00524537917226553,0.03534199669957161,0.04530530050396919
22520,0.37883996963500977,0.25907695293426514,0.16403059661388397,0.15287449955940247,0.10123138129711151,0.10446237027645111,0.07396209985017776,-0.005251436028629541,0.03370923921465874,0.0472036674618721
22540,0.3789260685443878,0.2589552104473114,0.16390612721443176,0.15288729965686798,0.10125508159399033,0.10448335856199265,0.074020154774189,-0.005254778079688549,0.0335233137011528,0.0453498438000679
22560,0.37889835238456726,0.2590411305427551,0.16390179097652435,0.15286517143249512,0.10127401351928711,0.1044929176568985,0.07405135035514832,-0.0052559394389390945,0.033949851989746094,0.046402618288993835
22580,0.3788461983203888,0.2590077519416809,0.16397739946842194,0.15290935337543488,0.10128900408744812,0.104477159678936,0.07405062019824982,-0.005258315708488226,0.0346032939851284,0.044373370707035065
22600,0.3787553906440735,0.2589287757873535,0.16402123868465424,0.15295115113258362,0.10134922713041306,0.10444758832454681,0.07402470707893372,-0.005266403313726187,0.036016955971717834,0.04503847286105156
22620,0.3786381781101227,0.25898435711860657,0.16408702731132507,0.15294679999351501,0.10135117918252945,0.1044560894370079,0.07401340454816818,-0.005267668981105089,0.03344763442873955,0.04503777623176575
22640,0.37858471274375916,0.25908803939819336,0.16412046551704407,0.15292979776859283,0.10141568630933762,0.10444276034832001,0.07398436218500137,-0.005275835283100605,0.03484271466732025,0.04568453133106232
22660,0.3787310719490051,0.25914299488067627,0.16414566338062286,0.15292567014694214,0.10143467783927917,0.10440923273563385,0.07396075129508972,-0.005280757788568735,0.03389531001448631,0.04611411690711975
22680,0.3786565363407135,0.2591528296470642,0.1641261726617813,0.15292435884475708,0.10145917534828186,0.10440067946910858,0.07399187982082367,-0.005280687473714352,0.03338253125548363,0.04454612731933594
22700,0.37856462597846985,0.25903862714767456,0.1640947461128235,0.15300925076007843,0.10150867700576782,0.10441809147596359,0.07399605959653854,-0.005280096083879471,0.03439915180206299,0.04511716216802597
22720,0.37850016355514526,0.2590580880641937,0.16420966386795044,0.1530013531446457,0.10156212747097015,0.10439541190862656,0.07398012280464172,-0.005293427500873804,0.03536410629749298,0.04552794620394707
22740,0.37853357195854187,0.25908222794532776,0.16421431303024292,0.15296490490436554,0.10159216076135635,0.1043819934129715,0.07401571422815323,-0.005297637544572353,0.035067178308963776,0.0460149422287941
22760,0.3786238133907318,0.25902727246284485,0.16422916948795319,0.15302008390426636,0.10163514316082001,0.10439597070217133,0.07398426532745361,-0.005296701565384865,0.033654794096946716,0.045964885503053665
22780,0.3785642087459564,0.2590486705303192,0.16425998508930206,0.15302696824073792,0.1016586571931839,0.1044231504201889,0.07401105016469955,-0.005290728993713856,0.03344295918941498,0.045064885169267654
22800,0.37856319546699524,0.25903668999671936,0.16425707936286926,0.15302878618240356,0.10168564319610596,0.10440758615732193,0.07401914149522781,-0.0052985576912760735,0.03359851986169815,0.04485773295164108
22820,0.37842440605163574,0.2590996325016022,0.16436894237995148,0.15308398008346558,0.1017252653837204,0.10441922396421432,0.07404664158821106,-0.0052985805086791515,0.035392679274082184,0.045541755855083466
22840,0.37862974405288696,0.2590404748916626,0.16433118283748627,0.15304088592529297,0.10174443572759628,0.10442185401916504,0.0740663930773735,-0.005303055047988892,0.03308981657028198,0.04508926346898079
22860,0.3787202537059784,0.2591181993484497,0.16441655158996582,0.15305054187774658,0.10175909847021103,0.10440220683813095,0.07406289875507355,-0.005306538660079241,0.03640905022621155,0.045856673270463943
22880,0.37871479988098145,0.25907382369041443,0.16443414986133575,0.15306943655014038,0.10180950909852982,0.10439354926347733,0.07406237721443176,-0.00530758872628212,0.03451521322131157,0.044871095567941666
22900,0.37872806191444397,0.2590155601501465,0.1644286811351776,0.15302765369415283,0.10187657922506332,0.10439912974834442,0.07409245520830154,-0.005311425309628248,0.03363524004817009,0.045380234718322754
22920,0.3785189688205719,0.2589975893497467,0.16442513465881348,0.15304455161094666,0.10188916325569153,0.1044258251786232,0.07411351799964905,-0.005311917047947645,0.033408600836992264,0.045009784400463104
22940,0.3784432113170624,0.2588348686695099,0.16445858776569366,0.1530439555644989,0.10189060866832733,0.10442066937685013,0.07413394749164581,-0.005316663067787886,0.034573838114738464,0.04592195153236389
22960,0.37849855422973633,0.25894051790237427,0.16451022028923035,0.15309745073318481,0.10191012173891068,0.10444638878107071,0.07412421703338623,-0.0053176116198301315,0.03339365869760513,0.04437854886054993
22980,0.37843289971351624,0.2590251564979553,0.16453905403614044,0.15301525592803955,0.10191456228494644,0.10443062335252762,0.07412531971931458,-0.00532208476215601,0.034203093498945236,0.045901328325271606
23000,0.37858837842941284,0.2590145468711853,0.16458363831043243,0.15296810865402222,0.10193591564893723,0.10440430790185928,0.07414720952510834,-0.0053260293789207935,0.0342339389026165,0.046341028064489365
23020,0.378432035446167,0.25892364978790283,0.16458919644355774,0.1530347615480423,0.10198178887367249,0.10445012897253036,0.07418855279684067,-0.005332218483090401,0.03331993147730827,0.045102257281541824
23040,0.37861964106559753,0.2589595913887024,0.16456839442253113,0.15304385125637054,0.10201364010572433,0.10447437316179276,0.0741778090596199,-0.005333942361176014,0.033317647874355316,0.04588070139288902
23060,0.37862923741340637,0.2588999569416046,0.16463318467140198,0.15308581292629242,0.10202445834875107,0.10446381568908691,0.07419116050004959,-0.005332858767360449,0.033797863870859146,0.045476749539375305
23080,0.37865424156188965,0.2587982416152954,0.16465318202972412,0.15306897461414337,0.10207432508468628,0.10449330508708954,0.07419632375240326,-0.00533534400165081,0.03288321942090988,0.04530172049999237
23100,0.3784968852996826,0.2588525414466858,0.1646595597267151,0.15308505296707153,0.10211697220802307,0.10450578480958939,0.07418140023946762,-0.005346374586224556,0.03408237546682358,0.04494543746113777
23120,0.37844622135162354,0.2587771713733673,0.1647254079580307,0.15315619111061096,0.10214526206254959,0.10445084422826767,0.07416477799415588,-0.005346308462321758,0.03420118987560272,0.04526728391647339
23140,0.3783564865589142,0.2588706910610199,0.164720356464386,0.15309835970401764,0.1021365150809288,0.10440954566001892,0.07414717972278595,-0.005350510589778423,0.033521927893161774,0.045016560703516006
23160,0.3783782720565796,0.25885009765625,0.16472914814949036,0.15311793982982635,0.10216027498245239,0.10443757474422455,0.0741243064403534,-0.005354343913495541,0.03395840898156166,0.04634450376033783
23180,0.3782280385494232,0.25881120562553406,0.16473746299743652,0.1531732827425003,0.10216570645570755,0.10439158231019974,0.0741145983338356,-0.005362919066101313,0.03430517762899399,0.045581620186567307
23200,0.3782119154930115,0.25889384746551514,0.16476154327392578,0.15317608416080475,0.10222042351961136,0.1043928787112236,0.07413888722658157,-0.00536299217492342,0.03332541137933731,0.045023705810308456
23220,0.37817516922950745,0.2588132917881012,0.16481170058250427,0.15324106812477112,0.10224460810422897,0.10438002645969391,0.07411586493253708,-0.005371266510337591,0.03366009145975113,0.04525410383939743
23240,0.3782665431499481,0.25878793001174927,0.16479864716529846,0.1532081961631775,0.10227131098508835,0.10436943173408508,0.07412626594305038,-0.005384067073464394,0.03374094143509865,0.04602217301726341
23260,0.3781926929950714,0.25876232981681824,0.1647692769765854,0.1532171368598938,0.10227500647306442,0.10438575595617294,0.07414033263921738,-0.005396734923124313,0.03451590985059738,0.045153189450502396
23280,0.378262460231781,0.25876477360725403,0.16481643915176392,0.15328261256217957,0.102323018014431,0.104373998939991,0.07411521673202515,-0.005401363596320152,0.03416113182902336,0.04613098129630089
23300,0.37804895639419556,0.25882232189178467,0.16490472853183746,0.15328805148601532,0.1023530513048172,0.10439133644104004,0.07415438443422318,-0.005404128227382898,0.034566354006528854,0.04560123383998871
23320,0.37803322076797485,0.25877028703689575,0.16492018103599548,0.15325987339019775,0.10240307450294495,0.10436279326677322,0.07414822280406952,-0.005410349927842617,0.03390306979417801,0.046182870864868164
23340,0.37803179025650024,0.25874096155166626,0.1649150401353836,0.1532689481973648,0.10243237018585205,0.10434314608573914,0.0741182416677475,-0.005413145292550325,0.03352424129843712,0.0445624403655529
23360,0.37792155146598816,0.2587305009365082,0.16499629616737366,0.15335321426391602,0.10249530524015427,0.10435361415147781,0.07412471622228622,-0.005413374397903681,0.03350274637341499,0.04511459916830063
23380,0.3780553638935089,0.25879085063934326,0.16505996882915497,0.15327417850494385,0.10247325152158737,0.10430745780467987,0.07412120699882507,-0.005414503626525402,0.03323006629943848,0.045445848256349564
23400,0.37801146507263184,0.2587750256061554,0.16506388783454895,0.15331357717514038,0.10252632200717926,0.10435323417186737,0.0741301029920578,-0.005418989807367325,0.03316815569996834,0.04477810859680176
23420,0.37794989347457886,0.2587467432022095,0.16504862904548645,0.15330766141414642,0.10254322737455368,0.10436486452817917,0.07417266815900803,-0.005425703711807728,0.03324871137738228,0.04447710141539574
23440,0.37792786955833435,0.25874191522598267,0.1650432050228119,0.1532934308052063,0.10257809609174728,0.10432890802621841,0.07412946969270706,-0.005421653855592012,0.033461447805166245,0.04522295296192169
23460,0.37789487838745117,0.25867682695388794,0.16499218344688416,0.15327519178390503,0.10260473936796188,0.10433904081583023,0.07415992766618729,-0.005420338362455368,0.033391550183296204,0.0455082431435585
23480,0.37782543897628784,0.25869810581207275,0.1650538444519043,0.15327858924865723,0.1026139184832573,0.10430219769477844,0.07416916638612747,-0.005416689440608025,0.03340497985482216,0.044976238161325455
23500,0.37778034806251526,0.25872552394866943,0.16506506502628326,0.15329167246818542,0.10266441851854324,0.10428348183631897,0.07418598979711533,-0.005418123211711645,0.03368136286735535,0.04667631909251213
23520,0.3779202699661255,0.25870639085769653,0.16506513953208923,0.1532934159040451,0.10271388292312622,0.10429412871599197,0.07416917383670807,-0.005417364649474621,0.03402247279882431,0.04727451503276825
23540,0.37781351804733276,0.2586264908313751,0.1651415377855301,0.15342862904071808,0.10280957072973251,0.1043415367603302,0.07417913526296616,-0.005419603083282709,0.03328735753893852,0.046280521899461746
23560,0.3778470456600189,0.258619099855423,0.1651705950498581,0.15341243147850037,0.1028391420841217,0.10430661588907242,0.0741925835609436,-0.005420041736215353,0.03410392254590988,0.045437514781951904
23580,0.37800171971321106,0.2586055099964142,0.16515347361564636,0.15345823764801025,0.10287856310606003,0.10431156307458878,0.07416174560785294,-0.0054286145605146885,0.034232042729854584,0.04483712464570999
23600,0.37789472937583923,0.25856512784957886,0.16519014537334442,0.15344282984733582,0.10290667414665222,0.10429582744836807,0.07419085502624512,-0.005420379806309938,0.03308883681893349,0.04565529525279999
23620,0.377886027097702,0.2585257291793823,0.16518205404281616,0.15348310768604279,0.10292588174343109,0.10431738197803497,0.07420384138822556,-0.005420849192887545,0.03350258618593216,0.04451531916856766
23640,0.3778165280818939,0.2585378885269165,0.16522927582263947,0.1534241884946823,0.10292842239141464,0.10428950190544128,0.07417029142379761,-0.0054172431118786335,0.03326326236128807,0.045086875557899475
23660,0.37766334414482117,0.25852707028388977,0.16526511311531067,0.15341700613498688,0.10294678807258606,0.10427037626504898,0.07418544590473175,-0.005419702269136906,0.034772105515003204,0.04517723619937897
23680,0.37766528129577637,0.25847765803337097,0.16534793376922607,0.153437539935112,0.10296404361724854,0.10428450256586075,0.07419273257255554,-0.0054266187362372875,0.03348252922296524,0.04454442113637924
23700,0.377535879611969,0.2584493160247803,0.16537900269031525,0.15347015857696533,0.10301151871681213,0.10430483520030975,0.07421379536390305,-0.005429877433925867,0.03317064046859741,0.04418294131755829
23720,0.3775264620780945,0.2584625482559204,0.1654459685087204,0.15351009368896484,0.10304609686136246,0.10429518669843674,0.0742158442735672,-0.0054331254214048386,0.03346380591392517,0.046506308019161224
23740,0.37752535939216614,0.2584851384162903,0.16537074744701385,0.1534920036792755,0.10306389629840851,0.10427963733673096,0.07420610636472702,-0.0054369522258639336,0.034514013677835464,0.04648768529295921
23760,0.37754467129707336,0.25855425000190735,0.16545890271663666,0.15353071689605713,0.1031142845749855,0.1042630523443222,0.07422766089439392,-0.005447199568152428,0.033056505024433136,0.04518643021583557
23780,0.3774883449077606,0.25853458046913147,0.1654285043478012,0.15348748862743378,0.10311736911535263,0.10425667464733124,0.07419754564762115,-0.005442601628601551,0.03455466777086258,0.04539385437965393
23800,0.37738487124443054,0.25847211480140686,0.16545352339744568,0.15349231660366058,0.10315004736185074,0.10427457839250565,0.07424069941043854,-0.005439718719571829,0.034105636179447174,0.04726498946547508
23820,0.3773028254508972,0.25849083065986633,0.1654759645462036,0.15356335043907166,0.10317004472017288,0.10429845005273819,0.07422879338264465,-0.005439357366412878,0.03413129597902298,0.04510374367237091
23840,0.3773687779903412,0.2585109770298004,0.16551609337329865,0.1535501927137375,0.10320544987916946,0.10429618507623672,0.07424207031726837,-0.005445864517241716,0.03404567763209343,0.046343617141246796
23860,0.3773948550224304,0.258518248796463,0.1655002236366272,0.15355037152767181,0.1032334417104721,0.10429131239652634,0.07425805926322937,-0.005449800752103329,0.03402199223637581,0.04510371387004852
23880,0.3772630989551544,0.2584783434867859,0.16550111770629883,0.15357859432697296,0.10326356440782547,0.10424607992172241,0.07425668090581894,-0.005453856196254492,0.03347424790263176,0.0450277179479599
23900,0.3772958219051361,0.2585083842277527,0.16560500860214233,0.15359501540660858,0.10326956957578659,0.104230597615242,0.07425958663225174,-0.005457359366118908,0.032276902347803116,0.045590370893478394
23920,0.37724897265434265,0.25842756032943726,0.16561459004878998,0.15360751748085022,0.1033148467540741,0.10423977673053741,0.0742572695016861,-0.005462271627038717,0.03241223469376564,0.046449095010757446
23940,0.37720581889152527,0.25841349363327026,0.1656578779220581,0.15354953706264496,0.10333312302827835,0.10422975569963455,0.0742621198296547,-0.005466779228299856,0.03346255049109459,0.044867657124996185
23960,0.3773396611213684,0.25842753052711487,0.1656186580657959,0.15358756482601166,0.10337657481431961,0.10423291474580765,0.07427774369716644,-0.005467347335070372,0.03346627950668335,0.045661561191082
23980,0.3771853446960449,0.2585066556930542,0.16565708816051483,0.15354953706264496,0.10341533273458481,0.10426139831542969,0.0742899626493454,-0.005467533133924007,0.033556997776031494,0.04495835304260254
24000,0.37724193930625916,0.25846680998802185,0.16563773155212402,0.15358129143714905,0.10342653840780258,0.10424772650003433,0.07425396144390106,-0.005469802301377058,0.03284638002514839,0.04472450539469719
24020,0.3771524131298065,0.2584369480609894,0.1657307744026184,0.15359169244766235,0.10345561802387238,0.1042734682559967,0.0742797702550888,-0.005474959034472704,0.0326107032597065,0.04454372078180313
24040,0.37714824080467224,0.2584385573863983,0.1657598316669464,0.15354010462760925,0.1034839078783989,0.10426526516675949,0.07427139580249786,-0.00547635555267334,0.033703528344631195,0.04490143433213234
24060,0.37715235352516174,0.25843456387519836,0.16569073498249054,0.15355408191680908,0.10349079966545105,0.10428490489721298,0.07427173852920532,-0.0054782480001449585,0.03222179412841797,0.04465348646044731
24080,0.37704744935035706,0.25845181941986084,0.1657770872116089,0.15355287492275238,0.10348297655582428,0.10425478219985962,0.07427928596735,-0.005483636166900396,0.034491296857595444,0.04590969905257225
24100,0.37699979543685913,0.2584814429283142,0.16577303409576416,0.15356093645095825,0.10348435491323471,0.10421756654977798,0.0743027850985527,-0.005483297631144524,0.03387334570288658,0.04616369307041168
24120,0.37698492407798767,0.25846153497695923,0.16577227413654327,0.15362484753131866,0.10351645946502686,0.1041949987411499,0.07432551681995392,-0.005484351422637701,0.03432335704565048,0.04504983127117157
24140,0.3770825266838074,0.25835952162742615,0.1657898724079132,0.15356746315956116,0.10354522615671158,0.10420725494623184,0.07433009147644043,-0.005493140779435635,0.03316490352153778,0.04606368765234947
24160,0.3769321143627167,0.2584250569343567,0.16590820252895355,0.15361346304416656,0.10360439121723175,0.10419663786888123,0.07434258610010147,-0.005496584344655275,0.03334508836269379,0.04537896066904068
24180,0.37698471546173096,0.25838667154312134,0.165880024433136,0.15360793471336365,0.10363790392875671,0.10416481643915176,0.07433377951383591,-0.00549677386879921,0.03280660882592201,0.044462189078330994
24200,0.37706246972084045,0.2583678960800171,0.1659597009420395,0.15369227528572083,0.10369838774204254,0.10416745394468307,0.07435324788093567,-0.005500525236129761,0.03420411795377731,0.04560814052820206
24220,0.37709447741508484,0.25837448239326477,0.16598814725875854,0.15366622805595398,0.10371975600719452,0.10418998450040817,0.07432983815670013,-0.005511408671736717,0.032908082008361816,0.04499119520187378
24240,0.3770957887172699,0.25830715894699097,0.16601276397705078,0.15362824499607086,0.10374245792627335,0.10414374619722366,0.07432782649993896,-0.005517637822777033,0.03517461568117142,0.04508949816226959
24260,0.37706485390663147,0.2583823502063751,0.16597379744052887,0.15362846851348877,0.1037764921784401,0.10415071249008179,0.07433735579252243,-0.005515666212886572,0.033421680331230164,0.04577726125717163
24280,0.37703874707221985,0.2583463788032532,0.16596348583698273,0.1536625474691391,0.1037944108247757,0.104143887758255,0.0743434876203537,-0.0055157397873699665,0.03172462061047554,0.044478923082351685
24300,0.3770832419395447,0.2583783268928528,0.16600120067596436,0.1536579430103302,0.10380754619836807,0.1041109561920166,0.07434886693954468,-0.00551613187417388,0.031200475990772247,0.045735932886600494
24320,0.37698888778686523,0.2582530379295349,0.16600242257118225,0.1537286639213562,0.10381118953227997,0.1041378304362297,0.07435361295938492,-0.005516362376511097,0.036555223166942596,0.04582643508911133
24340,0.37693631649017334,0.2583029866218567,0.16605634987354279,0.153772234916687,0.10386881977319717,0.1041206419467926,0.07438512146472931,-0.005522105377167463,0.03448888659477234,0.04558935761451721
24360,0.3771023154258728,0.258240669965744,0.1660052388906479,0.15372560918331146,0.10395484417676926,0.10410783439874649,0.07440808415412903,-0.005529291927814484,0.03302304074168205,0.04486048221588135
24380,0.3770569860935211,0.25833839178085327,0.16597187519073486,0.1537848860025406,0.10395054519176483,0.10407592356204987,0.07443435490131378,-0.005536087788641453,0.033205192536115646,0.045384712517261505
24400,0.3771076798439026,0.25829702615737915,0.1659747213125229,0.15377295017242432,0.10395674407482147,0.10408841073513031,0.07442580908536911,-0.005541942548006773,0.03308497369289398,0.04608001559972763
24420,0.3770180642604828,0.2583465278148651,0.1659901887178421,0.15380693972110748,0.10398794710636139,0.104106105864048,0.07441424578428268,-0.005540733225643635,0.03377465158700943,0.04637427628040314
24440,0.3768722712993622,0.25835561752319336,0.1660829782485962,0.1538306027650833,0.10400038957595825,0.10410666465759277,0.07444845885038376,-0.005542449653148651,0.033475760370492935,0.04477653652429581
24460,0.37695783376693726,0.25836172699928284,0.1660034954547882,0.15381965041160583,0.10400746017694473,0.10411839187145233,0.07448358833789825,-0.005546606611460447,0.032236840575933456,0.04415832459926605
24480,0.3769567906856537,0.25830790400505066,0.16604763269424438,0.15386612713336945,0.10408416390419006,0.1040949746966362,0.07448328286409378,-0.0055505093187093735,0.034052375704050064,0.04476382955908775
24500,0.3769093453884125,0.2584063708782196,0.16610488295555115,0.15383191406726837,0.10404764860868454,0.10405278950929642,0.07448563724756241,-0.0055565242655575275,0.0331246592104435,0.044573135673999786
24520,0.3769284784793854,0.25832754373550415,0.16606858372688293,0.15383228659629822,0.10405772179365158,0.10407491773366928,0.07448239624500275,-0.0055645122192800045,0.03417610377073288,0.0450785830616951
24540,0.37685638666152954,0.258395254611969,0.16612623631954193,0.15385031700134277,0.1040339395403862,0.10404853522777557,0.07445810735225677,-0.005566623527556658,0.03417259454727173,0.04557347297668457
24560,0.3766052722930908,0.25835347175598145,0.16620798408985138,0.15385714173316956,0.10409130156040192,0.10407175868749619,0.07447345554828644,-0.005572558380663395,0.03251874819397926,0.04455548897385597
24580,0.37668824195861816,0.2583545744419098,0.16620473563671112,0.15389341115951538,0.1041354387998581,0.10403174161911011,0.07449804246425629,-0.005574211943894625,0.03302275016903877,0.045133668929338455
24600,0.37659093737602234,0.2584007680416107,0.16627812385559082,0.1539113074541092,0.10416970402002335,0.10404141992330551,0.07449276745319366,-0.0055747246369719505,0.03251010924577713,0.04450557380914688
24620,0.37654969096183777,0.25838518142700195,0.16630417108535767,0.1538960039615631,0.1042080670595169,0.10401596128940582,0.07452056556940079,-0.00558041874319315,0.034874942153692245,0.04493183642625809
24640,0.3764912784099579,0.25835341215133667,0.16629193723201752,0.1539013832807541,0.10420051217079163,0.10404934734106064,0.0745486468076706,-0.005591101013123989,0.034864168614149094,0.0442793071269989
24660,0.3765244781970978,0.2582620680332184,0.16632187366485596,0.15391430258750916,0.10422135889530182,0.10400448739528656,0.07455182075500488,-0.005599464755505323,0.03384587913751602,0.044647466391325
24680,0.37655189633369446,0.2583014965057373,0.16637837886810303,0.15391097962856293,0.10423189401626587,0.1040056049823761,0.07456842809915543,-0.005599524825811386,0.03310687467455864,0.045720264315605164
24700,0.37661463022232056,0.25824031233787537,0.1663556843996048,0.1539359986782074,0.10423827171325684,0.10399086028337479,0.0745571106672287,-0.005598435178399086,0.032573550939559937,0.045175425708293915
24720,0.3765012323856354,0.25824064016342163,0.1663835048675537,0.15396778285503387,0.10426503419876099,0.10400114953517914,0.07456934452056885,-0.005598267074674368,0.033384181559085846,0.04473420977592468
24740,0.3763566017150879,0.2581727206707001,0.16645310819149017,0.15398530662059784,0.10428006201982498,0.10400319844484329,0.07460388541221619,-0.005598488729447126,0.03321828693151474,0.04489406943321228
24760,0.3763750493526459,0.25811371207237244,0.16640932857990265,0.15401536226272583,0.10431478917598724,0.10400479286909103,0.07462362945079803,-0.0055991546250879765,0.03321784362196922,0.04470020532608032
24780,0.3763553500175476,0.2580975890159607,0.1663837730884552,0.15401242673397064,0.10436185449361801,0.1039758026599884,0.07466427981853485,-0.005606642924249172,0.03308825194835663,0.044983554631471634
24800,0.3763391971588135,0.2580985724925995,0.16641364991664886,0.15395240485668182,0.10439147800207138,0.10397133976221085,0.07468658685684204,-0.0056093656457960606,0.03318795561790466,0.04437480866909027
24820,0.3764610290527344,0.2580755352973938,0.16634146869182587,0.153938889503479,0.10438751429319382,0.10396525263786316,0.0746520608663559,-0.0056127202697098255,0.03240426629781723,0.04534880071878433
24840,0.3763945400714874,0.25812363624572754,0.16649088263511658,0.1539742350578308,0.1044355034828186,0.10393910855054855,0.07463909685611725,-0.005617247894406319,0.032093118876218796,0.044880133122205734
24860,0.3764992654323578,0.2579759955406189,0.16644899547100067,0.1539878398180008,0.10442766547203064,0.10394030809402466,0.07467538863420486,-0.00561857596039772,0.034492623060941696,0.04770093411207199
24880,0.3763893246650696,0.2580488622188568,0.16649527847766876,0.15404516458511353,0.10446666926145554,0.10397519171237946,0.07469390332698822,-0.005616054870188236,0.03349078446626663,0.04544328525662422
24900,0.37632930278778076,0.2581772804260254,0.16655075550079346,0.1540072113275528,0.10448510199785233,0.10398568212985992,0.07466362416744232,-0.005620031151920557,0.033018168061971664,0.04464001953601837
24920,0.3762664496898651,0.25805261731147766,0.16650068759918213,0.15395648777484894,0.10452141612768173,0.1039697676897049,0.0747215673327446,-0.005625984165817499,0.03316289559006691,0.04476955160498619
24940,0.37630096077919006,0.2581625282764435,0.16649757325649261,0.1539660543203354,0.10455962270498276,0.1039200872182846,0.07473064213991165,-0.005629532504826784,0.03351856768131256,0.04550952836871147
24960,0.3764321804046631,0.2581721246242523,0.1665114313364029,0.15400658547878265,0.10461433976888657,0.10390990972518921,0.07471759617328644,-0.005632387474179268,0.033390358090400696,0.045689038932323456
24980,0.37648820877075195,0.2581411600112915,0.16649173200130463,0.15406513214111328,0.10466516017913818,0.1039116233587265,0.07473209500312805,-0.005634711589664221,0.033567775040864944,0.04581058770418167
25000,0.3764311373233795,0.2582117021083832,0.16657313704490662,0.15407343208789825,0.1046842485666275,0.10391801595687866,0.07470530271530151,-0.005635776557028294,0.033544786274433136,0.045283280313014984
25020,0.3765101432800293,0.25817781686782837,0.1666214019060135,0.15408016741275787,0.1046987920999527,0.10392311215400696,0.07472413033246994,-0.0056367781944572926,0.03373025357723236,0.04476850852370262
25040,0.37643247842788696,0.25812509655952454,0.1666051745414734,0.1540425717830658,0.10471636056900024,0.10393992811441422,0.07472307980060577,-0.0056417472660541534,0.03273118659853935,0.04548828676342964
25060,0.3763580322265625,0.2581789493560791,0.1666382998228073,0.1540922075510025,0.10472296923398972,0.1039096936583519,0.07475552707910538,-0.005643787793815136,0.03462779521942139,0.044531580060720444
25080,0.37621447443962097,0.25817736983299255,0.16667181253433228,0.15413154661655426,0.10470961779356003,0.10390777885913849,0.07474309951066971,-0.0056486898101866245,0.03334907442331314,0.044601500034332275
25100,0.37616682052612305,0.25816142559051514,0.16669082641601562,0.15409645438194275,0.10470268875360489,0.10387987643480301,0.07475677132606506,-0.005653036758303642,0.03355192765593529,0.04524526372551918
25120,0.3759991526603699,0.25820016860961914,0.16679415106773376,0.1541799008846283,0.10476527363061905,0.10387898981571198,0.07473919540643692,-0.005655352957546711,0.03274150192737579,0.04470353573560715
25140,0.37618082761764526,0.2581125795841217,0.1667729616165161,0.15422473847866058,0.10480403900146484,0.10387112945318222,0.07474593073129654,-0.005661121103912592,0.03382936865091324,0.04570833966135979
25160,0.3761049807071686,0.2581837475299835,0.1667890101671219,0.15421734750270844,0.10482937842607498,0.10384172946214676,0.0747348889708519,-0.005666201468557119,0.03238504007458687,0.04423300549387932
25180,0.3759865164756775,0.25814148783683777,0.1667906790971756,0.15420931577682495,0.10486426949501038,0.103854238986969,0.07469940930604935,-0.0056742113083601,0.03293825685977936,0.045642100274562836
25200,0.3760937452316284,0.2581147253513336,0.16674061119556427,0.15421685576438904,0.10487022995948792,0.10385065525770187,0.07473625242710114,-0.0056731486693024635,0.03195083513855934,0.04417872428894043
25220,0.376012921333313,0.25819823145866394,0.16676026582717896,0.15415365993976593,0.10489597916603088,0.10381193459033966,0.07471522688865662,-0.005672314204275608,0.03243854641914368,0.04453662037849426
25240,0.37608662247657776,0.2581624388694763,0.1667855679988861,0.1541319489479065,0.10490497946739197,0.1037958487868309,0.07474468648433685,-0.005672624334692955,0.03378944844007492,0.04544926434755325
25260,0.3759544789791107,0.2581700086593628,0.16684198379516602,0.1541939228773117,0.104926697909832,0.10379089415073395,0.07475633174180984,-0.005674750544130802,0.0324876569211483,0.0442839190363884
25280,0.37597039341926575,0.2581135630607605,0.16680660843849182,0.1541963517665863,0.10494721680879593,0.10378272831439972,0.07475591450929642,-0.005676858592778444,0.03270644694566727,0.045330531895160675
25300,0.3758162558078766,0.25810328125953674,0.16685932874679565,0.15423280000686646,0.10497386008501053,0.10379066318273544,0.07475262880325317,-0.005682666786015034,0.03189096227288246,0.044166117906570435
25320,0.37589260935783386,0.25798681378364563,0.16686469316482544,0.15420399606227875,0.10498271882534027,0.10377702116966248,0.0747624859213829,-0.005683927796781063,0.03293222934007645,0.045014746487140656
25340,0.37584301829338074,0.2579960525035858,0.1668982356786728,0.15420417487621307,0.10503394901752472,0.10377680510282516,0.0747523158788681,-0.005687562748789787,0.03262213245034218,0.044994842261075974
25360,0.37581852078437805,0.25802963972091675,0.16697625815868378,0.15421262383460999,0.10507660359144211,0.10378263890743256,0.07476585358381271,-0.005692929960787296,0.03392218053340912,0.0447205975651741
25380,0.3757973611354828,0.2579413652420044,0.16695740818977356,0.15423724055290222,0.10510952025651932,0.10378183424472809,0.07475955039262772,-0.005694125313311815,0.032057344913482666,0.044568322598934174
25400,0.37577518820762634,0.25788864493370056,0.16697317361831665,0.15428213775157928,0.10517289489507675,0.1037743091583252,0.0747453048825264,-0.005691593512892723,0.03229876235127449,0.04544062912464142
25420,0.3757738173007965,0.25779449939727783,0.16696614027023315,0.15433062613010406,0.10520369559526443,0.10377829521894455,0.07477223128080368,-0.00568942166864872,0.0334477499127388,0.0454886257648468
25440,0.3757665455341339,0.2578198313713074,0.1670161932706833,0.15431836247444153,0.10524092614650726,0.10379137098789215,0.07478530704975128,-0.005693736020475626,0.03144112601876259,0.045142028480768204
25460,0.37574219703674316,0.2579347789287567,0.1671016961336136,0.15429626405239105,0.1052699089050293,0.10379187762737274,0.07473433017730713,-0.005696660373359919,0.0324556939303875,0.04427814111113548
25480,0.37581363320350647,0.25791671872138977,0.16702045500278473,0.15426990389823914,0.10528124868869781,0.10376206785440445,0.0747356042265892,-0.0056990464217960835,0.0326976552605629,0.044470638036727905
25500,0.37573137879371643,0.2578933835029602,0.16713328659534454,0.15427839756011963,0.10528802126646042,0.10377837717533112,0.07474964112043381,-0.005703918635845184,0.03223364055156708,0.04528943821787834
25520,0.3758104741573334,0.2578202486038208,0.16708987951278687,0.15422576665878296,0.10529877245426178,0.10375259816646576,0.07478006184101105,-0.005708945915102959,0.032944224774837494,0.04589881747961044
25540,0.37582966685295105,0.2579050362110138,0.16714920103549957,0.1542450487613678,0.10531806945800781,0.10372621566057205,0.07478450983762741,-0.005713648162782192,0.03127497807145119,0.04457196965813637
25560,0.3757530152797699,0.257910817861557,0.16713455319404602,0.15427103638648987,0.10536175966262817,0.10373932123184204,0.07480913400650024,-0.005713935941457748,0.035047631710767746,0.04476317763328552
25580,0.37568458914756775,0.2578653395175934,0.16710999608039856,0.15426194667816162,0.10534758865833282,0.10371503233909607,0.07478407770395279,-0.005720154382288456,0.03322562202811241,0.044931113719940186
25600,0.3755970597267151,0.2578813135623932,0.16721515357494354,0.15426208078861237,0.10537955909967422,0.10368870943784714,0.07477264106273651,-0.005725389812141657,0.032659292221069336,0.04499741643667221
25620,0.37554946541786194,0.2578485608100891,0.16715186834335327,0.15423208475112915,0.10533622652292252,0.10368414968252182,0.07475624978542328,-0.005732589866966009,0.03429366648197174,0.04555144160985947
25640,0.37553122639656067,0.2578437626361847,0.16721929609775543,0.15425696969032288,0.10539159923791885,0.1037055030465126,0.07477009296417236,-0.0057334513403475285,0.033922381699085236,0.045204296708106995
25660,0.3755912482738495,0.25783678889274597,0.16718921065330505,0.1542235165834427,0.10538909584283829,0.10372363030910492,0.07480702549219131,-0.005739223677664995,0.03237703815102577,0.044908199459314346
25680,0.3756442666053772,0.25776320695877075,0.16719700396060944,0.15425565838813782,0.10545290261507034,0.10370980948209763,0.07481199502944946,-0.0057465434074401855,0.03277277946472168,0.04469132423400879
25700,0.3755818009376526,0.2577863037586212,0.16719461977481842,0.15426820516586304,0.10552240908145905,0.10370800644159317,0.07479850947856903,-0.0057463995181024075,0.032599642872810364,0.04401950165629387
25720,0.3755090534687042,0.25779661536216736,0.1672622561454773,0.15429288148880005,0.10552234202623367,0.10367198288440704,0.07481737434864044,-0.005745640490204096,0.03184281662106514,0.044763557612895966
25740,0.37549149990081787,0.25779178738594055,0.16730377078056335,0.1543101817369461,0.10553175956010818,0.10369236022233963,0.07479210197925568,-0.005758772138506174,0.032486289739608765,0.044525813311338425
25760,0.37548258900642395,0.25775957107543945,0.167297825217247,0.15428470075130463,0.10554114729166031,0.10369212925434113,0.07478507608175278,-0.00576125318184495,0.03281930088996887,0.04512757435441017
25780,0.3755418360233307,0.2577269971370697,0.16726039350032806,0.15425865352153778,0.10555709153413773,0.10368983447551727,0.07481258362531662,-0.005764566827565432,0.03299479931592941,0.04459776729345322
25800,0.37537992000579834,0.2577628493309021,0.16730950772762299,0.15425428748130798,0.10555259883403778,0.1036820337176323,0.07477246969938278,-0.00576274748891592,0.0338330902159214,0.044921617954969406
25820,0.37538662552833557,0.257754921913147,0.16737014055252075,0.15432411432266235,0.10558941215276718,0.10366052389144897,0.07478346675634384,-0.005765282548964024,0.031756021082401276,0.04490009322762489
25840,0.3753564655780792,0.25778263807296753,0.16738809645175934,0.154331773519516,0.10562951862812042,0.10366297513246536,0.07481348514556885,-0.005767456721514463,0.032130371779203415,0.046304475516080856
25860,0.37533965706825256,0.25772401690483093,0.16736818850040436,0.15432396531105042,0.10562893748283386,0.10365952551364899,0.07482407242059708,-0.00576330441981554,0.03323040157556534,0.044586773961782455
25880,0.37539905309677124,0.2577112913131714,0.16737402975559235,0.15424104034900665,0.10564552992582321,0.10364457964897156,0.07478441298007965,-0.005769661162048578,0.03438670560717583,0.045057687908411026
25900,0.37533676624298096,0.25763776898384094,0.16738852858543396,0.15432360768318176,0.10567878186702728,0.10362104326486588,0.0748269334435463,-0.005769878625869751,0.03214544057846069,0.04524994641542435
25920,0.37518325448036194,0.2577158212661743,0.16743497550487518,0.15433789789676666,0.1057102382183075,0.10357613116502762,0.07482112944126129,-0.005768368486315012,0.03139130026102066,0.04439373314380646
25940,0.37520572543144226,0.2577008903026581,0.16734330356121063,0.154366597533226,0.10570894926786423,0.10357581079006195,0.07482761889696121,-0.005769648589193821,0.032189417630434036,0.044436223804950714
25960,0.37501201033592224,0.25761595368385315,0.1673586070537567,0.15428775548934937,0.1057293638586998,0.10354192554950714,0.07481729984283447,-0.005775701720267534,0.03275248035788536,0.04582492262125015
25980,0.3748718202114105,0.2575955092906952,0.1673826277256012,0.15429474413394928,0.10579763352870941,0.10360854864120483,0.07482463866472244,-0.005781539250165224,0.03167879581451416,0.044101081788539886
26000,0.37492191791534424,0.2575142979621887,0.1674719899892807,0.1542384773492813,0.10578085482120514,0.103570856153965,0.07482244819402695,-0.005786954425275326,0.030916959047317505,0.04429757595062256
26020,0.3749622106552124,0.25756677985191345,0.1674632728099823,0.15420006215572357,0.10582415759563446,0.10355859249830246,0.07483626902103424,-0.005794689059257507,0.03192181512713432,0.044181182980537415
26040,0.3750241696834564,0.2574869692325592,0.16747264564037323,0.15425843000411987,0.10585248470306396,0.103566974401474,0.07482782006263733,-0.005797563586384058,0.031679097563028336,0.04546885937452316
26060,0.37492677569389343,0.25749894976615906,0.16743798553943634,0.15423138439655304,0.10585517436265945,0.10352664440870285,0.07481025904417038,-0.005805579945445061,0.03258519619703293,0.045783549547195435
26080,0.3748350143432617,0.25748661160469055,0.1674388200044632,0.15424710512161255,0.10588613152503967,0.1035178080201149,0.0748276561498642,-0.005813524127006531,0.03181569278240204,0.04584994912147522
26100,0.3748689889907837,0.2574130594730377,0.1675042062997818,0.15424799919128418,0.1059042438864708,0.10353615134954453,0.07485301047563553,-0.005818297620862722,0.033071067184209824,0.044532060623168945
26120,0.3748241364955902,0.25741615891456604,0.1675109565258026,0.15427245199680328,0.10595937818288803,0.10351257026195526,0.07480476796627045,-0.005818607751280069,0.03323344886302948,0.04524938017129898
26140,0.37481191754341125,0.2573980689048767,0.16756251454353333,0.15438297390937805,0.10599226504564285,0.10350075364112854,0.07481853663921356,-0.005815946962684393,0.03325061872601509,0.04388907551765442
26160,0.3747594654560089,0.2574121057987213,0.16757869720458984,0.15432198345661163,0.1060037910938263,0.10351818799972534,0.0748065859079361,-0.00581869762390852,0.030963091179728508,0.0450676828622818
26180,0.3747028410434723,0.25735968351364136,0.16754059493541718,0.1543344259262085,0.10602248460054398,0.10352984815835953,0.07479245960712433,-0.005821041762828827,0.031949255615472794,0.04483095183968544
26200,0.3747045397758484,0.2573328912258148,0.16753226518630981,0.1543104648590088,0.10603576898574829,0.1035420149564743,0.07484118640422821,-0.005826367996633053,0.03275175765156746,0.04464224353432655
26220,0.3746439516544342,0.2573186755180359,0.16753587126731873,0.1543230563402176,0.10605545341968536,0.10355247557163239,0.07483744621276855,-0.0058277202770113945,0.033979929983615875,0.04408039152622223
26240,0.37464651465415955,0.25730305910110474,0.16752861440181732,0.1543186604976654,0.10607856512069702,0.10352090746164322,0.0748220756649971,-0.00583820091560483,0.03263192996382713,0.04460783302783966
26260,0.37458857893943787,0.2573041021823883,0.167617529630661,0.15430250763893127,0.1060628816485405,0.10351958870887756,0.07483280450105667,-0.005838355515152216,0.03277716785669327,0.04479646682739258
26280,0.37447863817214966,0.2572561800479889,0.16763535141944885,0.15430304408073425,0.10610223561525345,0.10351992398500443,0.07483507692813873,-0.0058409683406353,0.033755552023649216,0.044553957879543304
26300,0.37444254755973816,0.2572992146015167,0.16762979328632355,0.15428213775157928,0.10611262172460556,0.10348957777023315,0.07481620460748672,-0.005848223343491554,0.03338157758116722,0.045420899987220764
26320,0.37455061078071594,0.2572336792945862,0.16762074828147888,0.1542419195175171,0.10611177980899811,0.10346968472003937,0.07484080642461777,-0.005857257172465324,0.031959496438503265,0.04434061050415039
26340,0.37455761432647705,0.25727182626724243,0.16763994097709656,0.15430662035942078,0.10617968440055847,0.10347367823123932,0.07480232417583466,-0.005862118676304817,0.03212735801935196,0.0456201545894146
26360,0.37457314133644104,0.2572895884513855,0.16763168573379517,0.15422548353672028,0.1062072217464447,0.10343066602945328,0.07476260513067245,-0.005864427424967289,0.033667612820863724,0.044373832643032074
26380,0.3745533227920532,0.2572154402732849,0.167683407664299,0.15429991483688354,0.10622929036617279,0.10347750037908554,0.07480989396572113,-0.005867235828191042,0.0324663445353508,0.04425914213061333
26400,0.3745201528072357,0.25717055797576904,0.16771772503852844,0.15427634119987488,0.10624760389328003,0.10347935557365417,0.07481791824102402,-0.005871633533388376,0.031649149954319,0.04630598425865173
26420,0.37453097105026245,0.25719478726387024,0.16774404048919678,0.15430793166160583,0.10627858340740204,0.10347650945186615,0.07480314373970032,-0.005878444295376539,0.03240155428647995,0.04486754536628723
26440,0.37456604838371277,0.25724148750305176,0.16778819262981415,0.15427203476428986,0.1063155084848404,0.10343930870294571,0.07481102645397186,-0.005876369308680296,0.033653948456048965,0.04474448412656784
26460,0.37453165650367737,0.257209450006485,0.1677517294883728,0.15429820120334625,0.10633370280265808,0.10344763845205307,0.07483469694852829,-0.0058794585056602955,0.032191336154937744,0.04415404796600342
26480,0.3744122087955475,0.257138192653656,0.16773036122322083,0.15429002046585083,0.10630952566862106,0.10342946648597717,0.07487613707780838,-0.0058788419701159,0.03165394440293312,0.04439635947346687
26500,0.37446025013923645,0.2571639120578766,0.1677958071231842,0.1542849987745285,0.1063104197382927,0.10341311991214752,0.07486904412508011,-0.005879348609596491,0.03267895057797432,0.046884723007678986
26520,0.3743874430656433,0.2571113109588623,0.16781511902809143,0.1543119102716446,0.10637485235929489,0.1034172847867012,0.07485941052436829,-0.005884424317628145,0.03232000768184662,0.04419048875570297
26540,0.374319851398468,0.25709545612335205,0.167862206697464,0.1543552428483963,0.1064094603061676,0.1033865287899971,0.0748867616057396,-0.0058839586563408375,0.03339798375964165,0.04483233019709587
26560,0.37426891922950745,0.2570829689502716,0.16786427795886993,0.15435637533664703,0.10641008615493774,0.10336975008249283,0.07488830387592316,-0.005879916716367006,0.03385021537542343,0.04461653530597687
26580,0.3740903437137604,0.257007896900177,0.16788092255592346,0.15441332757472992,0.1064390167593956,0.10330895334482193,0.07487059384584427,-0.005886294413357973,0.03389778360724449,0.04462774097919464
26600,0.37426021695137024,0.257009893655777,0.16781339049339294,0.1543959528207779,0.10650152713060379,0.10333222150802612,0.07486311346292496,-0.005895151291042566,0.031224297359585762,0.04552429914474487
26620,0.3744436800479889,0.2569938898086548,0.16776494681835175,0.15438126027584076,0.10651855915784836,0.10334306210279465,0.07486268132925034,-0.005895779933780432,0.03332870826125145,0.045764125883579254
26640,0.3744334578514099,0.2570911645889282,0.16789111495018005,0.15440070629119873,0.10649461299180984,0.10328982025384903,0.07486632466316223,-0.005898266565054655,0.0323130264878273,0.04444814845919609
26660,0.374388188123703,0.25700196623802185,0.16785524785518646,0.15438973903656006,0.10649518668651581,0.10325919836759567,0.07486783713102341,-0.005904627498239279,0.032126374542713165,0.044790688902139664
26680,0.37420588731765747,0.2570682466030121,0.1678520292043686,0.15438434481620789,0.10652841627597809,0.10329092293977737,0.0748838260769844,-0.0059070889838039875,0.03497854620218277,0.04557022824883461
26700,0.3742787539958954,0.25702783465385437,0.1678556650876999,0.15443286299705505,0.1065426617860794,0.10331201553344727,0.07484902441501617,-0.005907362326979637,0.03200699761509895,0.04432985931634903
26720,0.37420815229415894,0.2571369707584381,0.16788922250270844,0.15451101958751678,0.10656139254570007,0.10324443131685257,0.0748714804649353,-0.005912582390010357,0.031597163528203964,0.04558460786938667
26740,0.3743412494659424,0.2571415603160858,0.1678892821073532,0.15444979071617126,0.10656388849020004,0.10321098566055298,0.07481665909290314,-0.005915903020650148,0.03178398683667183,0.04633382707834244
26760,0.3743075430393219,0.2570365369319916,0.1679079830646515,0.15450140833854675,0.10661567747592926,0.10326266288757324,0.07483194023370743,-0.005918568931519985,0.03214958310127258,0.04446334391832352
26780,0.3743394613265991,0.2571195662021637,0.16793513298034668,0.15448985993862152,0.10666049271821976,0.10321635752916336,0.07484033703804016,-0.005918914917856455,0.032150011509656906,0.04534647986292839
26800,0.37429019808769226,0.25706952810287476,0.16789905726909637,0.15449006855487823,0.10668431967496872,0.1032099649310112,0.07485603541135788,-0.005924428813159466,0.03191351518034935,0.04499751701951027
26820,0.3743055462837219,0.2570180892944336,0.16795994341373444,0.154480442404747,0.10671226680278778,0.10319148749113083,0.0748576894402504,-0.0059309774078428745,0.03214063122868538,0.04502107948064804
26840,0.37440234422683716,0.25699448585510254,0.16794833540916443,0.1544787585735321,0.10674845427274704,0.10321199148893356,0.07486438751220703,-0.0059416210278868675,0.030762623995542526,0.04532916843891144
26860,0.3743237257003784,0.2569722533226013,0.1679452806711197,0.15452080965042114,0.10676397383213043,0.10322204232215881,0.07491286098957062,-0.005944785196334124,0.03253643214702606,0.044289540499448776
26880,0.3741927146911621,0.2569769322872162,0.16804538667201996,0.1545766294002533,0.10679595917463303,0.1031903326511383,0.07488668709993362,-0.005942110437899828,0.03113177791237831,0.04401738941669464
26900,0.3741510212421417,0.2569909691810608,0.16803181171417236,0.15454822778701782,0.10681784898042679,0.10319844633340836,0.0748898983001709,-0.005945650395005941,0.030729593709111214,0.046120550483465195
26920,0.3740105926990509,0.2569539546966553,0.16802118718624115,0.1545659601688385,0.10684460401535034,0.10321663320064545,0.07491893321275711,-0.005944195669144392,0.031800527125597,0.044197216629981995
26940,0.37401753664016724,0.2569692134857178,0.16807802021503448,0.15454791486263275,0.10684293508529663,0.10320921242237091,0.07492168247699738,-0.005948083009570837,0.03158804029226303,0.04495535418391228
26960,0.3740352392196655,0.2568913996219635,0.16806964576244354,0.1545363962650299,0.10687679797410965,0.10322842746973038,0.074894480407238,-0.005948645994067192,0.032535433769226074,0.04457838833332062
26980,0.3738884925842285,0.2568454444408417,0.16814716160297394,0.15456001460552216,0.10691343247890472,0.10322755575180054,0.07492240518331528,-0.005951850675046444,0.031982630491256714,0.04520181566476822
27000,0.3739892244338989,0.2567579746246338,0.16810789704322815,0.15454362332820892,0.10690373927354813,0.10321500152349472,0.07492092251777649,-0.005953915882855654,0.032347846776247025,0.045016802847385406
27020,0.3739418685436249,0.25679001212120056,0.16815388202667236,0.1545734703540802,0.10697456449270248,0.10321111977100372,0.0749518871307373,-0.005956605076789856,0.0330185629427433,0.0446961373090744
27040,0.37397968769073486,0.25681623816490173,0.1681133657693863,0.15457096695899963,0.10698233544826508,0.10321922600269318,0.07495955377817154,-0.005961856339126825,0.03223660588264465,0.043987907469272614
27060,0.37393414974212646,0.2567947506904602,0.1680595576763153,0.15454988181591034,0.106991246342659,0.10318762063980103,0.07496516406536102,-0.005973282735794783,0.03306175023317337,0.04458717256784439
27080,0.3740141987800598,0.2567712664604187,0.16812756657600403,0.15452946722507477,0.10702210664749146,0.10316823422908783,0.0749485194683075,-0.005981007125228643,0.03154725953936577,0.04588107019662857
27100,0.3740185797214508,0.25672927498817444,0.1681395173072815,0.15455752611160278,0.10703716427087784,0.10314292460680008,0.07493731379508972,-0.0059919035993516445,0.03144441917538643,0.044677067548036575
27120,0.3740108907222748,0.2567369341850281,0.1681818813085556,0.1545415073633194,0.10707030445337296,0.10312893241643906,0.07495637238025665,-0.005996129009872675,0.03219783306121826,0.04456978663802147
27140,0.3739455044269562,0.2567529082298279,0.16816121339797974,0.15451177954673767,0.10707203298807144,0.10310270637273788,0.07493577152490616,-0.00600242568179965,0.033097345381975174,0.04459400475025177
27160,0.3738775849342346,0.25680068135261536,0.16822896897792816,0.15452918410301208,0.10706871002912521,0.10308321565389633,0.07494063675403595,-0.006008613854646683,0.031481802463531494,0.04480583220720291
27180,0.37388014793395996,0.25675085186958313,0.16817577183246613,0.1545139104127884,0.1071300357580185,0.10307617485523224,0.07493027299642563,-0.006008426193147898,0.032286692410707474,0.04490251839160919
27200,0.37365758419036865,0.2567627727985382,0.16822108626365662,0.15455509722232819,0.10713929682970047,0.10308913141489029,0.07496044784784317,-0.006016842555254698,0.03303476795554161,0.044266652315855026
27220,0.3737379312515259,0.25671663880348206,0.16821324825286865,0.1545352190732956,0.10717298090457916,0.10308793932199478,0.07493073493242264,-0.006023225374519825,0.03147011622786522,0.0447126179933548
27240,0.3735607862472534,0.2566273808479309,0.1682334542274475,0.15459854900836945,0.1071930006146431,0.10305014997720718,0.07494691759347916,-0.006023897789418697,0.032513007521629333,0.04559743031859398
27260,0.37376171350479126,0.2565539479255676,0.1681552529335022,0.15455502271652222,0.10720725357532501,0.10305441915988922,0.07496722042560577,-0.00603423360735178,0.03284251689910889,0.04471127316355705
27280,0.3737909495830536,0.256561815738678,0.16822420060634613,0.1544944792985916,0.1072058454155922,0.10305685549974442,0.07496116310358047,-0.006041626911610365,0.03209932893514633,0.04513813555240631
27300,0.3736795485019684,0.2565497159957886,0.16817502677440643,0.15451306104660034,0.1072467789053917,0.10304544121026993,0.07497704029083252,-0.006041232496500015,0.03180081769824028,0.04456367343664169
27320,0.373693585395813,0.2565467059612274,0.16816125810146332,0.15456019341945648,0.10729075968265533,0.10299763083457947,0.07496420294046402,-0.006043839268386364,0.0333053320646286,0.04533076658844948
27340,0.3735553026199341,0.25662511587142944,0.1682584136724472,0.1545272171497345,0.10731977969408035,0.10301124304533005,0.07498467713594437,-0.006047421135008335,0.034232813864946365,0.04641229659318924
27360,0.37375038862228394,0.25655847787857056,0.1681339293718338,0.15457534790039062,0.10733993351459503,0.10302095860242844,0.07496842741966248,-0.006051054690033197,0.03074238821864128,0.04482235386967659
27380,0.37367963790893555,0.25663211941719055,0.1681823432445526,0.15458707511425018,0.10734934359788895,0.10299649834632874,0.07496843487024307,-0.006051805801689625,0.03292165324091911,0.04465875402092934
27400,0.3737344741821289,0.2566145658493042,0.16813871264457703,0.15459738671779633,0.10739106684923172,0.10297536104917526,0.0749909058213234,-0.006062233820557594,0.0334491990506649,0.045410461723804474
27420,0.3736773133277893,0.2566612660884857,0.16822382807731628,0.15451179444789886,0.1073865294456482,0.10295777022838593,0.07503523677587509,-0.006069268565624952,0.03188413754105568,0.04432658851146698
27440,0.37352851033210754,0.2566337287425995,0.16819554567337036,0.15457911789417267,0.10745636373758316,0.10300476104021072,0.07508359849452972,-0.0060682473704218864,0.03197656199336052,0.04485669732093811
27460,0.3736092150211334,0.25667041540145874,0.16831424832344055,0.1546032428741455,0.107481949031353,0.10295260697603226,0.07509134709835052,-0.006069449242204428,0.031856387853622437,0.04565422236919403
27480,0.37348031997680664,0.2565668523311615,0.16828998923301697,0.15460185706615448,0.10752099752426147,0.10293371975421906,0.07507114112377167,-0.006069183815270662,0.030611727386713028,0.04494881629943848
27500,0.3734331727027893,0.2564968168735504,0.168241485953331,0.1546248197555542,0.10753142833709717,0.10293414443731308,0.07505595684051514,-0.0060640606097877026,0.03301936388015747,0.04529666155576706
27520,0.37350910902023315,0.25652655959129333,0.16831867396831512,0.15464836359024048,0.10754762589931488,0.10290411114692688,0.07507176697254181,-0.006062878295779228,0.03345484286546707,0.044668588787317276
27540,0.3736191987991333,0.25652480125427246,0.1683719903230667,0.15464343130588531,0.10755812376737595,0.10291331261396408,0.07508643716573715,-0.006065766327083111,0.03261231258511543,0.04552572965621948
27560,0.37369415163993835,0.2564752697944641,0.16832022368907928,0.1546850949525833,0.10760404169559479,0.1029181033372879,0.07510268688201904,-0.006067624315619469,0.03139038383960724,0.0457707978785038
27580,0.3736003637313843,0.25640833377838135,0.1683347374200821,0.15466159582138062,0.10764819383621216,0.10291964560747147,0.07511814683675766,-0.006067359354346991,0.031646888703107834,0.04437269642949104
27600,0.3736191391944885,0.25645771622657776,0.16843849420547485,0.15467265248298645,0.10771758109331131,0.10292206704616547,0.07514183223247528,-0.00607248954474926,0.03310534730553627,0.04613002762198448
27620,0.37351465225219727,0.25650662183761597,0.16843900084495544,0.15463842451572418,0.10772436857223511,0.10291130840778351,0.07512055337429047,-0.006075251381844282,0.03237032890319824,0.045755185186862946
27640,0.37361884117126465,0.2565085291862488,0.16847765445709229,0.15465226769447327,0.10772702097892761,0.10292389988899231,0.07513359189033508,-0.006073966156691313,0.03437107428908348,0.045272696763277054
27660,0.3737785816192627,0.2564447820186615,0.16847768425941467,0.15470093488693237,0.10774771869182587,0.10293366014957428,0.07515022903680801,-0.006074246019124985,0.03168797865509987,0.04572059586644173
27680,0.373564213514328,0.2564917802810669,0.1685170978307724,0.15471157431602478,0.10777664929628372,0.10288557410240173,0.07518403977155685,-0.006073312368243933,0.03243768960237503,0.04487688094377518
27700,0.3736978769302368,0.2565368413925171,0.16847844421863556,0.15462622046470642,0.1077578142285347,0.10284671932458878,0.07519247382879257,-0.006083610933274031,0.032660529017448425,0.04770515114068985
27720,0.37360984086990356,0.25661706924438477,0.1685827225446701,0.15472343564033508,0.1078503206372261,0.10286097973585129,0.07519160211086273,-0.006091747898608446,0.03136679530143738,0.04432219639420509
27740,0.37359902262687683,0.2564980387687683,0.16855069994926453,0.15476085245609283,0.10782340168952942,0.10287561267614365,0.07520677149295807,-0.006093283649533987,0.03204197436571121,0.0452168807387352
27760,0.37344151735305786,0.2564333975315094,0.16859115660190582,0.15478190779685974,0.10784967243671417,0.1028675064444542,0.07519921660423279,-0.0060928743332624435,0.03078525699675083,0.04613665118813515
27780,0.3734515607357025,0.2564883232116699,0.16858740150928497,0.15469345450401306,0.10789372026920319,0.10283037275075912,0.07519737631082535,-0.006092331372201443,0.03409084305167198,0.04524211212992668
27800,0.3733171820640564,0.25645995140075684,0.1686367392539978,0.15476636588573456,0.10794027894735336,0.10283166170120239,0.07518602162599564,-0.006092711351811886,0.031169263646006584,0.04453802481293678
27820,0.37332919239997864,0.25641685724258423,0.16856329143047333,0.15474481880664825,0.10792883485555649,0.1027909442782402,0.07519184052944183,-0.006090380717068911,0.0319620706140995,0.04584713280200958
27840,0.3733837604522705,0.25644221901893616,0.16866585612297058,0.15471841394901276,0.10792923718690872,0.10277195274829865,0.07520437985658646,-0.0060899765230715275,0.0342746376991272,0.044279709458351135
27860,0.3731289505958557,0.2564472556114197,0.16868644952774048,0.1546514332294464,0.1079012081027031,0.10277336835861206,0.07522700726985931,-0.00608667079359293,0.03214764595031738,0.04407171905040741
27880,0.37319982051849365,0.25634416937828064,0.16862618923187256,0.15466444194316864,0.1079494059085846,0.10275373607873917,0.07519847899675369,-0.006087473127990961,0.03131873160600662,0.04510301351547241
27900,0.3730406165122986,0.25637978315353394,0.16865472495555878,0.15469154715538025,0.10795408487319946,0.10275053977966309,0.07519012689590454,-0.006085972301661968,0.031681306660175323,0.04440750181674957
27920,0.37307703495025635,0.2563866078853607,0.16868045926094055,0.1547464281320572,0.10798459500074387,0.10274529457092285,0.07522515952587128,-0.006086707580834627,0.03109711967408657,0.04413536563515663
27940,0.3731290102005005,0.25637778639793396,0.1686766892671585,0.15474632382392883,0.10796744376420975,0.1026998832821846,0.07518230378627777,-0.006088862661272287,0.03216245770454407,0.045795656740665436
27960,0.3729887902736664,0.2563253343105316,0.16875648498535156,0.15480896830558777,0.10802490264177322,0.1026919037103653,0.07517225295305252,-0.006099121645092964,0.03150106221437454,0.045358315110206604
27980,0.37306928634643555,0.25631242990493774,0.16869552433490753,0.15485264360904694,0.1080244779586792,0.10268887132406235,0.07518459856510162,-0.006097136065363884,0.03142615035176277,0.045030225068330765
28000,0.3730538487434387,0.25635409355163574,0.16872362792491913,0.1548396795988083,0.10804194957017899,0.10265661776065826,0.0751769095659256,-0.0061001526191830635,0.0306865181773901,0.044732898473739624
28020,0.37299975752830505,0.25632405281066895,0.16870038211345673,0.1548144519329071,0.10808701068162918,0.10263007879257202,0.07520020753145218,-0.006103356834501028,0.03181805461645126,0.04418531805276871
28040,0.3728328049182892,0.2563362717628479,0.16877958178520203,0.154854416847229,0.10814197361469269,0.1026613861322403,0.07524050027132034,-0.006105656269937754,0.0327698178589344,0.045349497348070145
28060,0.37290555238723755,0.25624391436576843,0.16877985000610352,0.15477824211120605,0.10819579660892487,0.10265855491161346,0.0752112865447998,-0.006115482654422522,0.03112959861755371,0.04485385864973068
28080,0.372821569442749,0.2563309371471405,0.16887745261192322,0.15477707982063293,0.10821717232465744,0.10269061475992203,0.07522144168615341,-0.006123267579823732,0.031712763011455536,0.044423412531614304
28100,0.3728140592575073,0.25621291995048523,0.16885922849178314,0.15478210151195526,0.10822387039661407,0.10266119986772537,0.07522343099117279,-0.0061330897733569145,0.031003914773464203,0.04445426166057587
28120,0.372866153717041,0.25618839263916016,0.16890700161457062,0.1547938883304596,0.10825973749160767,0.10261576622724533,0.07522065937519073,-0.006142681930214167,0.031199615448713303,0.044474828988313675
28140,0.3728383779525757,0.25621843338012695,0.16889557242393494,0.15472087264060974,0.10826575011014938,0.10261783003807068,0.0752229318022728,-0.00614769896492362,0.030399061739444733,0.044228047132492065
28160,0.3728037476539612,0.2561444342136383,0.1688302457332611,0.15482529997825623,0.10828211158514023,0.1026531308889389,0.07522662729024887,-0.006153639405965805,0.029825981706380844,0.043730996549129486
28180,0.3727208375930786,0.25616419315338135,0.1688796728849411,0.15481601655483246,0.10828494280576706,0.1026303842663765,0.07524359226226807,-0.006159366574138403,0.03274456039071083,0.0449252724647522
28200,0.37279388308525085,0.25614088773727417,0.16888968646526337,0.15481561422348022,0.10830920189619064,0.102602019906044,0.07526413351297379,-0.006162190344184637,0.032124634832143784,0.045152030885219574
28220,0.3728778660297394,0.2560623288154602,0.1689034253358841,0.1548958420753479,0.1083512231707573,0.10258743166923523,0.07524506002664566,-0.00617047818377614,0.031163189560174942,0.045495323836803436
28240,0.37283921241760254,0.2560650706291199,0.16889485716819763,0.15487220883369446,0.10835667699575424,0.10260264575481415,0.07526830583810806,-0.006172427907586098,0.03169214352965355,0.044781774282455444
28260,0.37282711267471313,0.2560980021953583,0.16892968118190765,0.15483950078487396,0.10837840288877487,0.10258599370718002,0.07523824274539948,-0.006171748507767916,0.031477902084589005,0.04459713026881218
28280,0.37290287017822266,0.2561449706554413,0.1689373105764389,0.15485431253910065,0.10836762934923172,0.10258938372135162,0.07524596154689789,-0.006173993460834026,0.031493302434682846,0.045087870210409164
28300,0.37286505103111267,0.2561412453651428,0.16896124184131622,0.15488386154174805,0.10841551423072815,0.10259051620960236,0.07526617497205734,-0.006173392292112112,0.033312395215034485,0.04459013789892197
28320,0.37284907698631287,0.25610050559043884,0.16896924376487732,0.15485429763793945,0.10840445756912231,0.10259716212749481,0.07526440173387527,-0.006181027740240097,0.03175929933786392,0.04489263892173767
28340,0.3728828430175781,0.25611642003059387,0.16906505823135376,0.15482841432094574,0.10844811052083969,0.1025657206773758,0.07527801394462585,-0.006181927397847176,0.0328923761844635,0.04440779983997345
28360,0.3727765679359436,0.2560938894748688,0.16901560127735138,0.15486791729927063,0.10848431289196014,0.1025710478425026,0.07527194917201996,-0.006186988204717636,0.03259076178073883,0.044409412890672684
28380,0.37271779775619507,0.25606340169906616,0.1690521538257599,0.1548398733139038,0.10850654542446136,0.10256703943014145,0.07530274242162704,-0.00619394239038229,0.031796570867300034,0.04436453431844711
28400,0.37271615862846375,0.2560819387435913,0.16908493638038635,0.15485180914402008,0.10848557204008102,0.10256128758192062,0.07528878003358841,-0.0061955745331943035,0.03065347857773304,0.04417629539966583
28420,0.3726283311843872,0.2560669481754303,0.1690821349620819,0.1547982096672058,0.10848359018564224,0.10251721739768982,0.07529856264591217,-0.006193633656948805,0.031372085213661194,0.044496141374111176
28440,0.3726962208747864,0.2560572922229767,0.1691080629825592,0.15479065477848053,0.10849293321371078,0.10254233330488205,0.07528893649578094,-0.006196265108883381,0.030919093638658524,0.044257961213588715
28460,0.37268394231796265,0.25602540373802185,0.16911208629608154,0.15475712716579437,0.10852048546075821,0.10253804177045822,0.07529155164957047,-0.006199238356202841,0.0315404050052166,0.04446761682629585
28480,0.37251436710357666,0.2559562921524048,0.1690545380115509,0.15477687120437622,0.1085471585392952,0.10252857208251953,0.07529006898403168,-0.006202797405421734,0.03129154071211815,0.04524163901805878
28500,0.3724723160266876,0.2559890151023865,0.16907666623592377,0.15477509796619415,0.10857539623975754,0.10251025855541229,0.07527339458465576,-0.006203270051628351,0.031296100467443466,0.04456610977649689
28520,0.3723617196083069,0.25599783658981323,0.16915294528007507,0.15483726561069489,0.10859154164791107,0.10246261209249496,0.07527235150337219,-0.006201987154781818,0.031117089092731476,0.04465701803565025
28540,0.3723459243774414,0.2559589147567749,0.1691800057888031,0.15482668578624725,0.10858377069234848,0.10245466977357864,0.07527944445610046,-0.006204233504831791,0.031893208622932434,0.044048093259334564
28560,0.37231945991516113,0.25591209530830383,0.1691814512014389,0.15476927161216736,0.10857260972261429,0.10246315598487854,0.07529158145189285,-0.006208458449691534,0.03103034384548664,0.04518958926200867
28580,0.3721870183944702,0.25588807463645935,0.16923755407333374,0.154815211892128,0.10862087458372116,0.10244802385568619,0.07532227784395218,-0.006210564635694027,0.031682007014751434,0.045405689626932144
28600,0.3722299039363861,0.25588324666023254,0.1691974252462387,0.15478326380252838,0.10861708223819733,0.10242588818073273,0.07531727105379105,-0.0062124598771333694,0.03327236324548721,0.04371608421206474
28620,0.3722771108150482,0.25586265325546265,0.16918039321899414,0.15475675463676453,0.10865846276283264,0.10238561034202576,0.07529851794242859,-0.006215641740709543,0.0315219946205616,0.04462682083249092
28640,0.3722204267978668,0.2557685971260071,0.16915544867515564,0.15479321777820587,0.10867851227521896,0.10237286984920502,0.07530848681926727,-0.006214476190507412,0.030778197571635246,0.04485444352030754
28660,0.3720371723175049,0.2556966543197632,0.16917626559734344,0.15481075644493103,0.10873885452747345,0.10239426791667938,0.07532680034637451,-0.006217422895133495,0.03161347284913063,0.04537532851099968
28680,0.37204742431640625,0.2556469738483429,0.16916826367378235,0.15472513437271118,0.10874651372432709,0.10241608321666718,0.07532148063182831,-0.006226061377674341,0.03349917009472847,0.04427409917116165
28700,0.3720664381980896,0.2557622790336609,0.16918890178203583,0.15469709038734436,0.10879650712013245,0.10239914059638977,0.07529408484697342,-0.006230111233890057,0.029537847265601158,0.04438311606645584
28720,0.37213537096977234,0.25567156076431274,0.16915474832057953,0.15468420088291168,0.10877316445112228,0.10237674415111542,0.07528603821992874,-0.0062371972016990185,0.03061768226325512,0.045289017260074615
28740,0.37198033928871155,0.2556738555431366,0.1691661924123764,0.15469807386398315,0.10874883085489273,0.10238318890333176,0.07528538256883621,-0.006237618159502745,0.03062882088124752,0.045488812029361725
28760,0.3719942271709442,0.2556053102016449,0.16915316879749298,0.15477904677391052,0.10877131670713425,0.10240810364484787,0.07526762038469315,-0.006242898292839527,0.03183687850832939,0.044121645390987396
28780,0.3719642162322998,0.2555450201034546,0.1691301316022873,0.1548018455505371,0.10879448056221008,0.10240419954061508,0.07527182996273041,-0.006248129531741142,0.03200790658593178,0.04477396979928017
28800,0.37203332781791687,0.2556433379650116,0.16921678185462952,0.15473075211048126,0.10882605612277985,0.10237399488687515,0.07525137066841125,-0.006251126993447542,0.031221620738506317,0.04438314214348793
28820,0.371874064207077,0.2555730938911438,0.16913561522960663,0.15477927029132843,0.10883543640375137,0.10238198190927505,0.07526158541440964,-0.006252433639019728,0.031066464260220528,0.044156208634376526
28840,0.37183862924575806,0.2556280791759491,0.16912418603897095,0.15476638078689575,0.10884770005941391,0.10236147046089172,0.07525874674320221,-0.006248673424124718,0.03195643424987793,0.04463161155581474
28860,0.37184447050094604,0.2555052936077118,0.16911505162715912,0.15481574833393097,0.1088552176952362,0.10233412683010101,0.07521933317184448,-0.00625621248036623,0.030854688957333565,0.04495157301425934
28880,0.37178224325180054,0.25553426146507263,0.1691002994775772,0.15480288863182068,0.10886094719171524,0.10231982171535492,0.07520105689764023,-0.006262014154344797,0.03147631138563156,0.04448838159441948
28900,0.3718326985836029,0.25553977489471436,0.16910409927368164,0.15488983690738678,0.1088668704032898,0.102288156747818,0.07518493384122849,-0.006264470983296633,0.032906997948884964,0.04586642235517502
28920,0.371830016374588,0.255543053150177,0.16912056505680084,0.1549583226442337,0.10886560380458832,0.1022866815328598,0.07511487603187561,-0.0062689571641385555,0.03178932145237923,0.04461716115474701
28940,0.3717992901802063,0.25553929805755615,0.1691337525844574,0.15491603314876556,0.10890830308198929,0.10230986028909683,0.07513681054115295,-0.006274198181927204,0.03126359358429909,0.04391695559024811
28960,0.37178629636764526,0.2555081844329834,0.16918380558490753,0.15494191646575928,0.10889061540365219,0.1022539958357811,0.07515321671962738,-0.006273949984461069,0.03166039288043976,0.04516438767313957
28980,0.3718978762626648,0.25541117787361145,0.16914504766464233,0.1549922078847885,0.1089811697602272,0.10223174840211868,0.07513411343097687,-0.006272562779486179,0.03384420648217201,0.044741325080394745
29000,0.3718549609184265,0.25542718172073364,0.16918489336967468,0.1549505740404129,0.10898414999246597,0.1022297814488411,0.07515300065279007,-0.00627658748999238,0.03325939550995827,0.044564273208379745
29020,0.3718487322330475,0.25539833307266235,0.16917483508586884,0.15489952266216278,0.10900872200727463,0.10221602022647858,0.0751291811466217,-0.006275090388953686,0.03528868407011032,0.04444865882396698
29040,0.3717997074127197,0.2553897798061371,0.16924156248569489,0.15484905242919922,0.1090284213423729,0.10218419134616852,0.07513614743947983,-0.0062830387614667416,0.030634289607405663,0.044146742671728134
29060,0.3717217743396759,0.2554839849472046,0.16927173733711243,0.15490880608558655,0.10908340662717819,0.10214224457740784,0.07515106350183487,-0.006290738936513662,0.03236617520451546,0.04455708712339401
29080,0.37175750732421875,0.25539925694465637,0.16923122107982635,0.1549300253391266,0.1091029942035675,0.10215535759925842,0.07517511397600174,-0.006289701908826828,0.03084491565823555,0.043962638825178146
29100,0.37164580821990967,0.25540465116500854,0.16924284398555756,0.1549125760793686,0.10911843180656433,0.10216333717107773,0.07520080357789993,-0.006295987870544195,0.030475439503788948,0.043982669711112976
29120,0.3717362880706787,0.2555058002471924,0.16928450763225555,0.15492162108421326,0.10915514081716537,0.10214439034461975,0.07516533881425858,-0.006297057960182428,0.031223172321915627,0.04442007839679718
29140,0.3716582655906677,0.2554599940776825,0.16924768686294556,0.15494927763938904,0.10919255018234253,0.10216578841209412,0.07516972720623016,-0.0063065034337341785,0.03062031790614128,0.04455801099538803
29160,0.3717585802078247,0.25533294677734375,0.16924971342086792,0.15490464866161346,0.10920622944831848,0.10210923105478287,0.07513964176177979,-0.006312482059001923,0.031379472464323044,0.04496747627854347
29180,0.3715513348579407,0.25535038113594055,0.16927678883075714,0.15492139756679535,0.10922776162624359,0.1020997166633606,0.07517869770526886,-0.006315796170383692,0.030461808666586876,0.044372763484716415
29200,0.37159213423728943,0.2553981840610504,0.1692989319562912,0.154914990067482,0.1092432364821434,0.10206279158592224,0.07517309486865997,-0.006309347227215767,0.030473794788122177,0.044955164194107056
29220,0.37149685621261597,0.25527718663215637,0.16932769119739532,0.1549818068742752,0.1092764288187027,0.10203666985034943,0.07518654316663742,-0.006309392396360636,0.03103126771748066,0.044288430362939835
29240,0.37156301736831665,0.2551889717578888,0.16924738883972168,0.1549314260482788,0.10926243662834167,0.10205357521772385,0.07516211271286011,-0.006313597317785025,0.031938862055540085,0.04546753317117691
29260,0.37155309319496155,0.25523659586906433,0.16926591098308563,0.15499892830848694,0.10930517315864563,0.1020222082734108,0.07514692842960358,-0.006316945422440767,0.030465180054306984,0.045112743973731995
29280,0.3714703619480133,0.2552023231983185,0.16936378180980682,0.1549842804670334,0.10933464765548706,0.10201519727706909,0.07516676932573318,-0.006316150072962046,0.032882969826459885,0.044266387820243835
29300,0.3715789318084717,0.25519537925720215,0.1693464070558548,0.15499672293663025,0.10934769362211227,0.10203038156032562,0.075180783867836,-0.006318405270576477,0.0317295603454113,0.043837904930114746
29320,0.37150803208351135,0.25514939427375793,0.16936740279197693,0.15498223900794983,0.10934343189001083,0.10203537344932556,0.07520747184753418,-0.006319795735180378,0.03144869580864906,0.044204019010066986
29340,0.37151649594306946,0.25514933466911316,0.16938717663288116,0.1549369841814041,0.10935579985380173,0.10198822617530823,0.07520491629838943,-0.006321898195892572,0.03097091056406498,0.04597567021846771
29360,0.37151047587394714,0.25518521666526794,0.16939489543437958,0.1549079269170761,0.10940368473529816,0.1020355299115181,0.07521136105060577,-0.006325592752546072,0.02967951074242592,0.04438144713640213
29380,0.3714260458946228,0.2551409900188446,0.1694534868001938,0.15489958226680756,0.10944550484418869,0.10198339074850082,0.07525522261857986,-0.00633414089679718,0.03004351630806923,0.04381757229566574
29400,0.37125617265701294,0.2550978660583496,0.16941092908382416,0.15489087998867035,0.10946281254291534,0.10198184847831726,0.07518957555294037,-0.006336307618767023,0.03177154064178467,0.044917091727256775
29420,0.3713615834712982,0.25517362356185913,0.16941821575164795,0.1549510657787323,0.10949288308620453,0.10194878280162811,0.07518135756254196,-0.006335261277854443,0.030873239040374756,0.043977633118629456
29440,0.37140700221061707,0.2551383972167969,0.16945642232894897,0.15496908128261566,0.10949552804231644,0.10191379487514496,0.07517825812101364,-0.0063360296189785,0.030158236622810364,0.04424838721752167
29460,0.3714030385017395,0.25521591305732727,0.169449120759964,0.15490587055683136,0.10951067507266998,0.1018960252404213,0.07517804205417633,-0.006344680208712816,0.03146845102310181,0.04392443597316742
29480,0.37141644954681396,0.2551979124546051,0.16944271326065063,0.15491598844528198,0.10950927436351776,0.10184917598962784,0.07517216354608536,-0.0063522276468575,0.030743025243282318,0.04599085450172424
29500,0.37118953466415405,0.25505468249320984,0.16940097510814667,0.15491041541099548,0.10956676304340363,0.10186345130205154,0.0751362293958664,-0.00635647913441062,0.03219974786043167,0.045508578419685364
29520,0.3712599277496338,0.2550981640815735,0.1694052368402481,0.15489012002944946,0.10953211784362793,0.10186168551445007,0.07517895102500916,-0.006361906882375479,0.03192886337637901,0.04713031277060509
29540,0.37118932604789734,0.2551524043083191,0.1695050448179245,0.15490645170211792,0.10957477986812592,0.10184081643819809,0.07518834620714188,-0.006368828471750021,0.029896199703216553,0.0442052036523819
29560,0.37107694149017334,0.2551327049732208,0.16953016817569733,0.154886856675148,0.10956604033708572,0.10184670239686966,0.07519034296274185,-0.006372625008225441,0.03105960786342621,0.04403771087527275
29580,0.37098053097724915,0.25505417585372925,0.16952112317085266,0.1549210250377655,0.10958393663167953,0.10181362181901932,0.07517912238836288,-0.006373341660946608,0.03042139858007431,0.0443170890212059
29600,0.37093585729599,0.25508520007133484,0.16954736411571503,0.15489470958709717,0.10957562923431396,0.10177063941955566,0.07519736886024475,-0.006369456183165312,0.03110833838582039,0.043726421892642975
29620,0.37088075280189514,0.2550874352455139,0.1695241928100586,0.15488791465759277,0.10959481447935104,0.10175220668315887,0.07519463449716568,-0.006375391036272049,0.030985143035650253,0.04477456212043762
29640,0.3708725571632385,0.2550085484981537,0.16953450441360474,0.15489332377910614,0.1096126139163971,0.10174329578876495,0.07523463666439056,-0.006376330275088549,0.029519064351916313,0.04468538612127304
29660,0.37099114060401917,0.25501224398612976,0.16957244277000427,0.15491029620170593,0.10964806377887726,0.10170426964759827,0.07520779222249985,-0.006379168480634689,0.03115856647491455,0.04446372017264366
29680,0.37095221877098083,0.2550007104873657,0.1695735603570938,0.15488800406455994,0.10967740416526794,0.10169792920351028,0.07524124532938004,-0.006381884217262268,0.030826501548290253,0.04461479187011719
29700,0.37099742889404297,0.25495538115501404,0.16952073574066162,0.15483498573303223,0.10966641455888748,0.10169682651758194,0.07519418001174927,-0.00637944508343935,0.03063037246465683,0.04519707337021828
29720,0.37087559700012207,0.254915714263916,0.1695232093334198,0.15484537184238434,0.10970914363861084,0.10176219791173935,0.07517141103744507,-0.006380523554980755,0.03086823970079422,0.0442817360162735
29740,0.3708657920360565,0.2549532651901245,0.16950614750385284,0.15483641624450684,0.10972126573324203,0.1017211526632309,0.0751643106341362,-0.006381151732057333,0.03157111629843712,0.045915525406599045
29760,0.370999813079834,0.2549395263195038,0.16955476999282837,0.15488433837890625,0.10973779857158661,0.10174344480037689,0.07516098767518997,-0.006386756431311369,0.03290403634309769,0.04407558962702751
29780,0.3709752559661865,0.2549079358577728,0.16956309974193573,0.15491652488708496,0.10980614274740219,0.1017332673072815,0.07516707479953766,-0.006399256642907858,0.030982336029410362,0.045557375997304916
29800,0.37086695432662964,0.25489699840545654,0.16963523626327515,0.15491123497486115,0.1098286360502243,0.10170253366231918,0.07517168670892715,-0.006404828745871782,0.03006586804986,0.0444660484790802
29820,0.37084338068962097,0.254956990480423,0.16968603432178497,0.1548885852098465,0.1097998395562172,0.10170350223779678,0.07516058534383774,-0.006407229695469141,0.030336270108819008,0.04454900324344635
29840,0.37086597084999084,0.25484147667884827,0.1695908159017563,0.1548798531293869,0.1097707524895668,0.1017254889011383,0.07516128569841385,-0.0064112842082977295,0.029909856617450714,0.045021962374448776
29860,0.3708253502845764,0.25486481189727783,0.16958388686180115,0.15487214922904968,0.1097751036286354,0.10170067101716995,0.0751836746931076,-0.006416862364858389,0.031356919556856155,0.04449060559272766
29880,0.3708122968673706,0.2548188269138336,0.1695663183927536,0.1548863649368286,0.10976618528366089,0.10166513919830322,0.07521402835845947,-0.0064228433184325695,0.030613519251346588,0.04715695232152939
29900,0.3708364963531494,0.254899263381958,0.16962571442127228,0.15490639209747314,0.10981255024671555,0.10166836529970169,0.07518578320741653,-0.006435251794755459,0.03096204437315464,0.04437970370054245
29920,0.3708357810974121,0.2549225091934204,0.16961513459682465,0.15492817759513855,0.10978937894105911,0.10165479779243469,0.07517889887094498,-0.006443645805120468,0.031755246222019196,0.045379284769296646
29940,0.3708268404006958,0.2549731731414795,0.16965904831886292,0.15488900244235992,0.10984660685062408,0.10164133459329605,0.07515645772218704,-0.006445861887186766,0.029757890850305557,0.04483635351061821
29960,0.3709782361984253,0.2548866271972656,0.16962991654872894,0.15488964319229126,0.1098557710647583,0.10164449363946915,0.07516524940729141,-0.006444103084504604,0.031038742512464523,0.045187849551439285
29980,0.3708385229110718,0.2548953592777252,0.16969816386699677,0.15488572418689728,0.10986623913049698,0.10164538770914078,0.07515168190002441,-0.006447311956435442,0.03085356578230858,0.04497307538986206
30000,0.37100663781166077,0.254802942276001,0.16958066821098328,0.1548715978860855,0.1098441407084465,0.10164441168308258,0.07517372816801071,-0.006450577173382044,0.03183438256382942,0.04492584615945816
